# File generated by ImageToStl.com - Free Image and 3D model conversion tools

mtllib rocks_and_trees.mtl

o obj1
v 0.22045457 -0.09402648 -0.37171512
v 0.18180934 0.02019179 -0.32857002
v 0.24603277 -0.02202378 -0.38779352
v 0.11654314 -0.12342437 -0.3224225
v 0.0476209 -0.04444211 -0.2603698
v 0.08955523 0.02581256 -0.26051619
v 0.03541271 0.00679218 -0.18113664
v 0.10716738 -0.17157187 -0.20004759
v 0.05486084 -0.06825284 -0.16833059
v 0.13490566 -0.18356493 -0.3128347
v 0.25877326 -0.18336679 -0.27575829
v 0.13490567 -0.18356493 -0.31283471
v 0.29102206 -0.17494787 -0.35652826
v 0.35596698 -0.04650474 -0.36116915
v 0.38358408 -0.1409918 -0.34167768
v 0.40125058 -0.03850384 -0.28815966
v 0.40288336 -0.13967253 -0.2583973
v 0.35596698 -0.04650474 -0.36116915
v 0.35596698 -0.04650474 -0.36116915
v 0.35506093 0.02119098 -0.29080703
v 0.16971313 0.10089594 -0.25378079
v 0.2730312 0.05118464 -0.32898044
v 0.2730312 0.05118464 -0.32898044
v 0.271521 0.10443968 -0.23299994
v 0.16971313 0.10089594 -0.25378079
v 0.18519471 0.0926222 -0.16214852
v 0.08191328 0.00405616 -0.10913095
v 0.08887728 0.07954544 -0.16556969
v 0.08887728 0.07954544 -0.16556969
v 0.13655663 0.07869798 -0.0905516
v 0.08191328 0.00405616 -0.10913095
v 0.08191328 0.00405616 -0.10913095
v 0.15068071 -0.02012681 -0.06102649
v 0.16042156 -0.13755704 -0.09921577
v 0.09698752 -0.08202712 -0.08437296
v 0.18131415 -0.07419497 -0.05907845
v 0.28848396 -0.14492573 -0.13445025
v 0.34457549 -0.18504746 -0.27727108
v 0.35596698 -0.04650474 -0.36116915
v 0.35596698 -0.04650474 -0.36116915
v 0.35596698 -0.04650474 -0.36116915
v 0.08191328 0.00405616 -0.10913095
v 0.08191328 0.00405616 -0.10913095
v 0.08191328 0.00405616 -0.10913095
v 0.25618509 0.07086374 -0.12739898
v 0.34904746 -0.01521709 -0.17353496
v 0.30160168 -0.08211775 -0.09651699
v 0.38410123 -0.06440679 -0.1845547
vn -0.65356 0.75418 0.06376
vn -0.65356 0.75418 0.06376
vn -0.65356 0.75418 0.06376
vn -0.47202 0.84485 0.25185
vn -0.58619 0.80333 0.10511
vn -0.58619 0.80333 0.10511
vn -0.58619 0.80333 0.10511
vn -0.46369 0.84223 0.27502
vn -0.46369 0.84223 0.27502
vn -0.77949 0.42039 0.46439
vn -0.77949 0.42039 0.46439
vn -0.77949 0.42039 0.46439
vn -0.81977 0.26297 -0.50875
vn -0.81977 0.26297 -0.50875
vn -0.81977 0.26297 -0.50875
vn -0.96844 -0.01177 -0.24897
vn -0.96844 -0.01177 -0.24897
vn -0.96844 -0.01177 -0.24897
vn -0.89665 0.04345 -0.4406
vn -0.89665 0.04345 -0.4406
vn -0.89665 0.04345 -0.4406
vn -0.92894 0.19499 -0.31472
vn -0.92894 0.19499 -0.31472
vn -0.02801 -0.09888 -0.9947
vn -0.02801 -0.09888 -0.9947
vn -0.02801 -0.09888 -0.9947
vn -0.35562 0.9 -0.25206
vn -0.35562 0.9 -0.25206
vn -0.35562 0.9 -0.25206
vn -0.23131 0.89955 -0.37054
vn -0.23131 0.89955 -0.37054
vn -0.23131 0.89955 -0.37054
vn 0.13316 0.97764 -0.16275
vn 0.13316 0.97764 -0.16275
vn 0.97312 0.22471 -0.0504
vn 0.97312 0.22471 -0.0504
vn 0.97312 0.22471 -0.0504
vn 0.83546 0.5329 0.13426
vn 0.83546 0.5329 0.13426
vn 0.69949 0.49078 0.51947
vn 0.69949 0.49078 0.51947
vn -0.22229 0.73151 0.64458
vn -0.22229 0.73151 0.64458
vn -0.22229 0.73151 0.64458
vn 0.47771 0.42047 0.77136
vn 0.47771 0.42047 0.77136
vn 0.47771 0.42047 0.77136
vn 0.06825 0.48322 0.87283
vn 0.06825 0.48322 0.87283
vn -0.05479 -0.09897 0.99358
vn -0.05479 -0.09897 0.99358
vn -0.05479 -0.09897 0.99358
vn -0.74599 -0.49853 0.44154
vn -0.74599 -0.49853 0.44154
vn -0.13731 -0.09841 0.98563
vn -0.13731 -0.09841 0.98563
vn -0.75816 -0.48677 0.43387
vn -0.75816 -0.48677 0.43387
vn -0.75816 -0.48677 0.43387
vn -0.5224 -0.83461 0.17469
vn -0.50011 -0.50213 -0.70551
vn -0.50011 -0.50213 -0.70551
vn -0.50011 -0.50213 -0.70551
vn -0.27483 -0.9538 -0.12135
vn -0.27483 -0.9538 -0.12135
vn -0.27483 -0.9538 -0.12135
vn -0.21283 -0.85562 -0.47182
vn -0.21283 -0.85562 -0.47182
vn -0.21283 -0.85562 -0.47182
vn 0.18755 -0.80065 -0.56902
vn 0.18755 -0.80065 -0.56902
vn -0.01421 -0.26525 -0.96407
vn -0.01421 -0.26525 -0.96407
vn 0.47576 -0.40604 -0.78025
vn 0.47576 -0.40604 -0.78025
vn 0.47576 -0.40604 -0.78025
vn 0.50538 0.59487 0.62507
vn 0.50538 0.59487 0.62507
vn -0.22728 0.71655 0.65947
vn -0.22728 0.71655 0.65947
vn -0.22728 0.71655 0.65947
vn 0.30891 0.79384 0.52382
vn 0.30891 0.79384 0.52382
vn 0.30891 0.79384 0.52382
vn 0.16898 0.94746 -0.2716
vn 0.16898 0.94746 -0.2716
vn 0.16898 0.94746 -0.2716
vn -0.13759 -0.11211 0.98412
vn -0.13759 -0.11211 0.98412
vn -0.71913 0.34613 0.60253
vn -0.71913 0.34613 0.60253
vn -0.61071 0.39331 0.68727
vn -0.61071 0.39331 0.68727
vn -0.61071 0.39331 0.68727
vn -0.46875 0.68182 0.56159
vn -0.46875 0.68182 0.56159
vn -0.53183 -0.83404 0.14675
vn -0.53183 -0.83404 0.14675
vn -0.53183 -0.83404 0.14675
vn -0.80216 -0.31976 -0.50427
vn -0.80216 -0.31976 -0.50427
vn -0.89532 -0.44449 -0.02894
vn -0.89532 -0.44449 -0.02894
vn -0.89532 -0.44449 -0.02894
vn -0.8356 -0.53486 -0.12528
vn -0.8356 -0.53486 -0.12528
vn -0.8356 -0.53486 -0.12528
vn 0.05077 -0.25221 -0.96634
vn 0.05077 -0.25221 -0.96634
vn 0.02931 -0.30557 -0.95172
vn 0.02931 -0.30557 -0.95172
vn 0.63539 0.1352 -0.76026
vn 0.63539 0.1352 -0.76026
vn 0.63539 0.1352 -0.76026
vn 0.17104 0.98462 -0.03563
vn 0.17104 0.98462 -0.03563
vn 0.37168 0.36017 -0.85565
vn 0.37168 0.36017 -0.85565
vn -0.02144 0.11211 -0.99346
vn -0.02144 0.11211 -0.99346
vn -0.02144 0.11211 -0.99346
vn 0.13225 -0.31773 0.93891
vn 0.13225 -0.31773 0.93891
vn 0.13225 -0.31773 0.93891
vn 0.72445 -0.3022 0.61956
vn 0.72445 -0.3022 0.61956
vn 0.76181 -0.22738 0.60658
vn 0.76181 -0.22738 0.60658
vn 0.76181 -0.22738 0.60658
vn 0.15007 -0.28601 0.9464
vn 0.15007 -0.28601 0.9464
vn 0.21812 -0.81456 -0.53751
vn 0.21812 -0.81456 -0.53751
vn 0.65935 -0.68167 0.31715
vn 0.67421 -0.60428 -0.42461
vn 0.67421 -0.60428 -0.42461
vn 0.67421 -0.60428 -0.42461
vn 0.68773 -0.54888 -0.47514
vn 0.68773 -0.54888 -0.47514
vn 0.68773 -0.54888 -0.47514
vn 0.7655 -0.22626 0.60235
vn 0.7655 -0.22626 0.60235
vn 0.7655 -0.22626 0.60235
vn 0.8124 -0.26441 0.5197
vn 0.8124 -0.26441 0.5197
vn 0.98134 -0.17961 0.06868
vn 0.98134 -0.17961 0.06868
vn 0.98134 -0.17961 0.06868
vn 0.30315 -0.93057 0.20529
vn 0.30315 -0.93057 0.20529
vn 0.30315 -0.93057 0.20529
vn 0.64766 -0.68635 0.33083
vn 0.64766 -0.68635 0.33083
vn 0.29827 -0.90201 0.31211
vn 0.29827 -0.90201 0.31211
vn 0.29827 -0.90201 0.31211
vn 0.32703 -0.90279 0.27933
vn 0.32703 -0.90279 0.27933
vn 0.02916 0.0921 -0.99532
vn 0.02916 0.0921 -0.99532
vn 0.02916 0.0921 -0.99532
vt 0.22468 0.64739
vt 0.23042 0.8169
vt 0.1576 0.73999
vt 0.35417 0.71208
vt 0.40592 0.80996
vt 0.34579 0.86236
vt 0.47801 0.88092
vt 0.51373 0.65188
vt 0.56215 0.76904
vt 0.39018 0.6645
vt 0.38855 0.52705
vt 0.29062 0.52559
vt 0.14705 0.45606
vt 0.28316 0.38279
vt 0.39146 0.21154
vt 0.39934 0.35123
vt 0.24753 0.23028
vt 0.36463 0.0752
vt 0.48993 0.11899
vt 0.24135 0.96049
vt 0.11838 0.87008
vt 0.59213 0.0005
vt 0.65209 0.11547
vt 0.76362 0.0445
vt 0.76101 0.18939
vt 0.53783 0.9995
vt 0.3963 0.9897
vt 0.87691 0.16182
vt 0.81862 0.29785
vt 0.95148 0.28223
vt 0.88412 0.42273
vt 0.75014 0.46796
vt 0.61936 0.54758
vt 0.68839 0.61883
vt 0.68742 0.48608
vt 0.5507 0.43237
vt 0.38097 0.43326
vt 0.42744 0.00753
vt 0.0005 0.76346
vt 0.03285 0.64128
vt 0.82679 0.58803
vt 0.71027 0.76275
vt 0.61551 0.89799
vt 0.68398 0.26006
vt 0.54065 0.27773
vt 0.58466 0.39983
vt 0.49909 0.29797
usemtl mat1
f 1/1/1 2/2/2 3/3/3
f 4/4/4 5/5/4 1/1/4
f 1/1/5 6/6/6 2/2/7
f 1/1/8 5/5/9 6/6/9
f 5/5/10 7/7/11 6/6/12
f 4/4/13 8/8/14 5/5/15
f 5/5/16 9/9/17 7/7/18
f 5/5/19 8/8/20 9/9/21
f 4/4/22 10/10/23 8/8/22
f 11/11/24 10/10/24 12/10/25
f 11/11/24 8/8/26 10/10/24
f 4/4/27 1/1/28 10/10/29
f 10/10/30 1/1/31 12/10/32
f 1/1/31 13/12/30 12/10/32
f 1/1/33 14/13/34 15/14/33
f 15/14/35 16/15/36 17/16/37
f 15/14/38 18/17/38 16/15/39
f 19/18/40 20/19/41 16/15/40
f 2/2/42 21/20/43 22/21/44
f 23/22/45 24/23/46 20/19/47
f 23/22/48 25/24/49 24/23/49
f 25/24/50 26/25/51 24/23/52
f 7/7/53 27/26/54 28/27/53
f 29/28/55 30/29/56 26/25/56
f 29/28/57 31/30/58 30/29/59
f 32/31/60 33/32/60 30/29/60
f 8/8/61 34/33/62 35/34/63
f 35/34/64 36/35/65 33/32/66
f 35/34/67 34/33/68 36/35/69
f 34/33/70 37/36/71 36/35/71
f 11/11/72 38/37/72 37/36/73
f 38/37/74 17/16/75 37/36/76
f 20/19/77 39/38/78 23/22/78
f 22/21/79 3/3/80 2/2/81
f 22/21/82 40/39/83 3/3/84
f 41/40/85 1/1/86 3/3/87
f 26/25/88 25/24/88 29/28/89
f 28/27/90 6/6/90 7/7/91
f 28/27/92 21/20/93 6/6/94
f 21/20/95 2/2/95 6/6/96
f 33/32/97 42/41/98 35/34/99
f 35/34/100 9/9/100 8/8/101
f 35/34/102 43/42/103 9/9/104
f 44/43/105 7/7/106 9/9/107
f 37/36/108 8/8/108 11/11/109
f 37/36/110 34/33/110 8/8/111
f 17/16/112 38/37/113 15/14/114
f 15/14/115 13/12/116 1/1/115
f 15/14/117 38/37/118 13/12/117
f 38/37/119 11/11/120 13/12/121
f 45/44/122 24/23/123 26/25/124
f 45/44/125 46/45/126 24/23/125
f 46/45/127 20/19/128 24/23/129
f 45/44/130 26/25/131 30/29/131
f 47/46/132 36/35/133 37/36/133
f 46/45/134 47/46/134 48/47/134
f 48/47/135 37/36/136 17/16/137
f 48/47/138 47/46/139 37/36/140
f 46/45/141 16/15/142 20/19/143
f 46/45/144 48/47/145 16/15/145
f 48/47/146 17/16/147 16/15/148
f 47/46/149 33/32/150 36/35/151
f 45/44/152 47/46/153 46/45/153
f 33/32/154 45/44/155 30/29/156
f 45/44/157 33/32/158 47/46/157
f 11/11/159 12/10/160 13/12/161
# Vertices: 48, normals: 161, texture coordinates: 47, faces: 66

o obj2
v 0.41949874 -0.11104949 -0.14711113
v 0.34636368 -0.07989772 -0.11348914
v 0.39895277 -0.10190695 -0.18345841
v 0.34636368 -0.07989772 -0.11348914
v 0.33325826 -0.05028803 -0.14072982
v 0.38407707 -0.0499715 -0.20083484
v 0.34636368 -0.07989772 -0.11348914
v 0.41177347 -0.07283366 -0.21702626
v 0.45863503 -0.0686006 -0.22162023
v 0.49756538 -0.09097192 -0.17965983
v 0.50011123 -0.09572994 -0.13439531
v 0.40302453 -0.09815458 -0.09595551
v 0.49748793 -0.06765111 -0.09568939
v 0.42205431 -0.07323488 -0.05703834
v 0.37659163 -0.07158703 -0.05920538
v 0.34636368 -0.07989772 -0.11348914
v 0.34636368 -0.07989772 -0.11348914
v 0.34719881 -0.01469378 -0.11656764
v 0.35635147 -0.01993953 -0.17410482
v 0.34719881 -0.01469378 -0.11656764
v 0.38684214 0.01476534 -0.09423757
v 0.40478906 0.02857215 -0.1355199
v 0.40478906 0.02857215 -0.1355199
v 0.40109015 0.00614753 -0.19220064
v 0.45350018 0.01356216 -0.2018578
v 0.50288836 -0.01917354 -0.21845618
v 0.50823335 -0.05742541 -0.20783458
v 0.53111464 -0.06058237 -0.16663681
v 0.5407971 -0.02004766 -0.19182167
v 0.5407971 -0.02004766 -0.19182167
v 0.5407971 -0.02004766 -0.19182167
v 0.54096777 -0.02356436 -0.1338557
v 0.51706997 -0.00949264 -0.09923008
v 0.44519108 -0.03435704 -0.05429263
v 0.4682791 -0.00255091 -0.06060257
v 0.36892987 -0.01740842 -0.07217008
v 0.42397309 0.01370813 -0.07440023
v 0.34636368 -0.07989772 -0.11348914
v 0.34636368 -0.07989772 -0.11348914
v 0.34636368 -0.07989772 -0.11348914
v 0.48586292 0.03492839 -0.15031794
v 0.5031104 0.01602414 -0.1931984
v 0.5407971 -0.02004766 -0.19182167
v 0.48206284 0.02595816 -0.10045229
v 0.48586292 0.03492839 -0.15031794
v 0.5031104 0.01602414 -0.1931984
v 0.5407971 -0.02004766 -0.19182167
vn -0.39492 0.00784 -0.91868
vn -0.39492 0.00784 -0.91868
vn -0.55642 0.47405 -0.6824
vn -0.55642 0.47405 -0.6824
vn -0.55642 0.47405 -0.6824
vn -0.79179 0.4739 -0.38535
vn -0.79179 0.4739 -0.38535
vn -0.68567 0.60823 -0.39989
vn -0.68567 0.60823 -0.39989
vn -0.68567 0.60823 -0.39989
vn 0.00426 0.65375 -0.7567
vn 0.00426 0.65375 -0.7567
vn 0.00426 0.65375 -0.7567
vn 0.26008 0.37122 -0.89138
vn 0.26008 0.37122 -0.89138
vn 0.26008 0.37122 -0.89138
vn 0.02198 0.48615 -0.8736
vn 0.02198 0.48615 -0.8736
vn 0.02198 0.48615 -0.8736
vn 0.20276 0.11364 -0.97261
vn 0.20276 0.11364 -0.97261
vn 0.20276 0.11364 -0.97261
vn 0.13578 -0.28306 -0.94944
vn 0.24891 -0.57972 -0.77587
vn 0.24891 -0.57972 -0.77587
vn 0.27811 -0.41783 -0.86491
vn 0.27811 -0.41783 -0.86491
vn -0.38279 -0.3444 -0.85724
vn -0.38279 -0.3444 -0.85724
vn -0.38279 -0.3444 -0.85724
vn -0.0566 -0.55787 -0.828
vn -0.0566 -0.55787 -0.828
vn -0.0566 -0.55787 -0.828
vn -0.33929 -0.12573 -0.93224
vn -0.33929 -0.12573 -0.93224
vn -0.33929 -0.12573 -0.93224
vn -0.86816 0.18026 0.46238
vn -0.86816 0.18026 0.46238
vn -0.86816 0.18026 0.46238
vn -0.59909 -0.00733 0.80065
vn -0.59909 -0.00733 0.80065
vn -0.59909 -0.00733 0.80065
vn -0.62697 0.16907 0.76048
vn -0.62697 0.16907 0.76048
vn -0.62697 0.16907 0.76048
vn -0.5644 0.27158 0.77955
vn -0.5644 0.27158 0.77955
vn -0.5644 0.27158 0.77955
vn -0.1279 0.87584 0.46535
vn -0.1279 0.87584 0.46535
vn -0.1279 0.87584 0.46535
vn -0.20577 0.95592 0.20946
vn -0.20577 0.95592 0.20946
vn -0.21174 0.95315 0.21603
vn -0.21174 0.95315 0.21603
vn -0.21174 0.95315 0.21603
vn -0.17681 0.95941 0.21971
vn -0.17681 0.95941 0.21971
vn -0.17681 0.95941 0.21971
vn 0.69222 0.42894 -0.58038
vn 0.56647 0.81104 -0.14605
vn 0.56647 0.81104 -0.14605
vn 0.75836 0.45682 -0.46498
vn 0.75836 0.45682 -0.46498
vn 0.75836 0.45682 -0.46498
vn 0.96996 0.01757 -0.24261
vn 0.96996 0.01757 -0.24261
vn 0.75941 -0.61287 -0.21838
vn 0.75941 -0.61287 -0.21838
vn 0.559 -0.81753 -0.13844
vn 0.559 -0.81753 -0.13844
vn 0.559 -0.81753 -0.13844
vn 0.57532 -0.77414 -0.26404
vn 0.57532 -0.77414 -0.26404
vn 0.57532 -0.77414 -0.26404
vn -0.18003 -0.96211 0.20477
vn -0.18003 -0.96211 0.20477
vn -0.18003 -0.96211 0.20477
vn -0.17587 -0.93338 0.31284
vn -0.17587 -0.93338 0.31284
vn -0.17587 -0.93338 0.31284
vn -0.14648 -0.93394 0.32604
vn -0.14648 -0.93394 0.32604
vn -0.14648 -0.93394 0.32604
vn -0.3421 -0.67516 0.65354
vn -0.3421 -0.67516 0.65354
vn -0.49459 0.8239 0.2767
vn -0.49459 0.8239 0.2767
vn -0.49459 0.8239 0.2767
vn -0.75696 0.64069 -0.12858
vn -0.75696 0.64069 -0.12858
vn -0.75696 0.64069 -0.12858
vn 0.30616 0.92744 -0.21475
vn 0.30616 0.92744 -0.21475
vn 0.30616 0.92744 -0.21475
vn 0.33526 0.66621 -0.66615
vn 0.33526 0.66621 -0.66615
vn 0.33526 0.66621 -0.66615
vn 0.79903 -0.32854 -0.50361
vn 0.79903 -0.32854 -0.50361
vn 0.83832 -0.35622 -0.41271
vn 0.83832 -0.35622 -0.41271
vn 0.6909 0.1139 -0.71392
vn 0.6909 0.1139 -0.71392
vn 0.6909 0.1139 -0.71392
vn -0.04906 -0.99794 -0.04128
vn -0.04906 -0.99794 -0.04128
vn -0.04906 -0.99794 -0.04128
vn 0.45005 -0.83117 -0.32653
vn 0.45005 -0.83117 -0.32653
vn 0.45005 -0.83117 -0.32653
vn -0.67942 -0.37125 0.63289
vn -0.88608 -0.46235 0.03318
vn -0.88608 -0.46235 0.03318
vn -0.88608 -0.46235 0.03318
vn -0.89693 -0.44099 0.03231
vn -0.89693 -0.44099 0.03231
vn -0.89693 -0.44099 0.03231
vn -0.87321 -0.4873 -0.00688
vn -0.87321 -0.4873 -0.00688
vn 0.02344 0.39538 0.91822
vn 0.02344 0.39538 0.91822
vn 0.02344 0.39538 0.91822
vn 0.11225 0.80766 0.57887
vn 0.11225 0.80766 0.57887
vn 0.50523 0.70265 0.50103
vn 0.55779 -0.60183 0.57155
vn 0.55779 -0.60183 0.57155
vn -0.04546 -0.17351 0.98378
vn -0.04546 -0.17351 0.98378
vn -0.11654 -0.26908 0.95604
vn -0.11654 -0.26908 0.95604
vn -0.08582 -0.26079 0.96157
vn -0.08582 -0.26079 0.96157
vn -0.08582 -0.26079 0.96157
vn 0.10305 -0.60208 0.79176
vn 0.10305 -0.60208 0.79176
vn -0.13023 0.30881 0.94217
vn -0.13023 0.30881 0.94217
vn -0.13023 0.30881 0.94217
vn -0.19413 0.34991 0.91645
vn -0.19413 0.34991 0.91645
vn -0.19413 0.34991 0.91645
vn 0.87539 -0.14941 0.45975
vn 0.87539 -0.14941 0.45975
vn 0.87539 -0.14941 0.45975
vn 0.69408 -0.19773 0.69221
vn 0.69408 -0.19773 0.69221
vn 0.69408 -0.19773 0.69221
vn 0.66528 -0.07138 0.74318
vn 0.66528 -0.07138 0.74318
vn 0.69006 -0.0418 0.72255
vn 0.69006 -0.0418 0.72255
vn 0.69006 -0.0418 0.72255
vt 0.44683 0.45141
vt 0.58728 0.35369
vt 0.41533 0.3512
vt 0.45598 0.07881
vt 0.35033 0.08147
vt 0.3239 0.22668
vt 0.52158 0.21542
vt 0.32671 0.30951
vt 0.27521 0.3705
vt 0.29691 0.49577
vt 0.33984 0.55765
vt 0.52108 0.54984
vt 0.35478 0.63221
vt 0.49574 0.65427
vt 0.57957 0.67933
vt 0.66442 0.5594
vt 0.61947 0.4541
vt 0.25445 0.02789
vt 0.26951 0.13806
vt 0.58564 0.95888
vt 0.48834 0.91593
vt 0.433 0.9995
vt 0.10993 0.08187
vt 0.19099 0.18019
vt 0.12953 0.23682
vt 0.13552 0.36833
vt 0.20708 0.45209
vt 0.22519 0.56722
vt 0.09327 0.46048
vt 0.11638 0.52257
vt 0.12174 0.62645
vt 0.22532 0.69956
vt 0.29566 0.74887
vt 0.44593 0.7277
vt 0.39498 0.77537
vt 0.55997 0.84269
vt 0.44107 0.8584
vt 0.41879 0.0005
vt 0.73589 0.88678
vt 0.70952 0.73323
vt 0.0005 0.19866
vt 0.0566 0.29521
vt 0.04942 0.42104
vt 0.33706 0.85259
vt 0.27372 0.92556
vt 0.16146 0.90372
vt 0.11932 0.78668
usemtl mat1
f 49/48/162 50/49/162 51/50/163
f 52/51/164 53/52/165 54/53/166
f 55/54/167 54/53/167 51/50/168
f 51/50/169 54/53/170 56/55/171
f 51/50/172 56/55/173 57/56/174
f 51/50/175 57/56/176 49/48/177
f 49/48/178 57/56/179 58/57/180
f 49/48/181 58/57/182 59/58/183
f 49/48/184 59/58/184 60/59/184
f 60/59/185 59/58/186 61/60/186
f 60/59/187 61/60/187 62/61/188
f 63/62/189 64/63/190 60/59/191
f 60/59/192 62/61/193 63/62/194
f 49/48/195 60/59/196 65/64/197
f 53/52/198 66/65/199 67/66/200
f 68/67/201 69/68/202 70/69/203
f 66/65/204 71/70/205 67/66/206
f 67/66/207 71/70/208 72/71/209
f 56/55/210 54/53/211 57/56/212
f 54/53/213 72/71/214 73/72/213
f 54/53/215 73/72/216 57/56/217
f 57/56/218 73/72/219 74/73/220
f 58/57/221 75/74/221 76/75/221
f 75/74/222 74/73/223 77/76/222
f 75/74/224 78/77/225 76/75/226
f 76/75/227 79/78/228 80/79/227
f 61/60/229 80/79/230 81/80/229
f 61/60/231 81/80/232 82/81/233
f 82/81/234 81/80/235 83/82/236
f 63/62/237 82/81/238 84/83/239
f 82/81/240 83/82/241 85/84/242
f 82/81/243 85/84/244 84/83/245
f 84/83/246 85/84/247 69/68/246
f 72/71/248 54/53/249 67/66/250
f 67/66/251 54/53/252 53/52/253
f 74/73/254 75/74/255 57/56/256
f 75/74/257 58/57/258 57/56/259
f 80/79/260 61/60/261 76/75/260
f 61/60/262 59/58/263 76/75/263
f 76/75/264 59/58/265 58/57/266
f 82/81/267 63/62/268 62/61/269
f 82/81/270 62/61/271 61/60/272
f 69/68/273 68/67/273 84/83/273
f 66/65/274 53/52/275 86/85/276
f 68/67/277 87/86/278 84/83/279
f 84/83/280 88/87/280 63/62/281
f 89/88/282 90/89/283 73/72/284
f 90/89/285 74/73/285 73/72/286
f 90/89/287 91/90/287 74/73/287
f 92/91/288 83/82/288 81/80/289
f 93/92/290 70/69/290 92/91/291
f 70/69/292 69/68/293 85/84/292
f 70/69/294 85/84/295 92/91/296
f 92/91/297 85/84/298 83/82/297
f 89/88/299 73/72/300 71/70/301
f 73/72/302 72/71/303 71/70/304
f 94/93/305 93/92/306 92/91/307
f 92/91/308 81/80/309 80/79/310
f 94/93/311 92/91/312 80/79/312
f 95/94/313 94/93/314 80/79/315
# Vertices: 47, normals: 154, texture coordinates: 47, faces: 60

o obj3
v -0.04296954 0.07072413 -0.13075926
v -0.05583305 0.13896814 -0.18098069
v 0.03251587 0.05807081 -0.14526267
v 0.03251587 0.05807081 -0.14526267
v 0.04862209 0.09940303 -0.18297276
v 0.08197833 0.07681423 -0.1248058
v 0.03251587 0.05807081 -0.14526267
v -0.05583305 0.13896814 -0.18098069
v 0.04862209 0.09940303 -0.18297276
v -0.04296954 0.07072413 -0.13075926
v -0.1018261 0.11525082 -0.13166365
v -0.05583305 0.13896814 -0.18098069
v -0.1018261 0.11525082 -0.13166365
v -0.12952401 0.17386105 -0.12635182
v -0.05583305 0.13896814 -0.18098069
v -0.04296954 0.07072413 -0.13075926
v -0.10122967 0.11800377 -0.07309398
v -0.1018261 0.11525082 -0.13166365
v -0.1018261 0.11525082 -0.13166365
v -0.10122967 0.11800377 -0.07309398
v -0.12952401 0.17386105 -0.12635182
v -0.04296954 0.07072413 -0.13075926
v 0.0086488 0.06109462 -0.09546867
v -0.10122967 0.11800377 -0.07309398
v -0.10122967 0.11800377 -0.07309398
v -0.01683534 0.08443244 -0.02061687
v -0.08597103 0.12797861 -0.0313372
v -0.10122967 0.11800377 -0.07309398
v 0.0086488 0.06109462 -0.09546867
v -0.01683534 0.08443244 -0.02061687
v 0.07654122 0.08904762 -0.06198953
v -0.01683534 0.08443244 -0.02061687
v 0.0086488 0.06109462 -0.09546867
v 0.08197833 0.07681423 -0.1248058
v -0.04296954 0.07072413 -0.13075926
v 0.03251587 0.05807081 -0.14526267
v 0.0086488 0.06109462 -0.09546867
v 0.0086488 0.06109462 -0.09546867
v 0.03251587 0.05807081 -0.14526267
v 0.08197833 0.07681423 -0.1248058
v 0.08197833 0.07681423 -0.1248058
v 0.1110966 0.1143481 -0.19474833
v 0.13542823 0.08781877 -0.13840785
v 0.13542823 0.08781877 -0.13840785
v 0.14334494 0.1431357 -0.1274783
v 0.13890686 0.12623274 -0.09232334
v 0.13542823 0.08781877 -0.13840785
v 0.1110966 0.1143481 -0.19474833
v 0.14334494 0.1431357 -0.1274783
v 0.1110966 0.1143481 -0.19474833
v 0.08499857 0.19848665 -0.18660871
v 0.14334494 0.1431357 -0.1274783
v -0.05583305 0.13896814 -0.18098069
v -0.04383859 0.20958893 -0.20604126
v 0.03544737 0.17717282 -0.21890431
v 0.03544737 0.17717282 -0.21890431
v 0.02178691 0.23476491 -0.18067107
v 0.08499857 0.19848665 -0.18660871
v 0.03544737 0.17717282 -0.21890431
v -0.04383859 0.20958893 -0.20604126
v 0.02178691 0.23476491 -0.18067107
v -0.04383859 0.20958893 -0.20604126
v -0.05384815 0.25602022 -0.1668679
v 0.02178691 0.23476491 -0.18067107
v -0.12952401 0.17386105 -0.12635182
v -0.13014135 0.2162784 -0.08806984
v -0.10896469 0.22584014 -0.15775079
v -0.10896469 0.22584014 -0.15775079
v -0.08845906 0.26729967 -0.1171934
v -0.05384815 0.25602022 -0.1668679
v -0.10896469 0.22584014 -0.15775079
v -0.13014135 0.2162784 -0.08806984
v -0.08845906 0.26729967 -0.1171934
v -0.13014135 0.2162784 -0.08806984
v -0.09079418 0.24061478 -0.04993977
v -0.08845906 0.26729967 -0.1171934
v -0.08597103 0.12797861 -0.0313372
v -0.01295562 0.16860984 -0.01222021
v -0.10580975 0.18974908 -0.03172936
v -0.10580975 0.18974908 -0.03172936
v -0.04713983 0.22369828 -0.02678948
v -0.09079418 0.24061478 -0.04993977
v -0.10580975 0.18974908 -0.03172936
v -0.01295562 0.16860984 -0.01222021
v -0.04713983 0.22369828 -0.02678948
v 0.03684458 0.12306406 -0.02447439
v 0.08902144 0.16408511 -0.03454145
v -0.01295562 0.16860984 -0.01222021
v 0.03684458 0.12306406 -0.02447439
v 0.07654122 0.08904762 -0.06198953
v 0.08902144 0.16408511 -0.03454145
v 0.07654122 0.08904762 -0.06198953
v 0.13890686 0.12623274 -0.09232334
v 0.08902144 0.16408511 -0.03454145
v 0.08499857 0.19848665 -0.18660871
v 0.1110966 0.1143481 -0.19474833
v 0.03544737 0.17717282 -0.21890431
v 0.03544737 0.17717282 -0.21890431
v 0.04862209 0.09940303 -0.18297276
v -0.05583305 0.13896814 -0.18098069
v 0.03544737 0.17717282 -0.21890431
v 0.1110966 0.1143481 -0.19474833
v 0.04862209 0.09940303 -0.18297276
v 0.1110966 0.1143481 -0.19474833
v 0.08197833 0.07681423 -0.1248058
v 0.04862209 0.09940303 -0.18297276
v -0.05384815 0.25602022 -0.1668679
v -0.04383859 0.20958893 -0.20604126
v -0.10896469 0.22584014 -0.15775079
v -0.10896469 0.22584014 -0.15775079
v -0.05583305 0.13896814 -0.18098069
v -0.12952401 0.17386105 -0.12635182
v -0.10896469 0.22584014 -0.15775079
v -0.04383859 0.20958893 -0.20604126
v -0.05583305 0.13896814 -0.18098069
v -0.09079418 0.24061478 -0.04993977
v -0.13014135 0.2162784 -0.08806984
v -0.10580975 0.18974908 -0.03172936
v -0.10580975 0.18974908 -0.03172936
v -0.10122967 0.11800377 -0.07309398
v -0.08597103 0.12797861 -0.0313372
v -0.10580975 0.18974908 -0.03172936
v -0.13014135 0.2162784 -0.08806984
v -0.10122967 0.11800377 -0.07309398
v -0.13014135 0.2162784 -0.08806984
v -0.12952401 0.17386105 -0.12635182
v -0.10122967 0.11800377 -0.07309398
v 0.03684458 0.12306406 -0.02447439
v -0.01683534 0.08443244 -0.02061687
v 0.07654122 0.08904762 -0.06198953
v 0.03684458 0.12306406 -0.02447439
v -0.01295562 0.16860984 -0.01222021
v -0.01683534 0.08443244 -0.02061687
v -0.01295562 0.16860984 -0.01222021
v -0.08597103 0.12797861 -0.0313372
v -0.01683534 0.08443244 -0.02061687
v 0.13890686 0.12623274 -0.09232334
v 0.07654122 0.08904762 -0.06198953
v 0.13542823 0.08781877 -0.13840785
v 0.13542823 0.08781877 -0.13840785
v 0.07654122 0.08904762 -0.06198953
v 0.08197833 0.07681423 -0.1248058
v 0.09497719 0.21978754 -0.09537929
v 0.09643555 0.22699023 -0.15594638
v -0.01156083 0.27747265 -0.14184405
v -0.01156083 0.27747265 -0.14184405
v 0.02178691 0.23476491 -0.18067107
v -0.05384815 0.25602022 -0.1668679
v -0.01156083 0.27747265 -0.14184405
v 0.09643555 0.22699023 -0.15594638
v 0.02178691 0.23476491 -0.18067107
v 0.09643555 0.22699023 -0.15594638
v 0.08499857 0.19848665 -0.18660871
v 0.02178691 0.23476491 -0.18067107
v -0.01156083 0.27747265 -0.14184405
v -0.05384815 0.25602022 -0.1668679
v -0.08845906 0.26729967 -0.1171934
v 0.02987474 0.23383093 -0.0514853
v -0.04713983 0.22369828 -0.02678948
v -0.01295562 0.16860984 -0.01222021
v 0.09497719 0.21978754 -0.09537929
v 0.08902144 0.16408511 -0.03454145
v 0.13890686 0.12623274 -0.09232334
v 0.09497719 0.21978754 -0.09537929
v 0.02987474 0.23383093 -0.0514853
v 0.08902144 0.16408511 -0.03454145
v 0.02987474 0.23383093 -0.0514853
v -0.01295562 0.16860984 -0.01222021
v 0.08902144 0.16408511 -0.03454145
v 0.09643555 0.22699023 -0.15594638
v 0.14334494 0.1431357 -0.1274783
v 0.08499857 0.19848665 -0.18660871
v 0.09643555 0.22699023 -0.15594638
v 0.09497719 0.21978754 -0.09537929
v 0.14334494 0.1431357 -0.1274783
v 0.09497719 0.21978754 -0.09537929
v 0.13890686 0.12623274 -0.09232334
v 0.14334494 0.1431357 -0.1274783
v -0.01156083 0.27747265 -0.14184405
v 0.02987474 0.23383093 -0.0514853
v 0.09497719 0.21978754 -0.09537929
v -0.09079418 0.24061478 -0.04993977
v -0.08845906 0.26729967 -0.1171934
v -0.04713983 0.22369828 -0.02678948
vn -0.19325 0.75769 -0.62334
vn -0.19325 0.75769 -0.62334
vn -0.19325 0.75769 -0.62334
vn 0.54243 0.54393 -0.64024
vn 0.54243 0.54393 -0.64024
vn -0.18881 0.76188 -0.61959
vn -0.18881 0.76188 -0.61959
vn -0.37997 0.68526 -0.62132
vn -0.37997 0.68526 -0.62132
vn -0.62558 0.72141 -0.29701
vn -0.62558 0.72141 -0.29701
vn -0.62558 0.72141 -0.29701
vn -0.53147 -0.04358 -0.84595
vn -0.53147 -0.04358 -0.84595
vn -0.53147 -0.04358 -0.84595
vn -0.86186 -0.02937 -0.5063
vn -0.86186 -0.02937 -0.5063
vn -0.30558 -0.32326 -0.89561
vn -0.30558 -0.32326 -0.89561
vn -0.4669 -0.37618 -0.80031
vn -0.4669 -0.37618 -0.80031
vn -0.4669 -0.37618 -0.80031
vn -0.35576 -0.12968 -0.92554
vn -0.35576 -0.12968 -0.92554
vn 0.31695 -0.29262 -0.90217
vn 0.31695 -0.29262 -0.90218
vn 0.31695 -0.29262 -0.90218
vn -0.08274 0.02129 -0.99634
vn -0.08274 0.02129 -0.99634
vn 0.35902 -0.19043 -0.9137
vn 0.35902 -0.19043 -0.9137
vn 0.35902 -0.19043 -0.9137
vn 0.14643 0.44925 -0.88132
vn 0.14643 0.44925 -0.88132
vn 0.99655 -0.05177 -0.06489
vn 0.99655 -0.05177 -0.06489
vn 0.90928 0.41499 0.03133
vn 0.90928 0.41499 0.03133
vn 0.90928 0.41499 0.03133
vn 0.7751 0.51355 0.36809
vn 0.7751 0.51355 0.36809
vn 0.7751 0.51355 0.36809
vn -0.23936 0.92204 -0.30421
vn -0.23936 0.92204 -0.30421
vn -0.23936 0.92204 -0.30421
vn 0.20657 0.77568 0.59636
vn 0.20657 0.77568 0.59636
vn 0.20657 0.77568 0.59636
vn 0.04916 0.81807 0.57301
vn 0.04916 0.81807 0.57301
vn 0.04916 0.81807 0.57301
vn -0.01269 0.75887 0.65112
vn -0.01269 0.75887 0.65112
vn -0.95715 0.25634 0.13474
vn -0.95715 0.25634 0.13474
vn -0.95715 0.25634 0.13474
vn -0.5397 0.49765 0.67902
vn -0.5397 0.49765 0.67902
vn -0.5397 0.49765 0.67902
vn -0.85436 0.1682 0.49171
vn -0.85436 0.1682 0.49171
vn -0.85436 0.1682 0.49171
vn -0.73185 -0.25215 0.6331
vn -0.73185 -0.25215 0.6331
vn -0.21274 -0.97357 -0.08307
vn -0.21274 -0.97357 -0.08307
vn -0.21274 -0.97357 -0.08307
vn -0.33758 -0.86494 0.37137
vn -0.33758 -0.86494 0.37137
vn -0.33758 -0.86494 0.37137
vn -0.18256 -0.97365 0.13665
vn -0.18256 -0.97365 0.13665
vn 0.21428 -0.9767 -0.01188
vn 0.21428 -0.9767 -0.01188
vn 0.21428 -0.9767 -0.01188
vn 0.47981 -0.81241 -0.33131
vn 0.47981 -0.81241 -0.33131
vn 0.47981 -0.81241 -0.33131
vn 0.60334 -0.73374 -0.31244
vn 0.60334 -0.73374 -0.31244
vn 0.60334 -0.73374 -0.31244
vn 0.44025 0.8577 0.26557
vn 0.44025 0.8577 0.26557
vn -0.14374 0.88039 -0.45194
vn -0.14374 0.88039 -0.45194
vn -0.14374 0.88039 -0.45194
vn -0.02998 0.90131 -0.43213
vn -0.02998 0.90131 -0.43213
vn 0.21168 0.42464 -0.88027
vn 0.21168 0.42464 -0.88027
vn 0.21168 0.42464 -0.88027
vn -0.4589 0.73777 0.49509
vn -0.4589 0.73777 0.49509
vn -0.4589 0.73777 0.49509
vn -0.62251 0.7418 -0.24942
vn -0.62251 0.7418 -0.24942
vn -0.62251 0.7418 -0.24942
vn -0.59684 0.77099 -0.22218
vn -0.59684 0.77099 -0.22218
vn -0.78553 -0.51695 0.34016
vn -0.78553 -0.51695 0.34016
vn -0.85061 -0.38775 -0.35512
vn -0.85061 -0.38775 -0.35512
vn -0.90488 -0.29336 -0.30844
vn -0.90488 -0.29336 -0.30844
vn -0.90488 -0.29336 -0.30844
vn -0.91444 -0.24886 -0.31917
vn -0.91444 -0.24886 -0.31917
vn -0.91444 -0.24886 -0.31917
vn 0.41818 -0.80896 -0.41317
vn 0.41818 -0.80896 -0.41317
vn 0.41818 -0.80896 -0.41317
vn 0.15474 -0.98369 -0.09172
vn 0.15474 -0.98369 -0.09172
vn -0.19792 -0.97454 -0.10535
vn -0.19792 -0.97454 -0.10535
vn -0.19792 -0.97454 -0.10535
vn 0.66228 -0.4799 -0.5754
vn 0.66228 -0.4799 -0.5754
vn 0.32889 -0.2058 -0.92167
vn 0.32889 -0.2058 -0.92167
vn 0.35349 -0.11672 0.92813
vn 0.35349 -0.11672 0.92813
vn 0.35349 -0.11672 0.92813
vn 0.00538 0.71186 0.7023
vn 0.00538 0.71186 0.7023
vn 0.00538 0.71186 0.7023
vn 0.20865 0.59436 0.77666
vn 0.20865 0.59436 0.77666
vn 0.20865 0.59436 0.77666
vn 0.24393 0.70709 0.66372
vn 0.24393 0.70709 0.66372
vn 0.24393 0.70709 0.66372
vn -0.31466 0.36933 0.8744
vn -0.31466 0.36933 0.8744
vn 0.20181 -0.8932 0.40183
vn 0.20181 -0.8932 0.40183
vn 0.20181 -0.8932 0.40183
vn 0.77015 -0.43937 0.46241
vn 0.77015 -0.43937 0.46241
vn 0.77015 -0.43937 0.46241
vn 0.47879 -0.59921 0.64165
vn 0.47879 -0.59921 0.64165
vn 0.47879 -0.59921 0.64165
vn 0.17755 -0.89255 0.41452
vn 0.17755 -0.89255 0.41452
vn 0.17755 -0.89255 0.41452
vn 0.77242 0.54192 0.33121
vn 0.77242 0.54192 0.33121
vn 0.8104 -0.081 0.58025
vn 0.8104 -0.081 0.58025
vn 0.8104 -0.081 0.58025
vn 0.81842 -0.30672 0.48592
vn 0.81842 -0.30672 0.48592
vn 0.81842 -0.30672 0.48592
vn 0.28967 -0.26165 0.92067
vn 0.28967 -0.26165 0.92067
vn -0.04272 -0.39947 0.91575
vn -0.04272 -0.39947 0.91575
vn -0.04272 -0.39947 0.91575
vn -0.01992 -0.51997 0.85395
vt 0.02279 0.57036
vt 0.18131 0.41185
vt 0.18131 0.57036
vt 0.9995 0.17327
vt 0.88107 0.2917
vt 0.88107 0.17327
vt 0.1677 0.99393
vt 0.32643 0.83519
vt 0.32643 0.99393
vt 0.61231 0.17034
vt 0.4798 0.30285
vt 0.4798 0.17034
vt 0.46665 0.47761
vt 0.33489 0.60938
vt 0.33489 0.47761
vt 0.34604 0.46447
vt 0.47638 0.33413
vt 0.47638 0.46447
vt 0.49094 0.30285
vt 0.61818 0.17562
vt 0.61818 0.30285
vt 0.33726 0.0051
vt 0.18442 0.15795
vt 0.18442 0.0051
vt 0.34047 0.314
vt 0.47458 0.17988
vt 0.47458 0.314
vt 0.18139 0.00493
vt 0.00607 0.18024
vt 0.00607 0.00493
vt 0.99751 0.82733
vt 0.99751 0.99393
vt 0.83091 0.99393
vt 0.83091 0.82733
vt 0.99278 0.30817
vt 0.88107 0.41989
vt 0.88107 0.30817
vt 0.99559 0.43354
vt 0.88107 0.54807
vt 0.88107 0.43354
vt 0.60744 0.45944
vt 0.4798 0.58708
vt 0.4798 0.45944
vt 0.61913 0.63724
vt 0.72377 0.5326
vt 0.72377 0.63724
vt 0.32183 0.49983
vt 0.18442 0.63724
vt 0.18442 0.49983
vt 0.16824 0.241
vt 0.0005 0.40874
vt 0.0005 0.241
vt 0.49148 0.00693
vt 0.34047 0.15795
vt 0.34047 0.00693
vt 0.47422 0.6038
vt 0.59658 0.48144
vt 0.59658 0.6038
vt 0.82041 0.68118
vt 0.686 0.81558
vt 0.686 0.68118
vt 0.87934 0.17082
vt 0.75288 0.29728
vt 0.75288 0.17082
vt 0.75164 0.17033
vt 0.6247 0.29728
vt 0.6247 0.17033
vt 0.6247 0.44218
vt 0.74268 0.3242
vt 0.74268 0.44218
vt 0.47098 0.17234
vt 0.33489 0.30842
vt 0.33489 0.17234
vt 0.46884 0.33052
vt 0.33489 0.46447
vt 0.33489 0.33052
vt 0.32806 0.33755
vt 0.18442 0.48119
vt 0.18442 0.33755
vt 0.75846 0.42546
vt 0.86567 0.31824
vt 0.86567 0.42546
vt 0.60994 0.31761
vt 0.4798 0.44775
vt 0.4798 0.31761
vt 0.34047 0.61495
vt 0.47051 0.48491
vt 0.47051 0.61495
vt 0.99599 0.55019
vt 0.86435 0.68183
vt 0.86435 0.55019
vt 0.8022 0.00274
vt 0.65257 0.15237
vt 0.65257 0.00274
vt 0.95541 0.00558
vt 0.80862 0.15237
vt 0.80862 0.00558
vt 0.16902 0.41299
vt 0.0005 0.58151
vt 0.0005 0.41299
vt 0.8532 0.82116
vt 0.99509 0.67926
vt 0.99509 0.82116
vt 0.19556 0.63724
vt 0.33107 0.50173
vt 0.33107 0.63724
vt 0.7414 0.31433
vt 0.61913 0.43661
vt 0.61913 0.31433
vt 0.02279 0.39759
vt 0.17363 0.24675
vt 0.17363 0.39759
vt 0.34047 0.99393
vt 0.49071 0.84368
vt 0.49071 0.99393
vt 0.72265 0.47798
vt 0.60241 0.59823
vt 0.60241 0.47798
vt 0.49094 0.44775
vt 0.61558 0.32312
vt 0.61558 0.44775
vt 0.00607 0.19138
vt 0.16476 0.0327
vt 0.16476 0.19138
vt 0.64624 0.8442
vt 0.49652 0.99393
vt 0.49652 0.8442
vt 0.86722 0.5452
vt 0.73616 0.67625
vt 0.73616 0.5452
vt 0.72171 0.64055
vt 0.59126 0.771
vt 0.59126 0.64055
vt 0.64693 0.00196
vt 0.49652 0.15237
vt 0.49652 0.00196
vt 0.3239 0.17451
vt 0.17884 0.31957
vt 0.17884 0.17451
vt 0.50766 0.99393
vt 0.63911 0.86248
vt 0.63911 0.99393
vt 0.17057 0.58421
vt 0.0005 0.75428
vt 0.0005 0.58421
vt 0.88107 0.43103
vt 0.99453 0.31757
vt 0.99453 0.43103
vt 0.18999 0.48676
vt 0.33172 0.34503
vt 0.33172 0.48676
vt 0.86924 0.43171
vt 0.75846 0.5425
vt 0.75846 0.43171
vt 0.8629 0.31545
vt 0.74731 0.43103
vt 0.74731 0.31545
vt 0.69158 0.82116
vt 0.82686 0.68587
vt 0.82686 0.82116
vt 0.65814 0.99393
vt 0.81812 0.83394
vt 0.81812 0.99393
vt 0.18442 0.32514
vt 0.32889 0.18067
vt 0.32889 0.32514
vt 0.8106 0.83031
vt 0.65257 0.98835
vt 0.65257 0.83031
vt 0.81976 0.15237
vt 0.96563 0.0065
vt 0.96563 0.15237
vt 0.48102 0.84222
vt 0.32932 0.99393
vt 0.32932 0.84222
vt 0.98005 0.68317
vt 0.84205 0.82116
vt 0.84205 0.68317
vt 0.15651 0.9995
vt 0.2039 0.73655
vt 0.31401 0.81504
vt 0.00607 0.77251
vt 0.0243 0.95456
vt 0.0715 0.69156
usemtl mat1
f 96/95/316 97/96/317 98/97/318
f 99/98/319 100/99/320 101/100/320
f 102/101/321 103/102/321 104/103/322
f 105/104/323 106/105/324 107/106/323
f 108/107/325 109/108/326 110/109/327
f 111/110/328 112/111/329 113/112/330
f 114/113/331 115/114/332 116/115/332
f 117/116/333 118/117/334 119/118/333
f 120/119/335 121/120/336 122/121/337
f 123/122/338 124/123/338 125/124/339
f 126/125/340 127/126/341 128/127/340
f 126/125/340 128/127/340 129/128/342
f 130/129/343 131/130/343 132/131/344
f 133/132/345 134/133/346 135/134/347
f 136/135/348 137/136/349 138/137/349
f 139/138/350 140/139/350 141/140/351
f 142/141/352 143/142/353 144/143/354
f 145/144/355 146/145/356 147/146/357
f 148/147/358 149/148/359 150/149/360
f 151/150/361 152/151/362 153/152/363
f 154/153/364 155/154/365 156/155/366
f 157/156/367 158/157/368 159/158/367
f 160/159/369 161/160/370 162/161/371
f 163/162/372 164/163/373 165/164/374
f 166/165/375 167/166/376 168/167/377
f 169/168/378 170/169/378 171/170/379
f 172/171/380 173/172/381 174/173/382
f 175/174/383 176/175/384 177/176/385
f 178/177/386 179/178/386 180/179/387
f 181/180/388 182/181/389 183/182/390
f 184/183/391 185/184/392 186/185/393
f 187/186/394 188/187/395 189/188/396
f 190/189/397 191/190/398 192/191/398
f 193/192/399 194/193/400 195/194/401
f 196/195/402 197/196/402 198/197/403
f 199/198/404 200/199/405 201/200/406
f 202/201/407 203/202/408 204/203/409
f 205/204/410 206/205/411 207/206/412
f 208/207/413 209/208/413 210/209/414
f 211/210/415 212/211/416 213/212/415
f 214/213/417 215/214/417 216/215/418
f 217/216/419 218/217/420 219/218/421
f 220/219/422 221/220/423 222/221/424
f 223/222/425 224/223/426 225/224/427
f 226/225/428 227/226/429 228/227/428
f 229/228/430 230/229/431 231/230/432
f 232/231/433 233/232/434 234/233/433
f 235/234/435 236/235/435 237/236/436
f 238/237/437 239/238/438 240/239/439
f 241/240/440 242/241/441 243/242/442
f 244/243/443 245/244/444 246/245/445
f 247/246/446 248/247/447 249/248/448
f 250/249/449 251/250/450 252/251/449
f 253/252/451 254/253/452 255/254/453
f 256/255/454 257/256/455 258/257/456
f 259/258/457 260/259/458 261/260/459
f 262/261/460 263/262/461 264/263/462
f 265/264/463 266/265/463 267/266/464
f 268/267/465 269/268/466 270/269/467
f 271/270/468 272/271/469 273/272/470
f 274/273/471 275/274/472 276/275/471
f 277/276/473 274/273/474 278/277/474
f 274/273/474 277/276/473 275/274/475
f 275/274/476 277/276/476 279/278/476
# Vertices: 184, normals: 161, texture coordinates: 184, faces: 64

o obj4
v -0.31533518 -0.18133614 0.15872272
v -0.2552449 -0.18197611 0.14926673
v -0.26066108 -0.18347893 0.24646891
v -0.22815932 -0.1056795 0.17449568
v -0.24983026 -0.15917508 0.28173568
v -0.232401 -0.11360698 0.11980745
v -0.27169783 -0.08017705 0.07127602
v -0.3203421 -0.12327925 0.10083624
v -0.39114846 -0.11709209 0.11891372
v -0.38091751 -0.18595899 0.19351627
v -0.45388968 -0.10959703 0.15300506
v -0.34050738 -0.18512501 0.26718172
v -0.42692458 -0.17475178 0.26147114
v -0.38400163 -0.17654583 0.31332275
v -0.32072853 -0.18395333 0.32010014
v -0.32072853 -0.18395333 0.32010014
v -0.32072853 -0.18395333 0.32010014
v -0.23703413 -0.09273148 0.24295883
v -0.29563996 -0.11477291 0.3094253
v -0.29563996 -0.11477291 0.3094253
v -0.33366772 -0.01824321 0.25694273
v -0.36266188 -0.06341341 0.30674934
v -0.33366772 -0.01824321 0.25694273
v -0.26166654 -0.02621429 0.19506773
v -0.2811431 0.00857431 0.09886634
v -0.32358236 0.00787517 0.05621406
v -0.40367692 -0.08080965 0.05689235
v -0.33498158 -0.07227348 0.04202296
v -0.38631807 -0.00940955 0.04779959
v -0.45655969 -0.01184686 0.09665128
v -0.47601318 -0.02098612 0.16052595
v -0.4797806 -0.10363353 0.22531299
v -0.47574108 -0.05493398 0.24912484
v -0.36701216 -0.12469272 0.32870391
v -0.43434758 -0.12050249 0.29752045
v -0.42034168 -0.05244326 0.28831175
v -0.32072853 -0.18395333 0.32010014
v -0.32072853 -0.18395333 0.32010014
v -0.32072853 -0.18395333 0.32010014
v -0.39360662 0.04116361 0.16596652
v -0.32036264 0.02455183 0.17691349
v -0.35771321 0.04369954 0.09831261
v -0.35771321 0.04369954 0.09831261
v -0.35771321 0.04369954 0.09831261
v -0.32036264 0.02455183 0.17691349
v -0.35771321 0.04369954 0.09831261
v -0.44646571 0.0066208 0.21244909
v -0.35771321 0.04369954 0.09831261
vn -0.0132 0.01619 -0.99978
vn -0.0132 0.01619 -0.99978
vn -0.0132 0.01619 -0.99978
vn 0.91908 0.01078 -0.39393
vn 0.91908 0.01078 -0.39393
vn 0.93637 -0.0468 -0.34789
vn 0.93637 -0.0468 -0.34789
vn 0.93637 -0.0468 -0.34789
vn 0.94473 0.0259 -0.32682
vn 0.94473 0.0259 -0.32682
vn 0.49205 0.72764 -0.47794
vn 0.49205 0.72764 -0.47794
vn -0.12884 0.77704 -0.61613
vn -0.12884 0.77704 -0.61613
vn -0.12884 0.77704 -0.61613
vn 0.18044 0.70426 -0.68663
vn 0.18044 0.70426 -0.68663
vn 0.18044 0.70426 -0.68663
vn -0.23404 0.67831 -0.6965
vn -0.23404 0.67831 -0.6965
vn -0.23404 0.67831 -0.6965
vn -0.28288 0.62936 -0.7238
vn -0.28288 0.62936 -0.7238
vn -0.40406 0.58993 -0.69909
vn -0.40406 0.58993 -0.69909
vn -0.40406 0.58993 -0.69909
vn 0.05913 0.02114 -0.99803
vn 0.05913 0.02114 -0.99803
vn 0.05913 0.02114 -0.99803
vn -0.60973 0.29123 -0.73717
vn -0.60973 0.29123 -0.73717
vn -0.12396 -0.0792 -0.98912
vn -0.12396 -0.0792 -0.98912
vn -0.12327 -0.06789 -0.99005
vn -0.12327 -0.06789 -0.99005
vn -0.12327 -0.06789 -0.99005
vn 0.01229 0.03206 -0.99941
vn 0.01229 0.03206 -0.99941
vn 0.01229 0.03206 -0.99941
vn 0.02402 -0.01315 -0.99962
vn 0.02402 -0.01315 -0.99962
vn 0.4848 -0.39045 -0.78263
vn 0.4848 -0.39045 -0.78263
vn 0.4848 -0.39045 -0.78263
vn 0.67606 -0.68562 0.26993
vn 0.67606 -0.68562 0.26993
vn 0.67606 -0.68562 0.26993
vn 0.39533 -0.73262 0.55406
vn 0.39533 -0.73262 0.55406
vn 0.52267 -0.64553 0.55687
vn 0.52267 -0.64553 0.55687
vn 0.55341 -0.56515 0.61184
vn 0.55341 -0.56515 0.61184
vn 0.74267 0.15214 0.65215
vn 0.74267 0.15214 0.65215
vn 0.74267 0.15214 0.65215
vn 0.9167 0.04189 0.39738
vn 0.9167 0.04189 0.39738
vn 0.9167 0.04189 0.39738
vn 0.91918 0.33762 0.20278
vn 0.91918 0.33762 0.20278
vn 0.91918 0.33762 0.20278
vn 0.67754 0.6788 0.28313
vn 0.67754 0.6788 0.28313
vn 0.67754 0.6788 0.28313
vn -0.04578 0.64797 -0.76029
vn -0.04578 0.64797 -0.76029
vn -0.04578 0.64797 -0.76029
vn 0.08731 0.98298 0.16163
vn 0.08731 0.98298 0.16163
vn -0.20202 0.97649 -0.07524
vn -0.20202 0.97649 -0.07524
vn -0.57144 0.81992 0.03451
vn -0.57144 0.81992 0.03451
vn -0.92771 0.31189 -0.20515
vn -0.92771 0.31189 -0.20515
vn -0.92771 0.31189 -0.20515
vn -0.92678 0.31497 -0.20466
vn -0.92678 0.31497 -0.20466
vn -0.92678 0.31497 -0.20466
vn -0.99723 -0.02927 0.0684
vn -0.99723 -0.02927 0.0684
vn -0.42332 -0.89698 -0.12737
vn -0.42332 -0.89698 -0.12737
vn -0.56948 -0.79084 0.2242
vn -0.56948 -0.79084 0.2242
vn -0.56948 -0.79084 0.2242
vn -0.401 -0.89322 0.20338
vn -0.401 -0.89322 0.20338
vn -0.401 -0.89322 0.20338
vn -0.22627 -0.91178 0.34273
vn -0.22627 -0.91178 0.34273
vn -0.22627 -0.91178 0.34273
vn 0.92478 -0.04851 0.37739
vn 0.92478 -0.04851 0.37739
vn 0.98368 -0.14711 -0.10359
vn 0.98368 -0.14711 -0.10359
vn 0.42765 0.89859 0.09828
vn 0.42765 0.89859 0.09828
vn 0.42765 0.89859 0.09828
vn 0.22108 0.6698 -0.70887
vn 0.22108 0.6698 -0.70887
vn 0.22108 0.6698 -0.70887
vn -0.79834 0.51203 -0.31699
vn -0.79834 0.51203 -0.31699
vn -0.33179 0.42551 -0.84194
vn -0.33179 0.42551 -0.84194
vn -0.19435 0.46577 -0.8633
vn -0.19435 0.46577 -0.8633
vn -0.19435 0.46577 -0.8633
vn -0.85141 -0.4956 -0.1717
vn -0.85141 -0.4956 -0.1717
vn -0.85141 -0.4956 -0.1717
vn -0.69036 -0.55544 -0.46356
vn -0.69036 -0.55544 -0.46356
vn -0.81704 -0.42239 -0.39248
vn -0.81704 -0.42239 -0.39248
vn -0.73133 0.2083 -0.64944
vn -0.73133 0.2083 -0.64944
vn 0.206 -0.92577 0.31705
vn 0.206 -0.92577 0.31705
vn 0.206 -0.92577 0.31705
vn 0.48678 -0.87252 -0.0419
vn 0.48678 -0.87252 -0.0419
vn 0.48678 -0.87252 -0.0419
vn 0.25291 -0.96579 0.05731
vn 0.25291 -0.96579 0.05731
vn 0.25291 -0.96579 0.05731
vn -0.13132 -0.96132 -0.24213
vn -0.13132 -0.96132 -0.24213
vn -0.13132 -0.96132 -0.24213
vn 0.19875 -0.14179 0.96974
vn 0.19875 -0.14179 0.96974
vn 0.19875 -0.14179 0.96974
vn 0.38509 0.39682 0.83321
vn 0.38509 0.39682 0.83321
vn 0.38509 0.39682 0.83321
vn 0.4167 -0.02336 0.90874
vn 0.4167 -0.02336 0.90874
vn 0.4167 -0.02336 0.90874
vn 0.61889 -0.15329 0.77038
vn 0.61889 -0.15329 0.77038
vn 0.61889 -0.15329 0.77038
vn -0.10396 0.69211 0.71427
vn -0.10396 0.69211 0.71427
vn -0.10396 0.69211 0.71427
vn -0.83321 -0.20007 0.51548
vn -0.83321 -0.20007 0.51548
vn -0.83321 -0.20007 0.51548
vn -0.04135 -0.56524 0.82389
vn -0.06367 -0.64983 0.7574
vn -0.06367 -0.64983 0.7574
vn -0.06367 -0.64983 0.7574
vn -0.07759 -0.62897 0.77354
vn -0.07759 -0.62897 0.77354
vn -0.07759 -0.62897 0.77354
vn -0.47731 -0.63625 0.6061
vn -0.47731 -0.63625 0.6061
vn -0.47731 -0.63625 0.6061
vn 0.12415 -0.48388 0.86628
vn 0.12415 -0.48388 0.86628
vn 0.12415 -0.48388 0.86628
vn 0.48794 -0.47331 0.73341
vn 0.48794 -0.47331 0.73341
vn 0.48794 -0.47331 0.73341
vn -0.51425 0.09118 0.85278
vn -0.51425 0.09118 0.85278
vn -0.51425 0.09118 0.85278
vn -0.40402 0.54424 0.73524
vn -0.40402 0.54424 0.73524
vn -0.70935 0.35348 0.60982
vt 0.51074 0.63456
vt 0.56126 0.65378
vt 0.554 0.79873
vt 0.71139 0.70653
vt 0.66127 0.8567
vt 0.67705 0.63603
vt 0.69616 0.55014
vt 0.59569 0.56759
vt 0.51511 0.50408
vt 0.43668 0.60988
vt 0.43942 0.47887
vt 0.37556 0.73788
vt 0.32717 0.5904
vt 0.22043 0.61743
vt 0.245 0.76403
vt 0.39632 0.84715
vt 0.55125 0.95084
vt 0.76776 0.78529
vt 0.78527 0.91021
vt 0.01729 0.38516
vt 0.1303 0.23186
vt 0.13451 0.3567
vt 0.95603 0.82417
vt 0.8588 0.71069
vt 0.86307 0.54965
vt 0.78463 0.41646
vt 0.56389 0.43813
vt 0.63685 0.46812
vt 0.6313 0.32095
vt 0.48831 0.33159
vt 0.40484 0.35158
vt 0.35502 0.47475
vt 0.30573 0.40327
vt 0.12139 0.48414
vt 0.23899 0.49921
vt 0.21381 0.37309
vt 0.66873 0.9995
vt 0.0005 0.53172
vt 0.10014 0.6218
vt 0.32641 0.18221
vt 0.21076 0.12235
vt 0.33795 0.06415
vt 0.91286 0.41379
vt 0.9995 0.53871
vt 0.9637 0.67679
vt 0.82154 0.29463
vt 0.31152 0.29071
vt 0.47326 0.14031
usemtl mat1
f 280/279/477 281/280/478 282/281/479
f 282/281/480 283/282/480 284/283/481
f 282/281/482 281/280/483 283/282/484
f 281/280/485 285/284/486 283/282/486
f 281/280/487 286/285/488 285/284/487
f 281/280/489 280/279/490 286/285/491
f 280/279/492 287/286/493 286/285/494
f 280/279/495 288/287/496 287/286/497
f 280/279/498 289/288/499 288/287/499
f 289/288/500 290/289/501 288/287/502
f 280/279/503 291/290/504 289/288/505
f 289/288/506 292/291/507 290/289/507
f 289/288/508 291/290/509 292/291/509
f 293/292/510 291/290/511 294/293/511
f 291/290/511 293/292/510 292/291/512
f 280/279/513 282/281/514 291/290/515
f 291/290/516 282/281/517 295/294/517
f 282/281/518 284/283/519 296/295/520
f 284/283/521 297/296/522 298/297/523
f 299/298/524 300/299/525 301/300/524
f 298/297/526 297/296/527 302/301/527
f 297/296/528 303/302/529 302/301/529
f 285/284/530 286/285/531 283/282/532
f 283/282/533 304/303/534 303/302/535
f 283/282/536 286/285/537 304/303/538
f 286/285/539 305/304/540 304/303/541
f 287/286/542 306/305/543 307/306/544
f 307/306/545 308/307/546 305/304/546
f 307/306/547 306/305/548 308/307/547
f 306/305/549 309/308/549 308/307/550
f 290/289/551 310/309/552 309/308/553
f 290/289/554 311/310/555 310/309/556
f 311/310/557 312/311/558 310/309/557
f 293/292/559 313/312/559 314/313/560
f 314/313/561 315/314/562 312/311/563
f 314/313/564 313/312/565 315/314/566
f 313/312/567 301/300/568 315/314/569
f 303/302/570 297/296/570 283/282/571
f 297/296/572 284/283/573 283/282/572
f 305/304/574 286/285/575 307/306/576
f 307/306/577 286/285/578 287/286/579
f 309/308/580 306/305/580 290/289/581
f 290/289/582 306/305/582 288/287/583
f 306/305/584 287/286/585 288/287/586
f 312/311/587 311/310/588 314/313/589
f 314/313/590 292/291/590 293/292/591
f 314/313/592 311/310/593 292/291/593
f 311/310/594 290/289/595 292/291/594
f 301/300/596 313/312/597 299/298/598
f 298/297/599 316/315/600 284/283/601
f 299/298/602 313/312/603 317/316/604
f 313/312/605 293/292/606 318/317/607
f 319/318/608 320/319/609 321/320/610
f 322/321/611 304/303/612 305/304/613
f 323/322/614 324/323/615 304/303/616
f 324/323/617 303/302/618 304/303/619
f 325/324/620 305/304/621 308/307/622
f 326/325/623 310/309/624 312/311/625
f 319/318/626 326/325/626 300/299/626
f 300/299/627 315/314/628 301/300/629
f 300/299/630 326/325/631 315/314/632
f 326/325/633 312/311/634 315/314/635
f 319/318/636 300/299/637 320/319/638
f 324/323/639 302/301/640 303/302/641
f 327/326/642 310/309/643 326/325/644
f 310/309/643 327/326/642 309/308/643
f 309/308/645 327/326/645 308/307/646
f 327/326/647 326/325/647 319/318/647
# Vertices: 48, normals: 171, texture coordinates: 48, faces: 68

o obj5
v -0.47707938 -0.18471624 0.04840458
v -0.49681117 -0.16462038 0.10791232
v -0.51944245 -0.18508263 -0.01101006
v -0.54599964 -0.15577034 0.00899775
v -0.54555926 -0.15350661 -0.04116652
v -0.44444591 -0.1836597 0.11382584
v -0.41259159 -0.17074026 0.15697319
v -0.39164661 -0.18130937 0.08859351
v -0.46323748 -0.18427434 -0.00961542
v -0.3836975 -0.17804741 -0.01582158
v -0.35661526 -0.17952826 0.06182329
v -0.45084385 -0.1694168 -0.07096547
v -0.50116686 -0.1699354 -0.04928359
v -0.56077034 -0.1226337 -0.01151861
v -0.5268664 -0.1318676 -0.06646801
v -0.5268664 -0.1318676 -0.06646801
v -0.50309111 -0.10493118 -0.05579198
v -0.47538279 -0.11592416 -0.0744113
v -0.5268664 -0.1318676 -0.06646801
v -0.56077034 -0.1226337 -0.01151861
v -0.53162255 -0.10043524 0.02048135
v -0.5018493 -0.12747343 0.13723407
v -0.55001707 -0.12119559 0.06621866
v -0.55001707 -0.12119559 0.06621866
v -0.49391089 -0.10037406 0.0831304
v -0.5018493 -0.12747343 0.13723407
v -0.44951962 -0.1109135 0.1463763
v -0.36545719 -0.15355373 0.15735516
v -0.43181918 -0.13961367 0.17481968
v -0.43181918 -0.13961367 0.17481968
v -0.39011643 -0.11754323 0.15680269
v -0.36545719 -0.15355373 0.15735516
v -0.36545719 -0.15355373 0.15735516
v -0.33748874 -0.13437495 0.1184592
v -0.35208129 -0.14968388 0.01063727
v -0.33155328 -0.16278763 0.10240576
v -0.33679909 -0.13224805 0.06638855
v -0.39366997 -0.15711968 -0.0420859
v -0.40794075 -0.12412115 -0.06345485
v -0.36545719 -0.15355373 0.15735516
v -0.36545719 -0.15355373 0.15735516
v -0.36545719 -0.15355373 0.15735516
v -0.5268664 -0.1318676 -0.06646801
v -0.5268664 -0.1318676 -0.06646801
v -0.5268664 -0.1318676 -0.06646801
v -0.42870019 -0.09322786 0.0041931
v -0.48096557 -0.08600219 0.03258842
v -0.43509507 -0.09154301 0.10975369
v -0.38186965 -0.10623376 0.01924979
vn -0.29535 -0.21632 -0.93058
vn -0.29535 -0.21632 -0.93058
vn -0.29535 -0.21632 -0.93058
vn -0.75278 0.03627 -0.65727
vn -0.6285 -0.24654 -0.73771
vn -0.6285 -0.24654 -0.73771
vn -0.35441 -0.19157 -0.91526
vn -0.35441 -0.19157 -0.91526
vn -0.34582 -0.49414 -0.79764
vn -0.34582 -0.49414 -0.79764
vn -0.34582 -0.49414 -0.79764
vn 0.04214 0.00489 -0.9991
vn 0.04214 0.00489 -0.9991
vn 0.13482 -0.19156 -0.97218
vn 0.13482 -0.19156 -0.97218
vn 0.13482 -0.19156 -0.97218
vn 0.03905 -0.0017 -0.99924
vn 0.03905 -0.0017 -0.99924
vn 0.02861 0.02904 -0.99917
vn 0.02861 0.02904 -0.99917
vn 0.02861 0.02904 -0.99917
vn 0.07606 0.02535 -0.99678
vn 0.07606 0.02535 -0.99678
vn 0.07606 0.02535 -0.99678
vn 0.05871 0.22375 -0.97288
vn 0.05871 0.22375 -0.97288
vn 0.05871 0.22375 -0.97288
vn -0.09912 0.25308 -0.96235
vn -0.09912 0.25308 -0.96235
vn 0.01448 0.00416 -0.99989
vn 0.01448 0.00416 -0.99989
vn 0.01448 0.00416 -0.99989
vn 0.02232 0.35867 -0.9332
vn 0.02232 0.35867 -0.9332
vn 0.02232 0.35867 -0.9332
vn -0.37988 0.49153 -0.78364
vn -0.37988 0.49153 -0.78364
vn -0.37988 0.49153 -0.78364
vn -0.8392 0.53457 0.09989
vn -0.8392 0.53457 0.09989
vn -0.8392 0.53457 0.09989
vn -0.29392 0.77097 0.56499
vn -0.29392 0.77097 0.56499
vn -0.29392 0.77097 0.56499
vn -0.56518 0.46341 0.68252
vn -0.56518 0.46341 0.68252
vn -0.43269 0.21349 0.8759
vn -0.43269 0.21349 0.8759
vn -0.43269 0.21349 0.8759
vn -0.74925 -0.46665 -0.46996
vn -0.74925 -0.46665 -0.46996
vn -0.74925 -0.46665 -0.46996
vn -0.40056 -0.24025 0.88421
vn -0.40056 -0.24025 0.88421
vn -0.40056 -0.24025 0.88421
vn -0.4177 -0.35717 0.83544
vn -0.4177 -0.35717 0.83544
vn -0.4177 -0.35717 0.83544
vn -0.3388 -0.38114 0.8602
vn -0.3388 -0.38114 0.8602
vn -0.3388 -0.38114 0.8602
vn 0.14672 -0.89453 -0.42225
vn 0.14672 -0.89453 -0.42225
vn 0.14672 -0.89453 -0.42225
vn -0.05052 -0.72478 0.68713
vn -0.05052 -0.72478 0.68713
vn 0.29028 -0.93292 0.21309
vn 0.29028 -0.93292 0.21309
vn 0.61718 -0.65715 0.43271
vn 0.61718 -0.65715 0.43271
vn 0.61718 -0.65715 0.43271
vn 0.78843 0.25622 -0.55922
vn 0.78843 0.25622 -0.55922
vn 0.98095 -0.02088 0.19313
vn 0.98095 -0.02088 0.19313
vn 0.96691 0.23157 -0.10702
vn 0.96691 0.23157 -0.10702
vn 0.96691 0.23157 -0.10702
vn 0.78774 0.6134 -0.05655
vn 0.78774 0.6134 -0.05655
vn 0.4811 0.81603 -0.32038
vn 0.4811 0.81603 -0.32038
vn 0.1616 0.9868 0.01056
vn 0.1616 0.9868 0.01056
vn 0.1616 0.9868 0.01056
vn -0.65613 -0.07687 0.75072
vn -0.65613 -0.07687 0.75072
vn -0.65613 -0.07687 0.75072
vn -0.7354 -0.31187 -0.6016
vn -0.7354 -0.31187 -0.6016
vn -0.93342 -0.13527 -0.33232
vn -0.93342 -0.13527 -0.33232
vn -0.90672 0.02695 -0.42086
vn -0.90672 0.02695 -0.42086
vn -0.90672 0.02695 -0.42086
vn -0.31216 -0.76401 0.56466
vn -0.31216 -0.76401 0.56466
vn -0.42347 -0.64797 -0.6331
vn -0.42347 -0.64797 -0.6331
vn -0.42347 -0.64797 -0.6331
vn -0.4593 -0.66589 -0.58791
vn -0.4593 -0.66589 -0.58791
vn 0.83414 -0.53631 -0.12876
vn 0.83414 -0.53631 -0.12876
vn 0.23408 -0.24369 -0.94118
vn 0.23408 -0.24369 -0.94118
vn 0.21977 -0.29202 -0.93082
vn 0.21977 -0.29202 -0.93082
vn 0.33063 -0.24226 -0.91214
vn 0.33063 -0.24226 -0.91214
vn 0.4595 0.65363 -0.60135
vn 0.4595 0.65363 -0.60135
vn 0.4595 0.65363 -0.60135
vn 0.76266 0.55467 -0.33269
vn 0.76266 0.55467 -0.33269
vn 0.76266 0.55467 -0.33269
vn 0.75949 0.27614 -0.58899
vn 0.75949 0.27614 -0.58899
vn 0.75949 0.27614 -0.58899
vn -0.11602 0.98636 -0.11676
vn -0.11602 0.98636 -0.11676
vn -0.11602 0.98636 -0.11676
vn -0.34721 0.74436 -0.57041
vn -0.34721 0.74436 -0.57041
vn -0.32249 0.76193 -0.56166
vn -0.32249 0.76193 -0.56166
vn 0.1328 0.00777 0.99111
vn 0.1328 0.00777 0.99111
vn 0.1328 0.00777 0.99111
vn -0.29358 -0.35403 0.88796
vn -0.29358 -0.35403 0.88796
vn -0.23708 -0.20905 0.94873
vn -0.23708 -0.20905 0.94873
vn -0.23708 -0.20905 0.94873
vn -0.31005 -0.18572 0.9324
vn -0.31005 -0.18572 0.9324
vn -0.31005 -0.18572 0.9324
vn 0.01547 -0.47225 0.88133
vn 0.01547 -0.47225 0.88133
vn 0.01547 -0.47225 0.88133
vn 0.72673 0.37849 0.57325
vn 0.72673 0.37849 0.57325
vn 0.1706 0.36552 0.91504
vn 0.1706 0.36552 0.91504
vn 0.34376 0.30076 0.88959
vn 0.34376 0.30076 0.88959
vn 0.34376 0.30076 0.88959
vn 0.73614 0.35649 0.57534
vn 0.73614 0.35649 0.57534
vn -0.23868 0.14587 0.96008
vn -0.23868 0.14587 0.96008
vn 0.01882 0.21389 0.97668
vn 0.01882 0.21389 0.97668
vn 0.01882 0.21389 0.97668
vn 0.13444 0.34776 0.92789
vn 0.13444 0.34776 0.92789
vn 0.13444 0.34776 0.92789
vn 0.46592 -0.04227 0.88382
vn 0.46592 -0.04227 0.88382
vn 0.46592 -0.04227 0.88382
vn 0.26735 -0.00082 0.9636
vn 0.26735 -0.00082 0.9636
vn 0.26735 -0.00082 0.9636
vn 0.3942 -0.08327 0.91524
vn 0.3942 -0.08327 0.91524
vn 0.3942 -0.08327 0.91524
vn 0.38833 -0.1327 0.91191
vn 0.38833 -0.1327 0.91191
vn 0.38833 -0.1327 0.91191
vt 0.261 0.69854
vt 0.17272 0.79007
vt 0.22212 0.60966
vt 0.1199 0.6355
vt 0.13127 0.54336
vt 0.28034 0.7969
vt 0.29678 0.88537
vt 0.39944 0.77853
vt 0.30835 0.61007
vt 0.43904 0.60439
vt 0.46505 0.72307
vt 0.37077 0.48701
vt 0.24925 0.52418
vt 0.00928 0.59939
vt 0.04984 0.47455
vt 0.58333 0.23909
vt 0.65761 0.32871
vt 0.56072 0.3659
vt 0.69901 0.22076
vt 0.82583 0.26185
vt 0.81805 0.35999
vt 0.06366 0.87032
vt 0.0005 0.74006
vt 0.94277 0.34992
vt 0.86826 0.4567
vt 0.9995 0.49153
vt 0.90603 0.57034
vt 0.32259 0.9995
vt 0.18575 0.95392
vt 0.97983 0.64296
vt 0.84082 0.67433
vt 0.9292 0.77879
vt 0.78544 0.8047
vt 0.68124 0.72719
vt 0.54121 0.62119
vt 0.5558 0.76789
vt 0.62757 0.66489
vt 0.47281 0.5467
vt 0.54583 0.47532
vt 0.65967 0.85362
vt 0.50747 0.89246
vt 0.4044 0.93349
vt 0.44601 0.30143
vt 0.13291 0.43577
vt 0.20812 0.38593
vt 0.68353 0.4741
vt 0.77032 0.43951
vt 0.82395 0.55392
vt 0.65894 0.5434
usemtl mat1
f 328/327/648 329/328/649 330/329/650
f 330/329/651 331/330/651 332/331/651
f 330/329/652 329/328/653 331/330/652
f 328/327/654 333/332/655 329/328/654
f 333/332/656 334/333/657 329/328/658
f 328/327/659 335/334/660 333/332/659
f 333/332/661 335/334/662 334/333/663
f 328/327/664 336/335/664 335/334/665
f 335/334/666 337/336/667 338/337/668
f 335/334/669 336/335/670 337/336/671
f 339/338/672 337/336/673 336/335/674
f 336/335/675 340/339/676 339/338/676
f 328/327/677 330/329/678 336/335/679
f 336/335/680 330/329/681 340/339/682
f 330/329/683 332/331/684 340/339/685
f 332/331/686 341/340/687 342/341/688
f 343/342/689 344/343/690 345/344/691
f 346/345/692 347/346/693 344/343/692
f 347/346/694 348/347/695 344/343/696
f 329/328/697 349/348/698 350/349/699
f 351/350/700 352/351/701 348/347/702
f 351/350/703 353/352/704 352/351/705
f 353/352/706 354/353/707 352/351/708
f 334/333/709 355/354/710 356/355/711
f 357/356/712 358/357/712 354/353/713
f 357/356/714 359/358/714 358/357/715
f 360/359/716 361/360/717 358/357/718
f 338/337/719 362/361/720 363/362/720
f 363/362/721 364/363/721 361/360/722
f 363/362/723 362/361/724 364/363/725
f 365/364/726 366/365/727 362/361/726
f 365/364/728 339/338/729 366/365/729
f 339/338/730 345/344/731 366/365/732
f 348/347/733 347/346/734 351/350/735
f 350/349/736 331/330/736 329/328/737
f 350/349/738 341/340/739 331/330/738
f 341/340/740 332/331/741 331/330/742
f 354/353/743 353/352/744 357/356/743
f 356/355/745 329/328/746 334/333/747
f 356/355/748 349/348/749 329/328/748
f 361/360/750 367/366/750 363/362/751
f 363/362/752 335/334/753 338/337/753
f 363/362/754 368/367/755 335/334/754
f 369/368/756 334/333/757 335/334/757
f 365/364/758 337/336/759 339/338/760
f 365/364/761 362/361/762 337/336/763
f 362/361/764 338/337/765 337/336/766
f 345/344/767 339/338/768 370/369/769
f 371/370/770 340/339/771 332/331/771
f 372/371/772 339/338/773 340/339/773
f 373/372/774 374/373/775 375/374/776
f 375/374/777 352/351/777 354/353/778
f 375/374/779 374/373/780 352/351/781
f 374/373/782 348/347/783 352/351/784
f 375/374/785 354/353/786 358/357/787
f 376/375/788 364/363/789 362/361/789
f 373/372/790 366/365/791 345/344/791
f 373/372/792 376/375/793 366/365/794
f 376/375/795 362/361/795 366/365/796
f 374/373/797 344/343/798 348/347/797
f 374/373/799 373/372/800 344/343/801
f 373/372/802 345/344/803 344/343/804
f 361/360/805 364/363/806 376/375/807
f 376/375/808 373/372/809 375/374/810
f 361/360/811 376/375/812 375/374/813
f 358/357/814 361/360/815 375/374/816
# Vertices: 49, normals: 169, texture coordinates: 49, faces: 66

o obj6
v -0.19918831 0.07430014 -0.25400018
v -0.05710897 0.06759387 -0.25548192
v -0.17414569 -0.01675785 -0.27897014
v 0.03313443 0.01364995 -0.21205285
v -0.03391776 -0.06998409 -0.26725716
v -0.1448122 -0.11403081 -0.2504814
v -0.30600832 -0.06606496 -0.24434843
v -0.28623722 -0.10842611 -0.23360543
v -0.39065515 -0.08221311 -0.17697841
v -0.2758945 0.04101245 -0.18812679
v -0.39677806 -0.00601086 -0.13948846
v -0.32247486 0.04776456 -0.08157516
v -0.0357011 0.13738584 -0.12901929
v -0.20556314 0.17195758 -0.08679406
v 0.09559366 0.0084946 -0.07853653
v 0.05790355 -0.06665639 -0.16277928
v 0.06934572 0.02565212 -0.01171411
v 0.06956455 -0.07836485 -0.06057087
v 0.05790355 -0.06665639 -0.16277928
v 0.05790355 -0.06665639 -0.16277928
v 0.01231699 -0.15044056 -0.10709798
v -0.05121917 -0.1713437 -0.20282622
v -0.2147712 -0.18223372 -0.19370393
v 0.01231699 -0.15044056 -0.10709798
v -0.0780883 -0.18467392 -0.06327526
v -0.2538055 -0.1853974 -0.084658
v -0.35286437 -0.18402298 -0.14303702
v -0.41922588 -0.09246534 -0.07443122
v -0.34820763 -0.18364359 -0.03411282
v -0.41922588 -0.09246534 -0.07443122
v -0.41922588 -0.09246534 -0.07443122
v -0.34820763 -0.18364359 -0.03411282
v -0.37227295 -0.08298188 0.02288018
v -0.3840771 0.00074791 -0.01819919
v -0.1952394 0.112495 -0.00389632
v -0.28705935 -0.02237494 0.06075859
v -0.1195249 0.02251172 0.06525688
v 0.05790355 -0.06665639 -0.16277928
v 0.05790355 -0.06665639 -0.16277928
v 0.05790355 -0.06665639 -0.16277928
v -0.41922588 -0.09246534 -0.07443122
v -0.41922588 -0.09246534 -0.07443122
v -0.41922588 -0.09246534 -0.07443122
v -0.12420666 -0.08197845 0.05688334
v -0.22904962 -0.13196579 0.00139587
v -0.0780883 -0.18467392 -0.06327526
v -0.2538055 -0.1853974 -0.084658
v -0.00644616 -0.07000584 0.04115792
vn 0.00246 0.96422 0.26508
vn 0.00246 0.96422 0.26508
vn 0.5031 0.84975 0.15754
vn 0.5031 0.84975 0.15754
vn 0.12232 0.98691 0.10509
vn 0.12232 0.98691 0.10509
vn 0.12232 0.98691 0.10509
vn -0.02986 0.9568 -0.28923
vn -0.02986 0.9568 -0.28923
vn -0.02986 0.9568 -0.28923
vn -0.30963 0.93529 0.17132
vn -0.30963 0.93529 0.17132
vn -0.30963 0.93529 0.17132
vn -0.12475 0.94141 -0.31334
vn -0.12475 0.94141 -0.31334
vn -0.13476 0.94367 -0.30222
vn -0.13476 0.94367 -0.30222
vn -0.13476 0.94367 -0.30222
vn -0.51153 0.74524 -0.42774
vn -0.51153 0.74524 -0.42774
vn -0.68192 0.55096 0.48107
vn -0.68192 0.55096 0.48107
vn -0.62825 0.71691 0.30223
vn -0.48436 0.71113 0.5096
vn -0.48436 0.71113 0.5096
vn -0.4356 0.24531 0.86607
vn -0.4356 0.24531 0.86607
vn -0.4356 0.24531 0.86607
vn -0.37804 -0.02741 0.92538
vn -0.37804 -0.02741 0.92538
vn -0.37804 -0.02741 0.92538
vn -0.69123 0.3425 0.63631
vn -0.69123 0.3425 0.63631
vn -0.06343 0.77248 0.63186
vn -0.06343 0.77248 0.63186
vn -0.06343 0.77248 0.63186
vn 0.03609 0.48754 0.87235
vn 0.03609 0.48754 0.87235
vn 0.03609 0.48754 0.87235
vn 0.60812 0.46 0.64699
vn 0.60812 0.46 0.64699
vn 0.60812 0.46 0.64699
vn 0.9059 0.42302 0.01986
vn 0.9059 0.42302 0.01986
vn 0.89731 -0.40025 -0.18611
vn 0.89731 -0.40025 -0.18611
vn 0.89731 -0.40025 -0.18611
vn 0.93958 0.14284 -0.31111
vn 0.93958 0.14284 -0.31111
vn 0.82014 0.15661 -0.55031
vn 0.82014 0.15661 -0.55031
vn -0.00029 0.76869 -0.63962
vn -0.00029 0.76869 -0.63962
vn 0.34408 0.02341 -0.93865
vn 0.34408 0.02341 -0.93865
vn 0.34408 0.02341 -0.93865
vn 0.06159 0.08315 -0.99463
vn 0.06159 0.08315 -0.99463
vn 0.00733 0.02638 -0.99963
vn 0.00733 0.02638 -0.99963
vn 0.00733 0.02638 -0.99963
vn -0.86479 0.28245 -0.41516
vn -0.86479 0.28245 -0.41516
vn -0.01634 -0.00418 -0.99986
vn -0.01634 -0.00418 -0.99986
vn -0.01634 -0.00418 -0.99986
vn -0.79609 -0.03614 -0.60409
vn -0.79609 -0.03614 -0.60409
vn -0.79609 -0.03614 -0.60409
vn -0.79542 -0.42582 -0.43125
vn -0.79542 -0.42582 -0.43125
vn -0.51221 -0.13175 0.8487
vn -0.51221 -0.13175 0.8487
vn -0.55782 -0.77351 0.30086
vn -0.55782 -0.77351 0.30086
vn -0.41023 -0.68153 0.606
vn -0.41023 -0.68153 0.606
vn -0.16015 -0.84317 0.51324
vn -0.16015 -0.84317 0.51324
vn 0.34255 -0.58329 0.7365
vn 0.34255 -0.58329 0.7365
vn 0.34256 -0.58329 0.7365
vn 0.2168 -0.56449 0.79646
vn 0.71308 0.33932 -0.61349
vn 0.71308 0.33932 -0.61349
vn 0.71308 0.33932 -0.61349
vn 0.09048 0.8334 -0.54521
vn 0.09048 0.8334 -0.54521
vn 0.09048 0.8334 -0.54521
vn 0.66757 0.5715 -0.47723
vn 0.66757 0.5715 -0.47723
vn 0.74308 0.64771 -0.16822
vn 0.74308 0.64771 -0.16822
vn 0.00266 0.02805 -0.9996
vn 0.00266 0.02805 -0.9996
vn 0.00266 0.02805 -0.9996
vn -0.51112 0.74039 -0.43655
vn -0.51112 0.74039 -0.43655
vn -0.51112 0.74039 -0.43655
vn -0.25724 0.72373 -0.64034
vn -0.25724 0.72373 -0.64034
vn -0.25724 0.72373 -0.64034
vn -0.12003 0.82005 -0.55956
vn -0.12003 0.82005 -0.55956
vn -0.12003 0.82005 -0.55956
vn -0.9007 -0.42657 0.0823
vn -0.9007 -0.42657 0.0823
vn -0.9007 -0.42657 0.0823
vn -0.59514 -0.01755 0.80343
vn -0.59514 -0.01755 0.80343
vn -0.94787 -0.0821 0.30789
vn -0.94787 -0.0821 0.30789
vn -0.94787 -0.0821 0.30789
vn -0.96334 0.26319 0.05208
vn -0.96334 0.26319 0.05208
vn 0.29394 -0.53267 0.79364
vn 0.29394 -0.53267 0.79364
vn -0.61632 -0.50824 0.60154
vn 0.68212 -0.08135 0.7267
vn 0.7238 0.31489 0.61397
vn 0.7238 0.31489 0.61397
vn 0.01539 -0.65304 -0.75717
vn 0.01539 -0.65304 -0.75717
vn -0.06217 -0.53932 -0.8398
vn -0.06217 -0.53932 -0.8398
vn 0.2325 -0.46389 -0.85484
vn 0.2325 -0.46389 -0.85484
vn 0.2325 -0.46389 -0.85484
vn 0.1404 -0.98641 -0.08534
vn 0.1404 -0.98641 -0.08534
vn 0.1404 -0.98641 -0.08534
vn 0.36588 -0.90641 0.21109
vn 0.36588 -0.90641 0.21109
vn 0.36588 -0.90641 0.21109
vn 0.16335 -0.67646 -0.71814
vn 0.16334 -0.67646 -0.71814
vn 0.50527 -0.48453 -0.7141
vn 0.50527 -0.48453 -0.7141
vn 0.50527 -0.48453 -0.7141
vn 0.5174 -0.44658 -0.72998
vn 0.5174 -0.44658 -0.72998
vn 0.5174 -0.44658 -0.72998
vn 0.7591 -0.58983 -0.27544
vn 0.7591 -0.58983 -0.27544
vn 0.7591 -0.58983 -0.27544
vn -0.03932 -0.86769 -0.49554
vn -0.03932 -0.86769 -0.49554
vn -0.03932 -0.86769 -0.49554
vn -0.09536 -0.94199 -0.32181
vn -0.09536 -0.94199 -0.32181
vt 0.55696 0.56766
vt 0.45146 0.62564
vt 0.56944 0.64736
vt 0.33609 0.66662
vt 0.47956 0.7621
vt 0.59904 0.73742
vt 0.69387 0.60528
vt 0.69691 0.64552
vt 0.76663 0.53958
vt 0.62283 0.50039
vt 0.71628 0.41937
vt 0.61114 0.36156
vt 0.38275 0.50954
vt 0.47857 0.41446
vt 0.19731 0.48025
vt 0.20922 0.64167
vt 0.2363 0.40204
vt 0.12904 0.35172
vt 0.04715 0.46286
vt 0.0005 0.33212
vt 0.07714 0.24497
vt 0.59771 0.85503
vt 0.70581 0.75339
vt 0.65537 0.98036
vt 0.75007 0.95051
vt 0.83014 0.79974
vt 0.82171 0.67482
vt 0.89856 0.54071
vt 0.92572 0.76354
vt 0.96653 0.63636
vt 0.55153 0.0005
vt 0.41197 0.01552
vt 0.52229 0.13493
vt 0.61421 0.24904
vt 0.45423 0.34668
vt 0.46907 0.20581
vt 0.36307 0.28329
vt 0.54238 0.9995
vt 0.45398 0.92117
vt 0.31011 0.78275
vt 0.6618 0.11843
vt 0.75392 0.28943
vt 0.84353 0.4288
vt 0.30796 0.22485
vt 0.33767 0.11666
vt 0.14323 0.14656
vt 0.28237 0.01012
vt 0.24043 0.28925
usemtl mat1
f 377/376/817 378/377/818 379/378/817
f 378/377/819 380/379/819 381/380/820
f 378/377/821 381/380/822 379/378/823
f 379/378/824 381/380/825 382/381/826
f 377/376/827 379/378/828 383/382/829
f 379/378/830 382/381/831 384/383/831
f 379/378/832 384/383/833 383/382/834
f 383/382/835 384/383/836 385/384/836
f 377/376/837 383/382/837 386/385/838
f 383/382/839 385/384/839 387/386/839
f 383/382/840 387/386/840 386/385/841
f 386/385/842 387/386/843 388/387/844
f 377/376/845 386/385/846 389/388/847
f 386/385/848 388/387/849 390/389/849
f 386/385/850 390/389/851 389/388/852
f 377/376/853 389/388/854 378/377/855
f 378/377/856 389/388/857 380/379/858
f 380/379/859 391/390/860 392/391/860
f 391/390/861 393/392/862 394/393/863
f 391/390/864 394/393/864 395/394/865
f 396/395/866 394/393/867 397/396/867
f 382/381/868 398/397/868 399/398/869
f 398/397/870 400/399/871 401/400/872
f 398/397/873 401/400/874 399/398/874
f 399/398/875 401/400/876 402/401/877
f 385/384/878 403/402/879 404/403/878
f 403/402/880 402/401/881 405/404/882
f 403/402/883 405/404/884 406/405/885
f 407/406/886 408/407/887 409/408/887
f 388/387/888 410/409/889 411/410/888
f 410/409/890 409/408/891 412/411/891
f 410/409/892 412/411/892 411/410/893
f 411/410/894 412/411/895 413/412/894
f 411/410/896 413/412/897 389/388/898
f 389/388/899 413/412/899 393/392/899
f 400/399/900 398/397/901 414/413/902
f 398/397/903 382/381/904 381/380/905
f 398/397/906 381/380/906 415/414/907
f 416/415/908 381/380/909 380/379/908
f 402/401/910 403/402/911 399/398/912
f 403/402/913 385/384/914 384/383/915
f 403/402/916 384/383/917 399/398/918
f 399/398/919 384/383/920 382/381/921
f 409/408/922 410/409/923 417/416/924
f 410/409/925 388/387/925 387/386/926
f 410/409/927 387/386/928 418/417/929
f 419/418/930 387/386/930 385/384/931
f 411/410/932 389/388/932 390/389/933
f 411/410/934 390/389/934 388/387/934
f 393/392/935 391/390/935 389/388/935
f 391/390/936 380/379/937 389/388/936
f 420/419/938 421/420/939 422/421/939
f 421/420/940 423/422/941 422/421/940
f 421/420/942 408/407/943 423/422/944
f 420/419/945 424/423/946 413/412/947
f 424/423/948 393/392/949 413/412/950
f 420/419/951 422/421/952 424/423/952
f 422/421/953 397/396/954 394/393/955
f 422/421/956 394/393/957 424/423/958
f 424/423/959 394/393/960 393/392/961
f 409/408/962 408/407/963 421/420/964
f 409/408/962 421/420/964 412/411/963
f 412/411/965 420/419/965 413/412/966
f 412/411/965 421/420/966 420/419/965
# Vertices: 48, normals: 150, texture coordinates: 48, faces: 64

o obj7
v 0.75550996 -0.18409791 -0.01051614
v 0.80019446 -0.18507444 -0.03970489
v 0.77359641 -0.17291246 0.02027043
v 0.80019446 -0.18507444 -0.03970489
v 0.81577951 -0.16974794 -0.02481308
v 0.79236467 -0.15380579 0.01775899
v 0.80019446 -0.18507444 -0.03970489
v 0.77359641 -0.17291246 0.02027043
v 0.74738265 -0.15327117 0.0390326
v 0.72077539 -0.16015696 0.01783424
v 0.71350503 -0.16192438 -0.00965919
v 0.76174375 -0.17820785 -0.04398053
v 0.71535482 -0.14481487 -0.03415186
v 0.75020689 -0.15948928 -0.06616954
v 0.77769417 -0.16590222 -0.06987591
v 0.80019446 -0.18507444 -0.03970489
v 0.80019446 -0.18507444 -0.03970489
v 0.81069257 -0.13721302 -0.03863858
v 0.81074859 -0.13977217 -0.00216467
v 0.78948638 -0.11266467 -0.04841481
v 0.78562471 -0.10205194 -0.02123731
v 0.79042518 -0.11704923 0.01353408
v 0.74738265 -0.15327117 0.0390326
v 0.76158852 -0.1042211 0.02515205
v 0.72879322 -0.11621789 0.04127214
v 0.71824216 -0.13827197 0.03586806
v 0.69961112 -0.13583679 0.01309711
v 0.72879322 -0.11621789 0.04127214
v 0.71171151 -0.10475864 0.02908465
v 0.70465282 -0.10596838 -0.00650079
v 0.71730459 -0.1008246 -0.03063352
v 0.7424835 -0.13223355 -0.0658538
v 0.73463896 -0.10939138 -0.05987376
v 0.79246341 -0.13464866 -0.0635108
v 0.76509277 -0.10697706 -0.05650472
v 0.72879322 -0.11621789 0.04127214
v 0.80019446 -0.18507444 -0.03970489
v 0.80019446 -0.18507444 -0.03970489
v 0.80019446 -0.18507444 -0.03970489
v 0.74017134 -0.08529155 -0.00327978
v 0.7197242 -0.09266742 0.02526475
v 0.72879322 -0.11621789 0.04127214
v 0.72879322 -0.11621789 0.04127214
v 0.73547653 -0.09055995 -0.03424406
vn 0.1486 -0.25941 -0.95427
vn 0.33173 -0.48537 -0.80893
vn 0.33173 -0.48537 -0.80893
vn 0.33173 -0.48537 -0.80893
vn 0.67391 -0.42186 -0.60653
vn 0.67391 -0.42186 -0.60653
vn 0.67391 -0.42186 -0.60653
vn -0.28715 -0.47161 -0.83374
vn -0.28715 -0.47161 -0.83374
vn -0.17774 -0.49866 -0.84838
vn -0.17774 -0.49866 -0.84838
vn -0.17774 -0.49866 -0.84838
vn -0.45665 -0.17681 -0.8719
vn -0.45665 -0.17681 -0.8719
vn -0.45739 0.23611 -0.85735
vn -0.45739 0.23611 -0.85735
vn -0.45739 0.23611 -0.85735
vn -0.57371 0.49773 -0.65048
vn -0.57371 0.49773 -0.65048
vn -0.57371 0.49773 -0.65048
vn -0.59771 0.31218 -0.73844
vn -0.59771 0.31218 -0.73844
vn -0.59771 0.31218 -0.73844
vn -0.10267 0.47782 -0.87244
vn -0.10267 0.47782 -0.87244
vn -0.2596 0.54028 -0.80044
vn -0.2596 0.54028 -0.80044
vn -0.15086 0.19855 -0.96841
vn 0.98732 -0.0096 0.15845
vn 0.98732 -0.0096 0.15845
vn 0.98732 -0.0096 0.15845
vn 0.77544 0.13102 0.61768
vn 0.77544 0.13102 0.61768
vn 0.77544 0.13102 0.61768
vn 0.82256 -0.03855 0.56737
vn 0.82256 -0.03855 0.56737
vn 0.78618 -0.15003 0.59951
vn 0.78618 -0.15003 0.59951
vn 0.40694 -0.86763 -0.28569
vn 0.40694 -0.86763 -0.28569
vn 0.40694 -0.86763 -0.28569
vn 0.41826 -0.89962 0.12547
vn 0.41826 -0.89962 0.12547
vn 0.41826 -0.89962 0.12547
vn 0.42515 -0.89569 0.13034
vn 0.42515 -0.89569 0.13034
vn 0.39404 -0.90793 0.14281
vn 0.39404 -0.90793 0.14281
vn 0.39404 -0.90793 0.14281
vn -0.69413 -0.51404 -0.50393
vn -0.55247 -0.83132 0.06061
vn -0.55247 -0.83132 0.06061
vn -0.55247 -0.83132 0.06061
vn -0.77496 -0.63159 -0.02317
vn -0.77496 -0.63159 -0.02317
vn -0.94448 -0.17796 0.27619
vn -0.94448 -0.17796 0.27619
vn -0.94448 -0.17796 0.27619
vn -0.88967 0.45033 0.07545
vn -0.88967 0.45033 0.07545
vn -0.88967 0.45033 0.07545
vn -0.77339 0.62827 0.08453
vn -0.77339 0.62827 0.08453
vn -0.77339 0.62827 0.08453
vn -0.8685 0.463 -0.17705
vn -0.8685 0.463 -0.17705
vn -0.8685 0.463 -0.17705
vn 0.05452 0.98315 0.17447
vn 0.05452 0.98315 0.17447
vn 0.05452 0.98315 0.17447
vn 0.08369 0.95659 0.27917
vn 0.08369 0.95659 0.27917
vn 0.08369 0.95659 0.27917
vn 0.05912 0.95224 0.29957
vn 0.05912 0.95224 0.29957
vn 0.05912 0.95224 0.29957
vn 0.37551 0.73952 0.55866
vn 0.37551 0.73952 0.55866
vn 0.37551 0.73952 0.55866
vn 0.68668 -0.7172 0.11867
vn 0.68668 -0.7172 0.11867
vn 0.68668 -0.7172 0.11867
vn 0.79533 -0.54033 -0.27477
vn 0.79533 -0.54033 -0.27477
vn -0.18298 -0.97153 -0.15052
vn -0.18298 -0.97153 -0.15052
vn -0.18298 -0.97153 -0.15052
vn -0.38978 -0.68805 -0.61209
vn -0.38978 -0.68805 -0.61209
vn -0.95025 0.30863 -0.04211
vn -0.95025 0.30863 -0.04211
vn -0.95025 0.30863 -0.04211
vn -0.9279 0.25805 -0.26909
vn -0.9279 0.25805 -0.26909
vn -0.9279 0.25805 -0.26909
vn -0.75508 -0.23892 -0.61056
vn -0.75508 -0.23892 -0.61056
vn -0.14004 0.98974 -0.02822
vn -0.14004 0.98974 -0.02822
vn -0.14004 0.98974 -0.02822
vn -0.70659 0.68099 -0.19233
vn -0.70659 0.68099 -0.19233
vn -0.70659 0.68099 -0.19233
vn 0.744 0.49953 0.44377
vn 0.744 0.49953 0.44377
vn 0.744 0.49953 0.44377
vn 0.7568 0.63576 -0.15184
vn 0.7568 0.63576 -0.15184
vn 0.7883 0.59422 -0.15967
vn 0.71825 0.66523 -0.20394
vn 0.71825 0.66523 -0.20394
vn 0.24448 -0.40302 0.88193
vn 0.24448 -0.40302 0.88193
vn 0.24448 -0.40302 0.88193
vn 0.16699 -0.78434 0.59743
vn 0.16699 -0.78434 0.59743
vn -0.2915 -0.83958 0.45841
vn -0.2915 -0.83958 0.45841
vn -0.49875 0.50256 0.70617
vn -0.49875 0.50256 0.70617
vn -0.49875 0.50256 0.70617
vn 0.26804 0.20095 0.94222
vn 0.26804 0.20095 0.94222
vn 0.31147 0.30692 0.89932
vn 0.31147 0.30692 0.89932
vn 0.28521 0.29346 0.91243
vn 0.28521 0.29346 0.91243
vn 0.00162 0.59214 0.80583
vn 0.00162 0.59214 0.80583
vn 0.42274 -0.25964 0.86826
vn 0.42274 -0.25964 0.86826
vn 0.48397 -0.28938 0.82585
vn 0.48397 -0.28938 0.82585
vn 0.48397 -0.28938 0.82585
vn -0.44111 0.08513 0.8934
vn -0.44111 0.08513 0.8934
vn -0.50222 0.07977 0.86105
vn -0.50222 0.07977 0.86105
vn -0.50222 0.07977 0.86105
vn -0.52044 0.10776 0.84707
vn -0.52044 0.10776 0.84707
vn -0.52044 0.10776 0.84707
vn -0.80445 -0.13994 0.57731
vn -0.80445 -0.13994 0.57731
vt 0.8781 0.76019
vt 0.9995 0.8705
vt 0.99198 0.67039
vt 0.06082 0.64811
vt 0.16961 0.64456
vt 0.21013 0.48328
vt 0.0005 0.53936
vt 0.13959 0.39652
vt 0.94881 0.56304
vt 0.84492 0.61201
vt 0.78517 0.67156
vt 0.77172 0.85016
vt 0.71666 0.69216
vt 0.66337 0.81182
vt 0.60071 0.88167
vt 0.73463 0.99548
vt 0.88407 0.92962
vt 0.31475 0.69861
vt 0.26514 0.57101
vt 0.42483 0.67938
vt 0.40645 0.59088
vt 0.3422 0.50335
vt 0.22302 0.3254
vt 0.41689 0.42957
vt 0.36628 0.30225
vt 0.83861 0.50021
vt 0.76755 0.55991
vt 0.77607 0.39793
vt 0.68536 0.42904
vt 0.65265 0.54543
vt 0.6004 0.59547
vt 0.61163 0.74583
vt 0.59023 0.68657
vt 0.44147 0.78094
vt 0.49858 0.68168
vt 0.91166 0.41847
vt 0.10952 0.73592
vt 0.2546 0.89863
vt 0.4967 0.9995
vt 0.52389 0.50903
vt 0.58858 0.42264
vt 0.52027 0.32586
vt 0.67233 0.34048
vt 0.5517 0.59754
usemtl mat1
f 425/424/967 426/425/967 427/426/967
f 428/427/968 429/428/969 430/429/970
f 431/430/971 430/429/972 432/431/973
f 427/426/974 433/432/975 425/424/974
f 425/424/976 433/432/977 434/433/978
f 425/424/979 434/433/980 435/434/980
f 425/424/981 435/434/982 436/435/983
f 436/435/984 435/434/985 437/436/986
f 436/435/987 437/436/988 438/437/989
f 439/438/990 440/439/991 436/435/990
f 436/435/992 438/437/993 439/438/993
f 425/424/994 436/435/994 441/440/994
f 429/428/995 442/441/996 443/442/997
f 442/441/998 444/443/999 445/444/1000
f 442/441/1001 445/444/1001 443/442/1002
f 443/442/1003 445/444/1004 446/445/1003
f 432/431/1005 430/429/1006 447/446/1007
f 430/429/1008 446/445/1009 448/447/1010
f 430/429/1011 448/447/1011 447/446/1012
f 447/446/1013 448/447/1014 449/448/1015
f 434/433/1016 450/449/1016 451/450/1016
f 450/449/1017 452/451/1018 453/452/1019
f 450/449/1020 453/452/1021 451/450/1020
f 451/450/1022 453/452/1023 454/453/1024
f 437/436/1025 454/453/1026 455/454/1027
f 437/436/1028 455/454/1029 456/455/1030
f 456/455/1031 455/454/1032 457/456/1033
f 439/438/1034 456/455/1035 458/457/1036
f 456/455/1037 457/456/1038 459/458/1039
f 456/455/1040 459/458/1041 458/457/1042
f 458/457/1043 459/458/1044 444/443/1045
f 446/445/1046 430/429/1047 443/442/1048
f 443/442/1049 430/429/1049 429/428/1050
f 460/459/1051 450/449/1052 433/432/1053
f 450/449/1054 434/433/1055 433/432/1054
f 454/453/1056 437/436/1057 451/450/1058
f 437/436/1059 435/434/1060 451/450/1061
f 451/450/1062 435/434/1062 434/433/1063
f 456/455/1064 439/438/1065 438/437/1066
f 456/455/1067 438/437/1068 437/436/1069
f 444/443/1070 442/441/1071 458/457/1072
f 442/441/1073 429/428/1074 461/460/1074
f 442/441/1075 462/461/1075 458/457/1075
f 458/457/1076 463/462/1076 439/438/1077
f 464/463/1078 465/464/1079 448/447/1080
f 465/464/1081 466/465/1082 448/447/1081
f 465/464/1083 453/452/1084 467/466/1083
f 468/467/1085 457/456/1086 455/454/1087
f 464/463/1088 445/444/1088 468/467/1089
f 445/444/1090 444/443/1090 459/458/1091
f 445/444/1092 459/458/1092 468/467/1093
f 468/467/1094 459/458/1095 457/456/1094
f 464/463/1096 448/447/1096 445/444/1097
f 448/447/1098 446/445/1099 445/444/1100
f 465/464/1101 464/463/1102 468/467/1101
f 468/467/1103 455/454/1104 454/453/1105
f 465/464/1106 468/467/1107 454/453/1108
f 453/452/1109 465/464/1109 454/453/1110
# Vertices: 44, normals: 144, texture coordinates: 44, faces: 58

o obj8
v 0.08621145 -0.17263776 -0.09889529
v 0.07996577 -0.14358427 -0.12061462
v 0.11358447 -0.1578784 -0.09750655
v 0.12057937 -0.11014196 -0.08164775
v 0.12847533 -0.1361651 -0.0872391
v 0.08884109 -0.18865957 -0.06133893
v 0.13849468 -0.16306983 -0.06164577
v 0.08884109 -0.18865957 -0.06133893
v 0.08884109 -0.18865957 -0.06133893
v 0.11753539 -0.18228041 -0.03948397
v 0.08884109 -0.18865957 -0.06133893
v 0.06148896 -0.16115567 -0.10562946
v 0.08884109 -0.18865957 -0.06133893
v 0.06285071 -0.18634211 -0.04733385
v 0.05418221 -0.16823739 -0.07494062
v 0.08884109 -0.18865957 -0.06133893
v 0.05418221 -0.16823739 -0.07494062
v 0.06561772 -0.1245417 -0.11995004
v 0.0522131 -0.12153389 -0.10097395
v 0.06977991 -0.0951848 -0.1017047
v 0.1171827 -0.09217636 -0.06629466
v 0.0878449 -0.07994503 -0.06744086
v 0.14783576 -0.13035774 -0.05533345
v 0.1216643 -0.0995196 -0.05495044
v 0.12534978 -0.13509535 -0.01836306
v 0.13396714 -0.15776139 -0.0286088
v 0.11174205 -0.17576958 -0.01398923
v 0.08911396 -0.15801324 -0.00451662
v 0.07959593 -0.17813496 -0.018628
v 0.0496834 -0.16312178 -0.04168724
v 0.06797936 -0.14695956 -0.01534582
v 0.04763338 -0.12205938 -0.03768858
v 0.04354795 -0.12143235 -0.06965652
v 0.08884109 -0.18865957 -0.06133893
v 0.08884109 -0.18865957 -0.06133893
v 0.08884109 -0.18865957 -0.06133893
v 0.04354795 -0.12143235 -0.06965652
v 0.08624644 -0.0960908 -0.0306984
v 0.10526887 -0.10809382 -0.02467624
v 0.0878449 -0.07994503 -0.06744086
v 0.0878449 -0.07994503 -0.06744086
v 0.0878449 -0.07994503 -0.06744086
v 0.0878449 -0.07994503 -0.06744086
v 0.0878449 -0.07994503 -0.06744086
v 0.0878449 -0.07994503 -0.06744086
v 0.10526886 -0.10809383 -0.02467624
vn 0.32139 0.79028 -0.5217
vn 0.32139 0.79028 -0.5217
vn 0.60616 0.77711 0.16935
vn 0.60616 0.77711 0.16935
vn 0.60616 0.77711 0.16935
vn 0.24274 0.9307 0.27362
vn 0.24274 0.9307 0.27362
vn 0.24274 0.9307 0.27362
vn 0.45444 0.37627 -0.80741
vn 0.45444 0.37627 -0.80741
vn 0.77522 0.57603 -0.25926
vn 0.77522 0.57603 -0.25926
vn 0.77522 0.57603 -0.25926
vn 0.41646 0.40698 -0.81297
vn 0.41646 0.40698 -0.81297
vn 0.43221 0.32155 -0.8425
vn 0.43221 0.32155 -0.8425
vn 0.43221 0.32155 -0.8425
vn -0.31288 0.35407 -0.88133
vn -0.31288 0.35407 -0.88133
vn -0.31635 0.44878 -0.83578
vn -0.31635 0.44878 -0.83578
vn -0.39648 0.29501 -0.86935
vn -0.39648 0.29501 -0.86935
vn -0.39648 0.29501 -0.86935
vn -0.90525 0.39112 -0.16597
vn -0.90525 0.39112 -0.16597
vn -0.90525 0.39112 -0.16597
vn -0.90525 0.39112 -0.16597
vn -0.06585 0.79236 -0.60649
vn -0.06585 0.79236 -0.60649
vn -0.42257 0.85922 -0.28841
vn -0.42257 0.85922 -0.28841
vn -0.42257 0.85922 -0.28841
vn 0.46155 0.80358 0.37581
vn 0.46155 0.80358 0.37581
vn 0.43852 0.64059 0.63035
vn 0.43852 0.64059 0.63035
vn 0.34447 0.52713 0.77684
vn 0.34447 0.52713 0.77684
vn 0.77186 0.53179 0.34846
vn 0.93421 0.16401 0.31678
vn 0.93421 0.16401 0.31678
vn 0.93421 0.16401 0.31678
vn 0.73072 0.27781 0.62359
vn 0.67151 -0.48069 0.56392
vn 0.67151 -0.48069 0.56392
vn 0.67151 -0.48069 0.56392
vn 0.71469 -0.32109 -0.62138
vn 0.71469 -0.32109 -0.62138
vn 0.61194 -0.78164 -0.12067
vn 0.61194 -0.78164 -0.12067
vn 0.37001 -0.92872 -0.02392
vn 0.37001 -0.92872 -0.02392
vn 0.37001 -0.92872 -0.02392
vn -0.6708 -0.53742 -0.51107
vn -0.55169 -0.78275 -0.28798
vn -0.55169 -0.78275 -0.28798
vn -0.67402 -0.66523 -0.32119
vn -0.67402 -0.66523 -0.32119
vn -0.78798 -0.60776 -0.09852
vn -0.78798 -0.60776 -0.09852
vn -0.78798 -0.60776 -0.09852
vn -0.81326 0.22676 0.53591
vn -0.81326 0.22676 0.53591
vn -0.81326 0.22676 0.53591
vn 0.84652 -0.52566 0.08422
vn 0.84652 -0.52566 0.08422
vn 0.84652 -0.52566 0.08422
vn 0.76949 -0.20277 -0.60562
vn 0.76949 -0.20277 -0.60562
vn 0.93687 -0.17686 -0.30166
vn 0.93687 -0.17686 -0.30166
vn 0.85714 0.49287 -0.14965
vn 0.85714 0.49287 -0.14965
vn -0.08005 -0.83351 -0.54667
vn -0.08005 -0.83351 -0.54667
vn -0.08005 -0.83351 -0.54667
vn 0.04777 -0.24872 -0.9674
vn 0.04777 -0.24872 -0.9674
vn 0.04777 -0.24872 -0.9674
vn 0.03571 -0.24639 -0.96851
vn 0.03571 -0.24639 -0.96851
vn 0.02293 -0.25226 -0.96739
vn 0.02293 -0.25226 -0.96739
vn 0.02293 -0.25226 -0.96739
vn -0.9902 -0.12534 -0.06164
vn -0.9902 -0.12534 -0.06164
vn -0.94718 0.26147 -0.18568
vn -0.94718 0.26147 -0.18568
vn -0.94718 0.26147 -0.18568
vn -0.97269 0.09932 -0.20979
vn -0.97269 0.09932 -0.20979
vn -0.87356 0.04361 -0.48476
vn -0.87356 0.04361 -0.48476
vn 0.43818 0.78999 0.42885
vn 0.43818 0.78999 0.42885
vn 0.43818 0.78999 0.42885
vn -0.69525 0.56212 0.44793
vn -0.69525 0.56212 0.44793
vn 0.40328 -0.38279 0.83117
vn 0.40328 -0.38279 0.83117
vn 0.40328 -0.38279 0.83117
vn 0.63024 -0.50768 0.58741
vn 0.63024 -0.50768 0.58741
vn 0.33357 -0.41972 0.84414
vn 0.33357 -0.41972 0.84414
vn 0.33635 -0.4145 0.84561
vn 0.33635 -0.4145 0.84561
vn -0.56857 -0.31009 0.76195
vn -0.56857 -0.31009 0.76195
vn -0.56857 -0.31009 0.76195
vn -0.6841 -0.03667 0.72847
vn -0.6841 -0.03667 0.72847
vn -0.6841 -0.03667 0.72847
vn -0.68275 -0.10145 0.72357
vn -0.68275 -0.10145 0.72357
vn -0.68275 -0.10145 0.72357
vn -0.24219 -0.96503 0.10035
vn -0.24219 -0.96503 0.10035
vn -0.24219 -0.96503 0.10035
vn 0.14859 -0.93271 0.32858
vn 0.14859 -0.93271 0.32858
vn -0.30298 -0.81899 0.4873
vn -0.30298 -0.81899 0.4873
vn -0.30298 -0.81899 0.4873
vn -0.30298 -0.81899 0.4873
vn -0.22559 -0.87581 0.42669
vn -0.22559 -0.87581 0.42669
vn -0.22559 -0.87581 0.42669
vt 0.85391 0.28329
vt 0.76326 0.241
vt 0.76223 0.3729
vt 0.56714 0.35396
vt 0.66759 0.39264
vt 0.94912 0.36558
vt 0.68814 0.5063
vt 0.9032 0.49681
vt 0.76343 0.70884
vt 0.65231 0.64637
vt 0.97894 0.2743
vt 0.83855 0.17413
vt 0.41239 0.9995
vt 0.38531 0.88033
vt 0.29049 0.9211
vt 0.99138 0.09781
vt 0.85177 0.05852
vt 0.71613 0.18491
vt 0.69731 0.10965
vt 0.58937 0.15932
vt 0.47519 0.33625
vt 0.44984 0.21491
vt 0.58624 0.4561
vt 0.46315 0.38748
vt 0.4766 0.53955
vt 0.57405 0.56863
vt 0.54039 0.6788
vt 0.42094 0.68259
vt 0.443 0.77225
vt 0.31854 0.8063
vt 0.3451 0.69532
vt 0.23073 0.68577
vt 0.67558 0.0005
vt 0.49406 0.93604
vt 0.59252 0.85771
vt 0.70722 0.76226
vt 0.17404 0.78144
vt 0.29433 0.51943
vt 0.37511 0.49732
vt 0.25476 0.40014
vt 0.3263 0.34811
vt 0.35983 0.29388
vt 0.18754 0.45405
vt 0.46415 0.08249
vt 0.0005 0.63727
vt 0.37511 0.49732
usemtl mat1
f 469/468/1111 470/469/1112 471/470/1111
f 470/469/1113 472/471/1114 471/470/1115
f 471/470/1116 472/471/1117 473/472/1118
f 469/468/1119 471/470/1119 474/473/1120
f 471/470/1121 473/472/1122 475/474/1123
f 471/470/1124 475/474/1125 476/475/1125
f 477/476/1126 475/474/1127 478/477/1128
f 469/468/1129 479/478/1130 480/479/1129
f 481/480/1131 482/481/1132 483/482/1131
f 484/483/1133 485/484/1134 480/479/1135
f 486/485/1136 480/479/1137 487/486/1138
f 480/479/1137 485/484/1139 487/486/1138
f 469/468/1140 480/479/1141 470/469/1141
f 480/479/1142 486/485/1143 470/469/1144
f 470/469/1145 486/485/1146 472/471/1146
f 472/471/1147 488/487/1148 489/488/1148
f 488/487/1149 490/489/1149 489/488/1150
f 473/472/1151 472/471/1151 491/490/1151
f 472/471/1152 489/488/1153 492/491/1154
f 472/471/1155 492/491/1155 491/490/1155
f 491/490/1156 492/491/1157 493/492/1158
f 478/477/1159 494/493/1159 495/494/1160
f 494/493/1161 493/492/1162 495/494/1162
f 495/494/1163 493/492/1164 496/495/1165
f 482/481/1166 497/496/1166 498/497/1166
f 497/496/1167 496/495/1168 499/498/1167
f 497/496/1169 499/498/1169 498/497/1170
f 498/497/1171 499/498/1172 500/499/1173
f 487/486/1174 501/500/1175 488/487/1176
f 493/492/1177 494/493/1178 491/490/1179
f 494/493/1180 478/477/1181 475/474/1180
f 494/493/1182 475/474/1183 491/490/1182
f 491/490/1184 475/474/1184 473/472/1185
f 496/495/1186 497/496/1187 495/494/1188
f 497/496/1189 482/481/1190 502/501/1191
f 497/496/1192 503/502/1193 495/494/1192
f 495/494/1194 504/503/1195 478/477/1196
f 500/499/1197 505/504/1198 498/497/1198
f 501/500/1199 487/486/1200 485/484/1201
f 505/504/1202 483/482/1203 498/497/1202
f 498/497/1204 483/482/1204 482/481/1205
f 488/487/1206 472/471/1207 486/485/1208
f 488/487/1209 486/485/1209 487/486/1210
f 506/505/1211 507/506/1212 508/507/1213
f 507/506/1214 493/492/1215 492/491/1214
f 507/506/1216 492/491/1217 509/508/1216
f 510/509/1218 492/491/1219 489/488/1219
f 506/505/1220 511/510/1221 500/499/1222
f 512/511/1223 488/487/1224 501/500/1225
f 513/512/1226 505/504/1227 500/499/1228
f 507/506/1229 506/505/1230 500/499/1231
f 514/513/1232 496/495/1233 493/492/1232
f 493/492/1232 507/506/1232 514/513/1232
f 507/506/1234 500/499/1235 514/513/1236
f 500/499/1235 499/498/1237 514/513/1236
f 499/498/1238 496/495/1239 514/513/1240
# Vertices: 46, normals: 130, texture coordinates: 46, faces: 56

o obj9
v 0.56228692 -0.18133615 0.00788042
v 0.64855057 -0.1495687 0.05402653
v 0.58748383 -0.1406281 0.07792677
v 0.64855057 -0.1495687 0.05402653
v 0.70145812 -0.15917508 0.01526049
v 0.6134242 -0.1056794 0.08022259
v 0.6134242 -0.1056794 0.08022259
v 0.5640223 -0.10608245 0.09949055
v 0.50147525 -0.08017693 0.0843858
v 0.50770796 -0.12327921 0.02780646
v 0.49416766 -0.11709211 -0.04400578
v 0.5661043 -0.18595908 -0.06626173
v 0.49854932 -0.10959712 -0.11527626
v 0.64994593 -0.18512509 -0.06077008
v 0.60824891 -0.17475193 -0.13667726
v 0.67338246 -0.17654597 -0.11968931
v 0.70626523 -0.18395342 -0.06520865
v 0.70626523 -0.18395342 -0.06520865
v 0.70626523 -0.18395342 -0.06520865
v 0.70719344 -0.11477295 -0.03795936
v 0.67172226 -0.09273142 0.04324549
v 0.67644352 -0.06341348 -0.09757097
v 0.64355688 -0.01824321 -0.05024419
v 0.61790808 -0.0262142 0.04116054
v 0.52248885 0.00857445 0.06416523
v 0.52248885 0.00857445 0.06416523
v 0.46589715 0.00787529 0.04372783
v 0.4482181 -0.0722734 0.03939411
v 0.43266245 -0.08080964 -0.02914909
v 0.43175778 -0.00940948 -0.0095739
v 0.44634707 -0.01184689 -0.09388004
v 0.49601579 -0.02098619 -0.1385055
v 0.5531406 -0.10363369 -0.16930005
v 0.57642866 -0.05493411 -0.17570237
v 0.6377836 -0.12050264 -0.15863994
v 0.69450259 -0.12469282 -0.11079202
v 0.63535685 -0.05244337 -0.14205458
v 0.70626523 -0.18395342 -0.06520865
v 0.70626523 -0.18395342 -0.06520865
v 0.70626523 -0.18395342 -0.06520865
v 0.53577315 0.04116363 -0.06611912
v 0.48962709 0.04369963 -0.00499687
v 0.57664872 0.0245519 -0.00436391
v 0.48962709 0.04369963 -0.00499687
v 0.48962709 0.04369963 -0.00499687
v 0.48962709 0.04369963 -0.00499687
v 0.55556145 0.00662075 -0.13367007
v 0.48962709 0.04369963 -0.00499687
vn 0.06198 -0.48474 -0.87246
vn 0.06198 -0.48474 -0.87246
vn 0.58984 -0.80746 -0.00987
vn 0.58984 -0.80746 -0.00987
vn 0.31152 -0.90469 -0.29066
vn 0.34703 -0.88316 -0.3156
vn 0.34703 -0.88316 -0.3156
vn 0.34703 -0.88316 -0.3156
vn -0.42444 -0.61007 -0.66907
vn -0.42444 -0.61007 -0.66907
vn -0.42444 -0.61007 -0.66907
vn -0.44598 -0.56422 -0.69481
vn -0.44598 -0.56422 -0.69481
vn -0.44598 -0.56422 -0.69481
vn -0.56202 -0.46116 -0.68663
vn -0.71367 -0.07455 -0.6965
vn -0.71367 -0.07455 -0.6965
vn -0.71367 -0.07455 -0.6965
vn -0.68994 -0.00961 -0.7238
vn -0.68994 -0.00961 -0.7238
vn -0.70542 0.11689 -0.69909
vn -0.70542 0.11689 -0.69909
vn 0.00583 -0.06253 -0.99803
vn 0.00583 -0.06253 -0.99803
vn -0.52163 0.42953 -0.73717
vn -0.52163 0.42953 -0.73717
vn 0.01939 0.14582 -0.98912
vn 0.01939 0.14582 -0.98912
vn 0.01939 0.14582 -0.98912
vn 0.00953 0.14037 -0.99005
vn 0.00953 0.14037 -0.99005
vn 0.00953 0.14037 -0.99005
vn 0.00936 0.14044 -0.99005
vn 0.00936 0.14044 -0.99005
vn 0.18867 -0.29264 -0.93742
vn 0.18867 -0.29264 -0.93742
vn 0.04318 -0.29607 -0.95419
vn 0.04318 -0.29607 -0.95419
vn 0.04318 -0.29607 -0.95419
vn 0.04395 -0.2964 -0.95405
vn 0.04395 -0.2964 -0.95405
vn 0.9071 -0.32296 0.26993
vn 0.9071 -0.32296 0.26993
vn 0.83105 -0.04867 0.55406
vn 0.83105 -0.04867 0.55406
vn 0.83105 -0.04867 0.55406
vn 0.80594 -0.20089 0.55687
vn 0.80594 -0.20089 0.55687
vn 0.74608 -0.26271 0.61184
vn 0.74608 -0.26271 0.61184
vn 0.74608 -0.26271 0.61184
vn 0.20555 -0.54403 0.8135
vn 0.20555 -0.54403 0.8135
vn 0.20555 -0.54403 0.8135
vn 0.34945 -0.84851 0.39738
vn 0.34945 -0.84851 0.39738
vn 0.34945 -0.84851 0.39738
vn 0.08248 -0.97574 0.20278
vn 0.08248 -0.97574 0.20278
vn -0.32886 -0.90094 0.28313
vn -0.32886 -0.90094 0.28313
vn -0.60661 -0.23235 -0.76029
vn -0.60661 -0.23235 -0.76029
vn -0.60661 -0.23235 -0.76029
vn -0.85398 -0.49456 0.16163
vn -0.85398 -0.49456 0.16163
vn -0.97037 -0.22959 -0.07524
vn -0.97037 -0.22959 -0.07524
vn -0.97037 -0.22959 -0.07524
vn -0.9846 0.17138 0.03451
vn -0.9846 0.17138 0.03451
vn -0.9846 0.17138 0.03451
vn -0.67474 0.70898 -0.20515
vn -0.67474 0.70898 -0.20515
vn -0.67474 0.70898 -0.20515
vn -0.67713 0.70683 -0.20466
vn -0.67713 0.70683 -0.20466
vn -0.67713 0.70683 -0.20466
vn -0.39492 0.91617 0.0684
vn -0.39492 0.91617 0.0684
vn 0.63404 0.76274 -0.12737
vn 0.63404 0.76274 -0.12737
vn 0.47607 0.85035 0.2242
vn 0.47607 0.85035 0.2242
vn 0.64006 0.74092 0.20338
vn 0.64006 0.74092 0.20338
vn 0.73073 0.59041 0.34273
vn 0.73073 0.59041 0.34273
vn 0.43479 -0.81764 0.37739
vn 0.43479 -0.81764 0.37739
vn 0.54904 -0.82935 -0.10359
vn 0.54904 -0.82935 -0.10359
vn 0.54904 -0.82935 -0.10359
vn -0.63366 -0.76734 0.09828
vn -0.63366 -0.76734 0.09828
vn -0.51361 -0.48344 -0.70887
vn -0.51361 -0.48344 -0.70887
vn -0.51361 -0.48344 -0.70887
vn -0.80145 0.50715 -0.31699
vn -0.52586 0.12087 -0.84194
vn -0.52586 0.12087 -0.84194
vn -0.52586 0.12087 -0.84194
vn -0.50427 -0.0207 -0.8633
vn 0.08934 0.98109 -0.1717
vn 0.08934 0.98109 -0.1717
vn 0.08934 0.98109 -0.1717
vn 0.21164 0.86042 -0.46356
vn 0.21164 0.86042 -0.46356
vn 0.21164 0.86042 -0.46356
vn 0.03752 0.919 -0.39248
vn 0.03752 0.919 -0.39248
vn 0.03752 0.919 -0.39248
vn -0.49786 0.57478 -0.64944
vn -0.49786 0.57478 -0.64944
vn -0.49786 0.57478 -0.64944
vn 0.92609 0.20455 0.31705
vn 0.92609 0.20455 0.31705
vn 0.92609 0.20455 0.31705
vn 0.99649 -0.07243 -0.0419
vn 0.99649 -0.07243 -0.0419
vn 0.98219 0.17895 0.05731
vn 0.98219 0.17895 0.05731
vn 0.98219 0.17895 0.05731
vn 0.81575 0.52528 -0.24213
vn 0.81575 0.52528 -0.24213
vn 0.81575 0.52528 -0.24213
vn 0.2125 -0.1202 0.96974
vn 0.2125 -0.1202 0.96974
vn -0.1969 -0.51671 0.83321
vn -0.1969 -0.51671 0.83321
vn -0.1969 -0.51671 0.83321
vn 0.19728 -0.36779 0.90874
vn 0.19728 -0.36779 0.90874
vn 0.40048 -0.49612 0.77038
vn 0.40048 -0.49612 0.77038
vn -0.6712 -0.19827 0.71427
vn -0.6712 -0.19827 0.71427
vn -0.6712 -0.19827 0.71427
vn -0.1708 0.8397 0.51548
vn -0.1708 0.8397 0.51548
vn 0.4948 0.27636 0.82389
vn 0.4948 0.27636 0.82389
vn 0.4948 0.27636 0.82389
vn 0.56204 0.33234 0.7574
vn 0.53725 0.33614 0.77354
vn 0.37492 0.70148 0.6061
vn 0.37492 0.70148 0.6061
vn 0.49101 0.09198 0.86628
vn 0.49101 0.09198 0.86628
vn 0.49101 0.09198 0.86628
vn 0.63517 -0.24219 0.73341
vn 0.63517 -0.24219 0.73341
vn 0.63517 -0.24219 0.73341
vn -0.62015 0.4935 0.60982
vn -0.62015 0.4935 0.60981
vn -0.32358 0.5218 0.78932
vn -0.29266 0.40021 0.86844
vn -0.29266 0.40021 0.86844
vn -0.66399 0.13616 0.73524
vn -0.66399 0.13616 0.73524
vn -0.66399 0.13616 0.73524
vt 0.52618 0.8024
vt 0.53086 0.99288
vt 0.61631 0.91913
vt 0.15329 0.07932
vt 0.13905 0.18242
vt 0.23119 0.02918
vt 0.68191 0.9995
vt 0.68008 0.91519
vt 0.72899 0.82608
vt 0.63311 0.78376
vt 0.59297 0.68448
vt 0.46969 0.7385
vt 0.53704 0.62212
vt 0.34885 0.81641
vt 0.37911 0.66253
vt 0.26773 0.62905
vt 0.2171 0.77475
vt 0.31247 0.92247
vt 0.0005 0.22445
vt 0.21685 0.29506
vt 0.24928 0.14885
vt 0.32794 0.35733
vt 0.3925 0.26189
vt 0.36613 0.12875
vt 0.45522 0.01775
vt 0.90052 0.86406
vt 0.87661 0.72456
vt 0.71863 0.71375
vt 0.6692 0.64865
vt 0.7868 0.57198
vt 0.65456 0.51305
vt 0.57081 0.48981
vt 0.46298 0.57494
vt 0.4561 0.48716
vt 0.34503 0.53639
vt 0.24651 0.45453
vt 0.38908 0.41691
vt 0.06685 0.31032
vt 0.11519 0.41359
vt 0.15737 0.56919
vt 0.58617 0.2881
vt 0.63391 0.17133
vt 0.48519 0.17669
vt 0.9995 0.75933
vt 0.58465 0.07032
vt 0.97102 0.63604
vt 0.52197 0.39003
vt 0.739 0.33166
usemtl mat1
f 515/514/1241 516/515/1241 517/516/1242
f 518/517/1243 519/518/1244 520/519/1244
f 516/515/1245 521/520/1245 517/516/1245
f 517/516/1246 521/520/1247 522/521/1248
f 517/516/1249 522/521/1250 523/522/1251
f 517/516/1252 523/522/1253 515/514/1254
f 515/514/1255 523/522/1255 524/523/1255
f 515/514/1256 524/523/1257 525/524/1258
f 515/514/1259 525/524/1260 526/525/1259
f 526/525/1261 525/524/1261 527/526/1262
f 515/514/1263 526/525/1263 528/527/1264
f 526/525/1265 527/526/1266 529/528/1265
f 526/525/1267 529/528/1268 528/527/1269
f 530/529/1270 531/530/1271 528/527/1272
f 528/527/1273 529/528/1273 530/529/1274
f 515/514/1275 528/527/1276 516/515/1275
f 528/527/1277 532/531/1278 516/515/1279
f 518/517/1280 533/532/1280 519/518/1281
f 519/518/1282 534/533/1283 535/534/1282
f 534/533/1284 536/535/1285 537/536/1286
f 534/533/1287 537/536/1287 535/534/1288
f 535/534/1289 537/536/1290 538/537/1291
f 522/521/1292 521/520/1293 523/522/1294
f 520/519/1295 538/537/1296 539/538/1297
f 521/520/1298 540/539/1299 523/522/1298
f 523/522/1300 540/539/1301 541/540/1301
f 524/523/1302 542/541/1303 543/542/1304
f 542/541/1305 541/540/1306 544/543/1306
f 542/541/1307 544/543/1308 543/542/1309
f 543/542/1310 544/543/1311 545/544/1312
f 527/526/1313 545/544/1314 546/545/1315
f 527/526/1316 546/545/1317 547/546/1318
f 547/546/1319 546/545/1320 548/547/1320
f 530/529/1321 549/548/1322 550/549/1321
f 549/548/1323 548/547/1323 551/550/1324
f 549/548/1325 551/550/1325 550/549/1326
f 550/549/1327 551/550/1327 536/535/1328
f 538/537/1329 520/519/1330 535/534/1329
f 535/534/1331 520/519/1332 519/518/1333
f 541/540/1334 542/541/1335 523/522/1335
f 542/541/1336 524/523/1337 523/522/1338
f 545/544/1339 527/526/1339 543/542/1339
f 527/526/1340 525/524/1341 543/542/1342
f 543/542/1343 525/524/1343 524/523/1343
f 548/547/1344 549/548/1345 547/546/1346
f 549/548/1347 530/529/1348 529/528/1349
f 549/548/1350 529/528/1351 547/546/1352
f 547/546/1353 529/528/1354 527/526/1355
f 536/535/1356 534/533/1357 550/549/1358
f 534/533/1359 519/518/1360 552/551/1360
f 534/533/1361 553/552/1362 550/549/1363
f 550/549/1364 554/553/1365 530/529/1366
f 555/554/1367 556/555/1368 557/556/1368
f 558/557/1369 541/540/1370 540/539/1371
f 559/558/1372 539/538/1372 557/556/1373
f 557/556/1374 539/538/1374 538/537/1375
f 560/559/1376 544/543/1377 541/540/1378
f 561/560/1379 548/547/1380 546/545/1380
f 555/554/1381 537/536/1382 561/560/1383
f 537/536/1384 536/535/1384 551/550/1384
f 537/536/1385 551/550/1385 561/560/1385
f 561/560/1386 551/550/1387 548/547/1386
f 555/554/1388 557/556/1389 537/536/1390
f 557/556/1391 538/537/1392 537/536/1393
f 562/561/1394 555/554/1394 561/560/1395
f 561/560/1396 546/545/1396 545/544/1396
f 562/561/1397 561/560/1398 545/544/1397
f 544/543/1399 562/561/1400 545/544/1401
# Vertices: 48, normals: 161, texture coordinates: 48, faces: 68

o obj10
v 0.39181737 -0.18471621 -0.09962031
v 0.32006601 -0.1850826 -0.11290459
v 0.43741068 -0.16462033 -0.1426524
v 0.28169754 -0.15350657 -0.12382978
v 0.32697569 -0.15577029 -0.1454292
v 0.46490066 -0.18365967 -0.09769254
v 0.51746766 -0.17074022 -0.08705758
v 0.46434635 -0.18130935 -0.03917652
v 0.34508323 -0.18427431 -0.06255501
v 0.46434635 -0.18130935 -0.03917652
v 0.45744484 -0.18409252 0.00388624
v 0.37307358 -0.18468023 0.01215551
v 0.34508323 -0.18427431 -0.06255501
v 0.29471897 -0.16941679 -0.02539493
v 0.29310201 -0.16993537 -0.08016621
v 0.29310201 -0.16993537 -0.08016621
v 0.26666654 -0.13186757 -0.09619543
v 0.31619654 -0.12263364 -0.14613858
v 0.26666654 -0.13186757 -0.09619543
v 0.28122537 -0.11592414 -0.04617846
v 0.28639018 -0.10493115 -0.07915957
v 0.26666654 -0.13186757 -0.09619543
v 0.34345938 -0.10043519 -0.13725231
v 0.37713761 -0.12119553 -0.1732528
v 0.461856 -0.12747337 -0.15961037
v 0.41617634 -0.10037401 -0.12955054
v 0.49225714 -0.11091345 -0.11604727
v 0.52551613 -0.13961362 -0.11202591
v 0.53773369 -0.1535537 -0.04450074
v 0.52681153 -0.11754319 -0.0666161
v 0.53773369 -0.1535537 -0.04450074
v 0.53773369 -0.1535537 -0.04450074
v 0.51430194 -0.13437492 -0.0027146
v 0.50226103 -0.16278761 0.00944922
v 0.41041502 -0.14460172 0.02962755
v 0.46740137 -0.13224804 0.01991643
v 0.34486077 -0.14798886 0.01421717
v 0.31965752 -0.12412113 0.01031436
v 0.53773369 -0.1535537 -0.04450074
v 0.53773369 -0.1535537 -0.04450074
v 0.26666654 -0.13186757 -0.09619543
v 0.26666654 -0.13186757 -0.09619543
v 0.26666654 -0.13186757 -0.09619543
v 0.37219407 -0.09322782 -0.03708929
v 0.46516186 -0.09154297 -0.08749681
v 0.37584067 -0.08600215 -0.09645816
v 0.40563151 -0.10623374 -0.00100966
vn 0.07124 0.3591 -0.93058
vn 0.07124 0.3591 -0.93058
vn -0.35101 0.66692 -0.65727
vn -0.35101 0.66692 -0.65727
vn -0.04218 0.67381 -0.7377
vn -0.04218 0.67381 -0.7377
vn -0.04218 0.67381 -0.7377
vn 0.02384 0.40216 -0.91526
vn 0.02384 0.40216 -0.91526
vn 0.02384 0.40216 -0.91526
vn 0.3017 0.52225 -0.79764
vn 0.3017 0.52225 -0.79764
vn 0.01338 -0.04026 -0.9991
vn 0.01338 -0.04026 -0.9991
vn 0.01338 -0.04026 -0.9991
vn 0.23059 -0.04123 -0.97218
vn 0.23059 -0.04123 -0.97218
vn 0.01805 -0.03467 -0.99924
vn 0.01805 -0.03467 -0.99924
vn 0.00064 0.06439 -0.99792
vn 0.00064 0.06439 -0.99792
vn 0.00064 0.06439 -0.99792
vn 0.02797 0.01591 -0.99948
vn 0.02797 0.01591 -0.99948
vn -0.27126 -0.01712 -0.96235
vn -0.27126 -0.01712 -0.96235
vn -0.22735 -0.0799 -0.97053
vn -0.22735 -0.0799 -0.97053
vn 0.00235 -0.01488 -0.99989
vn 0.00235 -0.01488 -0.99989
vn 0.00235 -0.01488 -0.99989
vn -0.31563 -0.17181 -0.9332
vn -0.31563 -0.17181 -0.9332
vn -0.60602 0.13656 -0.78364
vn -0.60602 0.13656 -0.78364
vn -0.70096 0.63521 0.32429
vn -0.70096 0.63521 0.32429
vn -0.82295 -0.05945 0.56499
vn -0.82295 -0.05945 0.56499
vn -0.82295 -0.05945 0.56499
vn -0.5708 0.43763 0.69474
vn -0.5708 0.43763 0.69474
vn -0.5708 0.43763 0.69474
vn -0.48714 0.41926 0.76611
vn -0.48714 0.41926 0.76611
vn 0.10628 0.87626 -0.46996
vn 0.10628 0.87626 -0.46996
vn 0.10628 0.87626 -0.46996
vn 0.04846 0.46456 0.88421
vn 0.04846 0.46456 0.88421
vn 0.14718 0.52951 0.83544
vn 0.14718 0.52951 0.83544
vn 0.14718 0.52951 0.83544
vn 0.20225 0.46814 0.8602
vn 0.20225 0.46814 0.8602
vn 0.20225 0.46814 0.8602
vn 0.87272 0.24507 -0.42225
vn 0.87272 0.24507 -0.42225
vn 0.87272 0.24507 -0.42225
vn 0.63552 0.35209 0.68713
vn 0.63552 0.35209 0.68713
vn 0.63552 0.35209 0.68713
vn 0.96819 0.13119 0.21309
vn 0.96819 0.13119 0.21309
vn 0.96819 0.13119 0.21309
vn 0.85641 -0.28163 0.43271
vn 0.85641 -0.28163 0.43271
vn 0.85641 -0.28163 0.43271
vn 0.10504 -0.8857 -0.45223
vn 0.10504 -0.8857 -0.45223
vn 0.10504 -0.8857 -0.45223
vn 0.43349 -0.88022 0.19312
vn 0.43349 -0.88022 0.19312
vn 0.43349 -0.88022 0.19312
vn 0.19121 -0.97469 -0.11582
vn 0.19121 -0.97469 -0.11582
vn 0.19121 -0.97469 -0.11582
vn -0.22432 -0.97139 -0.07803
vn -0.22432 -0.97139 -0.07803
vn -0.22432 -0.97139 -0.07803
vn -0.47368 -0.79945 -0.36946
vn -0.47368 -0.79945 -0.36946
vn -0.47368 -0.79945 -0.36946
vn -0.82605 -0.5635 0.01056
vn -0.82605 -0.5635 0.01056
vn -0.82605 -0.5635 0.01056
vn -0.31768 0.67891 0.66194
vn -0.31768 0.67891 0.66194
vn -0.31768 0.67891 0.66194
vn -0.02814 0.7983 -0.6016
vn -0.02814 0.7983 -0.6016
vn -0.39902 0.90473 -0.14917
vn -0.39902 0.90473 -0.14917
vn -0.39902 0.90473 -0.14917
vn -0.43153 0.88791 -0.15938
vn 0.56051 0.6058 0.56466
vn 0.56051 0.6058 0.56466
vn 0.40829 0.65764 -0.6331
vn 0.40829 0.65764 -0.6331
vn 0.40829 0.65764 -0.6331
vn 0.40939 0.69769 -0.58791
vn 0.40939 0.69769 -0.58791
vn 0.40939 0.69769 -0.58791
vn 0.83858 -0.52934 -0.12876
vn 0.83858 -0.52934 -0.12876
vn 0.42828 -0.01024 -0.90359
vn 0.42828 -0.01024 -0.90359
vn 0.42828 -0.01024 -0.90359
vn 0.35754 -0.07577 -0.93082
vn 0.35754 -0.07577 -0.93082
vn 0.35754 -0.07577 -0.93082
vn 0.35929 -0.19727 -0.91214
vn 0.35929 -0.19727 -0.91214
vn 0.35929 -0.19727 -0.91214
vn -0.45839 -0.79508 -0.39715
vn -0.45839 -0.79508 -0.39715
vn -0.45839 -0.79508 -0.39715
vn -0.21274 -0.95268 -0.21711
vn -0.21274 -0.95268 -0.21711
vn -0.21274 -0.95268 -0.21711
vn 0.08948 -0.87977 -0.4669
vn 0.08948 -0.87977 -0.4669
vn 0.08948 -0.87977 -0.4669
vn -0.94298 -0.3117 -0.11676
vn -0.94298 -0.3117 -0.11676
vn -0.82136 9E-05 -0.57042
vn -0.82136 9E-05 -0.57042
vn -0.82136 9E-05 -0.57042
vn -0.82683 -0.02973 -0.56166
vn -0.82683 -0.02973 -0.56166
vn -0.82683 -0.02973 -0.56166
vn 0.04908 -0.12364 0.99111
vn 0.04908 -0.12364 0.99111
vn 0.04908 -0.12364 0.99111
vn 0.19679 0.41569 0.88796
vn 0.19679 0.41569 0.88796
vn 0.08927 0.30322 0.94873
vn 0.08927 0.30322 0.94873
vn 0.03729 0.35949 0.9324
vn 0.03729 0.35949 0.9324
vn 0.43454 0.18556 0.88133
vn 0.43454 0.18556 0.88133
vn 0.43454 0.18556 0.88133
vn -0.00205 -0.78156 0.62383
vn -0.00205 -0.78156 0.62383
vn -0.25918 -0.30909 0.91503
vn -0.25918 -0.30909 0.91503
vn -0.12731 -0.43866 0.88959
vn -0.12731 -0.43866 0.88959
vn -0.02626 -0.78276 0.62177
vn -0.02626 -0.78276 0.62177
vn -0.23308 0.15467 0.96008
vn -0.23308 0.15467 0.96008
vn -0.23308 0.15467 0.96008
vn -0.1859 -0.10745 0.97668
vn -0.1859 -0.10745 0.97668
vn -0.25836 -0.26882 0.92789
vn -0.25836 -0.26882 0.92789
vn 0.11373 -0.24196 0.9636
vn 0.11373 -0.24196 0.9636
vn 0.11373 -0.24196 0.9636
vn 0.23522 -0.4044 0.88382
vn 0.23522 -0.4044 0.88382
vn 0.24206 -0.32208 0.91524
vn 0.24206 -0.32208 0.91524
vn 0.24206 -0.32208 0.91524
vn 0.28438 -0.29587 0.91191
vn 0.28438 -0.29587 0.91191
vn 0.28438 -0.29587 0.91191
vt 0.29948 0.90483
vt 0.40255 0.90809
vt 0.26426 0.78696
vt 0.50609 0.8326
vt 0.43198 0.79953
vt 0.20429 0.85908
vt 0.12854 0.80952
vt 0.14212 0.95274
vt 0.35265 0.9995
vt 0.19926 0.04721
vt 0.23117 0.11986
vt 0.3542 0.12879
vt 0.40583 0.0005
vt 0.49392 0.13677
vt 0.51749 0.01525
vt 0.4734 0.95213
vt 0.59716 0.76631
vt 0.48656 0.6744
vt 0.64305 0.4358
vt 0.53204 0.36474
vt 0.53099 0.47616
vt 0.60017 0.57946
vt 0.43174 0.5922
vt 0.37643 0.67637
vt 0.25553 0.67804
vt 0.32242 0.58063
vt 0.20207 0.59133
vt 0.12237 0.67244
vt 0.02397 0.81518
vt 0.12413 0.50835
vt 0.0005 0.58139
vt 0.02723 0.39992
vt 0.14244 0.33279
vt 0.15507 0.19948
vt 0.30108 0.26014
vt 0.22274 0.30548
vt 0.4006 0.24
vt 0.43484 0.30371
vt 0.0337 0.26172
vt 0.05346 0.11027
vt 0.63726 0.28172
vt 0.60413 0.88131
vt 0.66056 0.03972
vt 0.38165 0.42918
vt 0.24597 0.52057
vt 0.37881 0.5139
vt 0.32453 0.38199
usemtl mat1
f 563/562/1402 564/563/1403 565/564/1403
f 564/563/1404 566/565/1405 567/566/1405
f 564/563/1406 567/566/1407 565/564/1408
f 563/562/1409 565/564/1410 568/567/1411
f 568/567/1412 565/564/1412 569/568/1413
f 563/562/1414 568/567/1415 570/569/1416
f 568/567/1417 569/568/1418 570/569/1418
f 563/562/1419 570/569/1419 571/570/1420
f 572/571/1421 573/572/1422 574/573/1423
f 572/571/1424 574/573/1425 575/574/1424
f 576/575/1426 577/576/1427 575/574/1427
f 575/574/1428 574/573/1429 576/575/1428
f 563/562/1430 571/570/1431 564/563/1432
f 571/570/1433 578/577/1434 564/563/1434
f 564/563/1435 578/577/1436 566/565/1435
f 566/565/1437 579/578/1438 580/579/1438
f 581/580/1439 582/581/1440 583/582/1441
f 584/583/1442 583/582/1443 580/579/1444
f 580/579/1445 583/582/1446 585/584/1446
f 565/564/1447 586/585/1448 587/586/1449
f 586/585/1450 585/584/1450 588/587/1451
f 586/585/1452 588/587/1453 587/586/1454
f 587/586/1455 588/587/1456 589/588/1457
f 569/568/1458 590/589/1459 591/590/1460
f 590/589/1461 589/588/1462 592/591/1463
f 590/589/1464 592/591/1465 593/592/1466
f 594/593/1467 592/591/1468 595/594/1469
f 573/572/1470 596/595/1471 597/596/1472
f 596/595/1473 595/594/1474 598/597/1475
f 596/595/1476 598/597/1477 597/596/1478
f 599/598/1479 597/596/1480 600/599/1481
f 599/598/1482 600/599/1483 576/575/1484
f 576/575/1485 600/599/1486 582/581/1487
f 585/584/1488 586/585/1489 580/579/1490
f 586/585/1491 565/564/1492 567/566/1492
f 586/585/1493 567/566/1494 580/579/1495
f 580/579/1496 567/566/1496 566/565/1496
f 589/588/1497 590/589/1498 587/586/1498
f 590/589/1499 569/568/1500 565/564/1501
f 590/589/1502 565/564/1503 587/586/1504
f 595/594/1505 596/595/1505 601/600/1506
f 596/595/1507 573/572/1508 572/571/1509
f 596/595/1510 572/571/1511 602/601/1512
f 591/590/1513 570/569/1514 569/568/1515
f 599/598/1516 576/575/1517 574/573/1518
f 599/598/1519 574/573/1520 597/596/1521
f 597/596/1522 574/573/1523 573/572/1524
f 582/581/1525 603/602/1526 576/575/1526
f 604/603/1527 566/565/1528 578/577/1529
f 605/604/1530 577/576/1531 576/575/1532
f 606/605/1533 607/606/1534 608/607/1535
f 607/606/1536 589/588/1537 588/587/1537
f 607/606/1538 588/587/1539 608/607/1538
f 608/607/1540 588/587/1540 585/584/1541
f 607/606/1542 592/591/1543 589/588/1544
f 609/608/1545 597/596/1545 598/597/1546
f 606/605/1547 582/581/1548 600/599/1548
f 606/605/1549 600/599/1549 609/608/1550
f 609/608/1551 600/599/1551 597/596/1552
f 608/607/1553 585/584/1554 583/582/1555
f 608/607/1556 583/582/1557 606/605/1556
f 606/605/1558 583/582/1558 582/581/1559
f 607/606/1560 606/605/1561 609/608/1562
f 609/608/1563 598/597/1563 595/594/1564
f 607/606/1565 609/608/1566 595/594/1567
f 592/591/1568 607/606/1569 595/594/1570
# Vertices: 47, normals: 169, texture coordinates: 47, faces: 66

o obj11
v 0.15285104 0.09727991 -0.15364719
v 0.14780629 0.11387882 -0.14041368
v 0.13719153 0.10340296 -0.16125095
v 0.14780629 0.11387882 -0.14041368
v 0.13248939 0.13130829 -0.17152356
v 0.13719153 0.10340296 -0.16125095
v 0.13719153 0.10340296 -0.16125095
v 0.13248939 0.13130829 -0.17152356
v 0.12961097 0.1151364 -0.17049772
v 0.15285104 0.09727991 -0.15364719
v 0.13719153 0.10340296 -0.16125095
v 0.16211749 0.09077476 -0.17448329
v 0.13719153 0.10340296 -0.16125095
v 0.12961097 0.1151364 -0.17049772
v 0.1333937 0.09960838 -0.18675796
v 0.13719153 0.10340296 -0.16125095
v 0.1333937 0.09960838 -0.18675796
v 0.16211749 0.09077476 -0.17448329
v 0.16211749 0.09077476 -0.17448329
v 0.1333937 0.09960838 -0.18675796
v 0.15192835 0.09131292 -0.19341363
v 0.15285104 0.09727991 -0.15364719
v 0.16211749 0.09077476 -0.17448329
v 0.16308812 0.1059965 -0.14383559
v 0.16211749 0.09077476 -0.17448329
v 0.17908558 0.09516165 -0.17549631
v 0.1752546 0.10387901 -0.15849277
v 0.16211749 0.09077476 -0.17448329
v 0.1752546 0.10387901 -0.15849277
v 0.16308812 0.1059965 -0.14383559
v 0.1536015 0.12636315 -0.13717616
v 0.16308812 0.1059965 -0.14383559
v 0.16506594 0.13019516 -0.14401293
v 0.1752546 0.10387901 -0.15849277
v 0.15285104 0.09727991 -0.15364719
v 0.16308812 0.1059965 -0.14383559
v 0.14780629 0.11387882 -0.14041368
v 0.16308812 0.1059965 -0.14383559
v 0.1536015 0.12636315 -0.13717616
v 0.14780629 0.11387882 -0.14041368
v 0.14780629 0.11387882 -0.14041368
v 0.1536015 0.12636315 -0.13717616
v 0.13248939 0.13130829 -0.17152356
v 0.13248939 0.13130829 -0.17152356
v 0.15287888 0.14390681 -0.14802128
v 0.13622513 0.14278121 -0.1789211
v 0.15287888 0.14390681 -0.14802128
v 0.15020568 0.15260887 -0.17095542
v 0.13622513 0.14278121 -0.1789211
v 0.12961097 0.1151364 -0.17049772
v 0.13248939 0.13130829 -0.17152356
v 0.12664148 0.11810848 -0.19248946
v 0.13248939 0.13130829 -0.17152356
v 0.13622513 0.14278121 -0.1789211
v 0.13740869 0.13856971 -0.18613859
v 0.13248939 0.13130829 -0.17152356
v 0.13740869 0.13856971 -0.18613859
v 0.12664148 0.11810848 -0.19248946
v 0.12664148 0.11810848 -0.19248946
v 0.13740869 0.13856971 -0.18613859
v 0.14814766 0.11904883 -0.20671863
v 0.15192835 0.09131292 -0.19341363
v 0.14339363 0.104567 -0.20337295
v 0.16061342 0.09676346 -0.2056594
v 0.14339363 0.104567 -0.20337295
v 0.14814766 0.11904883 -0.20671863
v 0.16061342 0.09676346 -0.2056594
v 0.16061342 0.09676346 -0.2056594
v 0.14814766 0.11904883 -0.20671863
v 0.17309506 0.10965255 -0.20507967
v 0.17908558 0.09516165 -0.17549631
v 0.17672069 0.09817978 -0.19511376
v 0.18531257 0.10873178 -0.17523121
v 0.17672069 0.09817978 -0.19511376
v 0.17309506 0.10965255 -0.20507967
v 0.18046758 0.11760616 -0.19396687
v 0.17672069 0.09817978 -0.19511376
v 0.18046758 0.11760616 -0.19396687
v 0.18531257 0.10873178 -0.17523121
v 0.18531257 0.10873178 -0.17523121
v 0.18046758 0.11760616 -0.19396687
v 0.18315691 0.13306876 -0.17686592
v 0.16506594 0.13019516 -0.14401293
v 0.1773668 0.13242524 -0.1586675
v 0.15287888 0.14390681 -0.14802128
v 0.14814766 0.11904883 -0.20671863
v 0.14339363 0.104567 -0.20337295
v 0.12664148 0.11810848 -0.19248946
v 0.14339363 0.104567 -0.20337295
v 0.15192835 0.09131292 -0.19341363
v 0.1333937 0.09960838 -0.18675796
v 0.14339363 0.104567 -0.20337295
v 0.1333937 0.09960838 -0.18675796
v 0.12664148 0.11810848 -0.19248946
v 0.12664148 0.11810848 -0.19248946
v 0.1333937 0.09960838 -0.18675796
v 0.12961097 0.1151364 -0.17049772
v 0.17309506 0.10965255 -0.20507967
v 0.17672069 0.09817978 -0.19511376
v 0.16061342 0.09676346 -0.2056594
v 0.17672069 0.09817978 -0.19511376
v 0.17908558 0.09516165 -0.17549631
v 0.16211749 0.09077476 -0.17448329
v 0.17672069 0.09817978 -0.19511376
v 0.16211749 0.09077476 -0.17448329
v 0.16061342 0.09676346 -0.2056594
v 0.16061342 0.09676346 -0.2056594
v 0.16211749 0.09077476 -0.17448329
v 0.15192835 0.09131292 -0.19341363
v 0.18315691 0.13306876 -0.17686592
v 0.1773668 0.13242524 -0.1586675
v 0.18531257 0.10873178 -0.17523121
v 0.1773668 0.13242524 -0.1586675
v 0.16506594 0.13019516 -0.14401293
v 0.1752546 0.10387901 -0.15849277
v 0.1773668 0.13242524 -0.1586675
v 0.1752546 0.10387901 -0.15849277
v 0.18531257 0.10873178 -0.17523121
v 0.18531257 0.10873178 -0.17523121
v 0.1752546 0.10387901 -0.15849277
v 0.17908558 0.09516165 -0.17549631
v 0.15287888 0.14390681 -0.14802128
v 0.13248939 0.13130829 -0.17152356
v 0.1536015 0.12636315 -0.13717616
v 0.15287888 0.14390681 -0.14802128
v 0.1536015 0.12636315 -0.13717616
v 0.16506594 0.13019516 -0.14401293
v 0.16177852 0.14493069 -0.190295
v 0.15443525 0.13641079 -0.19829605
v 0.15020568 0.15260887 -0.17095542
v 0.15443525 0.13641079 -0.19829605
v 0.14814766 0.11904883 -0.20671863
v 0.13740869 0.13856971 -0.18613859
v 0.15443525 0.13641079 -0.19829605
v 0.13740869 0.13856971 -0.18613859
v 0.15020568 0.15260887 -0.17095542
v 0.15020568 0.15260887 -0.17095542
v 0.13740869 0.13856971 -0.18613859
v 0.13622513 0.14278121 -0.1789211
v 0.16177852 0.14493069 -0.190295
v 0.15020568 0.15260887 -0.17095542
v 0.18315691 0.13306876 -0.17686592
v 0.15020568 0.15260887 -0.17095542
v 0.15287888 0.14390681 -0.14802128
v 0.1773668 0.13242524 -0.1586675
v 0.15020568 0.15260887 -0.17095542
v 0.1773668 0.13242524 -0.1586675
v 0.18315691 0.13306876 -0.17686592
v 0.15443525 0.13641079 -0.19829605
v 0.16177852 0.14493069 -0.190295
v 0.18315691 0.13306876 -0.17686592
v 0.18046758 0.11760616 -0.19396687
v 0.17309506 0.10965255 -0.20507967
v 0.14814766 0.11904883 -0.20671863
vn -0.62526 -0.58041 -0.5217
vn -0.62526 -0.58041 -0.5217
vn -0.87778 -0.44813 0.16935
vn -0.87778 -0.44813 0.16935
vn -0.87778 -0.44813 0.16935
vn -0.61333 -0.74091 0.27362
vn -0.5569 -0.10332 -0.82413
vn -0.5569 -0.10332 -0.82413
vn -0.94603 -0.19444 -0.25926
vn -0.94603 -0.19444 -0.25926
vn -0.94603 -0.19444 -0.25926
vn -0.51476 -0.18965 -0.83609
vn -0.51476 -0.18965 -0.83609
vn -0.50789 -0.16399 -0.84567
vn -0.50789 -0.16399 -0.84567
vn -0.50789 -0.16399 -0.84567
vn 0.17649 -0.41167 -0.89408
vn 0.17649 -0.41167 -0.89408
vn 0.17649 -0.41167 -0.89408
vn 0.09647 -0.48551 -0.86889
vn 0.09647 -0.48551 -0.86889
vn 0.09647 -0.48551 -0.86889
vn 0.19334 -0.40867 -0.89197
vn 0.19334 -0.40867 -0.89197
vn 0.65514 -0.73705 -0.16597
vn 0.65514 -0.73705 -0.16597
vn 0.65514 -0.73705 -0.16597
vn -0.27519 -0.74595 -0.60649
vn -0.27519 -0.74595 -0.60649
vn 0.01986 -0.9573 -0.28841
vn 0.01986 -0.9573 -0.28841
vn -0.75791 -0.53323 0.37581
vn -0.75791 -0.53323 0.37581
vn -0.75791 -0.53323 0.37581
vn -0.66816 -0.39525 0.63035
vn -0.66816 -0.39525 0.63035
vn -0.53497 -0.33217 0.77684
vn -0.53497 -0.33217 0.77684
vn -0.53497 -0.33217 0.77684
vn -0.92429 -0.15577 0.34846
vn -0.92429 -0.15577 0.34846
vn -0.92429 -0.15577 0.34846
vn -0.91599 0.24617 0.31679
vn -0.91599 0.24617 0.31679
vn -0.91599 0.24617 0.31679
vn -0.77967 0.05703 0.62359
vn -0.77967 0.05703 0.62359
vn -0.77967 0.05703 0.62359
vn -0.40545 0.71945 0.56392
vn -0.40545 0.71945 0.56392
vn -0.51203 0.59305 -0.62138
vn -0.51203 0.59305 -0.62138
vn -0.22427 0.96703 -0.12067
vn -0.22427 0.96703 -0.12067
vn -0.22427 0.96703 -0.12067
vn 0.05715 0.99808 -0.02392
vn 0.05715 0.99808 -0.02392
vn 0.05715 0.99808 -0.02392
vn 0.81227 0.1709 -0.55769
vn 0.81227 0.1709 -0.55769
vn 0.83081 0.47626 -0.28798
vn 0.83081 0.47626 -0.28798
vn 0.89201 0.31805 -0.32119
vn 0.89201 0.31805 -0.32119
vn 0.89201 0.31805 -0.32119
vn 0.97101 0.2178 -0.09852
vn 0.97101 0.2178 -0.09852
vn 0.97101 0.2178 -0.09852
vn 0.64123 -0.54921 0.53591
vn -0.54505 0.83416 0.08422
vn -0.54505 0.83416 0.08422
vn -0.6117 0.50897 -0.60562
vn -0.6117 0.50897 -0.60562
vn -0.77435 0.55623 -0.30166
vn -0.77435 0.55623 -0.30166
vn -0.98513 -0.08445 -0.14965
vn -0.98513 -0.08445 -0.14965
vn -0.98513 -0.08445 -0.14965
vn 0.42481 0.72158 -0.54667
vn 0.42481 0.72158 -0.54667
vn 0.42481 0.72158 -0.54667
vn 0.06705 0.17554 -0.98219
vn 0.06705 0.17554 -0.98219
vn 0.04183 0.19421 -0.98007
vn 0.04183 0.19421 -0.98007
vn 0.04183 0.19421 -0.98007
vn 0.1445 0.19374 -0.97035
vn 0.1445 0.19374 -0.97035
vn 0.1445 0.19374 -0.97035
vn 0.95039 -0.30488 -0.06164
vn 0.95039 -0.30488 -0.06164
vn 0.95039 -0.30488 -0.06164
vn 0.74794 -0.63727 -0.18568
vn 0.83958 -0.50109 -0.20979
vn 0.83958 -0.50109 -0.20979
vn 0.83958 -0.50109 -0.20979
vn 0.75416 -0.3883 -0.52959
vn 0.75416 -0.3883 -0.52959
vn 0.75416 -0.3883 -0.52959
vn -0.73099 -0.53079 0.42885
vn -0.73099 -0.53079 0.42885
vn -0.73099 -0.53079 0.42885
vn 0.39255 -0.80328 0.44793
vn 0.39255 -0.80328 0.44793
vn -0.20372 0.51735 0.83117
vn -0.20372 0.51735 0.83117
vn -0.35664 0.72647 0.58741
vn -0.35664 0.72647 0.58741
vn -0.12493 0.52137 0.84414
vn -0.12493 0.52137 0.84414
vn -0.12967 0.51781 0.84561
vn -0.12967 0.51781 0.84561
vn 0.64635 0.04075 0.76195
vn 0.64635 0.04075 0.76195
vn 0.64635 0.04075 0.76195
vn 0.6355 -0.25588 0.72847
vn 0.6355 -0.25588 0.72847
vn 0.66166 -0.1966 0.72357
vn 0.66166 -0.1966 0.72357
vn 0.66166 -0.1966 0.72357
vn 0.62734 0.77226 0.10035
vn 0.62734 0.77226 0.10035
vn 0.57459 0.69841 0.4267
vn 0.57459 0.69841 0.42669
vn 0.57459 0.69841 0.4267
vn 0.62071 0.61421 0.4873
vn 0.62071 0.61421 0.4873
vn 0.25951 0.90812 0.32858
vn 0.25951 0.90812 0.32858
vn 0.25951 0.90812 0.32858
vt 0.37649 0.32272
vt 0.51645 0.32272
vt 0.51645 0.18276
vt 0.42277 0.9995
vt 0.63894 0.9995
vt 0.63894 0.78332
vt 0.46904 0.76812
vt 0.621 0.76812
vt 0.621 0.61616
vt 0.36492 0.70449
vt 0.52717 0.70449
vt 0.52717 0.54224
vt 0.53267 0.35743
vt 0.66745 0.35743
vt 0.66745 0.22265
vt 0.78719 0.34586
vt 0.98952 0.34586
vt 0.98952 0.14352
vt 0.18374 0.01222
vt 0.00628 0.01222
vt 0.00628 0.18968
vt 0.83276 0.01106
vt 0.68307 0.01106
vt 0.68307 0.16075
vt 0.85081 0.13762
vt 0.98793 0.13762
vt 0.98793 0.0005
vt 0.1732 0.34091
vt 0.01207 0.34091
vt 0.01207 0.50204
vt 0.1856 0.01601
vt 0.1856 0.17811
vt 0.3477 0.01601
vt 0.3477 0.17811
vt 0.67067 0.55492
vt 0.55002 0.55492
vt 0.55002 0.67557
vt 0.34344 0.18802
vt 0.22031 0.18802
vt 0.22031 0.31115
vt 0.97968 0.7723
vt 0.76405 0.7723
vt 0.76405 0.98793
vt 0.62251 0.78818
vt 0.43433 0.78818
vt 0.43433 0.97636
vt 0.19097 0.51981
vt 0.01207 0.51981
vt 0.01207 0.69871
vt 0.36492 0.16654
vt 0.50246 0.16654
vt 0.50246 0.029
vt 0.65993 0.9995
vt 0.75261 0.9995
vt 0.75261 0.90681
vt 0.34464 0.33143
vt 0.19717 0.33143
vt 0.19717 0.4789
vt 0.98234 0.13913
vt 0.80454 0.13913
vt 0.80454 0.31693
vt 0.67372 0.39569
vt 0.54424 0.39569
vt 0.54424 0.52517
vt 0.06413 0.3285
vt 0.20648 0.3285
vt 0.20648 0.18615
vt 0.01207 0.51361
vt 0.18187 0.51361
vt 0.18187 0.34381
vt 0.91062 0.36125
vt 0.7814 0.36125
vt 0.7814 0.49047
vt 0.55002 0.54831
vt 0.66763 0.54831
vt 0.66763 0.4307
vt 0.50391 0.32834
vt 0.35914 0.32834
vt 0.35914 0.47311
vt 0.34178 0.50204
vt 0.49214 0.50204
vt 0.49214 0.35168
vt 0.36522 0.5191
vt 0.20874 0.5191
vt 0.20874 0.67557
vt 0.66971 0.01214
vt 0.51532 0.01214
vt 0.51532 0.16654
vt 0.22031 0.32272
vt 0.36231 0.32272
vt 0.36231 0.18072
vt 0.64836 0.20703
vt 0.79562 0.20703
vt 0.79562 0.05977
vt 0.51524 0.1724
vt 0.37649 0.1724
vt 0.37649 0.31115
vt 0.17253 0.20275
vt 0.04099 0.20275
vt 0.04099 0.33429
vt 0.52689 0.16654
vt 0.68067 0.16654
vt 0.68067 0.01275
vt 0.01207 0.71028
vt 0.19253 0.71028
vt 0.19253 0.52982
vt 0.5093 0.01059
vt 0.35335 0.01059
vt 0.35335 0.16654
vt 0.53756 0.52029
vt 0.38227 0.52029
vt 0.38227 0.67557
vt 0.47074 0.72015
vt 0.29551 0.72015
vt 0.29551 0.89538
vt 0.00628 0.20125
vt 0.17865 0.20125
vt 0.17865 0.02888
vt 0.96621 0.01065
vt 0.84503 0.01065
vt 0.84503 0.13183
vt 0.76983 0.99372
vt 0.98766 0.99372
vt 0.98766 0.77588
vt 0.64836 0.38056
vt 0.77919 0.38056
vt 0.77919 0.24974
vt 0.65943 0.2191
vt 0.5211 0.2191
vt 0.5211 0.35743
vt 0.1856 0.50204
vt 0.33752 0.50204
vt 0.33752 0.35012
vt 0.19717 0.69871
vt 0.36022 0.69871
vt 0.36022 0.53566
vt 0.75818 0.8839
vt 0.64257 0.8839
vt 0.64257 0.9995
vt 0.7814 0.5541
vt 0.98731 0.5541
vt 0.98731 0.34818
vt 0.77562 0.76812
vt 0.98502 0.76812
vt 0.98502 0.55872
vt 0.20296 0.9995
vt 0.42073 0.9995
vt 0.42073 0.78173
vt 0.15082 0.98657
vt 0.24867 0.94291
vt 0.2799 0.71432
vt 0.12917 0.71869
vt 0.02627 0.77091
vt 0.0005 0.99372
usemtl mat1
f 610/609/1571 611/610/1571 612/611/1572
f 613/612/1573 614/613/1574 615/614/1575
f 616/615/1576 617/616/1576 618/617/1576
f 619/618/1577 620/619/1577 621/620/1578
f 622/621/1579 623/622/1580 624/623/1581
f 625/624/1582 626/625/1582 627/626/1583
f 628/627/1584 629/628/1585 630/629/1586
f 631/630/1587 632/631/1588 633/632/1589
f 634/633/1590 635/634/1591 636/635/1592
f 637/636/1593 638/637/1594 639/638/1593
f 640/639/1595 641/640/1596 642/641/1596
f 641/640/1596 643/642/1597 642/641/1596
f 644/643/1598 645/644/1599 646/645/1599
f 647/646/1600 648/647/1601 649/648/1601
f 650/649/1602 651/650/1603 652/651/1604
f 653/652/1605 654/653/1606 655/654/1605
f 656/655/1607 657/656/1608 658/657/1609
f 659/658/1610 660/659/1611 661/660/1612
f 662/661/1613 663/662/1614 664/663/1615
f 665/664/1616 666/665/1617 667/666/1618
f 668/667/1619 669/668/1620 670/669/1620
f 671/670/1621 672/671/1622 673/672/1622
f 674/673/1623 675/674/1624 676/675/1625
f 677/676/1626 678/677/1627 679/678/1628
f 680/679/1629 681/680/1629 682/681/1630
f 683/682/1631 684/683/1631 685/684/1632
f 686/685/1633 687/686/1634 688/687/1635
f 689/688/1636 690/689/1637 691/690/1638
f 692/691/1639 693/692/1639 694/693/1639
f 695/694/1640 696/695/1641 697/696/1641
f 698/697/1642 699/698/1643 700/699/1642
f 701/700/1644 702/701/1645 703/702/1644
f 704/703/1646 705/704/1647 706/705/1648
f 707/706/1649 708/707/1650 709/708/1651
f 710/709/1652 711/710/1653 712/711/1652
f 713/712/1654 714/713/1655 715/714/1656
f 716/715/1657 717/716/1658 718/717/1659
f 719/718/1660 720/719/1661 721/720/1662
f 722/721/1663 723/722/1663 724/723/1663
f 725/724/1664 726/725/1665 727/726/1666
f 728/727/1667 729/728/1668 730/729/1669
f 731/730/1670 732/731/1671 733/732/1672
f 734/733/1673 735/734/1673 736/735/1674
f 737/736/1675 738/737/1676 739/738/1676
f 740/739/1677 741/740/1677 742/741/1678
f 743/742/1679 744/743/1680 745/744/1679
f 746/745/1681 747/746/1682 748/747/1681
f 749/748/1683 750/749/1684 751/750/1685
f 752/751/1686 753/752/1687 754/753/1686
f 755/754/1688 756/755/1689 757/756/1690
f 758/757/1691 759/758/1692 760/759/1691
f 761/760/1693 762/761/1694 758/757/1695
f 758/757/1696 760/759/1697 761/760/1696
f 762/761/1698 763/762/1699 758/757/1700
# Vertices: 154, normals: 130, texture coordinates: 154, faces: 54

o obj12
v 0.51463722 -0.18352771 0.07325481
v 0.54780853 -0.18333336 0.08963279
v 0.4983757 -0.17108075 0.08995421
v 0.54780853 -0.18333336 0.08963279
v 0.52832475 -0.14750411 0.09799579
v 0.50257403 -0.15324177 0.09495717
v 0.54780853 -0.18333336 0.08963279
v 0.47676107 -0.16639952 0.07506959
v 0.48403416 -0.18400891 0.05513661
v 0.51463722 -0.18352771 0.07325481
v 0.48403416 -0.18400891 0.05513661
v 0.49988878 -0.18187454 0.04316708
v 0.53696404 -0.17777822 0.06527734
v 0.51384246 -0.17028449 0.03231147
v 0.54562452 -0.16916154 0.04690836
v 0.55776405 -0.18305677 0.06363427
v 0.54780853 -0.18333336 0.08963279
v 0.54780853 -0.18333336 0.08963279
v 0.54716532 -0.14581685 0.08209563
v 0.53880678 -0.12753308 0.06242407
v 0.51900691 -0.12198985 0.06545884
v 0.49999886 -0.13027998 0.08268127
v 0.48312803 -0.13071671 0.06596948
v 0.46552045 -0.14823974 0.05498399
v 0.46898372 -0.16548468 0.05317509
v 0.47820891 -0.16940503 0.03489413
v 0.46722614 -0.1459597 0.03834132
v 0.46722614 -0.1459597 0.03834132
v 0.47820891 -0.16940503 0.03489413
v 0.46722614 -0.1459597 0.03834132
v 0.48824214 -0.14871369 0.02392379
v 0.50642753 -0.14155977 0.02266385
v 0.53981331 -0.15402291 0.03518921
v 0.53091692 -0.14176547 0.02628142
v 0.55739185 -0.15729431 0.06394446
v 0.53666526 -0.13114381 0.04431572
v 0.54780853 -0.18333336 0.08963279
v 0.54780853 -0.18333336 0.08963279
v 0.54780853 -0.18333336 0.08963279
v 0.49308922 -0.12489135 0.03994145
v 0.47026733 -0.13581601 0.03859709
v 0.46722614 -0.1459597 0.03834132
v 0.51231181 -0.12955405 0.02937007
v 0.46722614 -0.1459597 0.03834132
vn -0.2131 -0.44195 -0.87136
vn -0.2131 -0.44195 -0.87136
vn -0.0568 -0.96497 -0.25612
vn -0.0568 -0.96497 -0.25612
vn -0.0568 -0.96497 -0.25612
vn -0.05744 -0.96469 -0.25703
vn -0.05744 -0.96469 -0.25703
vn -0.05744 -0.96469 -0.25703
vn -0.38418 -0.28133 -0.87935
vn -0.38418 -0.28133 -0.87935
vn -0.38418 -0.28133 -0.87935
vn -0.31915 -0.55938 -0.76501
vn -0.31915 -0.55938 -0.76501
vn -0.31915 -0.55938 -0.76501
vn 0.06756 0.08773 -0.99385
vn 0.06756 0.08773 -0.99385
vn 0.19618 0.14941 -0.96912
vn 0.19618 0.14941 -0.96912
vn 0.19618 0.14941 -0.96912
vn 0.35084 0.43462 -0.82947
vn 0.35084 0.43462 -0.82947
vn 0.35084 0.43462 -0.82947
vn 0.1897 0.34224 -0.92026
vn 0.1897 0.34224 -0.92026
vn -0.2525 0.10692 -0.96167
vn -0.2525 0.10692 -0.96167
vn -0.2525 0.10692 -0.96167
vn -0.24956 0.50519 -0.82614
vn -0.24956 0.50519 -0.82614
vn 0.14411 0.28061 -0.94894
vn 0.30098 -0.57748 0.7589
vn 0.30098 -0.57748 0.7589
vn 0.36011 -0.50963 0.78141
vn 0.36011 -0.50963 0.78141
vn 0.36011 -0.50963 0.78141
vn 0.17394 -0.57633 0.79849
vn 0.17394 -0.57633 0.79849
vn -0.57814 -0.81081 -0.09133
vn -0.57814 -0.81081 -0.09133
vn -0.57814 -0.81081 -0.09133
vn -0.67809 -0.67708 0.28593
vn -0.67809 -0.67708 0.28593
vn -0.67279 -0.67922 0.29327
vn -0.67279 -0.67922 0.29327
vn -0.69805 -0.65408 0.29137
vn -0.69805 -0.65408 0.29137
vn -0.741 0.23939 -0.62739
vn -0.741 0.23939 -0.62739
vn -0.741 0.23939 -0.62739
vn -0.97519 0.12498 -0.18274
vn -0.97519 0.12498 -0.18274
vn -0.97519 0.12498 -0.18274
vn -0.86391 0.36054 -0.35168
vn -0.86391 0.36054 -0.35168
vn -0.86391 0.36054 -0.35168
vn -0.57259 0.80605 -0.14971
vn -0.57259 0.80605 -0.14971
vn 0.05424 0.95071 -0.30531
vn 0.05424 0.95071 -0.30531
vn 0.25818 0.93398 -0.24704
vn 0.25818 0.93398 -0.24704
vn 0.12004 0.84251 -0.52514
vn 0.12004 0.84251 -0.52514
vn 0.12004 0.84251 -0.52514
vn 0.854 0.51995 0.0186
vn 0.854 0.51995 0.0186
vn 0.854 0.51995 0.0186
vn 0.84733 0.44278 0.29321
vn 0.84733 0.44278 0.29321
vn 0.84733 0.44278 0.29321
vn 0.82822 0.47193 0.30221
vn 0.82822 0.47193 0.30221
vn 0.8355 0.2008 0.51149
vn 0.8355 0.2008 0.51149
vn 0.8355 0.2008 0.51149
vn -0.20195 -0.87295 0.44405
vn -0.20195 -0.87295 0.44405
vn -0.92236 -0.3185 -0.21865
vn -0.92236 -0.3185 -0.21865
vn -0.92236 -0.3185 -0.21865
vn -0.76474 -0.24678 -0.5952
vn -0.76474 -0.24678 -0.5952
vn -0.76474 -0.24678 -0.5952
vn -0.07573 0.8957 -0.43817
vn -0.07573 0.8957 -0.43817
vn -0.07573 0.8957 -0.43817
vn -0.07143 0.76945 -0.63469
vn -0.07143 0.76945 -0.63469
vn -0.07143 0.76945 -0.63469
vn -0.27472 0.50932 -0.81555
vn -0.27472 0.50932 -0.81555
vn 0.6264 0.71416 -0.3124
vn 0.6264 0.71416 -0.3124
vn 0.38216 0.79596 -0.46947
vn 0.38216 0.79596 -0.46947
vn 0.38216 0.79596 -0.46947
vn 0.83709 -0.13667 0.52972
vn 0.83709 -0.13667 0.52972
vn 0.62765 -0.76109 0.16367
vn 0.62765 -0.76109 0.16367
vn 0.89309 -0.43787 0.10328
vn 0.89309 -0.43787 0.10328
vn 0.89309 -0.43787 0.10328
vn 0.9338 -0.35767 0.00918
vn 0.9338 -0.35767 0.00918
vn 0.9338 -0.35767 0.00918
vn -0.43321 -0.03577 0.90058
vn -0.43321 -0.03577 0.90058
vn -0.43321 -0.03577 0.90058
vn -0.75611 -0.24198 0.60806
vn -0.75611 -0.24198 0.60806
vn -0.75611 -0.24198 0.60806
vn -0.95583 0.0585 0.28804
vn -0.95583 0.0585 0.28804
vn 0.13536 0.89176 0.43178
vn 0.13536 0.89176 0.43178
vn 0.13536 0.89176 0.43178
vn 0.11184 0.22369 0.96822
vn 0.11184 0.22369 0.96822
vn 0.11184 0.22369 0.96822
vn 0.23228 0.21654 0.94824
vn 0.23228 0.21654 0.94824
vn 0.23228 0.21654 0.94824
vn 0.20765 0.23742 0.94895
vn 0.20765 0.23742 0.94895
vn 0.38939 0.55642 0.73401
vn 0.38939 0.55642 0.73401
vn 0.38939 0.55642 0.73401
vn -0.23273 -0.12674 0.96425
vn -0.23273 -0.12674 0.96425
vn -0.23273 -0.12674 0.96425
vn -0.22851 -0.20582 0.95154
vn -0.22851 -0.20582 0.95154
vn -0.22851 -0.20582 0.95154
vn -0.25505 0.73887 0.62372
vn -0.25505 0.73887 0.62372
vn -0.27732 0.7745 0.56855
vn -0.27732 0.7745 0.56855
vn -0.27732 0.7745 0.56855
vn -0.25636 0.79601 0.54832
vn -0.25636 0.79601 0.54832
vn -0.25636 0.79601 0.54832
vn -0.53982 0.82175 0.18256
vn -0.53982 0.82175 0.18256
vt 0.18264 0.0743
vt 0.02534 0.11232
vt 0.24379 0.22047
vt 0.0016 0.45341
vt 0.26313 0.4988
vt 0.2785 0.34543
vt 0.0005 0.2478
vt 0.35758 0.18325
vt 0.33862 0.02158
vt 0.8874 0.862
vt 0.97205 0.7167
vt 0.8734 0.70611
vt 0.75633 0.86514
vt 0.78088 0.6727
vt 0.66648 0.78388
vt 0.62596 0.90834
vt 0.75794 0.9995
vt 0.79206 0.99416
vt 0.35876 0.64565
vt 0.47731 0.56671
vt 0.46758 0.48501
vt 0.40766 0.396
vt 0.49229 0.34098
vt 0.52679 0.21216
vt 0.44805 0.11526
vt 0.47529 0.0005
vt 0.59143 0.14696
vt 0.59181 0.11651
vt 0.91005 0.5775
vt 0.90107 0.40878
vt 0.77748 0.4741
vt 0.69498 0.51772
vt 0.64518 0.68672
vt 0.6492 0.61529
vt 0.4926 0.77217
vt 0.55315 0.58559
vt 0.12092 0.72403
vt 0.29979 0.88962
vt 0.49625 0.9969
vt 0.60309 0.41691
vt 0.64388 0.30232
vt 0.62788 0.22631
vt 0.63297 0.51299
vt 0.73712 0.31298
usemtl mat1
f 764/763/1701 765/764/1702 766/765/1702
f 767/766/1703 768/767/1704 769/768/1705
f 770/769/1706 769/768/1707 766/765/1708
f 766/765/1709 771/770/1710 764/763/1711
f 764/763/1712 771/770/1713 772/771/1714
f 773/772/1715 774/773/1716 775/774/1715
f 773/772/1717 775/774/1718 776/775/1719
f 776/775/1720 775/774/1721 777/776/1722
f 776/775/1723 777/776/1723 778/777/1724
f 779/778/1725 780/779/1726 776/775/1727
f 776/775/1728 778/777/1729 779/778/1729
f 773/772/1730 776/775/1730 781/780/1730
f 782/781/1731 783/782/1732 784/783/1732
f 782/781/1733 784/783/1734 768/767/1735
f 768/767/1736 784/783/1737 785/784/1736
f 766/765/1738 769/768/1739 771/770/1740
f 769/768/1741 785/784/1742 786/785/1741
f 769/768/1743 786/785/1743 771/770/1744
f 771/770/1745 786/785/1746 787/786/1745
f 772/771/1747 788/787/1748 789/788/1749
f 788/787/1750 787/786/1751 790/789/1752
f 788/787/1753 791/790/1754 789/788/1755
f 792/791/1756 793/792/1757 794/793/1757
f 777/776/1758 794/793/1759 795/794/1758
f 777/776/1760 795/794/1761 796/795/1760
f 796/795/1762 795/794/1763 797/796/1764
f 779/778/1765 796/795/1766 798/797/1767
f 796/795/1768 797/796/1769 799/798/1770
f 796/795/1771 799/798/1772 798/797/1772
f 798/797/1773 799/798/1774 783/782/1775
f 785/784/1776 769/768/1776 768/767/1777
f 787/786/1778 788/787/1779 771/770/1780
f 788/787/1781 772/771/1782 771/770/1783
f 794/793/1784 777/776/1785 792/791/1786
f 777/776/1787 775/774/1788 792/791/1789
f 792/791/1790 775/774/1791 774/773/1790
f 796/795/1792 779/778/1792 778/777/1793
f 796/795/1794 778/777/1795 777/776/1796
f 783/782/1797 782/781/1798 798/797/1797
f 782/781/1799 768/767/1799 800/799/1800
f 782/781/1801 801/800/1802 798/797/1803
f 798/797/1804 802/801/1805 779/778/1806
f 803/802/1807 804/803/1808 786/785/1809
f 804/803/1810 787/786/1811 786/785/1812
f 804/803/1813 805/804/1814 787/786/1814
f 806/805/1815 797/796/1816 795/794/1817
f 803/802/1818 784/783/1819 806/805/1820
f 784/783/1821 783/782/1822 799/798/1823
f 784/783/1824 799/798/1825 806/805/1824
f 806/805/1826 799/798/1827 797/796/1828
f 803/802/1829 786/785/1830 784/783/1831
f 786/785/1832 785/784/1833 784/783/1834
f 804/803/1835 803/802/1835 806/805/1836
f 806/805/1837 795/794/1838 794/793/1839
f 804/803/1840 806/805/1841 794/793/1842
f 807/806/1843 804/803/1844 794/793/1844
# Vertices: 44, normals: 144, texture coordinates: 44, faces: 56

o obj13
v -0.47746845 -0.11104951 0.00195728
v -0.51909338 -0.10190696 -0.00130266
v -0.47790481 -0.07989775 -0.07853487
v -0.47790481 -0.07989775 -0.07853487
v -0.5411285 -0.04997149 -0.00744104
v -0.50813183 -0.05028805 -0.0789
v -0.47790481 -0.07989775 -0.07853487
v -0.5440979 -0.07283364 0.02450322
v -0.52845688 -0.06860059 0.06891571
v -0.47397515 -0.09097193 0.08646534
v -0.43187564 -0.09572997 0.06964305
v -0.43806801 -0.09815462 -0.03459274
v -0.39790481 -0.06765115 0.05090769
v -0.39475473 -0.07323493 -0.03379302
v -0.41593211 -0.07158709 -0.07408036
v -0.47790481 -0.07989775 -0.07853487
v -0.47790481 -0.07989775 -0.07853487
v -0.5286202 -0.01993953 -0.04386554
v -0.48034191 -0.01469381 -0.07647697
v -0.48034191 -0.01469381 -0.07647697
v -0.47317973 0.02857214 -0.01627292
v -0.44334994 0.01476531 -0.04998501
v -0.47317973 0.02857214 -0.01627292
v -0.52611317 0.00614754 0.00432908
v -0.51271606 0.01356218 0.05590998
v -0.50688695 -0.01917352 0.10768565
v -0.44799373 -0.06058238 0.11136753
v -0.49500165 -0.0574254 0.10804097
v -0.46672695 -0.02004765 0.1307864
v -0.46672695 -0.02004765 0.1307864
v -0.41411981 -0.02356438 0.10644359
v -0.46672695 -0.02004765 0.1307864
v -0.39283799 -0.00949267 0.0701514
v -0.38248822 -0.0343571 -0.01398438
v -0.37844951 -0.00255096 0.00960716
v -0.43092009 -0.01740847 -0.07554516
v -0.40967898 0.01370808 -0.02471657
v -0.47790481 -0.07989775 -0.07853487
v -0.47790481 -0.07989775 -0.07853487
v -0.47790481 -0.07989775 -0.07853487
v -0.45232798 0.03492839 0.06345888
v -0.48390177 0.01602416 0.09721247
v -0.46672695 -0.02004765 0.1307864
v -0.40874033 0.02595813 0.03894069
v -0.45232798 0.03492839 0.06345888
v -0.48390177 0.01602416 0.09721247
v -0.46672695 -0.02004765 0.1307864
vn -0.17401 0.3546 -0.91868
vn -0.17401 0.3546 -0.91868
vn -0.17401 0.3546 -0.91868
vn -0.66479 0.30395 -0.6824
vn -0.66479 0.30395 -0.6824
vn -0.76412 0.51733 -0.38534
vn -0.76412 0.51733 -0.38534
vn -0.84102 0.36438 -0.39989
vn -0.84102 0.36438 -0.39989
vn -0.84102 0.36438 -0.39989
vn -0.5907 -0.28015 -0.7567
vn -0.5907 -0.28015 -0.7567
vn -0.22653 -0.3926 -0.89138
vn -0.22653 -0.3926 -0.89138
vn -0.43132 -0.22538 -0.8736
vn -0.43132 -0.22538 -0.8736
vn -0.43132 -0.22538 -0.8736
vn -0.0173 -0.23179 -0.97261
vn -0.0173 -0.23179 -0.97261
vn -0.0173 -0.23179 -0.97261
vn 0.31392 -0.00344 -0.94944
vn 0.31392 -0.00344 -0.94944
vn 0.31392 -0.00344 -0.94944
vn 0.63059 0.01941 -0.77587
vn 0.63059 0.01941 -0.77587
vn 0.49622 -0.07547 -0.86491
vn 0.49622 -0.07547 -0.86491
vn 0.48168 0.28706 -0.828
vn 0.48168 0.28706 -0.828
vn 0.48168 0.28706 -0.828
vn 0.15036 0.49247 -0.85724
vn 0.15036 0.49247 -0.85724
vn 0.15036 0.49247 -0.85724
vn -0.02944 0.36063 -0.93224
vn -0.02944 0.36063 -0.93224
vn -0.53027 0.71064 0.46238
vn -0.53027 0.71064 0.46238
vn -0.53027 0.71064 0.46238
vn -0.24654 0.54606 0.80065
vn -0.24654 0.54606 0.80065
vn -0.24654 0.54606 0.80065
vn -0.41819 0.49677 0.76048
vn -0.41819 0.49677 0.76048
vn -0.48466 0.39675 0.77955
vn -0.48466 0.39675 0.77955
vn -0.48466 0.39675 0.77955
vn -0.84783 -0.25423 0.46535
vn -0.84783 -0.25423 0.46535
vn -0.95332 -0.2175 0.20946
vn -0.95332 -0.2175 0.20946
vn -0.95334 -0.21091 0.21603
vn -0.95334 -0.21091 0.21603
vn -0.95334 -0.21091 0.21603
vn -0.94424 -0.24522 0.21972
vn -0.94424 -0.24522 0.21972
vn -0.94424 -0.24522 0.21972
vn -0.0962 -0.80864 -0.58038
vn -0.0962 -0.80864 -0.58038
vn -0.0962 -0.80864 -0.58038
vn -0.49565 -0.85615 -0.14605
vn -0.49565 -0.85615 -0.14605
vn -0.49565 -0.85615 -0.14605
vn -0.09353 -0.88037 -0.46498
vn -0.09353 -0.88037 -0.46498
vn -0.09353 -0.88037 -0.46498
vn 0.394 -0.88651 -0.24261
vn 0.394 -0.88651 -0.24261
vn 0.394 -0.88651 -0.24261
vn 0.87639 -0.42924 -0.21838
vn 0.87639 -0.42924 -0.21838
vn 0.97718 -0.16112 -0.13844
vn 0.97718 -0.16112 -0.13844
vn 0.94475 -0.19425 -0.26404
vn 0.94475 -0.19425 -0.26404
vn 0.94475 -0.19425 -0.26404
vn 0.79588 0.56977 0.20477
vn 0.79588 0.56977 0.20477
vn 0.79588 0.56977 0.20477
vn 0.77161 0.55386 0.31283
vn 0.77161 0.55386 0.31283
vn 0.77161 0.55386 0.31283
vn 0.78453 0.52745 0.32604
vn 0.78453 0.52745 0.32604
vn 0.78453 0.52745 0.32604
vn 0.46733 0.59539 0.65354
vn 0.46733 0.59539 0.65354
vn -0.95573 0.10006 0.2767
vn -0.95573 0.10006 0.2767
vn -0.95573 0.10006 0.2767
vn -0.90056 0.41527 -0.12858
vn -0.90056 0.41527 -0.12858
vn -0.90056 0.41527 -0.12858
vn -0.71116 -0.66943 -0.21475
vn -0.71116 -0.66943 -0.21475
vn -0.46211 -0.58541 -0.66615
vn -0.46211 -0.58541 -0.66615
vn 0.63544 -0.58532 -0.50361
vn 0.63544 -0.58532 -0.50361
vn 0.63544 -0.58532 -0.50361
vn 0.67713 -0.60923 -0.41271
vn 0.67713 -0.60923 -0.41271
vn 0.18875 -0.6743 -0.71392
vn 0.18875 -0.6743 -0.71392
vn 0.18875 -0.6743 -0.71392
vn 0.88371 0.46622 -0.04128
vn 0.88371 0.46622 -0.04128
vn 0.94349 -0.05662 -0.32653
vn 0.94349 -0.05662 -0.32653
vn 0.04933 0.77266 0.63289
vn 0.04933 0.77266 0.63289
vn 0.04933 0.77266 0.63289
vn 0.04456 0.99846 0.03318
vn 0.04456 0.99846 0.03318
vn 0.04456 0.99846 0.03318
vn 0.02062 0.99927 0.03231
vn 0.02062 0.99927 0.03231
vn 0.02062 0.99927 0.03231
vn 0.07261 0.99734 -0.00688
vn 0.07261 0.99734 -0.00688
vn 0.07261 0.99734 -0.00688
vn -0.34842 -0.18834 0.91822
vn -0.34842 -0.18834 0.91822
vn -0.34842 -0.18834 0.91822
vn -0.68455 -0.44306 0.57887
vn -0.68455 -0.44306 0.57887
vn -0.68455 -0.44306 0.57887
vn -0.42329 -0.75484 0.50103
vn -0.42329 -0.75484 0.50103
vn -0.42329 -0.75484 0.50103
vn 0.78118 -0.25118 0.57155
vn 0.78118 -0.25118 0.57155
vn 0.13804 0.11453 0.98378
vn 0.13804 0.11453 0.98378
vn 0.19462 0.21934 0.95604
vn 0.19462 0.21934 0.95604
vn 0.20008 0.18799 0.96157
vn 0.20008 0.18799 0.96157
vn 0.58922 0.16105 0.79176
vn 0.58922 0.16105 0.79176
vn 0.58922 0.16105 0.79176
vn -0.33491 -0.01248 0.94217
vn -0.33491 -0.01248 0.94217
vn -0.33491 -0.01248 0.94217
vn -0.39916 0.02806 0.91645
vn -0.39916 0.02806 0.91645
vn 0.47253 -0.54549 0.69221
vn 0.47253 -0.54549 0.69221
vn 0.47253 -0.54549 0.69221
vn 0.50537 -0.73023 0.45975
vn 0.50537 -0.73023 0.45975
vn 0.50537 -0.73023 0.45975
vn 0.34585 -0.57278 0.74318
vn 0.34585 -0.57278 0.74318
vn 0.32952 -0.60774 0.72255
vn 0.32952 -0.60774 0.72255
vt 0.48363 0.63477
vt 0.56562 0.70196
vt 0.41928 0.79468
vt 0.68189 0.95408
vt 0.71144 0.75658
vt 0.76941 0.89349
vt 0.55099 0.87503
vt 0.66337 0.68831
vt 0.67315 0.60855
vt 0.58588 0.51499
vt 0.51561 0.48638
vt 0.36651 0.59217
vt 0.46217 0.43164
vt 0.3306 0.48981
vt 0.2455 0.51408
vt 0.23963 0.66219
vt 0.33619 0.72717
vt 0.80623 0.80121
vt 0.87976 0.88571
vt 0.08929 0.27903
vt 0.1973 0.16163
vt 0.19508 0.26296
vt 0.97171 0.76052
vt 0.84913 0.72241
vt 0.86966 0.64083
vt 0.79224 0.53326
vt 0.60731 0.41548
vt 0.68575 0.50239
vt 0.77684 0.43232
vt 0.72356 0.39312
vt 0.53507 0.30397
vt 0.66254 0.30899
vt 0.4487 0.30078
vt 0.33282 0.40042
vt 0.35007 0.33239
vt 0.17396 0.36415
vt 0.26597 0.2865
vt 0.75643 0.9995
vt 0.0005 0.42155
vt 0.10488 0.53712
vt 0.9995 0.60183
vt 0.89905 0.55146
vt 0.83582 0.44138
vt 0.35751 0.23565
vt 0.3719 0.13902
vt 0.47858 0.09652
vt 0.57791 0.17289
usemtl mat1
f 808/807/1845 809/808/1846 810/809/1847
f 811/810/1848 812/811/1849 813/812/1848
f 814/813/1850 809/808/1850 812/811/1851
f 809/808/1852 815/814/1853 812/811/1854
f 809/808/1855 816/815/1855 815/814/1856
f 809/808/1857 808/807/1858 816/815/1857
f 808/807/1859 817/816/1860 816/815/1861
f 808/807/1862 818/817/1863 817/816/1864
f 808/807/1865 819/818/1866 818/817/1867
f 819/818/1868 820/819/1869 818/817/1869
f 819/818/1870 821/820/1871 820/819/1870
f 822/821/1872 821/820/1873 819/818/1874
f 819/818/1875 823/822/1876 822/821/1877
f 808/807/1878 824/823/1879 819/818/1878
f 813/812/1880 825/824/1881 826/825/1882
f 827/826/1883 828/827/1884 829/828/1885
f 826/825/1886 825/824/1886 830/829/1887
f 825/824/1888 831/830/1889 830/829/1890
f 815/814/1891 816/815/1891 812/811/1892
f 812/811/1893 832/831/1893 831/830/1894
f 812/811/1895 816/815/1896 832/831/1897
f 816/815/1898 833/832/1899 832/831/1900
f 817/816/1901 834/833/1902 835/834/1903
f 835/834/1904 836/835/1905 833/832/1906
f 835/834/1907 834/833/1908 837/836/1909
f 834/833/1910 838/837/1911 839/838/1912
f 820/819/1913 840/839/1914 838/837/1913
f 820/819/1915 841/840/1916 840/839/1915
f 841/840/1917 842/841/1918 840/839/1919
f 822/821/1920 843/842/1921 841/840/1922
f 841/840/1923 844/843/1924 842/841/1925
f 841/840/1926 843/842/1927 844/843/1928
f 843/842/1929 829/828/1930 844/843/1929
f 831/830/1931 825/824/1932 812/811/1933
f 825/824/1934 813/812/1935 812/811/1936
f 833/832/1937 816/815/1937 835/834/1938
f 835/834/1939 816/815/1939 817/816/1940
f 838/837/1941 834/833/1942 820/819/1943
f 820/819/1944 834/833/1945 818/817/1944
f 834/833/1946 817/816/1947 818/817/1948
f 841/840/1949 821/820/1949 822/821/1950
f 841/840/1951 820/819/1951 821/820/1952
f 829/828/1953 843/842/1954 827/826/1955
f 826/825/1956 845/844/1957 813/812/1958
f 827/826/1959 843/842/1960 846/845/1961
f 843/842/1962 822/821/1963 847/846/1964
f 848/847/1965 832/831/1966 849/848/1967
f 849/848/1968 832/831/1969 833/832/1970
f 849/848/1971 833/832/1972 850/849/1973
f 851/850/1974 840/839/1975 842/841/1974
f 852/851/1976 851/850/1976 828/827/1977
f 828/827/1978 844/843/1978 829/828/1979
f 828/827/1980 851/850/1980 844/843/1981
f 851/850/1982 842/841/1983 844/843/1984
f 848/847/1985 830/829/1986 832/831/1987
f 832/831/1988 830/829/1989 831/830/1989
f 838/837/1990 840/839/1991 851/850/1992
f 851/850/1993 852/851/1994 853/852/1995
f 838/837/1996 851/850/1997 853/852/1996
f 854/853/1998 838/837/1999 853/852/1998
# Vertices: 47, normals: 155, texture coordinates: 47, faces: 60

o obj14
v -0.25317095 0.07191673 0.00530018
v -0.27095631 0.07134378 0.08742057
v -0.32157907 0.03387765 0.0840919
v -0.26264703 0.10324969 0.10774261
v -0.3535505 0.04676542 0.10338265
v -0.22029934 0.11893577 0.08494999
v -0.19251335 0.13703329 0.03919321
v -0.20194474 0.1153456 -0.01119258
v -0.25194699 0.09524649 -0.06385771
v -0.33165442 0.03490987 -0.02893717
v -0.30111534 0.1027415 -0.11563758
v -0.34576806 0.02014536 0.00134004
v -0.39810317 0.03417721 -0.06173895
v -0.41878742 0.02939456 -0.01804161
v -0.41876597 0.03866422 0.0560129
v -0.33107436 0.11619767 0.11688978
v -0.41044438 0.09415615 0.07748371
v -0.41044438 0.09415615 0.07748371
v -0.36959244 0.19068588 0.02716818
v -0.42520618 0.14551562 0.01205289
v -0.41044438 0.09415615 0.07748371
v -0.36959244 0.19068588 0.02716818
v -0.29119047 0.18271488 0.08070154
v -0.20953729 0.21017869 0.04148634
v -0.18887229 0.20406218 -0.00413197
v -0.20763099 0.16534105 -0.08708284
v -0.17486393 0.15831247 -0.02368362
v -0.19698173 0.18677743 -0.06690784
v -0.20763099 0.16534105 -0.08708284
v -0.20763099 0.16534105 -0.08708284
v -0.26234875 0.18434003 -0.12211228
v -0.19698173 0.18677743 -0.06690784
v -0.31953208 0.1806181 -0.13078501
v -0.37685728 0.10529546 -0.12215241
v -0.39881227 0.15399502 -0.11208757
v -0.4475386 0.08423629 0.01353312
v -0.43484539 0.08842649 -0.05957879
v -0.42232549 0.15648575 -0.04843354
v -0.20763099 0.16534105 -0.08708284
v -0.20763099 0.16534105 -0.08708284
v -0.20763099 0.16534105 -0.08708284
v -0.41044438 0.09415615 0.07748371
v -0.41044438 0.09415615 0.07748371
v -0.41044438 0.09415615 0.07748371
v -0.30965319 0.2186357 -0.04391778
v -0.29517989 0.21243237 0.02499991
v -0.23314226 0.22158007 -0.02796119
v -0.23314226 0.22158007 -0.02796119
v -0.29517989 0.21243237 0.02499991
v -0.36214257 0.19450124 -0.08760901
vn 0.58535 -0.12118 -0.80167
vn 0.58535 -0.12118 -0.80167
vn 0.28109 -0.80986 -0.51489
vn 0.28109 -0.80986 -0.51489
vn 0.28109 -0.80986 -0.51489
vn 0.37024 -0.7368 -0.56572
vn 0.54475 -0.63579 -0.54683
vn 0.68228 -0.12975 -0.71948
vn 0.68228 -0.12975 -0.71948
vn 0.68577 -0.14354 -0.71352
vn 0.68577 -0.14354 -0.71352
vn 0.66945 -0.18443 -0.7196
vn 0.66945 -0.18443 -0.7196
vn 0.57739 0.25179 -0.77668
vn 0.50406 0.26804 -0.82102
vn 0.50406 0.26804 -0.82102
vn 0.50406 0.26804 -0.82102
vn 0.3858 0.48035 -0.78767
vn 0.3858 0.48035 -0.78767
vn 0.3858 0.48035 -0.78767
vn 0.4853 0.18997 -0.85346
vn 0.4853 0.18997 -0.85346
vn 0.4853 0.18997 -0.85346
vn 0.27143 0.53193 -0.80211
vn 0.18716 0.35871 -0.9145
vn 0.18716 0.35871 -0.9145
vn 0.18716 0.35871 -0.9145
vn -0.12958 -0.01504 -0.99146
vn -0.12958 -0.01504 -0.99146
vn -0.12958 -0.01504 -0.99146
vn -0.12958 -0.01504 -0.99146
vn 0.48793 -0.00222 -0.87288
vn 0.48793 -0.00222 -0.87288
vn 0.48793 -0.00222 -0.87288
vn -0.1036 -0.19222 -0.97587
vn -0.1036 -0.19222 -0.97587
vn -0.1036 -0.19222 -0.97587
vn -0.15055 -0.36443 -0.91898
vn -0.15055 -0.36443 -0.91898
vn -0.43699 -0.89885 -0.0334
vn -0.43699 -0.89885 -0.0334
vn -0.43699 -0.89885 -0.0334
vn -0.60534 -0.57148 0.55406
vn -0.60534 -0.57148 0.55406
vn -0.48825 -0.67194 0.55687
vn -0.40267 -0.68082 0.61184
vn -0.40267 -0.68082 0.61184
vn -0.40267 -0.68082 0.61184
vn -0.22123 -0.23955 0.94534
vn -0.22123 -0.23955 0.94534
vn -0.22123 -0.23955 0.94534
vn 0.28452 -0.87176 0.39885
vn 0.28452 -0.87176 0.39885
vn 0.66016 -0.73971 0.13046
vn 0.66016 -0.73971 0.13046
vn 0.90256 -0.3823 0.19808
vn 0.90256 -0.3823 0.19808
vn 0.90256 -0.3823 0.19808
vn 0.70394 0.42677 -0.56774
vn 0.70394 0.42677 -0.56774
vn 0.70394 0.42677 -0.56774
vn 0.90302 0.2185 0.36988
vn 0.90302 0.2185 0.36988
vn 0.88796 0.45985 -0.00833
vn 0.88796 0.45985 -0.00833
vn 0.88796 0.45985 -0.00833
vn 0.58869 0.71381 0.37936
vn 0.58869 0.71381 0.37936
vn 0.58869 0.71381 0.37936
vn 0.15789 0.97562 -0.15243
vn 0.15789 0.97562 -0.15243
vn 0.15789 0.97562 -0.15243
vn 0.07864 0.98189 -0.17238
vn 0.07864 0.98189 -0.17238
vn 0.07864 0.98189 -0.17238
vn -0.25535 0.9632 0.08395
vn -0.25535 0.9632 0.08395
vn -0.91 0.17941 -0.37378
vn -0.91 0.17941 -0.37378
vn -0.91 0.17941 -0.37378
vn -0.91128 0.34539 0.2242
vn -0.91128 0.34539 0.2242
vn -0.91128 0.34539 0.2242
vn -0.96657 0.15615 0.20338
vn -0.96657 0.15615 0.20338
vn -0.93927 -0.01743 0.34273
vn -0.93927 -0.01743 0.34273
vn 0.1925 -0.90583 0.37739
vn 0.1925 -0.90583 0.37739
vn 0.1925 -0.90583 0.37739
vn 0.08872 -0.97195 -0.2178
vn 0.08872 -0.97195 -0.2178
vn 0.08872 -0.97195 -0.2178
vn 0.93691 -0.31458 0.15244
vn 0.93691 -0.31458 0.15244
vn 0.85252 -0.06373 -0.51879
vn 0.85252 -0.06373 -0.51879
vn 0.44687 0.84974 -0.27973
vn 0.44687 0.84974 -0.27973
vn 0.44687 0.84974 -0.27973
vn 0.56034 0.61274 -0.55729
vn 0.56034 0.61274 -0.55729
vn 0.68979 0.43364 -0.57979
vn 0.68979 0.43364 -0.57979
vn 0.68979 0.43364 -0.57979
vn -0.69907 0.69413 -0.1717
vn -0.69907 0.69413 -0.1717
vn -0.76096 0.4148 -0.49887
vn -0.76096 0.4148 -0.49887
vn -0.61946 0.67987 -0.39248
vn -0.61946 0.67987 -0.39248
vn -0.61946 0.67987 -0.39248
vn 0.04289 0.75508 -0.65423
vn 0.04289 0.75508 -0.65423
vn -0.84091 -0.43858 0.31705
vn -0.84091 -0.43858 0.31705
vn -0.84091 -0.43858 0.31705
vn -0.55374 -0.80117 -0.22695
vn -0.55374 -0.80117 -0.22695
vn -0.8584 -0.50846 -0.06801
vn -0.8584 -0.50846 -0.06801
vn -0.8584 -0.50846 -0.06801
vn -0.86893 -0.06172 -0.49108
vn -0.86893 -0.06172 -0.49108
vn -0.86893 -0.06172 -0.49108
vn -0.05946 -0.10187 0.99302
vn -0.05946 -0.10187 0.99302
vn -0.05946 -0.10187 0.99302
vn 0.35187 -0.03397 0.93543
vn 0.35187 -0.03397 0.93543
vn -0.00558 -0.16385 0.98647
vn -0.00558 -0.16385 0.98647
vn -0.00558 -0.16385 0.98647
vn -0.06802 -0.47341 0.87821
vn -0.06802 -0.47341 0.87821
vn -0.06802 -0.47341 0.87821
vn 0.48299 0.28989 0.82625
vn 0.48299 0.28989 0.82625
vn -0.37823 0.59996 0.70497
vn -0.37823 0.59996 0.70497
vn -0.41976 -0.00293 0.90763
vn -0.41976 -0.00293 0.90763
vn -0.64417 -0.10669 0.7574
vn -0.64417 -0.10669 0.7574
vn -0.64417 -0.10669 0.7574
vn -0.53721 0.00683 0.84342
vn -0.53721 0.00683 0.84342
vn -0.63146 0.26181 0.72987
vn -0.63146 0.26181 0.72987
vn -0.63146 0.26181 0.72987
vn -0.27378 -0.1431 0.95109
vn -0.27378 -0.1431 0.95109
vn -0.27378 -0.1431 0.95109
vn -0.23485 -0.47059 0.85053
vn -0.23485 -0.47059 0.85053
vn -0.23485 -0.47059 0.85053
vn 0.33597 0.43471 0.83555
vn 0.33597 0.43471 0.83555
vn 0.33597 0.43471 0.83555
vn 0.0012 0.40105 0.91606
vn 0.0012 0.40105 0.91606
vn 0.0012 0.40105 0.91606
vn 0.04349 0.3791 0.92433
vn 0.04349 0.3791 0.92433
vn -0.09661 0.38982 0.91581
vn -0.09661 0.38982 0.91581
vn -0.09661 0.38982 0.91581
vt 0.3956 0.62737
vt 0.25551 0.68583
vt 0.21976 0.62148
vt 0.23312 0.75958
vt 0.14495 0.6358
vt 0.29584 0.75937
vt 0.37615 0.75713
vt 0.46112 0.69251
vt 0.49484 0.55619
vt 0.36869 0.51002
vt 0.5088 0.41989
vt 0.31626 0.5246
vt 0.33988 0.42927
vt 0.26568 0.43998
vt 0.13826 0.4816
vt 0.12462 0.79277
vt 0.01149 0.70433
vt 0.06353 0.12004
vt 0.2267 0.06991
vt 0.17789 0.19278
vt 0.0005 0.86026
vt 0.09826 0.9995
vt 0.19278 0.89828
vt 0.32103 0.89554
vt 0.40386 0.87548
vt 0.59382 0.73998
vt 0.47965 0.78136
vt 0.52386 0.87227
vt 0.58119 0.84982
vt 0.63575 0.18178
vt 0.54903 0.25833
vt 0.6066 0.12437
vt 0.4745 0.26431
vt 0.41223 0.35944
vt 0.36598 0.27886
vt 0.15328 0.32982
vt 0.27864 0.33718
vt 0.26367 0.2277
vt 0.65078 0.31442
vt 0.61901 0.55537
vt 0.59143 0.63455
vt 0.04959 0.24359
vt 0.02569 0.54187
vt 0.03525 0.40068
vt 0.38173 0.1084
vt 0.33731 0.0005
vt 0.4839 0.04083
vt 0.39903 0.9725
vt 0.22971 0.99133
vt 0.36822 0.20693
usemtl mat1
f 855/854/2000 856/855/2001 857/856/2001
f 857/856/2002 858/857/2003 859/858/2004
f 857/856/2005 856/855/2005 858/857/2005
f 856/855/2006 860/859/2006 858/857/2006
f 856/855/2007 861/860/2007 860/859/2008
f 856/855/2009 855/854/2009 861/860/2010
f 855/854/2011 862/861/2011 861/860/2012
f 855/854/2013 863/862/2013 862/861/2013
f 855/854/2014 864/863/2015 863/862/2016
f 864/863/2017 865/864/2018 863/862/2019
f 855/854/2020 866/865/2021 864/863/2022
f 864/863/2023 867/866/2023 865/864/2023
f 864/863/2024 866/865/2025 867/866/2026
f 867/866/2027 866/865/2028 868/867/2029
f 866/865/2028 869/868/2030 868/867/2029
f 855/854/2031 857/856/2032 866/865/2033
f 866/865/2034 857/856/2035 869/868/2036
f 857/856/2037 859/858/2037 869/868/2038
f 859/858/2039 870/869/2040 871/870/2041
f 872/871/2042 873/872/2042 874/873/2043
f 875/874/2044 870/869/2044 876/875/2044
f 870/869/2045 877/876/2046 876/875/2047
f 860/859/2048 861/860/2049 858/857/2050
f 858/857/2051 878/877/2051 877/876/2052
f 858/857/2053 861/860/2053 878/877/2054
f 861/860/2055 879/878/2056 878/877/2057
f 862/861/2058 880/879/2059 881/880/2060
f 881/880/2061 882/881/2062 879/878/2062
f 881/880/2063 883/882/2064 882/881/2065
f 884/883/2066 885/884/2067 886/885/2068
f 865/864/2069 887/886/2070 885/884/2071
f 865/864/2072 888/887/2073 887/886/2074
f 888/887/2075 889/888/2076 887/886/2075
f 868/867/2077 890/889/2078 891/890/2079
f 891/890/2080 892/891/2081 889/888/2082
f 891/890/2083 890/889/2083 892/891/2084
f 890/889/2085 874/873/2085 892/891/2086
f 877/876/2087 870/869/2088 858/857/2089
f 870/869/2090 859/858/2091 858/857/2092
f 879/878/2093 861/860/2093 881/880/2094
f 881/880/2095 861/860/2096 862/861/2095
f 885/884/2097 893/892/2098 865/864/2099
f 865/864/2100 894/893/2100 863/862/2101
f 895/894/2102 862/861/2103 863/862/2104
f 889/888/2105 888/887/2105 891/890/2106
f 891/890/2107 867/866/2108 868/867/2107
f 891/890/2109 888/887/2110 867/866/2111
f 888/887/2112 865/864/2113 867/866/2113
f 874/873/2114 890/889/2115 896/895/2116
f 897/896/2117 869/868/2117 859/858/2118
f 898/897/2119 890/889/2120 869/868/2121
f 890/889/2122 868/867/2123 869/868/2124
f 899/898/2125 900/899/2126 901/900/2127
f 902/901/2128 878/877/2129 879/878/2128
f 902/901/2130 903/902/2131 878/877/2132
f 903/902/2133 877/876/2134 878/877/2135
f 902/901/2136 879/878/2137 882/881/2137
f 904/903/2138 887/886/2138 889/888/2139
f 899/898/2140 904/903/2140 873/872/2141
f 873/872/2142 892/891/2143 874/873/2144
f 873/872/2145 904/903/2146 892/891/2146
f 904/903/2147 889/888/2148 892/891/2149
f 899/898/2150 873/872/2151 900/899/2152
f 903/902/2153 876/875/2154 877/876/2155
f 886/885/2156 885/884/2157 901/900/2158
f 899/898/2159 885/884/2160 887/886/2161
f 885/884/2162 899/898/2162 901/900/2163
f 899/898/2164 887/886/2165 904/903/2166
# Vertices: 50, normals: 167, texture coordinates: 50, faces: 68

o obj15
v 0.03264368 0.0688867 0.02789061
v 0.02092498 0.0580981 0.04284299
v 0.04898031 0.04276589 0.0379851
v 0.01321227 0.01509243 0.05525729
v 0.03473649 0.01372682 0.05561034
v 0.05427229 0.00886639 0.04498216
v 0.03264368 0.0688867 0.02789061
v 0.05052357 0.04059043 0.01826543
v 0.05718799 0.01748064 0.02775833
v 0.06115552 0.00792703 0.00913042
v 0.03264368 0.0688867 0.02789061
v 0.03040225 0.04839002 0.0080616
v 0.04360741 0.02100215 1.696E-05
v 0.02508211 0.0245197 -0.00472468
v 0.03264368 0.0688867 0.02789061
v 0.03040225 0.04839002 0.0080616
v 0.01435395 0.04947737 0.02541449
v 0.02508211 0.0245197 -0.00472468
v 0.00382276 0.00101134 0.00235192
v -0.00410549 0.00939801 0.02258279
v 0.03264368 0.0688867 0.02789061
v 0.00296733 0.03153931 0.03760026
v 0.00528505 -0.03670671 0.0486666
v 0.02410992 -0.02305162 0.06133863
v -0.00347029 -0.06362362 0.03992141
v 0.01554152 -0.05960791 0.0532108
v 0.0324856 -0.07593675 0.05400024
v 0.04804139 -0.01907437 0.05627375
v 0.06837062 -0.0177447 0.04181384
v 0.05216009 -0.06333012 0.04242716
v 0.06419196 -0.06301749 0.02756663
v 0.06170013 -0.01553882 0.01640364
v 0.0536548 -0.01375868 -0.0002646
v 0.05975583 -0.07684197 0.00835127
v 0.04368168 -0.05236657 -0.00321694
v 0.03482994 -0.02209766 -0.01293661
v 0.0060109 -0.02710439 -0.00457832
v 0.04368168 -0.05236657 -0.00321694
v 0.02598208 -0.07580923 -0.0058426
v 0.00580103 -0.06466806 0.00519226
v 0.00100702 -0.0257892 0.01307604
v -0.00764786 -0.03420378 0.03529177
v -0.00269615 -0.08870012 0.01985936
v 0.03482994 -0.02209766 -0.01293661
v 0.03013975 -0.09708554 0.02504869
v 0.04897188 -0.09219243 0.02704403
v 0.03412972 -0.10002088 0.04570223
v 0.03013975 -0.09708554 0.02504869
v 0.0380896 -0.09549836 0.01064231
v 0.03013975 -0.09708554 0.02504869
v 0.01613853 -0.10286934 0.01105992
v 0.0380896 -0.09549836 0.01064231
v 0.03013975 -0.09708554 0.02504869
v 0.01288165 -0.10466144 0.03764342
v 0.03013975 -0.09708554 0.02504869
v 0.07563596 -0.06189492 0.03092946
v 0.0750482 -0.0826432 0.04003698
v 0.07345914 -0.0828317 0.02202595
v 0.07563596 -0.06189492 0.03092946
v 0.07345914 -0.0828317 0.02202595
v 0.06141553 -0.07619371 0.01614916
v 0.07563596 -0.06189492 0.03092946
v 0.05611205 -0.0679931 0.02974323
v 0.07563596 -0.06189492 0.03092946
v 0.06070971 -0.07723364 0.04347654
v 0.07563596 -0.06189492 0.03092946
v 0.05517663 -0.10189472 0.04314936
v 0.06129484 -0.10893226 0.029778
v 0.0568457 -0.10053554 0.01504243
v 0.0568457 -0.10053554 0.01504243
v 0.04626619 -0.09116007 0.02103291
v 0.04376479 -0.09558228 0.0364617
v 0.04760005 -0.10933763 0.0277181
v 0.04760005 -0.10933763 0.0277181
v 0.04760005 -0.10933763 0.0277181
v 0.04760005 -0.10933763 0.0277181
v 0.04760005 -0.10933763 0.0277181
v -0.01273882 -0.07220341 0.02559195
v -0.0005432 -0.08687014 0.03911899
v 0.00572387 -0.08630344 0.021558
v -0.01273882 -0.07220341 0.02559195
v -0.00386782 -0.09113154 0.01048007
v -0.01273882 -0.07220341 0.02559195
v -0.01847716 -0.09166596 0.01967118
v -0.01273882 -0.07220341 0.02559195
v -0.01409344 -0.09534326 0.03644532
v -0.01273882 -0.07220341 0.02559195
v -0.01409344 -0.09534326 0.03644532
v 0.00203793 -0.1154496 0.04038159
v 0.01611562 -0.11354387 0.03137986
v 0.01285861 -0.11017449 0.0139085
v -0.00265299 -0.11337778 0.0138968
v -0.00663256 -0.11988788 0.02881698
v 0.00203793 -0.1154496 0.04038159
v 0.00956953 -0.12459822 0.0251149
v 0.00956953 -0.12459822 0.0251149
v 0.00956953 -0.12459822 0.0251149
v 0.00956953 -0.12459822 0.0251149
v 0.00956953 -0.12459822 0.0251149
vn 0.42297 -0.72434 0.54446
vn 0.00182 -0.96086 0.27704
vn 0.00182 -0.96086 0.27704
vn 0.00182 -0.96086 0.27704
vn 0.34548 -0.86777 0.35723
vn 0.34548 -0.86777 0.35723
vn 0.34548 -0.86777 0.35723
vn 0.50994 -0.82322 0.24952
vn 0.50994 -0.82322 0.24952
vn 0.50994 -0.82322 0.24952
vn 0.8465 -0.00752 0.53233
vn 0.8465 -0.00752 0.53233
vn 0.94429 -0.26047 0.20117
vn 0.94429 -0.26047 0.20117
vn 0.9552 -0.04244 0.2929
vn 0.9552 -0.04244 0.2929
vn 0.9552 -0.04244 0.2929
vn 0.95378 -0.05128 0.29611
vn 0.95378 -0.05128 0.29611
vn 0.95378 -0.05128 0.29611
vn 0.5372 0.6348 0.55538
vn 0.5372 0.6348 0.55538
vn 0.5372 0.6348 0.55538
vn 0.63711 0.66315 0.39284
vn 0.63711 0.66315 0.39284
vn 0.63711 0.66315 0.39284
vn 0.53715 0.70335 0.46558
vn 0.53715 0.70335 0.46558
vn 0.2977 0.86757 0.39837
vn 0.2977 0.86757 0.39837
vn -0.56559 0.56095 0.60452
vn -0.56559 0.56095 0.60452
vn -0.56559 0.56095 0.60452
vn -0.69042 0.56233 0.45509
vn -0.69042 0.56233 0.45509
vn -0.64621 0.62506 0.43785
vn -0.64621 0.62506 0.43785
vn -0.64621 0.62506 0.43785
vn -0.78726 0.47267 0.39598
vn -0.78726 0.47267 0.39598
vn -0.78726 0.47267 0.39598
vn -0.72169 0.06861 0.68881
vn -0.88338 0.20519 0.42136
vn -0.88338 0.20519 0.42136
vn -0.83135 -0.03923 0.55437
vn -0.83135 -0.03923 0.55437
vn -0.83135 -0.03923 0.55437
vn -0.66377 -0.67843 0.31488
vn -0.66377 -0.67843 0.31488
vn -0.54684 -0.83693 -0.0228
vn -0.54684 -0.83693 -0.0228
vn -0.54684 -0.83693 -0.0228
vn -0.55845 -0.82503 -0.0864
vn -0.55845 -0.82503 -0.0864
vn -0.52378 -0.84929 -0.06606
vn -0.52378 -0.84929 -0.06606
vn -0.52378 -0.84929 -0.06606
vn -0.20523 -0.96448 -0.16633
vn -0.20523 -0.96448 -0.16633
vn -0.20523 -0.96448 -0.16633
vn 0.55912 -0.8045 0.20043
vn 0.55912 -0.8045 0.20043
vn 0.586 -0.78729 -0.19179
vn 0.586 -0.78729 -0.19179
vn 0.57697 -0.79327 -0.1945
vn 0.57697 -0.79327 -0.1945
vn 0.57697 -0.79327 -0.1945
vn 0.75319 -0.60436 -0.25971
vn 0.75319 -0.60436 -0.25971
vn 0.75319 -0.60436 -0.25971
vn 0.88955 0.44178 -0.11629
vn 0.88955 0.44178 -0.11629
vn 0.88955 0.44178 -0.11629
vn 0.97461 0.22392 -0.0015
vn 0.97461 0.22392 -0.0015
vn 0.9014 0.43207 0.02817
vn 0.9014 0.43207 0.02817
vn 0.9014 0.43207 0.02817
vn 0.51339 0.85552 -0.0672
vn 0.51339 0.85552 -0.0672
vn -0.29391 0.94995 0.10588
vn -0.29391 0.94995 0.10588
vn 0.37574 0.9087 -0.18191
vn -0.26419 0.96086 -0.08339
vn -0.26419 0.96086 -0.08339
vn -0.26419 0.96086 -0.08339
vn -0.55473 0.80599 -0.20654
vn -0.55473 0.80599 -0.20654
vn -0.92688 0.37385 -0.03367
vn -0.92688 0.37385 -0.03367
vn -0.92688 0.37385 -0.03367
vn -0.86258 0.50591 -0.00377
vn -0.93375 0.35756 0.01641
vn -0.93375 0.35756 0.01641
vn -0.93375 0.35756 0.01641
vn -0.98591 -0.11444 -0.12199
vn -0.98591 -0.11444 -0.12199
vn -0.98591 -0.11444 -0.12199
vn 0.22182 -0.97 -0.09947
vn 0.22182 -0.97 -0.09947
vn 0.22182 -0.97 -0.09947
vn 0.50808 -0.83196 0.22292
vn 0.50808 -0.83196 0.22291
vn 0.50808 -0.83196 0.22292
vn 0.19061 -0.97685 0.09707
vn 0.19061 -0.97685 0.09707
vn 0.19061 -0.97685 0.09707
vn -0.00633 -0.98779 0.15568
vn -0.00633 -0.98779 0.15568
vn -0.00633 -0.98779 0.15568
vn 0.96699 0.25464 -0.00912
vn 0.98246 -0.17046 0.07564
vn 0.98246 -0.17046 0.07564
vn 0.98246 -0.17046 0.07564
vn 0.95011 0.23124 0.20935
vn 0.95011 0.23124 0.20935
vn 0.95011 0.23124 0.20935
vn 0.84536 -0.34647 0.40661
vn 0.84536 -0.34647 0.40661
vn 0.84536 -0.34647 0.40661
vn 0.583 0.8076 -0.08884
vn 0.583 0.8076 -0.08884
vn 0.583 0.8076 -0.08884
vn 0.28127 0.93331 0.22322
vn 0.28127 0.93331 0.22322
vn 0.28127 0.93331 0.22322
vn 0.50444 0.84984 0.15269
vn 0.50444 0.84984 0.15269
vn 0.54873 0.81951 0.16524
vn 0.54873 0.81951 0.16524
vn -0.96136 0.2677 -0.06426
vn -0.96136 0.2677 -0.06426
vn -0.93599 0.34958 -0.04155
vn -0.93599 0.34958 -0.04155
vn -0.93599 0.34958 -0.04155
vn -0.96222 0.27215 -0.0078
vn -0.96222 0.27215 -0.0078
vn -0.96222 0.27215 -0.0078
vn -0.47943 0.86002 0.17467
vn -0.47943 0.86002 0.17467
vn -0.47943 0.86002 0.17467
vn -0.71816 -0.69584 0.00752
vn -0.71816 -0.69584 0.00752
vn -0.83842 -0.54178 0.05938
vn -0.83842 -0.54178 0.05938
vn -0.83842 -0.54178 0.05938
vn -0.70756 -0.70095 0.08963
vn -0.96061 -0.23596 0.14682
vn -0.96061 -0.23596 0.14682
vn -0.96061 -0.23596 0.14682
vn 0.26549 0.18574 -0.94605
vn 0.26549 0.18574 -0.94605
vn 0.26549 0.18574 -0.94605
vn 0.72081 -0.57548 -0.38634
vn 0.72081 -0.57548 -0.38634
vn 0.79921 -0.4893 -0.34907
vn 0.79921 -0.4893 -0.34907
vn 0.59696 -0.77018 -0.22461
vn 0.59696 -0.77018 -0.22461
vn 0.59696 -0.77018 -0.22461
vn 0.24835 -0.03038 -0.9682
vn 0.24835 -0.03038 -0.9682
vn 0.1789 0.92971 -0.32193
vn 0.1789 0.92971 -0.32193
vn 0.61471 0.25758 -0.74551
vn 0.61471 0.25758 -0.74551
vn 0.61471 0.25758 -0.74551
vn 0.8783 -0.12854 -0.4605
vn 0.8783 -0.12854 -0.4605
vn 0.8783 -0.12854 -0.4605
vn 0.31873 -0.07176 -0.94513
vn 0.31873 -0.07176 -0.94513
vn 0.31873 -0.07176 -0.94513
vn -0.57337 0.7722 -0.27377
vn -0.57337 0.7722 -0.27377
vn 0.17494 0.80521 -0.5666
vn 0.17494 0.80521 -0.5666
vn 0.17494 0.80521 -0.5666
vn 0.53957 0.77869 -0.32017
vn 0.53957 0.77869 -0.32017
vn 0.39348 0.01376 -0.91923
vn 0.39348 0.01376 -0.91923
vn 0.39348 0.01376 -0.91923
vn -0.83767 -0.41358 -0.35674
vn -0.83767 -0.41358 -0.35674
vn -0.83767 -0.41358 -0.35674
vn -0.63395 0.12907 -0.76253
vn -0.63395 0.12907 -0.76253
vn -0.56808 0.77638 -0.27298
vn -0.56808 0.77638 -0.27298
vn 0.27692 0.18744 -0.94244
vn 0.27692 0.18744 -0.94244
vn -0.35508 -0.87612 -0.3261
vn -0.35508 -0.87612 -0.3261
vn -0.35508 -0.87612 -0.3261
vn -0.28074 -0.91215 -0.2986
vn -0.28074 -0.91215 -0.2986
vn -0.51815 -0.81737 -0.25184
vn -0.51815 -0.81737 -0.25184
vn -0.51815 -0.81737 -0.25184
vn 0.994 0.087 -0.06635
vn 0.994 0.087 -0.06635
vn 0.54143 0.7925 0.28072
vn -0.21464 0.56454 0.79701
vn -0.21464 0.56454 0.79701
vn -0.21464 0.56454 0.79701
vn -0.2718 -0.59821 0.75383
vn -0.2718 -0.59821 0.75383
vn 0.3461 -0.86265 0.36886
vn 0.3461 -0.86265 0.36886
vn 0.61656 -0.56868 -0.54448
vn 0.61656 -0.56868 -0.54448
vn 0.72279 0.49375 -0.48351
vn 0.72279 0.49375 -0.48351
vn 0.72279 0.49375 -0.48351
vn -0.4082 0.90526 0.11779
vn -0.4082 0.90526 0.11779
vn -0.4082 0.90526 0.11779
vn -0.91525 0.03331 0.4015
vn -0.91525 0.03331 0.4015
vn -0.91525 0.03331 0.4015
vn -0.46481 -0.88056 0.0926
vn -0.46481 -0.88056 0.0926
vn 0.89524 0.07439 -0.43933
vn 0.89524 0.07439 -0.43933
vn 0.89524 0.07439 -0.43933
vn 0.42128 0.90614 -0.03789
vn 0.42128 0.90614 -0.03789
vn 0.42128 0.90614 -0.03789
vn -0.66728 0.55796 0.49337
vn -0.66728 0.55796 0.49337
vn -0.71089 -0.54065 0.44981
vn -0.71089 -0.54065 0.44981
vn 0.21126 -0.97557 -0.06034
vn 0.21126 -0.97557 -0.06034
vn 0.21126 -0.97557 -0.06034
vn 0.10275 0.51571 -0.85058
vn 0.10275 0.51571 -0.85058
vn -0.65812 0.68971 -0.30195
vn -0.65812 0.68971 -0.30195
vn -0.65812 0.68971 -0.30195
vn -0.96945 0.19848 -0.14413
vn -0.96945 0.19848 -0.14413
vn -0.96945 0.19848 -0.14413
vn -0.62747 -0.56599 -0.53473
vn -0.04136 -0.45046 -0.89184
vn -0.04136 -0.45046 -0.89184
vn -0.04136 -0.45046 -0.89184
vn 0.62168 -0.24586 0.74369
vn 0.62168 -0.24586 0.74369
vn 0.62168 -0.24586 0.74369
vn 0.38186 0.62669 0.6793
vn 0.38186 0.62669 0.6793
vn -0.50175 0.77522 0.38377
vn -0.50175 0.77522 0.38377
vn -0.939 -0.28695 0.18956
vn -0.939 -0.28695 0.18956
vn -0.939 -0.28695 0.18956
vn -0.41467 -0.81428 0.4062
vn -0.41467 -0.81428 0.4062
vn -0.41467 -0.81428 0.4062
vn 0.52856 -0.84462 0.08505
vn 0.52856 -0.84462 0.08505
vn 0.52856 -0.84462 0.08505
vn 0.94123 0.11416 0.3179
vn 0.94123 0.11416 0.3179
vn 0.94123 0.11416 0.3179
vn 0.03173 0.98817 -0.15004
vn 0.03173 0.98817 -0.15004
vn -0.78519 0.41139 -0.46286
vn -0.78519 0.41139 -0.46286
vn -0.65379 -0.64316 -0.39862
vn -0.65379 -0.64316 -0.39862
vn 0.84336 -0.31502 0.43531
vn 0.84336 -0.31502 0.43531
vn 0.84336 -0.31502 0.43531
vn 0.59876 0.69325 0.40111
vn 0.59876 0.69325 0.40111
vn -0.52175 0.83847 -0.15727
vn -0.52175 0.83847 -0.15727
vn -0.92717 -0.169 -0.33436
vn -0.92717 -0.169 -0.33436
vn -0.92717 -0.169 -0.33436
vn -0.20819 -0.97778 0.02439
vn -0.20819 -0.97778 0.02439
vn -0.20819 -0.97778 0.02439
vn 0.88883 0.24087 -0.38983
vn 0.88883 0.24087 -0.38983
vn 0.88883 0.24087 -0.38983
vn 0.12999 0.76839 -0.62664
vn 0.12999 0.76839 -0.62664
vn 0.12999 0.76839 -0.62664
vn -0.34264 0.45099 -0.82414
vn -0.34264 0.45099 -0.82414
vn -0.15238 -0.45163 -0.8791
vn -0.15238 -0.45163 -0.8791
vn 0.47714 -0.61285 -0.62988
vn 0.47714 -0.61285 -0.62988
vt 0.33176 0.26289
vt 0.2866 0.37481
vt 0.4659 0.30109
vt 0.35005 0.48761
vt 0.42571 0.43435
vt 0.51542 0.38654
vt 0.47513 0.16887
vt 0.59138 0.23396
vt 0.5747 0.31455
vt 0.67993 0.30259
vt 0.54811 0.11217
vt 0.67604 0.12958
vt 0.72955 0.21736
vt 0.78636 0.13446
vt 0.06692 0.3843
vt 0.02 0.51033
vt 0.16051 0.45248
vt 0.0005 0.64368
vt 0.12576 0.65176
vt 0.20994 0.58313
vt 0.17645 0.33341
vt 0.24709 0.49332
vt 0.37902 0.61447
vt 0.43925 0.53453
vt 0.35816 0.69251
vt 0.45238 0.63689
vt 0.53522 0.63189
vt 0.51049 0.47906
vt 0.5854 0.43188
vt 0.61557 0.55734
vt 0.68364 0.4945
vt 0.68052 0.35889
vt 0.76575 0.3119
vt 0.77634 0.47374
vt 0.86 0.38266
vt 0.01297 0.81478
vt 0.13266 0.72646
vt 0.06828 0.93128
vt 0.1552 0.87262
vt 0.21978 0.78494
vt 0.20331 0.68106
vt 0.3088 0.64354
vt 0.31339 0.78778
vt 0.87182 0.25177
vt 0.71947 0.70883
vt 0.72253 0.5976
vt 0.58616 0.68947
vt 0.82015 0.64509
vt 0.85004 0.55162
vt 0.30488 0.9995
vt 0.29581 0.88184
vt 0.21216 0.97998
vt 0.41988 0.9039
vt 0.45518 0.78168
vt 0.57318 0.82306
vt 0.8267 0.64378
vt 0.81977 0.71503
vt 0.89904 0.64826
vt 0.61818 0.91274
vt 0.6671 0.96621
vt 0.73572 0.93775
vt 0.68893 0.82706
vt 0.78275 0.86923
vt 0.71202 0.79454
vt 0.82058 0.79186
vt 0.74832 0.7108
vt 0.88377 0.80834
vt 0.93054 0.74023
vt 0.9995 0.68123
vt 0.77 0.99054
vt 0.82387 0.95117
vt 0.87975 0.88204
vt 0.9976 0.76818
vt 0.8565 0.9995
vt 0.88173 0.94396
vt 0.94114 0.89039
vt 0.98239 0.79111
vt 0.34459 0.26402
vt 0.38421 0.16312
vt 0.28243 0.18223
vt 0.3158 0.27939
vt 0.21932 0.23692
vt 0.21215 0.34209
vt 0.15933 0.30344
vt 0.12045 0.35609
vt 0.05929 0.30025
vt 0.45108 0.24843
vt 0.45964 0.16606
vt 0.39055 0.09376
vt 0.30452 0.08172
vt 0.21776 0.1362
vt 0.17328 0.20363
vt 0.08792 0.22426
vt 0.00565 0.21584
vt 0.24875 0.06935
vt 0.14877 0.11033
vt 0.10148 0.13921
vt 0.06565 0.14107
vt 0.32155 0.02719
usemtl mat2
f 905/904/2167 906/905/2167 907/906/2167
f 906/905/2168 908/907/2169 909/908/2170
f 906/905/2171 909/908/2172 907/906/2173
f 907/906/2174 909/908/2175 910/909/2176
f 911/910/2177 907/906/2177 912/911/2178
f 907/906/2179 910/909/2180 913/912/2180
f 907/906/2181 913/912/2182 912/911/2183
f 912/911/2184 913/912/2185 914/913/2186
f 915/914/2187 912/911/2188 916/915/2189
f 912/911/2190 914/913/2191 917/916/2192
f 912/911/2193 917/916/2193 916/915/2194
f 916/915/2195 917/916/2196 918/917/2196
f 919/918/2197 920/919/2198 921/920/2199
f 920/919/2200 922/921/2200 923/922/2201
f 920/919/2202 923/922/2203 921/920/2204
f 921/920/2205 923/922/2206 924/923/2207
f 925/924/2208 921/920/2208 906/905/2208
f 921/920/2209 924/923/2210 926/925/2210
f 921/920/2211 926/925/2212 906/905/2213
f 906/905/2214 926/925/2215 908/907/2215
f 908/907/2216 927/926/2217 928/927/2218
f 927/926/2219 929/928/2220 930/929/2220
f 927/926/2221 930/929/2222 928/927/2223
f 928/927/2224 930/929/2225 931/930/2226
f 910/909/2227 932/931/2227 933/932/2228
f 932/931/2229 931/930/2230 934/933/2229
f 932/931/2231 934/933/2232 933/932/2233
f 933/932/2234 934/933/2235 935/934/2236
f 914/913/2237 936/935/2238 937/936/2239
f 936/935/2240 935/934/2241 938/937/2240
f 936/935/2242 938/937/2243 937/936/2244
f 937/936/2245 938/937/2245 939/938/2246
f 922/921/2247 940/939/2248 941/940/2248
f 940/939/2249 942/941/2249 943/942/2249
f 940/939/2250 943/942/2251 941/940/2252
f 941/940/2253 943/942/2253 944/943/2254
f 924/923/2255 945/944/2256 946/945/2257
f 945/944/2258 944/943/2258 947/946/2258
f 945/944/2259 947/946/2260 946/945/2261
f 946/945/2262 947/946/2263 929/928/2264
f 931/930/2265 932/931/2266 928/927/2267
f 932/931/2268 910/909/2269 909/908/2270
f 932/931/2271 909/908/2272 928/927/2273
f 928/927/2274 909/908/2275 908/907/2276
f 935/934/2277 936/935/2277 933/932/2277
f 936/935/2278 914/913/2279 913/912/2280
f 936/935/2281 913/912/2282 933/932/2283
f 933/932/2284 913/912/2285 910/909/2286
f 939/938/2287 948/947/2288 937/936/2289
f 948/947/2290 918/917/2291 917/916/2292
f 948/947/2293 917/916/2293 937/936/2294
f 937/936/2295 917/916/2296 914/913/2295
f 944/943/2297 945/944/2297 941/940/2298
f 945/944/2299 924/923/2300 923/922/2301
f 945/944/2302 923/922/2303 941/940/2304
f 941/940/2305 923/922/2306 922/921/2307
f 929/928/2308 927/926/2309 946/945/2308
f 927/926/2310 908/907/2311 926/925/2312
f 927/926/2313 926/925/2313 946/945/2313
f 946/945/2314 926/925/2315 924/923/2316
f 949/948/2317 950/949/2318 951/950/2319
f 950/949/2320 935/934/2320 934/933/2321
f 950/949/2322 934/933/2323 951/950/2322
f 951/950/2324 934/933/2325 931/930/2326
f 952/951/2327 953/952/2328 950/949/2328
f 953/952/2329 939/938/2330 938/937/2330
f 953/952/2331 938/937/2332 950/949/2333
f 950/949/2334 938/937/2335 935/934/2336
f 954/953/2337 955/954/2338 956/955/2339
f 955/954/2340 944/943/2340 943/942/2341
f 955/954/2342 943/942/2343 956/955/2344
f 956/955/2345 943/942/2345 942/941/2346
f 957/956/2347 958/957/2348 955/954/2349
f 958/957/2350 929/928/2351 947/946/2352
f 958/957/2353 947/946/2354 955/954/2353
f 955/954/2355 947/946/2356 944/943/2355
f 959/958/2357 951/950/2358 958/957/2358
f 951/950/2359 931/930/2360 930/929/2361
f 951/950/2362 930/929/2363 958/957/2362
f 958/957/2364 930/929/2365 929/928/2366
f 960/959/2367 961/960/2368 962/961/2367
f 963/962/2369 964/963/2369 965/964/2369
f 966/965/2370 965/964/2371 967/966/2372
f 968/967/2373 967/966/2374 969/968/2374
f 970/969/2375 969/968/2376 961/960/2375
f 961/960/2377 971/970/2378 972/971/2378
f 962/961/2379 972/971/2380 973/972/2381
f 965/964/2382 974/973/2383 975/974/2384
f 967/966/2385 975/974/2386 976/975/2387
f 969/968/2388 976/975/2389 971/970/2388
f 972/971/2390 962/961/2391 961/960/2392
f 974/973/2393 965/964/2394 964/963/2395
f 975/974/2396 967/966/2396 965/964/2397
f 976/975/2398 969/968/2398 967/966/2399
f 971/970/2400 961/960/2401 969/968/2402
f 977/976/2403 973/972/2404 972/971/2404
f 978/977/2405 975/974/2406 974/973/2407
f 979/978/2408 976/975/2409 975/974/2410
f 980/979/2411 971/970/2411 976/975/2411
f 981/980/2412 972/971/2413 971/970/2414
f 982/981/2415 983/982/2416 984/983/2417
f 985/984/2418 984/983/2419 986/985/2419
f 987/986/2420 986/985/2421 988/987/2420
f 989/988/2422 988/987/2423 990/989/2424
f 991/990/2425 992/991/2426 983/982/2427
f 983/982/2428 993/992/2429 994/993/2430
f 984/983/2431 994/993/2432 995/994/2433
f 986/985/2434 995/994/2435 996/995/2434
f 988/987/2436 996/995/2437 997/996/2437
f 990/989/2438 997/996/2439 998/997/2438
f 994/993/2440 984/983/2441 983/982/2442
f 995/994/2443 986/985/2443 984/983/2444
f 996/995/2445 988/987/2445 986/985/2446
f 997/996/2447 990/989/2448 988/987/2449
f 993/992/2450 983/982/2451 992/991/2452
f 999/998/2453 995/994/2454 994/993/2455
f 1000/999/2456 996/995/2457 995/994/2458
f 1001/1000/2459 997/996/2460 996/995/2460
f 1002/1001/2461 998/997/2462 997/996/2461
f 1003/1002/2463 994/993/2464 993/992/2464
# Vertices: 99, normals: 298, texture coordinates: 99, faces: 120

o obj16
v 0.4575273 -0.04296124 0.06154212
v 0.44249582 -0.07638369 0.08280484
v 0.47471101 -0.08025194 0.07334033
v 0.4575273 -0.04296124 0.06154212
v 0.47471101 -0.08025194 0.07334033
v 0.47999806 -0.08083557 0.04589747
v 0.4575273 -0.04296124 0.06154212
v 0.45236213 -0.07052652 0.03546265
v 0.4575273 -0.04296124 0.06154212
v 0.42998018 -0.07992165 0.05648491
v 0.4575273 -0.04296124 0.06154212
v 0.43050094 -0.12529008 0.06966274
v 0.45795732 -0.13294024 0.08043939
v 0.45795732 -0.13294024 0.08043939
v 0.48230004 -0.12491349 0.06001495
v 0.46630075 -0.11829606 0.03712863
v 0.43754914 -0.12593899 0.04319774
v 0.45623506 -0.14608002 0.05818966
v 0.45623506 -0.14608002 0.05818966
v 0.45623506 -0.14608002 0.05818966
v 0.45623506 -0.14608002 0.05818966
v 0.45623506 -0.14608002 0.05818966
vn 0.30205 -0.86001 0.41128
vn 0.30205 -0.86001 0.41128
vn 0.30205 -0.86001 0.41128
vn 0.87652 -0.15921 0.45427
vn 0.87652 -0.15921 0.45427
vn 0.87652 -0.15921 0.45427
vn 0.46722 0.68429 0.55986
vn 0.46722 0.68429 0.55986
vn 0.46722 0.68429 0.55986
vn -0.67724 0.46691 0.56864
vn -0.67724 0.46691 0.56864
vn -0.67724 0.46691 0.56864
vn -0.78412 -0.29982 0.54339
vn -0.39649 -0.90631 -0.1463
vn -0.39649 -0.90631 -0.1463
vn -0.39649 -0.90631 -0.1463
vn 0.65986 -0.74335 -0.10966
vn 0.65986 -0.74335 -0.10966
vn 0.65986 -0.74335 -0.10966
vn 0.78959 0.59518 -0.14939
vn 0.78959 0.59518 -0.14939
vn 0.78959 0.59518 -0.14939
vn -0.18338 0.97913 -0.08766
vn -0.18338 0.97913 -0.08766
vn -0.96334 0.25447 -0.08497
vn -0.96334 0.25447 -0.08497
vn -0.96334 0.25447 -0.08497
vn 0.28588 -0.95751 0.03811
vn 0.28588 -0.95751 0.03811
vn 0.97637 -0.18575 0.11048
vn 0.97637 -0.18575 0.11048
vn 0.97637 -0.18575 0.11048
vn 0.37749 0.92273 0.07797
vn 0.37749 0.92273 0.07797
vn 0.37749 0.92273 0.07797
vn -0.70147 0.70715 0.08881
vn -0.70147 0.70715 0.08881
vn -0.70147 0.70715 0.08881
vn -0.90326 -0.41472 0.11009
vn -0.90326 -0.41472 0.11009
vn 0.56486 -0.38676 -0.72894
vn 0.56486 -0.38676 -0.72894
vn 0.56486 -0.38676 -0.72894
vn 0.5451 0.56117 -0.62286
vn 0.5451 0.56117 -0.62286
vn 0.5451 0.56117 -0.62286
vn -0.00847 0.79836 -0.60212
vn -0.66226 0.15842 -0.73233
vn -0.66226 0.15842 -0.73233
vn -0.40667 -0.48769 -0.77251
vn -0.40667 -0.48769 -0.77251
vt 0.9995 0.631
vt 0.82641 0.71106
vt 0.99342 0.80744
vt 0.2543 0.34145
vt 0.14534 0.48037
vt 0.31257 0.53414
vt 0.43988 0.3782
vt 0.48986 0.56431
vt 0.64814 0.45439
vt 0.64723 0.65818
vt 0.79912 0.52231
vt 0.66985 0.82678
vt 0.82432 0.91607
vt 0.0005 0.61971
vt 0.18611 0.64833
vt 0.361 0.68404
vt 0.50917 0.76803
vt 0.0592 0.75658
vt 0.24277 0.80521
vt 0.371 0.85304
vt 0.52736 0.92924
vt 0.70095 0.9995
usemtl mat2
f 1004/1003/2465 1005/1004/2466 1006/1005/2467
f 1007/1006/2468 1008/1007/2469 1009/1008/2470
f 1010/1009/2471 1009/1008/2472 1011/1010/2473
f 1012/1011/2474 1011/1010/2475 1013/1012/2476
f 1014/1013/2477 1013/1012/2477 1005/1004/2477
f 1005/1004/2478 1015/1014/2479 1016/1015/2480
f 1008/1007/2481 1017/1016/2482 1018/1017/2483
f 1009/1008/2484 1018/1017/2485 1019/1018/2486
f 1011/1010/2487 1019/1018/2487 1020/1019/2488
f 1013/1012/2489 1020/1019/2490 1015/1014/2491
f 1016/1015/2492 1006/1005/2493 1005/1004/2492
f 1018/1017/2494 1009/1008/2495 1008/1007/2496
f 1019/1018/2497 1011/1010/2498 1009/1008/2499
f 1020/1019/2500 1013/1012/2501 1011/1010/2502
f 1015/1014/2503 1005/1004/2503 1013/1012/2504
f 1021/1020/2505 1018/1017/2506 1017/1016/2507
f 1022/1021/2508 1019/1018/2509 1018/1017/2510
f 1023/1022/2511 1020/1019/2511 1019/1018/2511
f 1024/1023/2512 1015/1014/2513 1020/1019/2512
f 1025/1024/2514 1016/1015/2514 1015/1014/2515
# Vertices: 22, normals: 51, texture coordinates: 22, faces: 20

o obj17
v 0.65295305 0.06155877 0.24811326
v 0.68290002 0.03478605 0.23824462
v 0.64405679 0.02192222 0.22034309
v 0.69590839 -0.02022613 0.23390709
v 0.67265152 -0.03397026 0.21117298
v 0.64065082 -0.06004676 0.20863404
v 0.65295305 0.06155877 0.24811326
v 0.62888106 0.01383411 0.25470113
v 0.61893973 -0.01701556 0.22833046
v 0.62475154 -0.05804769 0.25777506
v 0.65295305 0.06155877 0.24811326
v 0.66900999 0.00332387 0.27243041
v 0.63970621 -0.01188663 0.28172085
v 0.67733674 -0.05697113 0.28340259
v 0.65295305 0.06155877 0.24811326
v 0.66900999 0.00332387 0.27243041
v 0.67733674 -0.05697113 0.28340259
v 0.69251832 -0.06930705 0.26456337
v 0.65492124 -0.08788874 0.24709656
v 0.64340269 -0.08375312 0.2209375
v 0.68090492 -0.07088929 0.2390187
v 0.63872182 -0.09493265 0.25524563
v 0.66972718 -0.10235147 0.27259802
v 0.66972718 -0.10235147 0.27259802
v 0.66972718 -0.10235147 0.27259802
v 0.66972718 -0.10235147 0.27259802
v 0.66972718 -0.10235147 0.27259802
v 0.66972718 -0.10235147 0.27259802
v 0.62217704 -0.07846347 0.24693629
v 0.62856402 -0.0861446 0.25402055
v 0.63184615 -0.08584782 0.24482367
v 0.62217704 -0.07846347 0.24693629
v 0.62682288 -0.08837634 0.23902203
v 0.62217704 -0.07846347 0.24693629
v 0.62682288 -0.08837634 0.23902203
v 0.61917181 -0.08865623 0.24383552
v 0.62217704 -0.07846347 0.24693629
v 0.62146761 -0.09058207 0.25262032
v 0.62217704 -0.07846347 0.24693629
v 0.62991579 -0.10111197 0.25468179
v 0.63728843 -0.10011392 0.24996748
v 0.6355827 -0.09834934 0.24081754
v 0.6274591 -0.10002694 0.24081141
v 0.6274591 -0.10002694 0.24081141
v 0.62537495 -0.10343636 0.24862528
v 0.63386017 -0.10590321 0.24668646
v 0.63386017 -0.10590321 0.24668646
v 0.63386017 -0.10590321 0.24668646
v 0.63386017 -0.10590321 0.24668646
v 0.63386017 -0.10590321 0.24668646
v 0.70592419 -0.0777365 0.25241574
v 0.70536355 -0.09752739 0.26110301
v 0.70384781 -0.09770719 0.24392306
v 0.70592419 -0.0777365 0.25241574
v 0.70384781 -0.09770719 0.24392306
v 0.69235994 -0.0913755 0.23831744
v 0.70592419 -0.0777365 0.25241574
v 0.68730118 -0.08355328 0.25128424
v 0.70592419 -0.0777365 0.25241574
v 0.69168669 -0.09236744 0.26438386
v 0.70592419 -0.0777365 0.25241574
v 0.68640891 -0.11589058 0.26407177
v 0.69224481 -0.1226034 0.25131741
v 0.69224481 -0.1226034 0.25131741
v 0.68800097 -0.11459412 0.23726178
v 0.67790963 -0.10565126 0.24297584
v 0.67552366 -0.10986943 0.2576927
v 0.67918194 -0.12299006 0.24935256
v 0.67918194 -0.12299006 0.24935256
v 0.67918194 -0.12299006 0.24935256
v 0.67918194 -0.12299006 0.24935256
v 0.67918194 -0.12299006 0.24935256
vn 0.20339 0.82274 0.53078
vn 0.20339 0.82274 0.53078
vn 0.20339 0.82274 0.53078
vn 0.61901 0.75786 0.20613
vn 0.61901 0.75785 0.20613
vn 0.61901 0.75786 0.20613
vn 0.31247 0.89884 0.30733
vn 0.31247 0.89884 0.30733
vn -0.03794 0.98902 0.14285
vn -0.03794 0.98902 0.14285
vn -0.03794 0.98902 0.14285
vn -0.8699 0.29038 0.39869
vn -0.8699 0.29038 0.39869
vn -0.8699 0.29038 0.39869
vn -0.49438 0.8574 0.14302
vn -0.49438 0.8574 0.14302
vn -0.83561 0.25449 0.48681
vn -0.83561 0.25449 0.48681
vn -0.83561 0.25449 0.48681
vn -0.95697 -0.28233 0.06705
vn -0.95697 -0.28233 0.06705
vn -0.95697 -0.28233 0.06705
vn -0.32308 -0.90167 0.28743
vn -0.32308 -0.90167 0.28743
vn -0.32308 -0.90167 0.28743
vn -0.90118 -0.42774 0.07006
vn -0.90118 -0.42774 0.07006
vn -0.13315 -0.71081 0.69067
vn -0.13315 -0.71081 0.69067
vn 0.19916 -0.95892 0.202
vn 0.19916 -0.95892 0.202
vn 0.19916 -0.95892 0.202
vn 0.61169 -0.65577 0.44249
vn 0.61169 -0.65577 0.44249
vn 0.61169 -0.65577 0.44249
vn 0.82384 -0.52664 0.20961
vn 0.82384 -0.52664 0.20961
vn 0.82346 -0.52731 0.20941
vn 0.82346 -0.52731 0.20941
vn 0.90184 -0.3917 0.18237
vn 0.90184 -0.3917 0.18237
vn 0.90184 -0.3917 0.18237
vn 0.44394 0.32735 -0.83412
vn 0.44394 0.32735 -0.83412
vn 0.44394 0.32735 -0.83412
vn 0.38405 0.83699 -0.38981
vn 0.38405 0.83699 -0.38981
vn 0.38405 0.83699 -0.38981
vn 0.5081 0.73842 -0.44336
vn 0.75071 0.59715 -0.28257
vn 0.75071 0.59715 -0.28257
vn 0.26931 0.26496 -0.92589
vn 0.26931 0.26496 -0.92589
vn -0.90566 0.27315 -0.32429
vn -0.90566 0.27315 -0.32429
vn -0.92212 0.22773 -0.31278
vn -0.92212 0.22773 -0.31278
vn -0.92212 0.22773 -0.31278
vn -0.8901 0.35401 -0.28705
vn -0.8901 0.35401 -0.28705
vn 0.09726 0.53311 -0.84044
vn 0.09726 0.53311 -0.84044
vn -0.2605 -0.94815 -0.18206
vn -0.2605 -0.94815 -0.18206
vn -0.51794 -0.81676 -0.25425
vn -0.51794 -0.81676 -0.25425
vn -0.5218 -0.81454 -0.25349
vn -0.5218 -0.81454 -0.25349
vn 0.30114 0.59669 -0.74383
vn 0.30114 0.59669 -0.74383
vn 0.30114 0.59669 -0.74383
vn 0.87588 0.37976 -0.2977
vn 0.87588 0.37976 -0.2977
vn 0.87588 0.37976 -0.2977
vn 0.74823 0.30363 -0.58989
vn 0.74823 0.30363 -0.58989
vn 0.74823 0.30363 -0.58989
vn 0.6512 -0.7064 -0.27738
vn 0.6512 -0.7064 -0.27738
vn 0.62168 -0.24586 0.74369
vn 0.62168 -0.24586 0.74369
vn 0.62168 -0.24586 0.74369
vn 0.38186 0.62669 0.6793
vn 0.38186 0.62669 0.6793
vn 0.38186 0.62669 0.6793
vn -0.50175 0.77522 0.38377
vn -0.50175 0.77522 0.38377
vn -0.939 -0.28695 0.18956
vn -0.939 -0.28695 0.18956
vn -0.939 -0.28695 0.18956
vn -0.41467 -0.81428 0.4062
vn -0.41467 -0.81428 0.4062
vn -0.41467 -0.81428 0.4062
vn 0.52856 -0.84462 0.08505
vn 0.52856 -0.84462 0.08505
vn 0.94123 0.11416 0.3179
vn 0.94123 0.11416 0.3179
vn 0.94123 0.11416 0.3179
vn 0.03173 0.98817 -0.15004
vn 0.03173 0.98817 -0.15004
vn -0.78519 0.41139 -0.46286
vn -0.78519 0.41139 -0.46286
vn -0.65379 -0.64316 -0.39862
vn 0.84336 -0.31502 0.43531
vn 0.84336 -0.31502 0.43531
vn 0.84336 -0.31502 0.43531
vn 0.59876 0.69325 0.40111
vn 0.59876 0.69325 0.40111
vn 0.59876 0.69325 0.40111
vn -0.52175 0.83847 -0.15727
vn -0.52175 0.83847 -0.15727
vn -0.52175 0.83847 -0.15727
vn -0.92717 -0.16901 -0.33436
vn -0.92717 -0.16901 -0.33436
vn -0.92717 -0.16901 -0.33436
vn -0.20819 -0.97778 0.0244
vn -0.20819 -0.97778 0.0244
vn -0.20819 -0.97778 0.0244
vn 0.88883 0.24087 -0.38983
vn 0.88883 0.24087 -0.38983
vn 0.88883 0.24087 -0.38983
vn 0.12999 0.76839 -0.62664
vn 0.12999 0.76839 -0.62664
vn -0.34264 0.45099 -0.82414
vn -0.34264 0.45099 -0.82414
vn -0.34264 0.45099 -0.82414
vn -0.15238 -0.45163 -0.8791
vn -0.15238 -0.45163 -0.8791
vn 0.47714 -0.61285 -0.62988
vn 0.47714 -0.61285 -0.62988
vn 0.994 0.087 -0.06635
vn 0.994 0.087 -0.06635
vn 0.994 0.087 -0.06635
vn 0.54143 0.7925 0.28072
vn 0.54143 0.7925 0.28072
vn 0.54143 0.7925 0.28072
vn -0.21464 0.56454 0.79701
vn -0.21464 0.56454 0.79701
vn -0.21464 0.56454 0.79701
vn -0.2718 -0.59821 0.75383
vn 0.3461 -0.86265 0.36886
vn 0.3461 -0.86265 0.36886
vn 0.3461 -0.86265 0.36886
vn 0.61656 -0.56868 -0.54448
vn 0.61656 -0.56868 -0.54448
vn 0.72279 0.49375 -0.48351
vn 0.72279 0.49375 -0.48351
vn 0.72279 0.49375 -0.48351
vn -0.4082 0.90526 0.11779
vn -0.4082 0.90526 0.11779
vn -0.4082 0.90526 0.11779
vn -0.91525 0.03331 0.4015
vn -0.91525 0.03331 0.4015
vn -0.91525 0.03331 0.4015
vn -0.46481 -0.88056 0.0926
vn -0.46481 -0.88056 0.0926
vn -0.46481 -0.88056 0.0926
vn 0.89524 0.07439 -0.43933
vn 0.89524 0.07439 -0.43933
vn 0.89524 0.07439 -0.43933
vn 0.42128 0.90614 -0.03789
vn 0.42128 0.90614 -0.03789
vn 0.42128 0.90614 -0.03789
vn -0.66728 0.55796 0.49337
vn -0.66728 0.55796 0.49337
vn -0.71089 -0.54065 0.44981
vn -0.71089 -0.54065 0.44981
vn -0.71089 -0.54065 0.44981
vn 0.21126 -0.97557 -0.06034
vn 0.21126 -0.97557 -0.06034
vn 0.21126 -0.97557 -0.06034
vn 0.10275 0.51571 -0.85058
vn 0.10275 0.51571 -0.85058
vn 0.10275 0.51571 -0.85058
vn -0.65812 0.68971 -0.30195
vn -0.65812 0.68971 -0.30195
vn -0.96945 0.19848 -0.14413
vn -0.62747 -0.56599 -0.53473
vn -0.62747 -0.56599 -0.53473
vn -0.04136 -0.45046 -0.89184
vn -0.04136 -0.45046 -0.89184
vn -0.04136 -0.45046 -0.89184
vt 0.31578 0.01847
vt 0.21516 0.15866
vt 0.43505 0.15111
vt 0.22748 0.3134
vt 0.33339 0.31145
vt 0.43627 0.36661
vt 0.5777 0.04364
vt 0.64414 0.20798
vt 0.53193 0.26111
vt 0.60462 0.39723
vt 0.72059 0.05658
vt 0.84379 0.21359
vt 0.75116 0.33416
vt 0.95802 0.33353
vt 0.0838 0.05807
vt 0.03412 0.25178
vt 0.0049 0.41582
vt 0.12374 0.45471
vt 0.43445 0.53062
vt 0.44597 0.42588
vt 0.27376 0.46347
vt 0.55998 0.51264
vt 0.49418 0.66523
vt 0.99505 0.45817
vt 0.69224 0.60667
vt 0.35012 0.65173
vt 0.13093 0.60044
vt 0.01377 0.54556
vt 0.68446 0.88322
vt 0.70369 0.84091
vt 0.65594 0.84299
vt 0.66654 0.89115
vt 0.62569 0.86
vt 0.80636 0.85137
vt 0.80661 0.8
vt 0.77973 0.83399
vt 0.77087 0.86453
vt 0.73764 0.84054
vt 0.72817 0.88042
vt 0.70946 0.80347
vt 0.66808 0.79598
vt 0.62765 0.81324
vt 0.60259 0.84034
vt 0.78094 0.78384
vt 0.74351 0.7989
vt 0.64611 0.78314
vt 0.59491 0.80002
vt 0.74866 0.75849
vt 0.727 0.76165
vt 0.67676 0.77205
vt 0.43576 0.76169
vt 0.38934 0.80681
vt 0.47073 0.81576
vt 0.15547 0.75812
vt 0.14022 0.82067
vt 0.19407 0.84283
vt 0.2387 0.76114
vt 0.26498 0.84195
vt 0.28142 0.75858
vt 0.33256 0.84128
vt 0.3614 0.74842
vt 0.35563 0.90017
vt 0.42621 0.89465
vt 0.10248 0.90302
vt 0.17346 0.90043
vt 0.23188 0.91261
vt 0.3039 0.92483
vt 0.12341 0.95799
vt 0.21667 0.96329
vt 0.25943 0.95778
vt 0.33118 0.973
vt 0.41247 0.95184
usemtl mat2
f 1026/1025/2516 1027/1026/2517 1028/1027/2518
f 1027/1026/2519 1029/1028/2520 1030/1029/2521
f 1027/1026/2522 1030/1029/2523 1028/1027/2523
f 1028/1027/2524 1030/1029/2525 1031/1030/2526
f 1032/1031/2527 1028/1027/2528 1033/1032/2529
f 1028/1027/2530 1031/1030/2531 1034/1033/2531
f 1028/1027/2532 1034/1033/2533 1033/1032/2534
f 1033/1032/2535 1034/1033/2536 1035/1034/2537
f 1036/1035/2538 1033/1032/2539 1037/1036/2540
f 1033/1032/2541 1035/1034/2542 1038/1037/2542
f 1033/1032/2543 1038/1037/2544 1037/1036/2544
f 1037/1036/2545 1038/1037/2546 1039/1038/2547
f 1040/1039/2548 1041/1040/2549 1027/1026/2550
f 1041/1040/2551 1042/1041/2552 1043/1042/2552
f 1041/1040/2553 1043/1042/2554 1027/1026/2554
f 1027/1026/2555 1043/1042/2556 1029/1028/2557
f 1044/1043/2558 1045/1044/2559 1046/1045/2560
f 1045/1044/2561 1031/1030/2562 1030/1029/2563
f 1045/1044/2564 1030/1029/2564 1046/1045/2564
f 1046/1045/2565 1030/1029/2566 1029/1028/2565
f 1044/1043/2567 1047/1046/2567 1045/1044/2568
f 1047/1046/2569 1035/1034/2569 1034/1033/2570
f 1047/1046/2571 1034/1033/2572 1045/1044/2573
f 1045/1044/2574 1034/1033/2575 1031/1030/2574
f 1044/1043/2576 1048/1047/2576 1047/1046/2577
f 1049/1048/2578 1039/1038/2578 1038/1037/2579
f 1050/1049/2580 1038/1037/2580 1047/1046/2581
f 1047/1046/2582 1038/1037/2583 1035/1034/2583
f 1044/1043/2584 1046/1045/2585 1051/1050/2586
f 1046/1045/2587 1029/1028/2588 1043/1042/2589
f 1046/1045/2590 1043/1042/2591 1052/1051/2592
f 1053/1052/2593 1043/1042/2594 1042/1041/2593
f 1054/1053/2595 1055/1054/2596 1056/1055/2597
f 1057/1056/2598 1056/1055/2599 1058/1057/2600
f 1059/1058/2601 1060/1059/2602 1061/1060/2601
f 1062/1061/2603 1061/1060/2604 1063/1062/2605
f 1064/1063/2606 1063/1062/2607 1055/1054/2608
f 1055/1054/2609 1065/1064/2610 1066/1065/2609
f 1056/1055/2611 1066/1065/2612 1067/1066/2613
f 1058/1057/2614 1067/1066/2614 1068/1067/2615
f 1061/1060/2616 1069/1068/2617 1070/1069/2616
f 1063/1062/2618 1070/1069/2618 1065/1064/2618
f 1066/1065/2619 1056/1055/2620 1055/1054/2621
f 1067/1066/2622 1058/1057/2623 1056/1055/2624
f 1069/1068/2625 1061/1060/2626 1060/1059/2627
f 1070/1069/2628 1063/1062/2629 1061/1060/2630
f 1065/1064/2631 1055/1054/2632 1063/1062/2633
f 1071/1070/2634 1067/1066/2635 1066/1065/2636
f 1072/1071/2637 1068/1067/2637 1067/1066/2638
f 1073/1072/2639 1070/1069/2640 1069/1068/2641
f 1074/1073/2642 1065/1064/2643 1070/1069/2643
f 1075/1074/2644 1066/1065/2645 1065/1064/2645
f 1076/1075/2646 1077/1076/2647 1078/1077/2648
f 1079/1078/2649 1080/1079/2650 1081/1080/2651
f 1082/1081/2652 1081/1080/2653 1083/1082/2654
f 1084/1083/2655 1083/1082/2655 1085/1084/2655
f 1086/1085/2656 1085/1084/2657 1077/1076/2658
f 1077/1076/2659 1087/1086/2659 1088/1087/2660
f 1080/1079/2661 1089/1088/2662 1090/1089/2663
f 1081/1080/2664 1090/1089/2665 1091/1090/2666
f 1083/1082/2667 1091/1090/2668 1092/1091/2669
f 1085/1084/2670 1092/1091/2671 1087/1086/2672
f 1088/1087/2673 1078/1077/2674 1077/1076/2675
f 1090/1089/2676 1081/1080/2677 1080/1079/2678
f 1091/1090/2679 1083/1082/2680 1081/1080/2679
f 1092/1091/2681 1085/1084/2682 1083/1082/2683
f 1087/1086/2684 1077/1076/2685 1085/1084/2686
f 1093/1092/2687 1090/1089/2688 1089/1088/2689
f 1094/1093/2690 1091/1090/2691 1090/1089/2690
f 1095/1094/2692 1092/1091/2692 1091/1090/2692
f 1096/1095/2693 1087/1086/2694 1092/1091/2694
f 1097/1096/2695 1088/1087/2696 1087/1086/2697
# Vertices: 72, normals: 182, texture coordinates: 72, faces: 72

o obj18
v -0.60933308 -0.08776169 0.09446543
v -0.58869657 -0.06369092 0.0969976
v -0.60187468 -0.0627142 0.11785542
v -0.58286581 -0.03590353 0.11137368
v -0.5971658 -0.02152776 0.12984876
v -0.57679216 -0.03302931 0.08891443
v -0.60933308 -0.08776169 0.09446543
v -0.6103992 -0.07894802 0.06396447
v -0.58869657 -0.06369092 0.0969976
v -0.58716704 -0.01676509 0.06789036
v -0.57679216 -0.03302931 0.08891443
v -0.60655775 -0.03929927 0.05101785
v -0.60933308 -0.08776169 0.09446543
v -0.62655677 -0.08237085 0.09039691
v -0.62278664 -0.05692101 0.0655577
v -0.64210825 -0.04449704 0.07631965
v -0.60933308 -0.08776169 0.09446543
v -0.62515267 -0.06159486 0.1146067
v -0.64539064 -0.05555225 0.0982454
v -0.63756343 -0.04470451 0.12192621
v -0.60933308 -0.08776169 0.09446543
v -0.61766297 -0.03839982 0.13303007
v -0.58839122 0.00869492 0.11757426
v -0.60696291 0.01187423 0.13811701
v -0.59802993 0.02672751 0.12759182
v -0.61849283 0.02911098 0.13267212
v -0.58065051 0.0289301 0.11296162
v -0.57512269 0.01689732 0.07558953
v -0.57439644 -0.00339761 0.09789702
v -0.57821446 0.04027085 0.09014413
v -0.58065051 0.0289301 0.11296162
v -0.58618781 0.02939697 0.0669945
v -0.6172239 -0.00536915 0.0473708
v -0.59183997 0.00253443 0.05430333
v -0.60423931 0.04873856 0.05876697
v -0.62193922 0.03215596 0.0673665
v -0.64612194 0.00555608 0.09427478
v -0.63579558 0.00097249 0.06791358
v -0.64243911 0.04636417 0.07212199
v -0.64492247 0.04234579 0.10497503
v -0.62867841 0.01776854 0.13786847
v -0.64677939 -0.00480099 0.11387077
v -0.63890383 0.05814408 0.11448353
v -0.57439644 -0.00339761 0.09789702
v -0.61043452 0.0872759 0.09752048
v -0.59175501 0.05987124 0.11001824
v -0.59641974 0.05537725 0.07649917
v -0.61043452 0.0872759 0.09752048
v -0.62125798 0.05936937 0.07119653
v -0.61043452 0.0872759 0.09752048
v -0.62979325 0.07858945 0.10162883
v -0.61043452 0.0872759 0.09752048
v -0.6136474 0.05909885 0.12245956
v -0.61043452 0.0872759 0.09752048
v -0.59175501 0.05987124 0.11001824
v -0.593542 -0.08970652 0.07714978
v -0.58221752 -0.08782896 0.07502456
v -0.58742447 -0.07889248 0.08307312
v -0.57716505 -0.07844759 0.07796956
v -0.5802756 -0.06492164 0.08300643
v -0.57491036 -0.08191956 0.06955447
v -0.59238981 -0.09260848 0.06448328
v -0.57717489 -0.07617578 0.06039865
v -0.59238981 -0.09260848 0.06448328
v -0.59238981 -0.09260848 0.06448328
v -0.58710203 -0.08360058 0.05639679
v -0.60052373 -0.0822606 0.07610624
v -0.59238981 -0.09260848 0.06448328
v -0.59238981 -0.09260848 0.06448328
v -0.59509127 -0.08076149 0.06347032
v -0.58710203 -0.08360058 0.05639679
v -0.59238981 -0.09260848 0.06448328
v -0.601825 -0.06836885 0.06709863
v -0.59717932 -0.07223532 0.08280575
v -0.60528146 -0.06902057 0.07721886
v -0.60117433 -0.06295637 0.08497913
v -0.59105139 -0.06310986 0.08682124
v -0.57360181 -0.0570063 0.07557248
v -0.57920426 -0.0488775 0.0821271
v -0.57427979 -0.04665439 0.07686596
v -0.58085221 -0.04229086 0.07787551
v -0.56837067 -0.05010954 0.07189009
v -0.56881885 -0.06060964 0.0600678
v -0.5705018 -0.06796341 0.0699891
v -0.56665406 -0.04905899 0.06271466
v -0.57134126 -0.05464174 0.05552163
v -0.58706835 -0.06766467 0.05170029
v -0.57686883 -0.06772712 0.05364222
v -0.57525824 -0.04639339 0.05010039
v -0.57134126 -0.05464174 0.05552163
v -0.58322749 -0.04855433 0.05445447
v -0.59584026 -0.04961053 0.0674752
v -0.59237376 -0.0567112 0.05800016
v -0.58800443 -0.04064049 0.05382661
v -0.58843133 -0.03776487 0.06565289
v -0.58629604 -0.04351983 0.08118593
v -0.59865158 -0.04984716 0.07695948
v -0.58379555 -0.03242796 0.06719191
v -0.57686883 -0.06772712 0.05364222
v -0.57064882 -0.02887785 0.05873419
v -0.56819246 -0.03866808 0.06717138
v -0.57128266 -0.04333405 0.05581867
v -0.57064882 -0.02887785 0.05873419
v -0.57128266 -0.04333405 0.05581867
v -0.57918892 -0.03936059 0.052706
v -0.57064882 -0.02887785 0.05873419
v -0.57837075 -0.02844594 0.0606927
v -0.57064882 -0.02887785 0.05873419
v -0.57516797 -0.03452061 0.07081522
v -0.57064882 -0.02887785 0.05873419
v -0.63290969 -0.11283629 0.11310937
v -0.62643399 -0.10132966 0.11507216
v -0.63296961 -0.1058343 0.12420825
v -0.62743095 -0.09187115 0.12308927
v -0.65267904 -0.08442124 0.139823
v -0.62376209 -0.08671018 0.11354038
v -0.63385431 -0.10635869 0.1022023
v -0.63023691 -0.07961217 0.10789451
v -0.63385431 -0.10635869 0.1022023
v -0.63385431 -0.10635869 0.1022023
v -0.64503273 -0.07825455 0.10326435
v -0.63460763 -0.07100696 0.10503751
v -0.64043555 -0.11316371 0.11252241
v -0.63385431 -0.10635869 0.1022023
v -0.65086297 -0.10076995 0.11116323
v -0.63385431 -0.10635869 0.1022023
v -0.64219115 -0.10847309 0.12345647
v -0.63436557 -0.05784901 0.12245127
v -0.64154905 -0.07319238 0.1362378
v -0.64251742 -0.0563326 0.1324636
v -0.6459309 -0.05569712 0.11232505
v -0.63601704 -0.06072059 0.11271696
v -0.64503273 -0.07825455 0.10326435
v -0.65156515 -0.06784742 0.11472275
v -0.6459309 -0.05569712 0.11232505
v -0.653734 -0.08261003 0.11241368
v -0.65681047 -0.09196425 0.12868675
v -0.66164069 -0.06861632 0.11853908
v -0.66154116 -0.069616 0.13534725
v -0.63385431 -0.10635869 0.1022023
v -0.63385431 -0.10635869 0.1022023
v -0.65346466 -0.04989333 0.1311511
v -0.66047634 -0.05892549 0.13251222
v -0.65346466 -0.04989333 0.1311511
v -0.65346466 -0.04989333 0.1311511
vn 0.65684 -0.44355 -0.60978
vn 0.65684 -0.44355 -0.60978
vn 0.64045 -0.71462 -0.28132
vn 0.75921 -0.49923 -0.41759
vn 0.75921 -0.49923 -0.41759
vn 0.75921 -0.49923 -0.41759
vn 0.92856 -0.21213 -0.30459
vn 0.92856 -0.21213 -0.30459
vn 0.92856 -0.21213 -0.30459
vn 0.75343 0.2067 -0.62419
vn 0.75343 0.2067 -0.62419
vn 0.75343 0.2067 -0.62419
vn 0.64304 0.64124 -0.41871
vn 0.64304 0.64124 -0.41871
vn 0.8556 0.42693 -0.29271
vn 0.8556 0.42693 -0.29271
vn 0.78752 0.55926 -0.25892
vn 0.78752 0.55926 -0.25892
vn -0.23117 0.26262 -0.9368
vn -0.23117 0.26262 -0.9368
vn -0.23117 0.26262 -0.9368
vn -0.50456 0.83396 -0.22343
vn -0.50456 0.83396 -0.22343
vn -0.76186 0.51635 -0.3911
vn -0.76186 0.51635 -0.3911
vn -0.76186 0.51635 -0.3911
vn -0.64232 0.59389 -0.48448
vn -0.64232 0.59389 -0.48448
vn -0.36405 -0.61862 -0.69626
vn -0.36405 -0.61862 -0.69626
vn -0.81058 0.35586 -0.4651
vn -0.81058 0.35586 -0.4651
vn -0.81058 0.35586 -0.4651
vn -0.60849 -0.53683 -0.58443
vn -0.60849 -0.53683 -0.58443
vn -0.58794 -0.48937 -0.64408
vn -0.58794 -0.48937 -0.64408
vn -0.13529 -0.74393 -0.65442
vn -0.13529 -0.74393 -0.65442
vn -0.2711 -0.79444 -0.54347
vn -0.2711 -0.79444 -0.54347
vn -0.2711 -0.79444 -0.54347
vn -0.13948 -0.79684 -0.58788
vn -0.13948 -0.79684 -0.58788
vn -0.13948 -0.79684 -0.58788
vn 0.38141 -0.87493 -0.29838
vn 0.38141 -0.87493 -0.29838
vn 0.38141 -0.87493 -0.29838
vn 0.74485 -0.66505 0.05385
vn 0.74485 -0.66505 0.05385
vn 0.26424 -0.85474 0.44676
vn 0.74356 -0.66815 0.02627
vn 0.74356 -0.66815 0.02627
vn 0.74356 -0.66815 0.02627
vn 0.64774 -0.75817 -0.07496
vn 0.64774 -0.75817 -0.07496
vn 0.64774 -0.75817 -0.07496
vn 0.99503 0.08276 -0.05536
vn 0.99503 0.08276 -0.05536
vn 0.99503 0.08276 -0.05536
vn 0.98022 -0.1615 0.11437
vn 0.98022 -0.1615 0.11437
vn 0.98022 -0.1615 0.11437
vn 0.99375 -0.05569 0.09677
vn 0.99375 -0.05569 0.09677
vn 0.99375 -0.05569 0.09677
vn 0.79798 0.45855 0.39109
vn 0.79798 0.45855 0.39109
vn 0.2689 0.96298 -0.01898
vn 0.2689 0.96298 -0.01898
vn 0.6002 0.76457 0.23493
vn 0.6002 0.76457 0.23493
vn 0.6002 0.76457 0.23493
vn 0.21633 0.96454 0.15124
vn 0.21633 0.96454 0.15124
vn 0.21633 0.96454 0.15124
vn -0.63033 0.71521 0.3019
vn -0.63033 0.71521 0.3019
vn -0.63033 0.71521 0.3019
vn -0.92589 0.37306 0.05958
vn -0.92589 0.37306 0.05958
vn -0.18311 0.981 0.06415
vn -0.18311 0.981 0.06415
vn -0.93206 0.34699 -0.10425
vn -0.93206 0.34699 -0.10425
vn -0.93206 0.34699 -0.10425
vn -0.99624 0.06888 0.05252
vn -0.99624 0.06888 0.05252
vn -0.77359 -0.63162 -0.05116
vn -0.77359 -0.63162 -0.05116
vn -0.91237 -0.39422 0.11032
vn -0.91237 -0.39422 0.11032
vn -0.91237 -0.39422 0.11032
vn -0.83714 -0.53786 0.09951
vn -0.83714 -0.53786 0.09951
vn -0.83714 -0.53786 0.09951
vn -0.09164 -0.87159 0.4816
vn -0.09164 -0.87159 0.4816
vn 0.7611 -0.63173 -0.14714
vn 0.7611 -0.63173 -0.14714
vn 0.95903 -0.24011 -0.15033
vn 0.95903 -0.24011 -0.15033
vn 0.95903 -0.24011 -0.15033
vn 0.82118 -0.57023 0.02246
vn 0.82118 -0.57023 0.02246
vn 0.82118 -0.57023 0.02246
vn 0.79615 -0.60492 0.01453
vn 0.79615 -0.60492 0.01453
vn 0.71655 0.67676 0.16896
vn 0.71655 0.67676 0.16896
vn 0.77581 0.58883 -0.2267
vn 0.77581 0.58883 -0.2267
vn 0.77581 0.58883 -0.2267
vn 0.82815 0.53266 -0.17448
vn 0.82815 0.53266 -0.17448
vn 0.82815 0.53266 -0.17448
vn 0.82433 0.5395 -0.17155
vn 0.82433 0.5395 -0.17155
vn 0.82433 0.5395 -0.17155
vn -0.66606 0.68978 0.28386
vn -0.52539 0.84675 -0.0836
vn -0.52539 0.84675 -0.0836
vn -0.75577 0.63885 -0.14383
vn -0.75577 0.63885 -0.14383
vn -0.75577 0.63885 -0.14383
vn -0.48722 0.8387 -0.24331
vn -0.48722 0.8387 -0.24331
vn -0.48722 0.8387 -0.24331
vn -0.99923 0.01413 0.03669
vn -0.99923 0.01413 0.03669
vn -0.99923 0.01413 0.03669
vn -0.91975 -0.36734 -0.13827
vn -0.91975 -0.36734 -0.13827
vn -0.91975 -0.36734 -0.13827
vn -0.99904 0.04125 -0.01464
vn -0.99904 0.04125 -0.01464
vn -0.99904 0.04125 -0.01464
vn -0.98704 0.15893 -0.02214
vn -0.98704 0.15893 -0.02214
vn 0.08465 -0.93247 0.35118
vn 0.08465 -0.93247 0.35118
vn 0.08465 -0.93247 0.35118
vn 0.27444 -0.94912 -0.15445
vn 0.27444 -0.94912 -0.15445
vn 0.27444 -0.94912 -0.15445
vn -0.0366 -0.995 -0.09289
vn -0.0366 -0.995 -0.09289
vn -0.0366 -0.995 -0.09289
vn -0.44101 -0.88266 -0.16252
vn -0.44101 -0.88266 -0.16252
vn 0.84924 0.18451 0.49471
vn 0.84924 0.18451 0.49471
vn 0.7448 0.47613 0.46752
vn 0.7448 0.47613 0.46752
vn 0.70728 0.18973 0.68099
vn 0.70728 0.18973 0.68099
vn 0.70728 0.18973 0.68099
vn 0.89816 -0.26881 0.34791
vn 0.89816 -0.26881 0.34791
vn 0.25801 0.75075 0.60811
vn 0.25801 0.75075 0.60811
vn 0.25801 0.75075 0.60811
vn -0.52996 0.83782 0.13118
vn -0.52996 0.83782 0.13118
vn 0.23192 0.4291 0.87298
vn 0.23192 0.4291 0.87298
vn 0.72958 0.49744 0.46932
vn 0.72958 0.49744 0.46932
vn 0.72958 0.49744 0.46932
vn -0.43462 0.5649 0.70143
vn -0.43462 0.5649 0.70143
vn -0.92333 0.02291 0.38331
vn -0.92333 0.02291 0.38331
vn -0.44994 0.56368 0.69269
vn -0.44994 0.56368 0.69269
vn -0.12968 0.98143 0.14137
vn -0.12968 0.98143 0.14137
vn -0.14286 -0.733 0.66506
vn -0.14286 -0.733 0.66506
vn -0.14286 -0.733 0.66506
vn -0.29407 -0.88925 0.35036
vn -0.29407 -0.88925 0.35036
vn -0.29407 -0.88925 0.35036
vn -0.26246 -0.75989 0.59472
vn -0.26246 -0.75989 0.59472
vn -0.92332 0.0485 0.38095
vn 0.38428 -0.71264 0.58692
vn 0.38428 -0.71264 0.58692
vn 0.38428 -0.71264 0.58693
vn 0.59583 -0.75074 0.28526
vn 0.59583 -0.75074 0.28526
vn 0.59583 -0.75074 0.28526
vn 0.4537 -0.82002 0.3489
vn 0.4537 -0.82002 0.3489
vn 0.4537 -0.82002 0.3489
vn 0.26163 -0.92575 0.273
vn 0.26163 -0.92575 0.273
vn 0.2418 -0.78686 -0.56779
vn 0.2418 -0.78686 -0.56779
vn 0.2418 -0.78686 -0.56779
vn 0.44197 -0.86912 -0.22201
vn 0.44197 -0.86912 -0.22201
vn 0.44197 -0.86912 -0.22201
vn 0.41003 -0.78356 -0.4668
vn 0.73948 -0.41638 -0.52896
vn 0.73948 -0.41638 -0.52897
vn 0.73948 -0.41638 -0.52897
vn 0.20191 -0.23613 -0.95051
vn 0.20191 -0.23613 -0.95051
vn 0.2284 0.55729 -0.79829
vn 0.2284 0.55729 -0.79829
vn 0.65404 0.32046 -0.68523
vn 0.65404 0.32046 -0.68523
vn 0.65404 0.32046 -0.68523
vn 0.64726 0.3379 -0.68329
vn 0.64726 0.3379 -0.68329
vn -0.73277 -0.08794 -0.67477
vn -0.73277 -0.08794 -0.67477
vn -0.68917 0.69157 -0.21628
vn -0.68917 0.69157 -0.21628
vn -0.88227 0.40731 -0.23601
vn -0.88227 0.40731 -0.23601
vn -0.88227 0.40731 -0.23601
vn -0.84786 0.4051 -0.34209
vn -0.84786 0.4051 -0.34209
vn -0.84786 0.4051 -0.34209
vn -0.50079 -0.78752 -0.3592
vn -0.50079 -0.78752 -0.3592
vn -0.50079 -0.78752 -0.3592
vn -0.89813 0.32577 -0.29536
vn -0.89813 0.32577 -0.29536
vn -0.6181 -0.73312 -0.28372
vn -0.6181 -0.73312 -0.28372
vn -0.62214 -0.65926 -0.42228
vn -0.62214 -0.65926 -0.42228
vn -0.62214 -0.65926 -0.42228
vn -0.26087 -0.90122 -0.34606
vn -0.26087 -0.90122 -0.34606
vn -0.17537 -0.93912 -0.29547
vn -0.17537 -0.93912 -0.29547
vn -0.17537 -0.93912 -0.29547
vn -0.21102 -0.93902 -0.2715
vn -0.21102 -0.93902 -0.2715
vn -0.21102 -0.93902 -0.2715
vn 0.30692 -0.93943 -0.15257
vn 0.30692 -0.93943 -0.15257
vn 0.30692 -0.93943 -0.15257
vn 0.75143 -0.65966 -0.01402
vn 0.75143 -0.65966 -0.01402
vn 0.47501 -0.68041 0.55804
vn 0.47501 -0.68041 0.55804
vn 0.73716 -0.67476 -0.03603
vn 0.73716 -0.67476 -0.03603
vn 0.62352 -0.77976 -0.0566
vn 0.62352 -0.77976 -0.0566
vn 0.95237 0.06005 -0.29897
vn 0.95237 0.06005 -0.29897
vn 0.95237 0.06005 -0.29897
vn 0.9767 -0.16734 -0.1344
vn 0.9767 -0.16734 -0.1344
vn 0.9767 -0.16734 -0.1344
vn 0.98147 -0.02577 -0.18985
vn 0.98147 -0.02577 -0.18985
vn 0.85089 0.52387 -0.03943
vn 0.85089 0.52387 -0.03943
vn 0.85089 0.52387 -0.03943
vn 0.17799 0.94379 -0.27852
vn 0.17799 0.94379 -0.27852
vn 0.17799 0.94379 -0.27852
vn 0.65601 0.73499 -0.17155
vn 0.65601 0.735 -0.17155
vn 0.18314 0.96749 -0.17445
vn 0.18314 0.96749 -0.17445
vn -0.51323 0.82888 0.22261
vn -0.51323 0.82888 0.22261
vn -0.51323 0.82888 0.22261
vn -0.82005 0.50366 0.27174
vn -0.82005 0.50366 0.27174
vn -0.82005 0.50366 0.27174
vn -0.19787 0.9605 -0.19564
vn -0.19787 0.9605 -0.19564
vn -0.19787 0.9605 -0.19564
vn -0.89469 0.4266 0.13246
vn -0.89469 0.4266 0.13246
vn -0.89469 0.4266 0.13246
vn -0.8482 0.15386 0.50684
vn -0.8482 0.15386 0.50684
vn -0.8482 0.15386 0.50684
vn -0.50245 -0.69113 0.5195
vn -0.50245 -0.69113 0.5195
vn -0.75689 -0.01406 0.6534
vn -0.75689 -0.01406 0.6534
vn -0.75689 -0.01406 0.6534
vn -0.52438 -0.46939 0.71042
vn -0.52438 -0.46939 0.71042
vn -0.52438 -0.46939 0.71042
vn 0.21457 -0.62995 0.7464
vn 0.21457 -0.62995 0.7464
vn 0.21457 -0.62995 0.7464
vn 0.69895 -0.69756 -0.1577
vn 0.69895 -0.69756 -0.1577
vn 0.88713 -0.35791 -0.29138
vn 0.88713 -0.35791 -0.29138
vn 0.88713 -0.35791 -0.29138
vn 0.80853 -0.58439 -0.06903
vn 0.80853 -0.58439 -0.06903
vn 0.80853 -0.58439 -0.06903
vn 0.77266 -0.63219 -0.05773
vn 0.77266 -0.63219 -0.05773
vn 0.77266 -0.63219 -0.05773
vn 0.71531 0.66767 -0.20627
vn 0.71531 0.66767 -0.20627
vn 0.71531 0.66767 -0.20627
vn 0.6195 0.60197 -0.50384
vn 0.6195 0.60197 -0.50384
vn 0.76326 0.49082 -0.42016
vn 0.76326 0.49082 -0.42016
vn 0.77796 0.46054 -0.42741
vn 0.77796 0.46054 -0.42741
vn -0.51895 0.82514 0.22322
vn -0.51895 0.82514 0.22322
vn -0.51895 0.82514 0.22322
vn -0.61755 0.77916 -0.10744
vn -0.61755 0.77916 -0.10744
vn -0.61755 0.77916 -0.10744
vn -0.80138 0.59645 -0.04511
vn -0.80138 0.59645 -0.04511
vn -0.80138 0.59645 -0.04511
vn -0.68858 0.69598 -0.20366
vn -0.68858 0.69598 -0.20366
vn -0.83969 0.2367 0.48877
vn -0.83969 0.2367 0.48877
vn -0.83969 0.2367 0.48877
vn -0.91759 -0.23521 0.32047
vn -0.91759 -0.23521 0.32047
vn -0.91759 -0.23521 0.32047
vn -0.91296 0.26283 0.31213
vn -0.91296 0.26283 0.31213
vn -0.91296 0.26283 0.31213
vn -0.90958 0.29159 0.29605
vn -0.90958 0.29159 0.29605
vn 0.32976 -0.75345 0.56884
vn 0.32976 -0.75345 0.56884
vn 0.33791 -0.94073 0.02899
vn 0.33791 -0.94073 0.02899
vn 0.33791 -0.94073 0.02899
vn 0.06886 -0.96306 0.26032
vn 0.06886 -0.96306 0.26032
vn -0.16569 -0.93633 0.30957
vn -0.16569 -0.93633 0.30957
vn -0.16569 -0.93633 0.30957
vn 0.96361 0.26707 0.01161
vn 0.96361 0.26707 0.01161
vn 0.83415 0.55145 0.01016
vn 0.83415 0.55144 0.01016
vn 0.83415 0.55144 0.01016
vn 0.88847 0.35923 0.28562
vn 0.88847 0.35923 0.28562
vn 0.88847 0.35923 0.28562
vn 0.97964 -0.19053 0.06332
vn 0.97964 -0.19053 0.06332
vn 0.97964 -0.19053 0.06332
vn 0.4303 0.88834 0.16029
vn -0.48913 0.87082 0.04925
vn -0.48913 0.87082 0.04925
vn 0.5289 0.65587 0.5386
vn 0.5289 0.65587 0.5386
vn 0.5289 0.65587 0.5386
vn 0.81828 0.57471 0.01086
vn 0.81828 0.57471 0.01086
vn -0.16725 0.78963 0.59034
vn -0.16725 0.78963 0.59034
vn -0.16725 0.78963 0.59034
vn -0.71587 0.18927 0.6721
vn -0.71587 0.18927 0.6721
vn -0.71587 0.18927 0.6721
vn -0.18551 0.78633 0.5893
vn -0.18551 0.78633 0.5893
vn -0.18551 0.78633 0.5893
vn -0.10463 0.98443 -0.14126
vn -0.10463 0.98443 -0.14126
vn -0.10463 0.98443 -0.14126
vn 0.16721 -0.46789 0.86783
vn 0.16721 -0.46789 0.86783
vn 0.16721 -0.46789 0.86783
vn -0.11711 -0.69088 0.71342
vn -0.11711 -0.69088 0.71342
vn -0.11711 -0.69088 0.71342
vn -0.00936 -0.51672 0.8561
vn -0.00936 -0.51672 0.8561
vn -0.71522 0.18386 0.67428
vn -0.71522 0.18386 0.67428
vn 0.62057 -0.51025 0.59543
vn 0.70645 -0.65812 0.26042
vn 0.70645 -0.65812 0.26042
vn 0.59823 -0.69876 0.39224
vn 0.59823 -0.69876 0.39224
vn 0.40961 -0.80406 0.43094
vn 0.40961 -0.80406 0.43094
vn 0.40961 -0.80406 0.43094
vn 0.80009 -0.32316 -0.5054
vn 0.80009 -0.32316 -0.5054
vn 0.51853 -0.84384 -0.13806
vn 0.83987 -0.45451 -0.29672
vn 0.83987 -0.45451 -0.29672
vn 0.83987 -0.45451 -0.29672
vn 0.9473 -0.28663 -0.1431
vn 0.9473 -0.28663 -0.1431
vn 0.9473 -0.28663 -0.1431
vn 0.84709 0.32369 -0.42151
vn 0.84709 0.32369 -0.42151
vn 0.84709 0.32369 -0.42151
vn 0.52448 0.83153 -0.18298
vn 0.52448 0.83153 -0.18298
vn 0.52448 0.83153 -0.18298
vn 0.86826 0.49597 -0.01188
vn 0.86826 0.49597 -0.01188
vn 0.86826 0.49597 -0.01188
vn 0.30453 0.94892 0.08259
vn 0.30453 0.94892 0.08259
vn 0.30453 0.94892 0.08259
vn 0.30453 0.94892 0.08259
vn 0.07726 0.51404 -0.85428
vn 0.07726 0.51404 -0.85428
vn -0.52578 0.67587 -0.51649
vn -0.52578 0.67587 -0.51649
vn -0.52578 0.67587 -0.51649
vn 0.00911 -0.39546 -0.91844
vn 0.00911 -0.39546 -0.91844
vn 0.00911 -0.39546 -0.91844
vn -0.76481 -0.14636 -0.62742
vn -0.76481 -0.14636 -0.62742
vn -0.81534 -0.24704 -0.52363
vn -0.81534 -0.24704 -0.52363
vn 0.19453 -0.52412 -0.82913
vn 0.19453 -0.52412 -0.82913
vn 0.08459 -0.84055 -0.53508
vn 0.08459 -0.84055 -0.53508
vn 0.78108 -0.59989 0.17334
vn 0.78108 -0.59989 0.17334
vn 0.78108 -0.59989 0.17334
vn 0.87878 -0.4389 0.18735
vn 0.87878 -0.4389 0.18735
vn 0.87878 -0.4389 0.18735
vn 0.3297 0.7343 0.59338
vn -0.09823 0.9248 0.36756
vn -0.09823 0.9248 0.36756
vn -0.09823 0.9248 0.36756
vn -0.74633 0.62737 0.22228
vn -0.74633 0.62737 0.22228
vn -0.74633 0.62737 0.22228
vn -0.92049 0.31044 -0.23733
vn -0.92049 0.31044 -0.23733
vn -0.92049 0.31044 -0.23733
vn -0.92049 0.31044 -0.23733
vn -0.36039 0.91206 0.19561
vn -0.36039 0.91206 0.19561
vn -0.36039 0.91206 0.19561
vn -0.97869 0.00641 -0.20526
vn -0.97869 0.00641 -0.20526
vn -0.97869 0.00641 -0.20526
vn -0.79597 -0.51298 -0.32138
vn -0.79597 -0.51298 -0.32138
vn -0.79597 -0.51298 -0.32138
vn 0.0102 -0.95546 0.29495
vn 0.0102 -0.95546 0.29495
vn 0.0102 -0.95546 0.29495
vn 0.49301 -0.84177 -0.21991
vn 0.49301 -0.84177 -0.21991
vn 0.49301 -0.84177 -0.21991
vn 0.91789 0.24728 0.31038
vn 0.91789 0.24728 0.31038
vn 0.91789 0.24728 0.31038
vn 0.88982 0.2829 0.35803
vn 0.88982 0.2829 0.35803
vn 0.88982 0.2829 0.35803
vn 0.81283 0.40106 0.42246
vn 0.81283 0.40106 0.42246
vn 0.81283 0.40106 0.42246
vn -0.75632 0.62021 0.20812
vn -0.75632 0.62021 0.20812
vn -0.46952 0.88282 -0.01344
vn -0.46953 0.88282 -0.01344
vn -0.64804 0.72595 -0.23032
vn -0.64804 0.72595 -0.23032
vn -0.64804 0.72595 -0.23032
vn 0.2077 -0.49458 -0.84395
vn 0.2077 -0.49458 -0.84395
vn 0.5114 0.05963 0.85727
vn 0.5114 0.05963 0.85727
vn 0.43803 0.32192 0.83934
vn 0.43803 0.32192 0.83934
vn 0.43803 0.32192 0.83934
vn 0.18291 -2E-05 0.98313
vn 0.18291 -2E-05 0.98313
vn -0.67805 0.53287 0.50625
vn -0.67805 0.53287 0.50625
vn -0.67805 0.53287 0.50625
vn -0.01673 -0.97562 0.21881
vn -0.01673 -0.97562 0.21881
vn -0.01673 -0.97562 0.21881
vn -0.01673 -0.97562 0.21881
vn -0.01673 -0.97562 0.21881
vn -0.99469 -0.01197 0.10225
vn -0.99469 -0.01197 0.10225
vn -0.99469 -0.01197 0.10225
vt 0.14344 0.98885
vt 0.0835 0.88409
vt 0.20026 0.86137
vt 0.09863 0.78197
vt 0.18348 0.73286
vt 0.0005 0.81051
vt 0.78734 0.97136
vt 0.66683 0.88936
vt 0.88031 0.87813
vt 0.81242 0.72269
vt 0.92628 0.75068
vt 0.69043 0.77487
vt 0.55128 0.9995
vt 0.49666 0.92002
vt 0.60857 0.83432
vt 0.53801 0.78356
vt 0.42582 0.99398
vt 0.34455 0.87377
vt 0.46229 0.81589
vt 0.3654 0.79248
vt 0.25511 0.98932
vt 0.27139 0.77837
vt 0.11473 0.65343
vt 0.22371 0.64649
vt 0.18432 0.59844
vt 0.27518 0.59324
vt 0.08187 0.59292
vt 0.87076 0.61919
vt 0.97342 0.63634
vt 0.89905 0.53637
vt 0.9995 0.50926
vt 0.80428 0.58954
vt 0.66231 0.69412
vt 0.76259 0.6703
vt 0.71471 0.54844
vt 0.63312 0.57498
vt 0.47036 0.66024
vt 0.57533 0.67059
vt 0.55707 0.56173
vt 0.43365 0.56682
vt 0.30085 0.63129
vt 0.41225 0.69021
vt 0.40504 0.52529
vt 0.01456 0.70892
vt 0.82344 0.35074
vt 0.93262 0.4238
vt 0.77859 0.491
vt 0.72275 0.3568
vt 0.62576 0.49179
vt 0.52208 0.36375
vt 0.44628 0.44606
vt 0.37009 0.37414
vt 0.28164 0.49761
vt 0.22802 0.371
vt 0.15207 0.48978
vt 0.16408 0.25752
vt 0.11324 0.20519
vt 0.15852 0.2061
vt 0.12719 0.16823
vt 0.16083 0.15648
vt 0.09678 0.15762
vt 0.10754 0.28383
vt 0.05755 0.13905
vt 0.03993 0.22791
vt 0.0005 0.20609
vt 0.00186 0.15614
vt 0.22324 0.26246
vt 0.17595 0.31899
vt 0.32767 0.27137
vt 0.3008 0.24766
vt 0.35399 0.22605
vt 0.29665 0.28431
vt 0.26871 0.2239
vt 0.1986 0.22584
vt 0.23699 0.23514
vt 0.21784 0.21491
vt 0.19345 0.18819
vt 0.14816 0.1119
vt 0.18081 0.12423
vt 0.17504 0.09771
vt 0.20245 0.1101
vt 0.14621 0.08216
vt 0.08789 0.08277
vt 0.11379 0.11882
vt 0.11785 0.05966
vt 0.07266 0.05678
vt 0.34478 0.18314
vt 0.39128 0.15914
vt 0.36384 0.10539
vt 0.40055 0.10642
vt 0.33471 0.1285
vt 0.26689 0.16783
vt 0.30782 0.17328
vt 0.31339 0.12257
vt 0.26632 0.11789
vt 0.20584 0.13303
vt 0.23796 0.18173
vt 0.25555 0.09072
vt 0.03799 0.09951
vt 0.13418 0.00266
vt 0.15853 0.04768
vt 0.09924 0.02544
vt 0.36436 0.03936
vt 0.37943 0.07707
vt 0.33385 0.09163
vt 0.30959 0.03232
vt 0.28036 0.0619
vt 0.26205 0.02347
vt 0.20979 0.06479
vt 0.18782 0.00484
vt 0.6985 0.07467
vt 0.75344 0.10039
vt 0.70784 0.12272
vt 0.74386 0.13946
vt 0.65743 0.22788
vt 0.77896 0.1336
vt 0.7295 0.02788
vt 0.81623 0.1507
vt 0.82457 0.07275
vt 0.88535 0.11604
vt 0.87973 0.20931
vt 0.83318 0.18649
vt 0.64761 0.08389
vt 0.66948 0.02721
vt 0.58088 0.12002
vt 0.61827 0.03198
vt 0.66251 0.12951
vt 0.76285 0.22548
vt 0.70529 0.23119
vt 0.72199 0.26907
vt 0.82384 0.2631
vt 0.8034 0.21714
vt 0.49296 0.15461
vt 0.52726 0.20874
vt 0.49092 0.23144
vt 0.55193 0.16819
vt 0.62427 0.19302
vt 0.5636 0.21946
vt 0.61729 0.25962
vt 0.51738 0.05168
vt 0.49067 0.06343
vt 0.74881 0.32139
vt 0.60572 0.27834
vt 0.55956 0.29636
vt 0.65857 0.30042
usemtl mat2
f 1098/1097/2698 1099/1098/2699 1100/1099/2698
f 1100/1099/2700 1101/1100/2700 1102/1101/2700
f 1100/1099/2701 1099/1098/2702 1101/1100/2703
f 1099/1098/2704 1103/1102/2705 1101/1100/2706
f 1104/1103/2707 1105/1104/2708 1106/1105/2709
f 1106/1105/2710 1107/1106/2710 1108/1107/2711
f 1106/1105/2712 1105/1104/2713 1107/1106/2712
f 1105/1104/2714 1109/1108/2715 1107/1106/2714
f 1110/1109/2716 1111/1110/2717 1105/1104/2718
f 1105/1104/2719 1112/1111/2720 1109/1108/2720
f 1105/1104/2721 1111/1110/2722 1112/1111/2723
f 1111/1110/2724 1113/1112/2724 1112/1111/2725
f 1114/1113/2726 1115/1114/2726 1111/1110/2727
f 1111/1110/2728 1116/1115/2729 1113/1112/2730
f 1111/1110/2731 1115/1114/2732 1116/1115/2732
f 1115/1114/2733 1117/1116/2733 1116/1115/2734
f 1118/1117/2735 1100/1099/2736 1115/1114/2735
f 1115/1114/2737 1119/1118/2738 1117/1116/2739
f 1115/1114/2740 1100/1099/2741 1119/1118/2742
f 1100/1099/2743 1102/1101/2744 1119/1118/2745
f 1102/1101/2746 1120/1119/2746 1121/1120/2747
f 1121/1120/2748 1122/1121/2748 1123/1122/2748
f 1121/1120/2749 1120/1119/2750 1122/1121/2751
f 1120/1119/2752 1124/1123/2753 1122/1121/2754
f 1108/1107/2755 1125/1124/2756 1126/1125/2757
f 1126/1125/2758 1127/1126/2759 1128/1127/2760
f 1126/1125/2761 1125/1124/2762 1127/1126/2763
f 1125/1124/2764 1129/1128/2765 1127/1126/2765
f 1109/1108/2766 1130/1129/2767 1131/1130/2766
f 1131/1130/2768 1132/1131/2769 1129/1128/2770
f 1131/1130/2771 1130/1129/2772 1132/1131/2773
f 1130/1129/2774 1133/1132/2775 1132/1131/2776
f 1113/1112/2777 1134/1133/2777 1135/1134/2778
f 1135/1134/2779 1136/1135/2780 1133/1132/2780
f 1135/1134/2781 1134/1133/2782 1136/1135/2783
f 1134/1133/2784 1137/1136/2784 1136/1135/2785
f 1117/1116/2786 1138/1137/2787 1139/1138/2787
f 1139/1138/2788 1140/1139/2789 1137/1136/2790
f 1139/1138/2791 1138/1137/2792 1140/1139/2793
f 1138/1137/2794 1123/1122/2794 1140/1139/2795
f 1124/1123/2796 1120/1119/2797 1141/1140/2797
f 1141/1140/2798 1101/1100/2799 1103/1102/2800
f 1141/1140/2801 1120/1119/2802 1101/1100/2803
f 1120/1119/2804 1102/1101/2805 1101/1100/2805
f 1129/1128/2806 1125/1124/2807 1131/1130/2806
f 1131/1130/2808 1107/1106/2809 1109/1108/2810
f 1131/1130/2811 1125/1124/2812 1107/1106/2813
f 1125/1124/2814 1108/1107/2815 1107/1106/2816
f 1133/1132/2817 1130/1129/2817 1135/1134/2817
f 1135/1134/2818 1112/1111/2818 1113/1112/2819
f 1135/1134/2820 1130/1129/2821 1112/1111/2822
f 1130/1129/2823 1109/1108/2824 1112/1111/2825
f 1137/1136/2826 1134/1133/2827 1139/1138/2828
f 1139/1138/2829 1116/1115/2830 1117/1116/2831
f 1139/1138/2832 1134/1133/2833 1116/1115/2834
f 1134/1133/2835 1113/1112/2836 1116/1115/2835
f 1123/1122/2837 1138/1137/2838 1121/1120/2839
f 1121/1120/2840 1119/1118/2841 1102/1101/2842
f 1121/1120/2843 1138/1137/2844 1119/1118/2845
f 1138/1137/2846 1117/1116/2847 1119/1118/2846
f 1142/1141/2848 1143/1142/2849 1144/1143/2848
f 1144/1143/2850 1127/1126/2851 1129/1128/2851
f 1144/1143/2852 1143/1142/2853 1127/1126/2854
f 1143/1142/2855 1128/1127/2856 1127/1126/2856
f 1145/1144/2857 1144/1143/2858 1146/1145/2859
f 1146/1145/2860 1132/1131/2861 1133/1132/2861
f 1146/1145/2862 1144/1143/2863 1132/1131/2862
f 1144/1143/2864 1129/1128/2865 1132/1131/2866
f 1147/1146/2867 1146/1145/2868 1148/1147/2867
f 1148/1147/2869 1136/1135/2870 1137/1136/2870
f 1148/1147/2871 1146/1145/2872 1136/1135/2871
f 1146/1145/2873 1133/1132/2874 1136/1135/2873
f 1149/1148/2875 1148/1147/2876 1150/1149/2877
f 1150/1149/2878 1140/1139/2879 1123/1122/2880
f 1150/1149/2881 1148/1147/2882 1140/1139/2882
f 1148/1147/2883 1137/1136/2883 1140/1139/2883
f 1151/1150/2884 1150/1149/2885 1152/1151/2886
f 1152/1151/2887 1122/1121/2888 1124/1123/2889
f 1152/1151/2890 1150/1149/2891 1122/1121/2892
f 1150/1149/2893 1123/1122/2894 1122/1121/2893
f 1153/1152/2895 1154/1153/2896 1155/1154/2897
f 1155/1154/2898 1156/1155/2899 1157/1156/2900
f 1155/1154/2901 1154/1153/2901 1156/1155/2901
f 1154/1153/2902 1158/1157/2903 1156/1155/2904
f 1153/1152/2905 1159/1158/2906 1154/1153/2906
f 1154/1153/2907 1160/1159/2908 1158/1157/2907
f 1154/1153/2909 1161/1160/2910 1160/1159/2911
f 1162/1161/2912 1163/1162/2912 1160/1159/2913
f 1153/1152/2914 1164/1163/2915 1165/1164/2915
f 1166/1165/2916 1167/1166/2917 1168/1167/2917
f 1169/1168/2918 1164/1163/2919 1167/1166/2920
f 1164/1163/2921 1170/1169/2922 1167/1166/2923
f 1153/1152/2924 1171/1170/2925 1164/1163/2926
f 1164/1163/2927 1172/1171/2927 1170/1169/2928
f 1164/1163/2929 1171/1170/2930 1172/1171/2929
f 1171/1170/2931 1173/1172/2932 1172/1171/2933
f 1153/1152/2934 1155/1154/2934 1171/1170/2935
f 1171/1170/2936 1174/1173/2937 1173/1172/2938
f 1171/1170/2939 1155/1154/2940 1174/1173/2941
f 1155/1154/2942 1157/1156/2943 1174/1173/2944
f 1157/1156/2945 1175/1174/2946 1176/1175/2945
f 1176/1175/2947 1177/1176/2947 1178/1177/2948
f 1176/1175/2949 1175/1174/2950 1177/1176/2950
f 1175/1174/2951 1179/1178/2951 1177/1176/2952
f 1158/1157/2953 1180/1179/2954 1181/1180/2955
f 1181/1180/2956 1182/1181/2957 1179/1178/2958
f 1181/1180/2959 1180/1179/2960 1182/1181/2959
f 1180/1179/2961 1183/1182/2962 1182/1181/2963
f 1168/1167/2964 1184/1183/2965 1185/1184/2966
f 1185/1184/2967 1186/1185/2968 1187/1186/2968
f 1185/1184/2969 1184/1183/2969 1186/1185/2970
f 1184/1183/2971 1188/1187/2972 1186/1185/2973
f 1170/1169/2974 1189/1188/2975 1190/1189/2976
f 1190/1189/2977 1191/1190/2978 1188/1187/2979
f 1190/1189/2980 1189/1188/2981 1191/1190/2982
f 1189/1188/2983 1192/1191/2984 1191/1190/2985
f 1173/1172/2986 1193/1192/2986 1194/1193/2987
f 1194/1193/2988 1195/1194/2989 1192/1191/2990
f 1194/1193/2991 1193/1192/2992 1195/1194/2993
f 1193/1192/2994 1178/1177/2995 1195/1194/2996
f 1179/1178/2997 1175/1174/2998 1181/1180/2998
f 1181/1180/2999 1156/1155/3000 1158/1157/3001
f 1181/1180/3002 1175/1174/3003 1156/1155/3004
f 1175/1174/3005 1157/1156/3006 1156/1155/3007
f 1183/1182/3008 1180/1179/3009 1196/1195/3010
f 1196/1195/3011 1160/1159/3011 1163/1162/3012
f 1196/1195/3013 1180/1179/3014 1160/1159/3014
f 1180/1179/3015 1158/1157/3016 1160/1159/3016
f 1188/1187/3017 1184/1183/3018 1190/1189/3019
f 1190/1189/3020 1167/1166/3021 1170/1169/3022
f 1190/1189/3023 1184/1183/3024 1167/1166/3025
f 1184/1183/3026 1168/1167/3027 1167/1166/3026
f 1192/1191/3028 1189/1188/3029 1194/1193/3030
f 1194/1193/3031 1172/1171/3032 1173/1172/3033
f 1194/1193/3034 1189/1188/3035 1172/1171/3036
f 1189/1188/3037 1170/1169/3037 1172/1171/3038
f 1178/1177/3039 1193/1192/3040 1176/1175/3039
f 1176/1175/3041 1174/1173/3042 1157/1156/3043
f 1176/1175/3044 1193/1192/3044 1174/1173/3045
f 1193/1192/3046 1173/1172/3047 1174/1173/3048
f 1197/1196/3049 1198/1197/3050 1199/1198/3049
f 1199/1198/3051 1182/1181/3052 1183/1182/3053
f 1199/1198/3054 1198/1197/3055 1182/1181/3056
f 1198/1197/3057 1179/1178/3058 1182/1181/3059
f 1200/1199/3060 1201/1200/3060 1202/1201/3060
f 1202/1201/3061 1186/1185/3062 1188/1187/3062
f 1202/1201/3063 1201/1200/3064 1186/1185/3065
f 1201/1200/3066 1187/1186/3066 1186/1185/3067
f 1203/1202/3068 1202/1201/3069 1204/1203/3070
f 1204/1203/3071 1191/1190/3072 1192/1191/3073
f 1204/1203/3074 1202/1201/3075 1191/1190/3076
f 1202/1201/3077 1188/1187/3078 1191/1190/3079
f 1205/1204/3080 1204/1203/3081 1206/1205/3082
f 1206/1205/3083 1195/1194/3084 1178/1177/3085
f 1206/1205/3086 1204/1203/3087 1195/1194/3086
f 1204/1203/3088 1192/1191/3089 1195/1194/3088
f 1207/1206/3090 1206/1205/3090 1198/1197/3090
f 1198/1197/3091 1177/1176/3091 1179/1178/3092
f 1198/1197/3093 1206/1205/3094 1177/1176/3093
f 1206/1205/3095 1178/1177/3096 1177/1176/3097
f 1208/1207/3098 1209/1208/3099 1210/1209/3098
f 1210/1209/3100 1211/1210/3100 1212/1211/3100
f 1210/1209/3101 1209/1208/3102 1211/1210/3103
f 1209/1208/3104 1213/1212/3105 1211/1210/3106
f 1208/1207/3107 1214/1213/3108 1209/1208/3109
f 1209/1208/3110 1215/1214/3111 1213/1212/3112
f 1209/1208/3113 1216/1215/3114 1215/1214/3115
f 1217/1216/3116 1218/1217/3117 1215/1214/3118
f 1215/1214/3118 1218/1217/3117 1219/1218/3119
f 1208/1207/3120 1220/1219/3121 1221/1220/3120
f 1220/1219/3122 1222/1221/3123 1223/1222/3124
f 1208/1207/3125 1224/1223/3126 1220/1219/3127
f 1220/1219/3128 1224/1223/3128 1222/1221/3129
f 1224/1223/3130 1212/1211/3131 1222/1221/3130
f 1208/1207/3132 1210/1209/3132 1224/1223/3133
f 1224/1223/3134 1210/1209/3135 1212/1211/3134
f 1225/1224/3136 1226/1225/3136 1211/1210/3137
f 1226/1225/3136 1225/1224/3136 1227/1226/3138
f 1213/1212/3139 1225/1224/3140 1211/1210/3141
f 1219/1218/3142 1228/1227/3142 1229/1228/3142
f 1219/1218/3143 1218/1217/3144 1228/1227/3145
f 1230/1229/3146 1231/1230/3147 1232/1231/3148
f 1233/1232/3149 1222/1221/3150 1234/1233/3151
f 1234/1233/3151 1235/1234/3152 1233/1232/3149
f 1233/1232/3153 1235/1234/3154 1231/1230/3155
f 1234/1233/3156 1236/1235/3157 1235/1234/3158
f 1234/1233/3159 1212/1211/3160 1236/1235/3161
f 1212/1211/3162 1226/1225/3163 1236/1235/3164
f 1226/1225/3165 1212/1211/3166 1211/1210/3167
f 1229/1228/3168 1225/1224/3169 1219/1218/3170
f 1219/1218/3171 1225/1224/3172 1215/1214/3173
f 1225/1224/3174 1213/1212/3175 1215/1214/3176
f 1231/1230/3177 1230/1229/3178 1233/1232/3177
f 1233/1232/3179 1237/1236/3180 1222/1221/3179
f 1233/1232/3181 1230/1229/3182 1238/1237/3183
f 1234/1233/3184 1222/1221/3184 1212/1211/3185
f 1239/1238/3186 1227/1226/3187 1228/1227/3187
f 1228/1227/3188 1225/1224/3189 1229/1228/3190
f 1228/1227/3191 1227/1226/3192 1225/1224/3192
f 1232/1231/3193 1240/1239/3194 1241/1240/3193
f 1240/1239/3194 1232/1231/3193 1235/1234/3195
f 1235/1234/3195 1232/1231/3193 1231/1230/3193
f 1226/1225/3196 1240/1239/3197 1236/1235/3198
f 1240/1239/3197 1227/1226/3199 1242/1241/3200
f 1227/1226/3199 1240/1239/3197 1226/1225/3196
f 1240/1239/3201 1235/1234/3202 1236/1235/3203
# Vertices: 145, normals: 506, texture coordinates: 145, faces: 206

o obj19
v -0.17356249 -0.02522218 0.26370676
v -0.17352115 -0.03999312 0.27659032
v -0.16736246 -0.04257401 0.258381
v -0.17027161 -0.05650134 0.28638786
v -0.16113322 -0.05502572 0.27491676
v -0.15722381 -0.06176622 0.26007751
v -0.17356249 -0.02522218 0.26370676
v -0.16736246 -0.04257401 0.258381
v -0.17638893 -0.04836089 0.25112153
v -0.16419268 -0.04522825 0.24558841
v -0.16419268 -0.04522825 0.24558841
v -0.17862946 -0.06721655 0.24239731
v -0.17356249 -0.02522218 0.26370676
v -0.19274728 -0.04798761 0.25700008
v -0.18868275 -0.06586586 0.24181434
v -0.20402959 -0.06738922 0.25710962
v -0.17356249 -0.02522218 0.26370676
v -0.19062087 -0.0381422 0.27411495
v -0.20206716 -0.06716259 0.27057821
v -0.19729273 -0.06284698 0.28587779
v -0.17356249 -0.02522218 0.26370676
v -0.18474993 -0.05519341 0.28995617
v -0.1739287 -0.0796773 0.2913903
v -0.15842922 -0.07855769 0.2838469
v -0.18255208 -0.10617829 0.28974654
v -0.16921065 -0.11639702 0.28480965
v -0.15791483 -0.1068302 0.27355546
v -0.14926254 -0.08830201 0.26552813
v -0.15311185 -0.07351339 0.24638516
v -0.15924716 -0.11123058 0.25819307
v -0.16701036 -0.10629726 0.24778835
v -0.16234753 -0.08144329 0.23559505
v -0.18474816 -0.08940118 0.23884207
v -0.16234753 -0.08144329 0.23559505
v -0.17483573 -0.10468958 0.23964866
v -0.17483573 -0.10468958 0.23964866
v -0.18793032 -0.10936814 0.2377239
v -0.20024767 -0.08447743 0.24638547
v -0.20174124 -0.08338172 0.25764012
v -0.1975464 -0.10879445 0.25644442
v -0.20447603 -0.10278079 0.27274042
v -0.19924168 -0.08415617 0.27860347
v -0.1886562 -0.07622743 0.28757315
v -0.19592285 -0.10286768 0.28550669
v -0.17968561 -0.12834096 0.26439167
v -0.16652126 -0.13471203 0.25134061
v -0.17005961 -0.13562699 0.26927329
v -0.16652126 -0.13471203 0.25134061
v -0.16652126 -0.13471203 0.25134061
v -0.18733771 -0.12815137 0.25410436
v -0.16652126 -0.13471203 0.25134061
v -0.16652126 -0.13471203 0.25134061
v -0.16652126 -0.13471203 0.25134061
v -0.19400309 -0.13217158 0.26728167
v -0.18319438 -0.12683695 0.27927319
vn 0.92822 -0.27907 0.24601
vn 0.92822 -0.27907 0.24601
vn 0.65688 -0.58456 0.47624
vn 0.65688 -0.58456 0.47624
vn 0.65688 -0.58456 0.47624
vn 0.76945 -0.1731 0.61481
vn 0.76945 -0.1731 0.61481
vn 0.76945 -0.1731 0.61481
vn 0.8833 -0.01995 0.46838
vn 0.8833 -0.01995 0.46838
vn 0.8833 -0.01995 0.46838
vn 0.40654 0.82253 0.39772
vn 0.40654 0.82253 0.39772
vn 0.40654 0.82253 0.39772
vn 0.87361 -0.11854 0.47198
vn 0.87361 -0.11854 0.47198
vn 0.87361 -0.11854 0.47198
vn -0.35373 0.27325 0.89454
vn -0.35373 0.27325 0.89454
vn -0.46217 0.78262 0.41702
vn -0.46217 0.78262 0.41702
vn -0.28602 0.82667 0.48457
vn -0.28602 0.82667 0.48457
vn 0.10728 0.90712 0.40696
vn 0.10728 0.90712 0.40696
vn 0.10728 0.90712 0.40696
vn -0.26117 0.7642 0.58974
vn -0.26117 0.7642 0.58974
vn -0.67012 0.63392 0.38611
vn -0.67012 0.63392 0.38611
vn -0.68511 0.29741 0.66497
vn -0.68511 0.29741 0.66497
vn -0.85827 -0.11665 0.49976
vn -0.85827 -0.11665 0.49976
vn -0.85827 -0.11665 0.49976
vn -0.92114 0.10168 0.37571
vn -0.92114 0.10168 0.37571
vn -0.92078 -0.19148 0.33984
vn -0.92078 -0.19148 0.33984
vn -0.92078 -0.19148 0.33984
vn -0.03793 -0.75312 0.65679
vn -0.03793 -0.75312 0.65679
vn -0.52135 -0.70722 0.47753
vn -0.52135 -0.70722 0.47753
vn -0.03388 -0.73799 0.67396
vn -0.03388 -0.73799 0.67396
vn 0.24775 -0.81096 0.53007
vn 0.24775 -0.81096 0.53007
vn 0.24775 -0.81096 0.53007
vn 0.42676 -0.89555 0.12596
vn 0.42676 -0.89555 0.12596
vn 0.24753 -0.95871 -0.14001
vn 0.24753 -0.95871 -0.14001
vn 0.44129 -0.89143 -0.10305
vn 0.44129 -0.89143 -0.10305
vn 0.77242 -0.60119 -0.20479
vn 0.77242 -0.60119 -0.20479
vn 0.77242 -0.60119 -0.20479
vn 0.95525 -0.03485 0.29375
vn 0.95525 -0.03485 0.29375
vn 0.91165 -0.03814 -0.4092
vn 0.91165 -0.03814 -0.4092
vn 0.88586 0.38179 -0.26362
vn 0.88586 0.38179 -0.26362
vn 0.88586 0.38179 -0.26362
vn 0.68181 0.65915 -0.31726
vn 0.68181 0.65915 -0.31726
vn 0.68181 0.65915 -0.31726
vn -0.21346 0.95374 0.21172
vn -0.21346 0.95374 0.21172
vn 0.60246 0.66606 -0.43979
vn 0.60246 0.66606 -0.43979
vn 0.60246 0.66606 -0.43979
vn -0.10134 0.98785 -0.11782
vn -0.10134 0.98785 -0.11782
vn -0.10134 0.98785 -0.11782
vn 0.13337 0.99048 0.03421
vn 0.13337 0.99048 0.03421
vn 0.13337 0.99048 0.03421
vn -0.98265 0.11634 -0.14447
vn -0.98265 0.11634 -0.14447
vn -0.85876 0.43271 -0.27439
vn -0.85876 0.43271 -0.27439
vn -0.98096 0.11494 -0.15652
vn -0.98096 0.11494 -0.15652
vn -0.98096 0.11494 -0.15652
vn -0.92878 0.34435 -0.13711
vn -0.92878 0.34435 -0.13711
vn -0.92878 0.34435 -0.13711
vn -0.52146 -0.82097 -0.23256
vn -0.52146 -0.82097 -0.23256
vn -0.52146 -0.82097 -0.23256
vn -0.82919 -0.55594 0.05803
vn -0.82919 -0.55594 0.05803
vn -0.82919 -0.55594 0.05803
vn -0.69771 -0.7034 0.13575
vn -0.69771 -0.7034 0.13575
vn -0.30046 -0.95376 0.00797
vn -0.30046 -0.95376 0.00797
vn -0.30046 -0.95376 0.00797
vn 0.84165 -0.51219 -0.17113
vn 0.84165 -0.51219 -0.17113
vn 0.84165 -0.51219 -0.17113
vn 0.94557 -0.10999 0.30628
vn 0.94557 -0.10999 0.30628
vn 0.91367 -0.33394 0.23172
vn 0.91367 -0.33394 0.23172
vn 0.91367 -0.33394 0.23172
vn 0.72166 -0.61563 0.31655
vn 0.82257 0.43413 -0.3673
vn -0.17588 0.95121 0.25352
vn -0.17588 0.95121 0.25352
vn -0.17588 0.95121 0.25352
vn 0.64744 0.72556 0.2332
vn 0.64744 0.72556 0.2332
vn 0.64744 0.72556 0.2332
vn 0.93092 0.03253 0.36378
vn 0.93092 0.03253 0.36378
vn 0.93092 0.03253 0.36378
vn -0.40484 0.90709 0.11532
vn -0.40483 0.90709 0.11532
vn -0.69352 0.66931 0.26656
vn -0.69352 0.66931 0.26656
vn -0.69352 0.66931 0.26656
vn -0.42616 0.90363 0.04287
vn -0.42616 0.90363 0.04287
vn 0.07573 0.98762 0.13739
vn 0.07573 0.98762 0.13739
vn 0.07573 0.98762 0.13739
vn -0.96477 -0.12361 0.23223
vn -0.96477 -0.12361 0.23223
vn -0.96477 -0.12361 0.23223
vn -0.95319 -0.30194 -0.01589
vn -0.95319 -0.30194 -0.01589
vn -0.98736 -0.11365 -0.1105
vn -0.98736 -0.11365 -0.1105
vn -0.98736 -0.11365 -0.1105
vn -0.98011 -0.14508 -0.13543
vn -0.98011 -0.14508 -0.13543
vn -0.98011 -0.14508 -0.13543
vn -0.24643 -0.96895 0.02009
vn -0.24643 -0.96895 0.02009
vn -0.24643 -0.96895 0.02009
vn 0.25011 -0.95381 0.16641
vn 0.25011 -0.95381 0.16641
vn -0.26361 -0.96275 -0.06012
vn -0.26361 -0.96275 -0.06012
vn -0.26361 -0.96275 -0.06012
vn -0.27696 -0.95918 -0.05723
vn -0.27696 -0.95918 -0.05723
vn -0.27696 -0.95918 -0.05723
vn -0.54721 0.14999 -0.82345
vn -0.54721 0.14999 -0.82345
vn 0.78521 0.61597 -0.06349
vn 0.78521 0.61597 -0.06349
vn 0.92727 -0.16584 -0.33565
vn 0.92727 -0.16584 -0.33565
vn 0.91916 -0.03271 -0.39251
vn 0.91916 -0.03271 -0.39251
vn 0.91916 -0.03271 -0.39251
vn -0.27287 -0.18558 -0.94398
vn -0.27287 -0.18558 -0.94398
vn 0.32545 0.7177 -0.61562
vn 0.32545 0.7177 -0.61562
vn -0.24586 0.87827 -0.41012
vn -0.24586 0.87827 -0.41012
vn -0.24586 0.87827 -0.41012
vn 0.7114 0.69876 -0.07511
vn 0.7114 0.69876 -0.07511
vn 0.7114 0.69876 -0.07511
vn 0.21988 0.18122 -0.95855
vn 0.21988 0.18122 -0.95855
vn -0.91743 0.28931 -0.27318
vn -0.91743 0.28931 -0.27318
vn -0.91743 0.28931 -0.27318
vn -0.78673 0.50587 -0.35376
vn -0.78673 0.50587 -0.35376
vn -0.8255 0.41222 -0.38553
vn -0.8255 0.41222 -0.38553
vn -0.8255 0.41222 -0.38553
vn 0.28554 -0.16278 -0.94444
vn 0.28554 -0.16278 -0.94444
vn 0.28554 -0.16278 -0.94444
vn -0.36651 -0.83441 -0.41163
vn -0.36651 -0.83441 -0.41163
vn -0.36651 -0.83441 -0.41163
vn -0.542 -0.69724 -0.46914
vn -0.77265 -0.51514 -0.371
vn -0.77265 -0.51514 -0.371
vn -0.58438 0.05597 -0.80955
vn -0.58438 0.05597 -0.80955
vn 0.79429 -0.45496 -0.40264
vn 0.1637 -0.76381 -0.62433
vn 0.1637 -0.76381 -0.62433
vn 0.1637 -0.76381 -0.62433
vn -0.01592 -0.89201 -0.45173
vn -0.01592 -0.89201 -0.45173
vn -0.01592 -0.89201 -0.45173
vt 0.62552 0.28136
vt 0.54764 0.37013
vt 0.70873 0.33574
vt 0.57524 0.46256
vt 0.65194 0.43923
vt 0.75145 0.44591
vt 0.04192 0.46707
vt 0.00796 0.5485
vt 0.09174 0.5843
vt 0.83573 0.35322
vt 0.0005 0.64188
vt 0.12645 0.68917
vt 0.06314 0.45534
vt 0.2343 0.52462
vt 0.18317 0.66051
vt 0.30055 0.60667
vt 0.23633 0.33616
vt 0.37213 0.42082
vt 0.35652 0.56714
vt 0.43205 0.52466
vt 0.46874 0.2836
vt 0.49 0.47688
vt 0.57784 0.54858
vt 0.66104 0.53637
vt 0.55564 0.64911
vt 0.63212 0.68263
vt 0.71665 0.64997
vt 0.76167 0.56597
vt 0.84932 0.49556
vt 0.80935 0.68364
vt 0.91526 0.63923
vt 0.04705 0.81239
vt 0.19983 0.7648
vt 0.94614 0.49793
vt 0.9995 0.62254
vt 0.20373 0.87026
vt 0.25875 0.81556
vt 0.27159 0.68912
vt 0.31122 0.66176
vt 0.35895 0.75402
vt 0.41389 0.67541
vt 0.42342 0.6036
vt 0.49183 0.54954
vt 0.48458 0.64721
vt 0.53965 0.85143
vt 0.6547 0.93339
vt 0.66468 0.79946
vt 0.90725 0.75525
vt 0.80205 0.81416
vt 0.39635 0.85848
vt 0.5046 0.98721
vt 0.30661 0.9995
vt 0.91118 0.75183
vt 0.45718 0.79371
vt 0.55489 0.75091
usemtl mat2
f 1243/1242/3204 1244/1243/3205 1245/1244/3204
f 1244/1243/3206 1246/1245/3207 1247/1246/3208
f 1244/1243/3209 1247/1246/3210 1245/1244/3211
f 1245/1244/3212 1247/1246/3213 1248/1247/3214
f 1249/1248/3215 1250/1249/3216 1251/1250/3217
f 1245/1244/3218 1248/1247/3219 1252/1251/3220
f 1250/1249/3221 1253/1252/3222 1251/1250/3221
f 1251/1250/3223 1253/1252/3223 1254/1253/3224
f 1255/1254/3225 1251/1250/3226 1256/1255/3226
f 1251/1250/3227 1254/1253/3228 1257/1256/3229
f 1251/1250/3230 1257/1256/3231 1256/1255/3231
f 1256/1255/3232 1257/1256/3233 1258/1257/3232
f 1259/1258/3234 1256/1255/3235 1260/1259/3234
f 1256/1255/3236 1258/1257/3237 1261/1260/3238
f 1256/1255/3239 1261/1260/3240 1260/1259/3240
f 1260/1259/3241 1261/1260/3242 1262/1261/3243
f 1263/1262/3244 1260/1259/3245 1244/1243/3244
f 1260/1259/3246 1262/1261/3246 1264/1263/3247
f 1260/1259/3248 1264/1263/3249 1244/1243/3248
f 1244/1243/3250 1264/1263/3251 1246/1245/3252
f 1246/1245/3253 1265/1264/3254 1266/1265/3253
f 1265/1264/3255 1267/1266/3256 1268/1267/3255
f 1265/1264/3257 1268/1267/3257 1266/1265/3258
f 1266/1265/3259 1268/1267/3260 1269/1268/3261
f 1248/1247/3262 1270/1269/3263 1271/1270/3262
f 1270/1269/3264 1269/1268/3265 1272/1271/3264
f 1270/1269/3266 1272/1271/3267 1271/1270/3268
f 1271/1270/3269 1272/1271/3270 1273/1272/3271
f 1254/1253/3272 1274/1273/3272 1275/1274/3273
f 1276/1275/3274 1273/1272/3275 1277/1276/3276
f 1274/1273/3277 1278/1277/3278 1275/1274/3279
f 1275/1274/3280 1278/1277/3281 1279/1278/3282
f 1258/1257/3283 1280/1279/3284 1281/1280/3284
f 1280/1279/3285 1279/1278/3286 1282/1281/3286
f 1280/1279/3287 1282/1281/3288 1281/1280/3289
f 1281/1280/3290 1282/1281/3291 1283/1282/3292
f 1262/1261/3293 1284/1283/3294 1285/1284/3295
f 1284/1283/3296 1283/1282/3297 1286/1285/3298
f 1284/1283/3299 1286/1285/3300 1285/1284/3300
f 1285/1284/3301 1286/1285/3302 1267/1266/3303
f 1269/1268/3304 1270/1269/3305 1266/1265/3306
f 1270/1269/3307 1248/1247/3307 1247/1246/3308
f 1270/1269/3309 1247/1246/3310 1266/1265/3311
f 1266/1265/3312 1247/1246/3312 1246/1245/3312
f 1273/1272/3313 1276/1275/3313 1271/1270/3313
f 1274/1273/3314 1254/1253/3315 1253/1252/3316
f 1276/1275/3317 1252/1251/3318 1271/1270/3319
f 1271/1270/3320 1252/1251/3321 1248/1247/3322
f 1279/1278/3323 1280/1279/3323 1275/1274/3324
f 1280/1279/3325 1258/1257/3326 1257/1256/3327
f 1280/1279/3328 1257/1256/3328 1275/1274/3329
f 1275/1274/3330 1257/1256/3331 1254/1253/3332
f 1283/1282/3333 1284/1283/3334 1281/1280/3335
f 1284/1283/3336 1262/1261/3337 1261/1260/3337
f 1284/1283/3338 1261/1260/3339 1281/1280/3340
f 1281/1280/3341 1261/1260/3342 1258/1257/3343
f 1267/1266/3344 1265/1264/3345 1285/1284/3346
f 1265/1264/3347 1246/1245/3348 1264/1263/3347
f 1265/1264/3349 1264/1263/3350 1285/1284/3351
f 1285/1284/3352 1264/1263/3353 1262/1261/3354
f 1287/1286/3355 1288/1287/3356 1289/1288/3355
f 1290/1289/3357 1273/1272/3357 1272/1271/3358
f 1291/1290/3359 1272/1271/3359 1289/1288/3360
f 1289/1288/3361 1272/1271/3362 1269/1268/3363
f 1287/1286/3364 1292/1291/3364 1293/1292/3365
f 1292/1291/3366 1279/1278/3366 1278/1277/3367
f 1292/1291/3368 1278/1277/3369 1294/1293/3370
f 1295/1294/3371 1277/1276/3372 1273/1272/3373
f 1287/1286/3374 1296/1295/3375 1292/1291/3374
f 1296/1295/3376 1283/1282/3377 1282/1281/3378
f 1296/1295/3379 1282/1281/3379 1292/1291/3380
f 1292/1291/3381 1282/1281/3382 1279/1278/3383
f 1287/1286/3384 1297/1296/3385 1296/1295/3386
f 1297/1296/3387 1267/1266/3388 1286/1285/3389
f 1297/1296/3390 1286/1285/3390 1296/1295/3390
f 1296/1295/3391 1286/1285/3392 1283/1282/3391
f 1287/1286/3393 1289/1288/3394 1297/1296/3394
f 1289/1288/3395 1269/1268/3395 1268/1267/3395
f 1289/1288/3396 1268/1267/3397 1297/1296/3398
f 1297/1296/3399 1268/1267/3400 1267/1266/3401
# Vertices: 55, normals: 198, texture coordinates: 55, faces: 80

o obj20
v -0.74355649 -0.04908555 -0.38485897
v -0.71598603 -0.01320965 -0.37617128
v -0.74847128 -0.0146086 -0.36231266
v -0.70220149 0.04578231 -0.37075283
v -0.7320224 0.0251917 -0.35561465
v -0.76376844 0.0293085 -0.3495355
v -0.78295872 -0.03646157 -0.38675222
v -0.78708767 0.05260402 -0.36134428
v -0.80139424 0.02032795 -0.38287714
v -0.74200739 -0.04136418 -0.40372355
v -0.7759434 -0.00491195 -0.40021142
v -0.74200739 -0.04136418 -0.40372355
v -0.74200739 -0.04136418 -0.40372355
v -0.75419347 0.01288305 -0.42100618
v -0.74200739 -0.04136418 -0.40372355
v -0.71095456 -0.01160642 -0.40161297
v -0.74200739 -0.04136418 -0.40372355
v -0.72425605 -0.00295153 -0.42405676
v -0.74200739 -0.04136418 -0.40372355
v -0.71095456 -0.01160642 -0.40161297
v -0.69645278 0.01258586 -0.41496022
v -0.69645278 0.01258586 -0.41496022
v -0.68988178 0.02161617 -0.39301028
v -0.68750212 0.09362448 -0.38122951
v -0.72172466 0.08907073 -0.36148647
v -0.69001852 0.11831292 -0.39392315
v -0.70480422 0.11489908 -0.37174857
v -0.73083142 0.1180539 -0.35316282
v -0.75299371 0.07175045 -0.34670969
v -0.78183262 0.1008192 -0.34803609
v -0.76159606 0.13429745 -0.35105581
v -0.78864751 0.11872263 -0.36029885
v -0.80296746 0.08024702 -0.36676183
v -0.80190719 0.06892658 -0.39458652
v -0.7921993 0.14642588 -0.38016518
v -0.77391905 0.12267434 -0.39924476
v -0.7676846 0.07800977 -0.41432955
v -0.72914934 0.08457488 -0.42494888
v -0.75954272 0.14302495 -0.42146745
v -0.71565519 0.13726934 -0.42338531
v -0.70329975 0.06974028 -0.4251952
v -0.67917558 0.10206697 -0.40489674
v -0.70563706 0.15989748 -0.41659934
v -0.69001852 0.11831292 -0.39392315
v -0.67917558 0.10206697 -0.40489674
v -0.73912838 0.20162346 -0.38598599
v -0.77216046 0.15593457 -0.37121963
v -0.73025089 0.16237136 -0.36533295
v -0.73912838 0.20162346 -0.38598599
v -0.76918932 0.16165253 -0.39841065
v -0.73912838 0.20162346 -0.38598599
v -0.7260517 0.18918171 -0.40698077
v -0.73912838 0.20162346 -0.38598599
v -0.70528398 0.16126502 -0.38888854
v -0.73912838 0.20162346 -0.38598599
v -0.70528398 0.16126502 -0.38888854
v -0.7724575 -0.05187115 -0.3680682
v -0.76716014 -0.03638202 -0.36126045
v -0.77974401 -0.04918186 -0.35577999
v -0.7700952 -0.01637135 -0.35347263
v -0.77791134 -0.03574478 -0.35020417
v -0.78979767 -0.04071774 -0.34794929
v -0.78945594 -0.05602765 -0.36711658
v -0.80085083 -0.03249084 -0.35063635
v -0.78945594 -0.05602765 -0.36711658
v -0.78945594 -0.05602765 -0.36711658
v -0.80212151 -0.04312549 -0.36154897
v -0.78945594 -0.05602765 -0.36711658
v -0.77103871 -0.04120622 -0.37570055
v -0.78945594 -0.05602765 -0.36711658
v -0.80212151 -0.04312549 -0.36154897
v -0.78970241 -0.03905903 -0.37008441
v -0.78945594 -0.05602765 -0.36711658
v -0.7822821 -0.02130886 -0.37733448
v -0.76362311 -0.02684687 -0.37189578
v -0.76769049 -0.02224235 -0.38085791
v -0.75919363 -0.01355649 -0.37619664
v -0.76082108 -0.01377633 -0.36512246
v -0.77167018 0.00660891 -0.3523264
v -0.78246087 -0.0050341 -0.34637917
v -0.77656521 0.01604305 -0.354224
v -0.78050179 0.00979311 -0.34708687
v -0.78935318 0.00484425 -0.34076763
v -0.79098641 -0.02072812 -0.34313531
v -0.80461172 -0.0101952 -0.34153953
v -0.80201795 0.00634897 -0.3391173
v -0.80954304 -0.00164729 -0.344397
v -0.80979504 -0.02038968 -0.35046492
v -0.80826743 -0.02030024 -0.36162493
v -0.80954304 -0.00164729 -0.344397
v -0.81506144 0.01016694 -0.34879498
v -0.80620123 0.00707179 -0.35737388
v -0.79792771 -0.00461142 -0.36725462
v -0.78417458 0.00555897 -0.37080447
v -0.80511802 0.01840691 -0.36259391
v -0.78950565 0.0225257 -0.36277541
v -0.7706704 0.00522004 -0.37364021
v -0.77007388 0.01428278 -0.3600762
v -0.78934287 0.03016984 -0.35768732
v -0.80979504 -0.02038968 -0.35046492
v -0.80562404 0.03525473 -0.34356547
v -0.80917852 0.01454888 -0.34432603
v -0.79558566 0.02123203 -0.34068665
v -0.80562404 0.03525473 -0.34356547
v -0.8100932 0.02024013 -0.35301538
v -0.80917852 0.01454888 -0.34432603
v -0.80562404 0.03525473 -0.34356547
v -0.79999042 0.03587336 -0.35193234
v -0.80562404 0.03525473 -0.34356547
v -0.78804876 0.02717251 -0.34819978
v -0.80562404 0.03525473 -0.34356547
v -0.70981945 -0.08500029 -0.41010089
v -0.69530309 -0.07497125 -0.40989997
v -0.70983632 -0.06851918 -0.40299787
v -0.683312 -0.05440158 -0.4127872
v -0.6989707 -0.05497161 -0.40389188
v -0.71290088 -0.04757949 -0.40012332
v -0.72368516 -0.07572232 -0.41139176
v -0.71769357 -0.03741289 -0.40731373
v -0.72368516 -0.07572232 -0.41139176
v -0.72368516 -0.07572232 -0.41139176
v -0.72479962 -0.05206449 -0.41406771
v -0.72368516 -0.07572232 -0.41139176
v -0.70758771 -0.08546929 -0.41831516
v -0.72368516 -0.07572232 -0.41139176
v -0.71599446 -0.06803046 -0.42004122
v -0.72368516 -0.07572232 -0.41139176
v -0.70758771 -0.08546929 -0.41831516
v -0.70520837 -0.06771753 -0.42970952
v -0.69261104 -0.07875084 -0.41996581
v -0.69649003 -0.0771184 -0.42910116
v -0.69649003 -0.0771184 -0.42910116
v -0.68453803 -0.07395395 -0.42685016
v -0.6809167 -0.06864357 -0.4195098
v -0.67161744 -0.04127405 -0.42114151
v -0.68649342 -0.03273724 -0.41226461
v -0.66916741 -0.03502652 -0.42829692
v -0.67617746 -0.02821776 -0.41895965
v -0.68715772 -0.01782193 -0.41111654
v -0.70277368 -0.03185911 -0.40344537
v -0.71002951 -0.01651961 -0.4064387
v -0.69704112 -0.0062412 -0.4114632
v -0.7090939 -0.01035421 -0.41349612
v -0.71968291 -0.02508751 -0.41214461
v -0.71784507 -0.03546836 -0.42354636
v -0.70565613 -0.00315902 -0.42430769
v -0.70028074 -0.02056209 -0.43038927
v -0.70243181 -0.0417068 -0.43280782
v -0.68729529 -0.04691861 -0.43732076
v -0.69128361 -0.02166342 -0.44127606
v -0.67583516 -0.03054919 -0.44134191
v -0.67995746 -0.05510501 -0.43576963
v -0.66706206 -0.04430104 -0.43100091
v -0.67583516 -0.03054919 -0.44134191
v -0.6693758 -0.02309527 -0.44076447
v -0.67995746 -0.05510501 -0.43576963
v -0.67807249 0.00515382 -0.43206496
v -0.69726388 -0.00066046 -0.421636
v -0.68071986 -0.00406924 -0.42010532
v -0.67807249 0.00515382 -0.43206496
v -0.69385391 -0.00687479 -0.43341725
v -0.67807249 0.00515382 -0.43206496
v -0.67350187 -0.00778309 -0.43967225
v -0.67807249 0.00515382 -0.43206496
v -0.66988499 -0.01612248 -0.42997923
v -0.67350187 -0.00778309 -0.43967225
v -0.67807249 0.00515382 -0.43206496
vn 0.61551 -0.63023 -0.47323
vn 0.61551 -0.63023 -0.47323
vn 0.79467 -0.57205 -0.20311
vn 0.79467 -0.57205 -0.20311
vn 0.65942 -0.68687 -0.30558
vn 0.65942 -0.68687 -0.30558
vn 0.47448 -0.85079 -0.22587
vn 0.47448 -0.85079 -0.22587
vn 0.07095 -0.82831 -0.55576
vn 0.07095 -0.82831 -0.55576
vn 0.07095 -0.82831 -0.55576
vn -0.46511 -0.78288 -0.41325
vn -0.46511 -0.78288 -0.41325
vn -0.46511 -0.78288 -0.41325
vn -0.12001 -0.95671 -0.26515
vn -0.12001 -0.95671 -0.26515
vn -0.12001 -0.95671 -0.26515
vn -0.29878 -0.92215 -0.24569
vn -0.29878 -0.92215 -0.24569
vn -0.38026 0.27005 -0.88458
vn -0.38026 0.27005 -0.88458
vn -0.38026 0.27005 -0.88458
vn -0.87195 0.461 -0.16489
vn -0.87195 0.461 -0.16489
vn -0.67065 0.68507 -0.28445
vn -0.67065 0.68507 -0.28445
vn -0.71856 0.59376 -0.36212
vn 0.56236 0.44788 -0.69509
vn 0.56236 0.44788 -0.69509
vn 0.56236 0.44788 -0.69509
vn -0.56511 0.74831 -0.3474
vn -0.56511 0.74831 -0.3474
vn -0.56511 0.74831 -0.3474
vn 0.35799 0.73678 -0.57358
vn 0.35799 0.73678 -0.57358
vn 0.31187 0.71048 -0.63083
vn 0.31187 0.71048 -0.63083
vn 0.76649 0.15779 -0.62257
vn 0.76649 0.15779 -0.62257
vn 0.76649 0.15779 -0.62257
vn 0.78452 0.32434 -0.52852
vn 0.78452 0.32434 -0.52852
vn 0.81634 0.16126 -0.55461
vn 0.81634 0.16126 -0.55461
vn 0.81634 0.16126 -0.55461
vn 0.9033 -0.36277 -0.22904
vn 0.9033 -0.36277 -0.22904
vn 0.76248 -0.64591 0.03776
vn 0.76248 -0.64591 0.03776
vn 0.76248 -0.64591 0.03776
vn 0.89368 -0.26546 0.36175
vn 0.89368 -0.26546 0.36175
vn 0.76433 -0.64456 0.01841
vn 0.76433 -0.64456 0.01841
vn 0.82027 -0.56949 -0.05327
vn 0.82027 -0.56949 -0.05327
vn 0.82027 -0.56949 -0.05327
vn 0.25611 -0.96567 -0.0435
vn 0.25611 -0.96567 -0.0435
vn 0.44415 -0.89198 0.08424
vn 0.44415 -0.89198 0.08424
vn 0.44415 -0.89198 0.08424
vn 0.36712 -0.9273 0.0731
vn 0.36712 -0.9273 0.0731
vn 0.36712 -0.9273 0.0731
vn -0.17971 -0.91428 0.36305
vn -0.17971 -0.91428 0.36305
vn -0.17971 -0.91428 0.36305
vn -0.94962 -0.31289 -0.01796
vn -0.94962 -0.31289 -0.01796
vn -0.94962 -0.31289 -0.01796
vn -0.63156 -0.73899 0.23459
vn -0.63156 -0.73899 0.23459
vn -0.63156 -0.73899 0.23459
vn -0.95848 -0.2478 0.14111
vn -0.95848 -0.2478 0.14111
vn -0.95848 -0.2478 0.14111
vn -0.7953 0.56532 0.21886
vn -0.7953 0.56532 0.21886
vn -0.7953 0.56532 0.21886
vn -0.5845 0.8103 0.04219
vn -0.5845 0.8103 0.04219
vn -0.98157 0.18395 0.0518
vn -0.98157 0.18395 0.0518
vn -0.98157 0.18395 0.0518
vn -0.56781 0.81981 -0.07419
vn -0.56781 0.81981 -0.07419
vn -0.37764 0.92511 0.03948
vn -0.37764 0.92511 0.03948
vn 0.3899 0.91954 -0.04929
vn 0.3899 0.91954 -0.04929
vn 0.06213 0.99331 0.09729
vn 0.06213 0.99331 0.09729
vn 0.25088 0.96356 0.0928
vn 0.25088 0.96356 0.0928
vn 0.25088 0.96356 0.0928
vn 0.89139 0.10243 0.44152
vn 0.89139 0.10243 0.44152
vn 0.74241 -0.66191 -0.10348
vn 0.74241 -0.66191 -0.10348
vn 0.74241 -0.66191 -0.10348
vn 0.4976 -0.86051 -0.10916
vn 0.4976 -0.86051 -0.10916
vn 0.70509 -0.70894 0.01568
vn 0.70509 -0.70894 0.01568
vn 0.72601 -0.68761 0.01015
vn 0.72601 -0.68761 0.01015
vn -0.47158 -0.86614 0.16556
vn -0.47158 -0.86614 0.16556
vn -0.47158 -0.86614 0.16556
vn -0.33871 -0.91557 -0.21682
vn -0.33871 -0.91557 -0.21682
vn -0.33871 -0.91557 -0.21682
vn -0.24919 -0.95464 -0.16297
vn -0.24919 -0.95464 -0.16297
vn -0.25873 -0.9525 -0.16062
vn -0.25873 -0.9525 -0.16062
vn -0.77902 0.59281 0.20424
vn -0.77902 0.59281 0.20424
vn -0.87839 0.47405 -0.06093
vn -0.87839 0.47405 -0.06093
vn -0.74673 0.65738 -0.10116
vn -0.74673 0.65738 -0.10116
vn -0.87569 0.44781 -0.18062
vn -0.87569 0.44781 -0.18062
vn -0.87569 0.44781 -0.18062
vn -0.33574 0.94154 0.02799
vn -0.33574 0.94154 0.02799
vn -0.33574 0.94154 0.02799
vn 0.03158 0.99217 -0.12082
vn 0.03158 0.99217 -0.12082
vn 0.03158 0.99217 -0.12082
vn -0.35688 0.93408 -0.01108
vn -0.35688 0.93408 -0.01108
vn -0.35688 0.93408 -0.01108
vn -0.44315 0.8963 -0.01627
vn -0.44315 0.8963 -0.01627
vn 0.95013 -0.09022 0.29853
vn 0.95013 -0.09022 0.29853
vn 0.95013 -0.09022 0.29853
vn 0.95592 -0.26742 -0.12126
vn 0.95592 -0.26742 -0.12126
vn 0.95592 -0.26742 -0.12126
vn 0.99597 0.03807 -0.08124
vn 0.99597 0.03807 -0.08124
vn 0.99597 0.03807 -0.08124
vn 0.8279 0.53734 -0.16076
vn 0.8279 0.53734 -0.16076
vn 0.12498 -0.89732 0.42331
vn 0.12498 -0.89732 0.42331
vn 0.12498 -0.89732 0.42331
vn -0.22357 -0.86877 0.44188
vn -0.22357 -0.86877 0.44188
vn -0.22357 -0.86877 0.44188
vn 0.07188 -0.78655 0.61333
vn 0.07188 -0.78655 0.61333
vn 0.07188 -0.78655 0.61333
vn 0.5117 -0.81983 0.25699
vn -0.74302 -0.3097 0.5933
vn -0.74302 -0.3097 0.5933
vn -0.74302 -0.3097 0.5933
vn -0.87286 0.47849 0.09568
vn -0.87286 0.47849 0.09568
vn -0.87286 0.47849 0.09568
vn -0.39881 -0.28527 0.87153
vn -0.39881 -0.28527 0.87153
vn -0.39881 -0.28527 0.87153
vn -0.25496 -0.85745 0.44696
vn -0.25496 -0.85745 0.44696
vn -0.25496 -0.85745 0.44696
vn -0.68874 0.44114 0.57535
vn -0.68874 0.44114 0.57535
vn -0.68874 0.44114 0.57535
vn -0.32824 0.89538 0.30091
vn -0.32824 0.89538 0.30091
vn -0.32824 0.89538 0.30091
vn -0.68896 0.45406 0.56495
vn -0.98418 0.13345 0.11657
vn -0.98418 0.13345 0.11657
vn -0.98418 0.13345 0.11657
vn 0.75415 0.16731 0.63503
vn 0.75415 0.16731 0.63503
vn 0.87427 0.3487 0.33773
vn 0.87427 0.3487 0.33773
vn 0.75126 0.31493 0.58003
vn 0.75126 0.31493 0.58003
vn -0.34898 0.88886 0.29687
vn -0.34898 0.88886 0.29687
vn -0.34898 0.88886 0.29687
vn 0.79484 -0.38217 0.47136
vn 0.79484 -0.38217 0.47136
vn 0.79484 -0.38217 0.47136
vn 0.81787 -0.53663 0.20763
vn 0.81787 -0.53663 0.20763
vn 0.81787 -0.53663 0.20763
vn 0.8657 -0.42523 0.26408
vn 0.8657 -0.42523 0.26408
vn 0.94148 -0.25801 0.2169
vn 0.94148 -0.25801 0.2169
vn 0.94148 -0.25801 0.2169
vn 0.84516 -0.24971 -0.47259
vn 0.84516 -0.24971 -0.47259
vn 0.84516 -0.24971 -0.47259
vn 0.89656 -0.41044 -0.16646
vn 0.89656 -0.41044 -0.16646
vn 0.89656 -0.41044 -0.16646
vn 0.84344 -0.3955 -0.36357
vn 0.84344 -0.3955 -0.36357
vn 0.84344 -0.3955 -0.36357
vn 0.60219 -0.691 -0.39985
vn 0.60219 -0.691 -0.39985
vn 0.34359 -0.2387 -0.90828
vn 0.34359 -0.2387 -0.90828
vn 0.34359 -0.2387 -0.90828
vn -0.54467 -0.27863 -0.79101
vn -0.08882 -0.7594 -0.64454
vn -0.08882 -0.7594 -0.64454
vn -0.11111 -0.75526 -0.64593
vn -0.11111 -0.75526 -0.64593
vn -0.11111 -0.75526 -0.64593
vn -0.18181 0.78832 -0.58778
vn -0.18181 0.78832 -0.58778
vn -0.18181 0.78832 -0.58778
vn -0.77955 0.6071 -0.15404
vn -0.77955 0.6071 -0.15404
vn -0.77955 0.6071 -0.15404
vn -0.6045 0.77858 -0.16851
vn -0.6045 0.77858 -0.16851
vn -0.6045 0.77858 -0.16851
vn -0.60126 0.75961 -0.24796
vn -0.60126 0.75961 -0.24796
vn -0.60126 0.75961 -0.24796
vn 0.70063 0.6167 -0.35888
vn -0.55122 0.8063 -0.21456
vn -0.55122 0.8063 -0.21456
vn -0.55122 0.8063 -0.21456
vn 0.58615 0.75931 -0.28263
vn 0.58615 0.75931 -0.28263
vn 0.58615 0.75931 -0.28263
vn 0.49651 0.76049 -0.41849
vn 0.49651 0.76049 -0.41849
vn 0.49651 0.76049 -0.41849
vn 0.89276 0.30624 -0.33046
vn 0.89276 0.30624 -0.33046
vn 0.94089 0.19931 -0.27386
vn 0.94089 0.19931 -0.27386
vn 0.94089 0.19931 -0.27386
vn 0.93624 0.24257 -0.25421
vn 0.93624 0.24257 -0.25421
vn 0.93624 0.24257 -0.25421
vn 0.94787 -0.29578 -0.11853
vn 0.94787 -0.29578 -0.11853
vn 0.94787 -0.29578 -0.11853
vn 0.75915 -0.65084 -0.00982
vn 0.75915 -0.65084 -0.00982
vn 0.75915 -0.65084 -0.00982
vn 0.77399 -0.45924 0.43593
vn 0.77399 -0.45924 0.43593
vn 0.76838 -0.6395 -0.02528
vn 0.76838 -0.6395 -0.02528
vn 0.76838 -0.6395 -0.02528
vn 0.83395 -0.55036 -0.04037
vn 0.83395 -0.55036 -0.04037
vn 0.83395 -0.55036 -0.04037
vn 0.26548 -0.93441 -0.23749
vn 0.26548 -0.93441 -0.23749
vn 0.44793 -0.88857 -0.09897
vn 0.44793 -0.88857 -0.09897
vn 0.34165 -0.92851 -0.1454
vn -0.22875 -0.9728 -0.03652
vn -0.22875 -0.9728 -0.03652
vn -0.22875 -0.9728 -0.03652
vn -0.94471 -0.20225 -0.2581
vn -0.94471 -0.20225 -0.2581
vn -0.94471 -0.20225 -0.2581
vn -0.57051 -0.80343 -0.17035
vn -0.57051 -0.80343 -0.17035
vn -0.57051 -0.80343 -0.17035
vn -0.9649 -0.20741 -0.16111
vn -0.9649 -0.20741 -0.16111
vn -0.9649 -0.20741 -0.16111
vn -0.86845 0.46789 0.16394
vn -0.86845 0.46789 0.16394
vn -0.86845 0.46789 0.16394
vn -0.66401 0.72223 0.19359
vn -0.66401 0.72223 0.19359
vn -0.96727 0.19862 -0.15793
vn -0.96727 0.19862 -0.15793
vn -0.96727 0.19862 -0.15793
vn -0.61748 0.781 0.09355
vn -0.61748 0.781 0.09355
vn -0.41964 0.81714 0.3952
vn -0.41964 0.81714 0.3952
vn -0.41964 0.81714 0.3952
vn 0.58867 0.61939 0.51943
vn 0.58867 0.61939 0.51943
vn -0.25805 0.79189 0.55345
vn -0.25805 0.79189 0.55345
vn 0.31793 0.63836 0.70101
vn 0.31793 0.63836 0.70101
vn 0.71987 -0.23309 0.6538
vn 0.71987 -0.23309 0.6538
vn 0.78284 -0.61212 -0.11166
vn 0.78284 -0.61212 -0.11166
vn 0.78284 -0.61212 -0.11166
vn 0.57215 -0.79263 -0.21065
vn 0.57215 -0.79263 -0.21065
vn 0.57215 -0.79263 -0.21065
vn 0.71363 -0.69886 -0.04826
vn 0.71363 -0.69886 -0.04826
vn 0.71363 -0.69886 -0.04826
vn 0.74251 -0.66861 -0.0404
vn 0.74251 -0.66861 -0.0404
vn 0.74251 -0.66861 -0.0404
vn -0.46137 -0.86392 -0.20194
vn -0.46137 -0.86392 -0.20194
vn -0.46137 -0.86392 -0.20194
vn -0.42976 -0.75385 -0.49701
vn -0.42976 -0.75385 -0.49701
vn -0.23178 -0.8884 -0.39626
vn -0.23178 -0.8884 -0.39626
vn -0.1909 -0.89678 -0.39918
vn -0.1909 -0.89678 -0.39918
vn -0.86592 0.47248 0.16417
vn -0.86591 0.47248 0.16417
vn -0.86591 0.47248 0.16417
vn -0.83388 0.54657 -0.07685
vn -0.83388 0.54657 -0.07685
vn -0.7209 0.69232 -0.03152
vn -0.7209 0.69232 -0.03152
vn -0.78219 0.60596 -0.14489
vn -0.78219 0.60596 -0.14489
vn -0.48184 0.79271 0.37342
vn -0.48184 0.79271 0.37342
vn -0.48184 0.79271 0.37342
vn -0.09824 0.9576 0.27085
vn -0.09824 0.9576 0.27085
vn -0.50894 0.82963 0.22954
vn -0.50894 0.82963 0.22954
vn -0.5287 0.82081 0.21619
vn -0.5287 0.82081 0.21619
vn 0.82279 -0.33156 0.4616
vn 0.82279 -0.33156 0.4616
vn 0.82279 -0.33156 0.4616
vn 0.94673 -0.32127 0.02223
vn 0.94673 -0.32127 0.02223
vn 0.94673 -0.32127 0.02223
vn 0.97254 -0.07353 0.22082
vn 0.97254 -0.07353 0.22082
vn 0.97254 -0.07353 0.22082
vn 0.93956 0.1878 0.28627
vn 0.93956 0.1878 0.28627
vn 0.93956 0.1878 0.28627
vn 0.08274 -0.99652 0.00973
vn 0.08274 -0.99652 0.00973
vn -0.2677 -0.96346 0.00951
vn -0.2677 -0.96346 0.00951
vn -0.03527 -0.96713 0.25184
vn -0.03527 -0.96713 0.25184
vn -0.03527 -0.96713 0.25184
vn 0.46491 -0.88415 0.04625
vn 0.46491 -0.88415 0.04625
vn 0.46491 -0.88415 0.04625
vn -0.83735 -0.52326 0.15826
vn -0.83735 -0.52326 0.15826
vn -0.89478 0.44505 0.03619
vn -0.89478 0.44505 0.03619
vn -0.89478 0.44505 0.03619
vn -0.53571 -0.65109 0.53769
vn -0.30186 -0.9533 0.01025
vn -0.30186 -0.9533 0.01025
vn -0.84452 0.17791 0.50511
vn -0.84452 0.17791 0.50511
vn -0.42603 0.72036 0.54733
vn -0.42603 0.72036 0.54733
vn -0.84282 0.19603 0.50122
vn -0.84282 0.19603 0.50122
vn -0.98708 0.10891 -0.11752
vn -0.98708 0.10891 -0.11752
vn -0.98708 0.10891 -0.11752
vn 0.56672 -0.19145 0.80136
vn 0.56672 -0.19145 0.80136
vn 0.56672 -0.19145 0.80136
vn 0.71856 0.13713 0.68182
vn 0.571 0.01024 0.82088
vn 0.571 0.01024 0.82088
vn 0.571 0.01024 0.82088
vn -0.42144 0.72097 0.55008
vn -0.42144 0.72097 0.55008
vn -0.42144 0.72097 0.55008
vn 0.66079 -0.593 0.46011
vn 0.66079 -0.593 0.46011
vn 0.66079 -0.593 0.46011
vn 0.75908 -0.62387 0.18595
vn 0.78583 -0.54645 0.2896
vn 0.78583 -0.54645 0.2896
vn 0.8569 -0.39287 0.33372
vn 0.8569 -0.39287 0.33372
vn 0.8569 -0.39287 0.33372
vn 0.54092 -0.74892 -0.38278
vn 0.54092 -0.74892 -0.38278
vn 0.7543 -0.63504 -0.16661
vn 0.7543 -0.63504 -0.16661
vn 0.63324 -0.74416 -0.21268
vn 0.63324 -0.74416 -0.21268
vn 0.63324 -0.74416 -0.21268
vn 0.52853 -0.84264 -0.10301
vn 0.52853 -0.84264 -0.10301
vn 0.52853 -0.84264 -0.10301
vn -0.01447 -0.9274 -0.37379
vn -0.01447 -0.9274 -0.37379
vn -0.74141 -0.64568 -0.18276
vn -0.74141 -0.64568 -0.18276
vn -0.74141 -0.64568 -0.18276
vn -0.18982 -0.98176 -0.01088
vn -0.18982 -0.98176 -0.01088
vn -0.18982 -0.98176 -0.01088
vn -0.45627 -0.88884 0.0423
vn -0.45627 -0.88884 0.0423
vn -0.45627 -0.88884 0.0423
vn -0.54835 -0.09201 -0.83117
vn -0.54835 -0.09201 -0.83117
vn -0.54835 -0.09201 -0.83117
vn -0.89308 0.43539 -0.11335
vn -0.89308 0.43539 -0.11335
vn -0.89308 0.43539 -0.11335
vn -0.76879 0.54465 -0.33514
vn -0.76879 0.54465 -0.33514
vn -0.76879 0.54465 -0.33514
vn -0.81704 0.44573 -0.36574
vn -0.81704 0.44573 -0.36574
vn -0.81704 0.44573 -0.36574
vn 0.44986 -0.0116 -0.89302
vn 0.44986 -0.0116 -0.89302
vn 0.44986 -0.0116 -0.89302
vn -0.67029 0.59228 -0.44712
vn -0.67029 0.59228 -0.44712
vn -0.67029 0.59228 -0.44712
vn 0.23258 0.4148 -0.87968
vn 0.23258 0.4148 -0.87968
vn 0.23258 0.4148 -0.87968
vn 0.17905 0.37188 -0.91085
vn 0.17905 0.37188 -0.91085
vn 0.62456 -0.21813 -0.74989
vn 0.62456 -0.21813 -0.74989
vn 0.67086 0.00515 -0.74156
vn 0.67086 0.00515 -0.74156
vn 0.69234 -0.19235 -0.69546
vn 0.83132 -0.49576 -0.25125
vn 0.83132 -0.49576 -0.25125
vn 0.83132 -0.49576 -0.25125
vn 0.79176 -0.60803 0.05841
vn 0.79176 -0.60803 0.05841
vn 0.79176 -0.60803 0.05841
vn 0.96297 -0.16051 0.21663
vn 0.96297 -0.16051 0.21663
vn 0.78792 -0.61422 0.04373
vn 0.78792 -0.61422 0.04373
vn 0.78792 -0.61422 0.04373
vn 0.80643 -0.59004 -0.03915
vn 0.80643 -0.59004 -0.03915
vn 0.80643 -0.59004 -0.03915
vn 0.34856 -0.91614 0.19797
vn 0.34856 -0.91614 0.19797
vn 0.34856 -0.91614 0.19797
vn 0.55313 -0.79816 0.23873
vn 0.55313 -0.79816 0.23873
vn 0.4767 -0.83917 0.26182
vn 0.4767 -0.83917 0.26182
vn 0.4767 -0.83917 0.26182
vn -0.12526 -0.67363 0.72838
vn -0.12526 -0.67363 0.72838
vn -0.12526 -0.67363 0.72838
vn -0.98007 -0.006 0.19856
vn -0.98007 -0.006 0.19856
vn -0.70369 -0.40122 0.58638
vn -0.70369 -0.40122 0.58638
vn -0.94453 0.10415 0.31148
vn -0.94453 0.10415 0.31148
vn -0.73996 0.65395 0.1575
vn -0.73996 0.65395 0.1575
vn -0.73996 0.65395 0.1575
vn -0.61527 0.78427 -0.07977
vn -0.61527 0.78427 -0.07977
vn -0.61527 0.78427 -0.07977
vn -0.92761 0.34218 0.14984
vn -0.92761 0.34218 0.14984
vn -0.92761 0.34218 0.14984
vn -0.63558 0.74624 -0.19788
vn -0.63558 0.74624 -0.19788
vn -0.43085 0.88635 -0.16958
vn -0.43085 0.88635 -0.16958
vn -0.43085 0.88635 -0.16958
vn 0.36092 0.81465 -0.45397
vn 0.36092 0.81465 -0.45397
vn 0.36092 0.81465 -0.45397
vn 0.05954 0.96234 -0.26523
vn 0.05954 0.96234 -0.26523
vn 0.24183 0.92222 -0.30171
vn 0.24183 0.92222 -0.30171
vn 0.24183 0.92222 -0.30171
vn 0.96596 0.18933 0.1763
vn 0.96596 0.18933 0.1763
vn 0.74604 -0.66427 -0.04658
vn 0.74604 -0.66427 -0.04658
vn 0.74604 -0.66427 -0.04658
vn 0.58641 -0.80958 0.02654
vn 0.58641 -0.80958 0.02654
vn 0.74883 -0.65988 0.06172
vn 0.74883 -0.65988 0.06172
vn 0.75948 -0.6485 0.05127
vn 0.75948 -0.6485 0.05127
vn 0.75948 -0.6485 0.05127
vn -0.55104 -0.61848 0.56021
vn -0.55104 -0.61848 0.56021
vn -0.53919 -0.8353 0.10748
vn -0.53919 -0.8353 0.10748
vn -0.53919 -0.8353 0.10748
vn -0.32562 -0.92485 0.19654
vn -0.32562 -0.92485 0.19654
vn -0.36301 -0.90815 0.20852
vn -0.36301 -0.90815 0.20852
vn -0.36301 -0.90815 0.20852
vn -0.73554 0.66131 0.14716
vn -0.73554 0.66131 0.14716
vn -0.88158 0.4717 -0.01751
vn -0.88158 0.4717 -0.01751
vn -0.88158 0.4717 -0.01751
vn -0.79709 0.59176 -0.12027
vn -0.79709 0.59176 -0.12027
vn -0.79709 0.59176 -0.12027
vn -0.89458 0.4316 -0.11598
vn -0.89458 0.4316 -0.11598
vn -0.89458 0.4316 -0.11598
vn -0.36603 0.90526 -0.21568
vn -0.36603 0.90526 -0.21568
vn -0.36603 0.90526 -0.21568
vn -0.02269 0.88478 -0.46546
vn -0.02269 0.88478 -0.46546
vn -0.02269 0.88478 -0.46546
vn -0.3936 0.88656 -0.24309
vn -0.3936 0.88656 -0.24309
vn -0.48203 0.84991 -0.21284
vn -0.48203 0.84991 -0.21284
vn 0.99403 -0.05752 0.09269
vn 0.89714 -0.39371 -0.20033
vn 0.89714 -0.39371 -0.20033
vn 0.95382 -0.15246 -0.25882
vn 0.95382 -0.15246 -0.25882
vn 0.78761 0.34214 -0.51245
vn 0.78761 0.34214 -0.51245
vn 0.30892 -0.54905 0.7766
vn 0.30892 -0.54905 0.7766
vn -0.17813 -0.54962 0.81621
vn -0.17813 -0.54962 0.81621
vn -0.17813 -0.54962 0.81621
vn 0.28941 -0.39937 0.86991
vn 0.28941 -0.39937 0.86991
vn 0.28941 -0.39937 0.86991
vn 0.66151 -0.65545 0.3644
vn 0.66151 -0.65545 0.3644
vn -0.63787 0.31409 0.70318
vn -0.63787 0.31409 0.70318
vn -0.82737 0.55291 0.09872
vn -0.82737 0.55291 0.09872
vn -0.82737 0.55291 0.09872
vn -0.26349 0.42261 0.86717
vn -0.26349 0.42261 0.86717
vn -0.2115 -0.52999 0.82121
vn -0.2115 -0.52999 0.82121
vn -0.2115 -0.52999 0.82121
vn -0.53151 0.73319 0.42417
vn -0.53151 0.73319 0.42417
vn -0.53151 0.73319 0.42417
vn -0.30743 0.94903 0.06946
vn -0.30743 0.94903 0.06946
vn -0.30743 0.94903 0.06946
vn -0.53274 0.73454 0.42029
vn -0.53274 0.73454 0.42029
vn -0.91595 0.34289 0.20849
vn -0.91595 0.34289 0.20849
vn -0.91595 0.34289 0.20849
vn 0.86284 0.3597 0.35515
vn 0.86284 0.3597 0.35515
vn 0.94606 0.32155 0.03983
vn 0.94606 0.32155 0.03983
vn 0.85428 0.4463 0.26652
vn 0.85428 0.4463 0.26652
vn 0.85428 0.4463 0.26652
vn -0.33605 0.93904 0.07259
vn -0.33605 0.93904 0.07259
vn -0.33605 0.93904 0.07259
vn 0.92146 -0.15041 0.35817
vn 0.92146 -0.15041 0.35817
vn 0.92146 -0.15041 0.35817
vn 0.87734 -0.45227 0.16038
vn 0.87734 -0.45227 0.16038
vn 0.87734 -0.45227 0.16038
vn 0.92926 -0.32649 0.17288
vn 0.92926 -0.32649 0.17288
vn 0.92926 -0.32649 0.17288
vn 0.96635 -0.24411 0.08113
vn 0.96635 -0.24411 0.08113
vn 0.96635 -0.24411 0.08113
vt 0.25758 0.15311
vt 0.18902 0.25665
vt 0.27181 0.24769
vt 0.16666 0.36282
vt 0.2376 0.32594
vt 0.30713 0.31499
vt 0.40848 0.14027
vt 0.38901 0.31537
vt 0.4578 0.22806
vt 0.29911 0.07398
vt 0.50803 0.15067
vt 0.48384 0.03273
vt 0.57473 0.04891
vt 0.61467 0.1699
vt 0.19425 0.10064
vt 0.12424 0.19911
vt 0.66934 0.05143
vt 0.71147 0.14653
vt 0.7361 0.04262
vt 0.81866 0.10564
vt 0.81522 0.17808
vt 0.03915 0.24967
vt 0.1064 0.30857
vt 0.1227 0.43644
vt 0.21969 0.42508
vt 0.09011 0.49368
vt 0.17751 0.47196
vt 0.25578 0.45983
vt 0.29251 0.38014
vt 0.36335 0.40751
vt 0.33403 0.46609
vt 0.41214 0.41523
vt 0.43519 0.33733
vt 0.50673 0.2853
vt 0.4879 0.42681
vt 0.55073 0.37884
vt 0.58831 0.27902
vt 0.6902 0.28192
vt 0.6156 0.3758
vt 0.7239 0.36999
vt 0.76113 0.26496
vt 0.87204 0.33956
vt 0.75107 0.41032
vt 0.87867 0.40764
vt 0.0359 0.43546
vt 0.36504 0.61469
vt 0.42989 0.49531
vt 0.27054 0.54107
vt 0.50946 0.59048
vt 0.55999 0.45452
vt 0.64981 0.55688
vt 0.70204 0.47988
vt 0.73014 0.56216
vt 0.82519 0.486
vt 0.23338 0.65797
vt 0.15831 0.56795
vt 0.70485 0.67513
vt 0.71429 0.71803
vt 0.75262 0.71462
vt 0.71692 0.76012
vt 0.74424 0.74711
vt 0.77089 0.75329
vt 0.75016 0.64771
vt 0.8057 0.7654
vt 0.81251 0.68879
vt 0.84778 0.70361
vt 0.85117 0.7459
vt 0.68912 0.62433
vt 0.65441 0.67643
vt 0.56545 0.67876
vt 0.54746 0.71946
vt 0.59034 0.69627
vt 0.59031 0.66505
vt 0.61964 0.71328
vt 0.67863 0.70505
vt 0.64535 0.7008
vt 0.66345 0.71607
vt 0.68646 0.73638
vt 0.70303 0.78918
vt 0.73173 0.79658
vt 0.68603 0.80308
vt 0.71034 0.81099
vt 0.73609 0.82151
vt 0.7601 0.7876
vt 0.78524 0.81569
vt 0.76206 0.83793
vt 0.80047 0.83624
vt 0.52222 0.77941
vt 0.55924 0.75482
vt 0.51931 0.82478
vt 0.5504 0.82223
vt 0.57283 0.79999
vt 0.59137 0.75968
vt 0.62644 0.76043
vt 0.59136 0.803
vt 0.63144 0.80251
vt 0.64965 0.74594
vt 0.68109 0.78416
vt 0.6429 0.82438
vt 0.82584 0.797
vt 0.75346 0.88753
vt 0.7809 0.86513
vt 0.72883 0.85173
vt 0.55612 0.87801
vt 0.57699 0.83105
vt 0.53988 0.84759
vt 0.60296 0.87887
vt 0.6249 0.85119
vt 0.64429 0.8819
vt 0.68405 0.84188
vt 0.70794 0.89053
vt 0.35146 0.87076
vt 0.34317 0.8346
vt 0.3123 0.86024
vt 0.33753 0.79651
vt 0.31565 0.82773
vt 0.28986 0.84279
vt 0.33863 0.90938
vt 0.25695 0.84151
vt 0.27071 0.89797
vt 0.21646 0.88272
vt 0.21253 0.84924
vt 0.37243 0.90513
vt 0.38285 0.86275
vt 0.18857 0.8739
vt 0.17491 0.84323
vt 0.1758 0.87585
vt 0.14033 0.85106
vt 0.15633 0.81041
vt 0.37583 0.82674
vt 0.13054 0.80798
vt 0.4137 0.82475
vt 0.39013 0.8017
vt 0.36216 0.79959
vt 0.34699 0.76252
vt 0.31495 0.78203
vt 0.35749 0.74361
vt 0.3297 0.75704
vt 0.30193 0.77187
vt 0.292 0.81354
vt 0.26764 0.80647
vt 0.2777 0.77366
vt 0.25183 0.79041
vt 0.23908 0.82111
vt 0.20403 0.81126
vt 0.22911 0.7667
vt 0.20149 0.76428
vt 0.17589 0.7828
vt 0.14555 0.75883
vt 0.17714 0.74268
vt 0.1457 0.72094
vt 0.4103 0.76428
vt 0.37072 0.74913
vt 0.40638 0.71971
vt 0.38864 0.71388
vt 0.12267 0.75494
vt 0.27374 0.70177
vt 0.25123 0.75066
vt 0.30123 0.73619
vt 0.23565 0.70011
vt 0.20812 0.73734
vt 0.20564 0.69062
vt 0.17415 0.69572
vt 0.35175 0.68248
vt 0.34624 0.7204
vt 0.38095 0.69481
vt 0.31693 0.69447
usemtl mat2
f 1298/1297/3402 1299/1298/3403 1300/1299/3403
f 1299/1298/3404 1301/1300/3405 1302/1301/3405
f 1299/1298/3406 1302/1301/3407 1300/1299/3406
f 1300/1299/3408 1302/1301/3409 1303/1302/3409
f 1298/1297/3410 1300/1299/3411 1304/1303/3412
f 1300/1299/3413 1303/1302/3414 1305/1304/3415
f 1300/1299/3416 1305/1304/3417 1304/1303/3418
f 1304/1303/3419 1305/1304/3420 1306/1305/3420
f 1298/1297/3421 1304/1303/3422 1307/1306/3423
f 1304/1303/3424 1306/1305/3425 1308/1307/3424
f 1304/1303/3426 1308/1307/3426 1309/1308/3427
f 1310/1309/3428 1308/1307/3428 1311/1310/3428
f 1298/1297/3429 1312/1311/3430 1313/1312/3431
f 1314/1313/3432 1311/1310/3433 1315/1314/3434
f 1316/1315/3435 1315/1314/3435 1317/1316/3436
f 1317/1316/3437 1315/1314/3438 1318/1317/3437
f 1298/1297/3439 1313/1312/3440 1299/1298/3441
f 1313/1312/3442 1319/1318/3443 1320/1319/3442
f 1313/1312/3444 1320/1319/3445 1299/1298/3446
f 1299/1298/3447 1320/1319/3448 1301/1300/3448
f 1301/1300/3449 1321/1320/3450 1322/1321/3451
f 1321/1320/3452 1323/1322/3453 1324/1323/3452
f 1321/1320/3454 1324/1323/3455 1322/1321/3454
f 1322/1321/3456 1324/1323/3457 1325/1324/3458
f 1303/1302/3459 1326/1325/3459 1327/1326/3460
f 1326/1325/3461 1325/1324/3462 1328/1327/3463
f 1326/1325/3464 1328/1327/3465 1327/1326/3466
f 1327/1326/3467 1328/1327/3468 1329/1328/3469
f 1306/1305/3470 1330/1329/3471 1331/1330/3472
f 1330/1329/3473 1329/1328/3474 1332/1331/3475
f 1330/1329/3476 1332/1331/3477 1331/1330/3478
f 1331/1330/3479 1332/1331/3480 1333/1332/3481
f 1311/1310/3482 1334/1333/3482 1335/1334/3483
f 1334/1333/3484 1333/1332/3485 1336/1335/3486
f 1334/1333/3487 1336/1335/3488 1335/1334/3488
f 1335/1334/3489 1336/1335/3490 1337/1336/3490
f 1318/1317/3491 1338/1337/3492 1339/1338/3491
f 1338/1337/3493 1337/1336/3494 1340/1339/3493
f 1338/1337/3495 1340/1339/3496 1339/1338/3497
f 1339/1338/3498 1340/1339/3499 1341/1340/3498
f 1325/1324/3500 1326/1325/3501 1322/1321/3502
f 1326/1325/3503 1303/1302/3504 1302/1301/3504
f 1326/1325/3505 1302/1301/3506 1322/1321/3506
f 1322/1321/3507 1302/1301/3508 1301/1300/3507
f 1329/1328/3509 1330/1329/3510 1327/1326/3511
f 1330/1329/3512 1306/1305/3513 1305/1304/3514
f 1330/1329/3515 1305/1304/3516 1327/1326/3516
f 1327/1326/3517 1305/1304/3517 1303/1302/3518
f 1333/1332/3519 1334/1333/3520 1331/1330/3519
f 1334/1333/3521 1311/1310/3522 1308/1307/3522
f 1334/1333/3523 1308/1307/3524 1331/1330/3523
f 1331/1330/3525 1308/1307/3526 1306/1305/3527
f 1337/1336/3528 1338/1337/3529 1335/1334/3530
f 1338/1337/3531 1318/1317/3532 1315/1314/3533
f 1338/1337/3534 1315/1314/3535 1335/1334/3536
f 1335/1334/3537 1315/1314/3538 1311/1310/3538
f 1323/1322/3539 1321/1320/3540 1342/1341/3541
f 1321/1320/3542 1301/1300/3543 1320/1319/3544
f 1321/1320/3545 1320/1319/3546 1342/1341/3547
f 1342/1341/3548 1320/1319/3549 1319/1318/3549
f 1343/1342/3550 1344/1343/3551 1345/1344/3552
f 1344/1343/3553 1329/1328/3554 1328/1327/3555
f 1344/1343/3556 1328/1327/3557 1345/1344/3558
f 1345/1344/3559 1328/1327/3559 1325/1324/3559
f 1346/1345/3560 1347/1346/3561 1344/1343/3562
f 1347/1346/3563 1333/1332/3564 1332/1331/3565
f 1347/1346/3566 1332/1331/3567 1344/1343/3568
f 1344/1343/3569 1332/1331/3570 1329/1328/3571
f 1348/1347/3572 1349/1348/3573 1347/1346/3574
f 1349/1348/3575 1337/1336/3576 1336/1335/3577
f 1349/1348/3578 1336/1335/3578 1347/1346/3578
f 1347/1346/3579 1336/1335/3580 1333/1332/3581
f 1350/1349/3582 1351/1350/3582 1349/1348/3583
f 1351/1350/3584 1341/1340/3584 1340/1339/3585
f 1351/1350/3586 1340/1339/3587 1349/1348/3587
f 1349/1348/3588 1340/1339/3589 1337/1336/3590
f 1352/1351/3591 1345/1344/3592 1353/1352/3593
f 1345/1344/3594 1325/1324/3595 1324/1323/3596
f 1345/1344/3597 1324/1323/3597 1353/1352/3598
f 1353/1352/3599 1324/1323/3600 1323/1322/3601
f 1354/1353/3602 1355/1354/3603 1356/1355/3604
f 1355/1354/3605 1357/1356/3606 1358/1357/3607
f 1355/1354/3608 1358/1357/3609 1356/1355/3610
f 1356/1355/3611 1358/1357/3612 1359/1358/3612
f 1354/1353/3613 1356/1355/3614 1360/1359/3615
f 1356/1355/3616 1359/1358/3616 1361/1360/3616
f 1356/1355/3617 1361/1360/3618 1362/1361/3618
f 1363/1362/3619 1361/1360/3620 1364/1363/3621
f 1354/1353/3622 1365/1364/3623 1366/1365/3624
f 1367/1366/3625 1368/1367/3626 1369/1368/3627
f 1370/1369/3628 1369/1368/3629 1366/1365/3630
f 1366/1365/3631 1369/1368/3632 1371/1370/3633
f 1354/1353/3634 1366/1365/3634 1372/1371/3634
f 1366/1365/3635 1371/1370/3636 1373/1372/3637
f 1366/1365/3638 1373/1372/3639 1372/1371/3640
f 1372/1371/3641 1373/1372/3642 1374/1373/3643
f 1354/1353/3644 1372/1371/3645 1355/1354/3645
f 1372/1371/3646 1374/1373/3647 1375/1374/3648
f 1372/1371/3649 1375/1374/3650 1355/1354/3651
f 1355/1354/3652 1375/1374/3653 1357/1356/3654
f 1357/1356/3655 1376/1375/3656 1377/1376/3657
f 1376/1375/3658 1378/1377/3659 1379/1378/3658
f 1376/1375/3660 1379/1378/3661 1377/1376/3662
f 1377/1376/3663 1379/1378/3664 1380/1379/3665
f 1359/1358/3666 1381/1380/3667 1382/1381/3666
f 1381/1380/3668 1380/1379/3669 1383/1382/3669
f 1381/1380/3670 1383/1382/3670 1382/1381/3670
f 1382/1381/3671 1383/1382/3672 1384/1383/3673
f 1368/1367/3674 1385/1384/3675 1386/1385/3676
f 1385/1384/3677 1387/1386/3678 1388/1387/3679
f 1385/1384/3680 1388/1387/3681 1386/1385/3682
f 1386/1385/3683 1388/1387/3684 1389/1388/3685
f 1371/1370/3686 1390/1389/3687 1391/1390/3687
f 1390/1389/3688 1389/1388/3689 1392/1391/3690
f 1390/1389/3691 1392/1391/3692 1391/1390/3691
f 1391/1390/3693 1392/1391/3694 1393/1392/3695
f 1374/1373/3696 1394/1393/3697 1395/1394/3697
f 1394/1393/3698 1393/1392/3698 1396/1395/3699
f 1394/1393/3700 1396/1395/3700 1395/1394/3701
f 1395/1394/3702 1396/1395/3703 1378/1377/3702
f 1380/1379/3704 1381/1380/3705 1377/1376/3706
f 1381/1380/3707 1359/1358/3708 1358/1357/3709
f 1381/1380/3710 1358/1357/3711 1377/1376/3712
f 1377/1376/3713 1358/1357/3714 1357/1356/3715
f 1384/1383/3716 1397/1396/3717 1382/1381/3718
f 1397/1396/3719 1364/1363/3719 1361/1360/3720
f 1397/1396/3721 1361/1360/3722 1382/1381/3722
f 1382/1381/3723 1361/1360/3723 1359/1358/3724
f 1389/1388/3725 1390/1389/3726 1386/1385/3727
f 1390/1389/3728 1371/1370/3729 1369/1368/3728
f 1390/1389/3730 1369/1368/3730 1386/1385/3731
f 1386/1385/3732 1369/1368/3733 1368/1367/3733
f 1393/1392/3734 1394/1393/3735 1391/1390/3736
f 1394/1393/3737 1374/1373/3738 1373/1372/3737
f 1394/1393/3739 1373/1372/3739 1391/1390/3740
f 1391/1390/3741 1373/1372/3742 1371/1370/3742
f 1378/1377/3743 1376/1375/3744 1395/1394/3745
f 1376/1375/3746 1357/1356/3747 1375/1374/3748
f 1376/1375/3749 1375/1374/3750 1395/1394/3751
f 1395/1394/3752 1375/1374/3753 1374/1373/3754
f 1398/1397/3755 1399/1398/3756 1400/1399/3755
f 1399/1398/3757 1384/1383/3758 1383/1382/3758
f 1399/1398/3759 1383/1382/3760 1400/1399/3761
f 1400/1399/3762 1383/1382/3763 1380/1379/3764
f 1401/1400/3765 1402/1401/3766 1403/1402/3766
f 1402/1401/3767 1389/1388/3768 1388/1387/3769
f 1402/1401/3770 1388/1387/3770 1403/1402/3770
f 1403/1402/3771 1388/1387/3772 1387/1386/3772
f 1404/1403/3773 1405/1404/3773 1402/1401/3774
f 1405/1404/3775 1393/1392/3776 1392/1391/3776
f 1405/1404/3777 1392/1391/3778 1402/1401/3777
f 1402/1401/3779 1392/1391/3780 1389/1388/3781
f 1406/1405/3782 1407/1406/3783 1405/1404/3784
f 1407/1406/3785 1378/1377/3785 1396/1395/3785
f 1407/1406/3786 1396/1395/3787 1405/1404/3788
f 1405/1404/3789 1396/1395/3790 1393/1392/3791
f 1408/1407/3792 1400/1399/3793 1407/1406/3794
f 1400/1399/3795 1380/1379/3795 1379/1378/3795
f 1400/1399/3796 1379/1378/3797 1407/1406/3796
f 1407/1406/3798 1379/1378/3799 1378/1377/3800
f 1409/1408/3801 1410/1409/3801 1411/1410/3802
f 1410/1409/3803 1412/1411/3804 1413/1412/3804
f 1410/1409/3805 1413/1412/3806 1411/1410/3807
f 1411/1410/3808 1413/1412/3809 1414/1413/3810
f 1409/1408/3811 1411/1410/3811 1415/1414/3812
f 1411/1410/3813 1414/1413/3814 1416/1415/3815
f 1411/1410/3816 1416/1415/3817 1417/1416/3818
f 1418/1417/3819 1416/1415/3820 1419/1418/3821
f 1409/1408/3822 1420/1419/3823 1421/1420/3824
f 1422/1421/3825 1419/1418/3826 1423/1422/3827
f 1424/1423/3828 1423/1422/3829 1425/1424/3830
f 1425/1424/3831 1423/1422/3832 1426/1425/3833
f 1409/1408/3834 1421/1420/3835 1427/1426/3836
f 1425/1424/3837 1426/1425/3838 1428/1427/3839
f 1421/1420/3840 1429/1428/3841 1427/1426/3842
f 1427/1426/3843 1429/1428/3844 1430/1429/3843
f 1409/1408/3845 1427/1426/3845 1410/1409/3846
f 1427/1426/3847 1430/1429/3847 1431/1430/3848
f 1427/1426/3849 1431/1430/3849 1410/1409/3849
f 1410/1409/3850 1431/1430/3851 1412/1411/3852
f 1412/1411/3853 1432/1431/3854 1433/1432/3855
f 1432/1431/3856 1434/1433/3857 1435/1434/3857
f 1432/1431/3858 1435/1434/3859 1433/1432/3860
f 1433/1432/3861 1435/1434/3862 1436/1435/3863
f 1414/1413/3864 1437/1436/3865 1438/1437/3866
f 1437/1436/3867 1436/1435/3868 1439/1438/3867
f 1437/1436/3869 1439/1438/3870 1438/1437/3871
f 1438/1437/3872 1439/1438/3873 1440/1439/3874
f 1419/1418/3875 1441/1440/3876 1442/1441/3876
f 1441/1440/3877 1440/1439/3878 1443/1442/3878
f 1441/1440/3879 1443/1442/3880 1442/1441/3880
f 1442/1441/3881 1443/1442/3882 1444/1443/3883
f 1426/1425/3884 1445/1444/3885 1446/1445/3886
f 1445/1444/3887 1444/1443/3888 1447/1446/3889
f 1445/1444/3890 1447/1446/3891 1446/1445/3890
f 1446/1445/3892 1447/1446/3893 1448/1447/3894
f 1430/1429/3895 1449/1448/3896 1450/1449/3897
f 1449/1448/3898 1451/1450/3899 1452/1451/3899
f 1449/1448/3900 1452/1451/3901 1450/1449/3902
f 1450/1449/3903 1452/1451/3904 1434/1433/3903
f 1436/1435/3905 1437/1436/3906 1433/1432/3907
f 1437/1436/3908 1414/1413/3908 1413/1412/3909
f 1437/1436/3910 1413/1412/3911 1433/1432/3911
f 1433/1432/3912 1413/1412/3913 1412/1411/3914
f 1440/1439/3915 1441/1440/3916 1438/1437/3915
f 1441/1440/3917 1419/1418/3918 1416/1415/3919
f 1441/1440/3920 1416/1415/3920 1438/1437/3921
f 1438/1437/3922 1416/1415/3923 1414/1413/3924
f 1444/1443/3925 1445/1444/3926 1442/1441/3926
f 1445/1444/3927 1426/1425/3928 1423/1422/3929
f 1445/1444/3930 1423/1422/3931 1442/1441/3932
f 1442/1441/3933 1423/1422/3934 1419/1418/3935
f 1448/1447/3936 1453/1452/3937 1446/1445/3938
f 1449/1448/3939 1430/1429/3940 1429/1428/3941
f 1453/1452/3942 1428/1427/3942 1446/1445/3943
f 1446/1445/3944 1428/1427/3945 1426/1425/3945
f 1434/1433/3946 1432/1431/3946 1450/1449/3946
f 1432/1431/3947 1412/1411/3948 1431/1430/3947
f 1432/1431/3949 1431/1430/3950 1450/1449/3950
f 1450/1449/3951 1431/1430/3951 1430/1429/3952
f 1454/1453/3953 1455/1454/3953 1456/1455/3954
f 1455/1454/3955 1440/1439/3956 1439/1438/3957
f 1455/1454/3958 1439/1438/3959 1456/1455/3960
f 1456/1455/3961 1439/1438/3962 1436/1435/3962
f 1457/1456/3963 1458/1457/3963 1455/1454/3964
f 1458/1457/3965 1444/1443/3966 1443/1442/3967
f 1458/1457/3968 1443/1442/3969 1455/1454/3968
f 1455/1454/3970 1443/1442/3971 1440/1439/3972
f 1459/1458/3973 1460/1459/3974 1458/1457/3975
f 1460/1459/3976 1448/1447/3977 1447/1446/3978
f 1460/1459/3979 1447/1446/3980 1458/1457/3980
f 1458/1457/3981 1447/1446/3982 1444/1443/3983
f 1461/1460/3984 1462/1461/3985 1463/1462/3984
f 1462/1461/3986 1434/1433/3987 1452/1451/3987
f 1462/1461/3988 1452/1451/3989 1463/1462/3990
f 1463/1462/3991 1452/1451/3992 1451/1450/3993
f 1464/1463/3994 1456/1455/3995 1462/1461/3996
f 1456/1455/3997 1436/1435/3998 1435/1434/3999
f 1456/1455/4000 1435/1434/4001 1462/1461/4002
f 1462/1461/4003 1435/1434/4004 1434/1433/4005
# Vertices: 167, normals: 604, texture coordinates: 167, faces: 240

o obj21
v 0.54198765 0.20783731 -0.34727194
v 0.51605196 0.16300566 -0.38018433
v 0.51135171 0.14146483 -0.32353998
v 0.50472259 0.07088627 -0.39445772
v 0.48690298 0.04787135 -0.35508117
v 0.4982775 0.00420553 -0.31396451
v 0.54198765 0.20783731 -0.34727194
v 0.56115597 0.12792108 -0.32020508
v 0.53274275 0.07626245 -0.29580412
v 0.56687168 0.00755302 -0.31644529
v 0.54198765 0.20783731 -0.34727194
v 0.56505672 0.11032138 -0.37837671
v 0.589978 0.08485099 -0.34600476
v 0.57497411 0.00935576 -0.39376235
v 0.54198765 0.20783731 -0.34727194
v 0.56505672 0.11032138 -0.37837671
v 0.57497411 0.00935576 -0.39376235
v 0.54454717 -0.01130107 -0.40415826
v 0.5398234 -0.04241661 -0.34926771
v 0.51239132 -0.03549141 -0.32299331
v 0.51792546 -0.01395058 -0.37804467
v 0.55736306 -0.05421184 -0.33274176
v 0.56494005 -0.06663487 -0.37934853
v 0.56494005 -0.06663487 -0.37934853
v 0.56494005 -0.06663487 -0.37934853
v 0.56494005 -0.06663487 -0.37934853
v 0.56494005 -0.06663487 -0.37934853
v 0.56494005 -0.06663487 -0.37934853
v 0.55450621 -0.02663377 -0.30830392
v 0.56045002 -0.03949602 -0.3195
v 0.54747309 -0.03899905 -0.31941852
v 0.55450621 -0.02663377 -0.30830392
v 0.54251119 -0.04323314 -0.31050843
v 0.55450621 -0.02663377 -0.30830392
v 0.55199991 -0.04370181 -0.3031416
v 0.55450621 -0.02663377 -0.30830392
v 0.56192691 -0.04692668 -0.31000152
v 0.55450621 -0.02663377 -0.30830392
v 0.56192691 -0.04692668 -0.31000152
v 0.56066136 -0.0645593 -0.32148864
v 0.55142306 -0.06288804 -0.32855286
v 0.54077186 -0.05993321 -0.32226384
v 0.54445659 -0.06274239 -0.31211627
v 0.55516189 -0.06845154 -0.31306519
v 0.55516189 -0.06845154 -0.31306519
v 0.54888392 -0.07258237 -0.32278033
v 0.54888392 -0.07258237 -0.32278033
v 0.54888392 -0.07258237 -0.32278033
v 0.54888392 -0.07258237 -0.32278033
v 0.54888392 -0.07258237 -0.32278033
v 0.52328382 -0.02541644 -0.41537816
v 0.53438735 -0.05855685 -0.41862664
v 0.51362189 -0.05885792 -0.40892503
v 0.52328382 -0.02541644 -0.41537816
v 0.51184312 -0.04825532 -0.392031
v 0.52328382 -0.02541644 -0.41537816
v 0.53033547 -0.03515681 -0.39160735
v 0.52328382 -0.02541644 -0.41537816
v 0.544701 -0.04991636 -0.40303813
v 0.52328382 -0.02541644 -0.41537816
v 0.53438735 -0.05855685 -0.41862664
v 0.54671015 -0.08930651 -0.39630536
v 0.52812987 -0.10054729 -0.39779607
v 0.51250606 -0.08713555 -0.38610768
v 0.5242286 -0.07216048 -0.37610275
v 0.54369157 -0.07922393 -0.37981234
v 0.54671015 -0.08930651 -0.39630536
v 0.53161357 -0.10119479 -0.38059002
v 0.53161357 -0.10119479 -0.38059002
v 0.53161357 -0.10119479 -0.38059002
v 0.53161357 -0.10119479 -0.38059002
v 0.53161357 -0.10119479 -0.38059002
vn -0.89039 -0.09538 0.44509
vn -0.89039 -0.09538 0.44509
vn -0.89039 -0.09538 0.44509
vn -0.93121 0.32504 0.16489
vn -0.93121 0.32504 0.16489
vn -0.93121 0.32504 0.16489
vn -0.96859 -0.01405 0.24828
vn -0.96859 -0.01405 0.24828
vn -0.96859 -0.01405 0.24828
vn -0.91988 -0.37534 0.1138
vn -0.91988 -0.37534 0.1138
vn -0.91988 -0.37534 0.1138
vn 0.02542 -0.94498 0.32615
vn 0.02542 -0.94498 0.32615
vn 0.02542 -0.94498 0.32615
vn -0.63903 -0.7607 0.11394
vn -0.63903 -0.7607 0.11394
vn -0.63903 -0.76069 0.11394
vn 0.04885 -0.91323 0.4045
vn 0.04885 -0.91323 0.4045
vn 0.04885 -0.91323 0.4045
vn 0.5931 -0.80337 0.05326
vn 0.5931 -0.80337 0.05326
vn 0.5931 -0.80337 0.05326
vn 0.97278 0.00486 0.23168
vn 0.97278 0.00486 0.23168
vn 0.97278 0.00486 0.23168
vn 0.71082 -0.70117 0.05565
vn 0.71082 -0.70117 0.05565
vn 0.71082 -0.70117 0.05565
vn 0.78627 0.13003 0.60405
vn 0.78627 0.13003 0.60405
vn 0.83934 0.51906 0.16154
vn 0.42262 0.82972 0.36463
vn 0.42262 0.82972 0.36463
vn 0.21486 0.96213 0.16772
vn 0.21486 0.96213 0.16772
vn 0.21486 0.96213 0.16772
vn 0.21563 0.96199 0.16756
vn 0.21563 0.96199 0.16756
vn 0.06 0.98752 0.14563
vn 0.06 0.98752 0.14563
vn -0.53321 0.35421 -0.76826
vn -0.53321 0.35421 -0.76826
vn -0.53321 0.35421 -0.76826
vn -0.94482 0.07682 -0.31845
vn -0.94482 0.07682 -0.31845
vn -0.90107 0.23356 -0.36541
vn -0.90107 0.23356 -0.36541
vn -0.90107 0.23356 -0.36541
vn -0.83026 0.50878 -0.22764
vn -0.83026 0.50878 -0.22764
vn -0.83026 0.50878 -0.22764
vn -0.41282 0.19661 -0.88934
vn 0.05414 -0.9634 -0.26253
vn 0.05414 -0.9634 -0.26253
vn 0.05414 -0.9634 -0.26253
vn 0.10327 -0.96198 -0.25285
vn 0.10327 -0.96198 -0.25285
vn 0.10327 -0.96198 -0.25285
vn -0.02867 -0.97244 -0.23137
vn -0.02867 -0.97244 -0.23137
vn -0.02867 -0.97244 -0.23137
vn -0.62164 -0.10582 -0.77613
vn -0.62164 -0.10582 -0.77613
vn -0.62164 -0.10582 -0.77613
vn 0.98614 0.07999 -0.14538
vn 0.98614 0.07999 -0.14538
vn 0.95616 -0.20988 -0.20423
vn 0.95616 -0.20988 -0.20423
vn 0.95531 -0.21431 -0.20361
vn 0.95531 -0.21431 -0.20361
vn 0.95531 -0.21431 -0.20361
vn -0.74427 0.08848 -0.66199
vn -0.66746 0.70482 -0.24024
vn -0.66746 0.70482 -0.24024
vn -0.66746 0.70482 -0.24024
vn -0.57986 0.64203 -0.50156
vn -0.57986 0.64203 -0.50156
vn 0.44749 0.86595 -0.22334
vn 0.44749 0.86595 -0.22334
vn 0.02064 0.74937 0.66183
vn 0.02064 0.74937 0.66183
vn 0.02064 0.74937 0.66183
vn -0.79013 0.15868 0.59204
vn -0.79013 0.15868 0.59204
vn -0.79013 0.15868 0.59204
vn -0.57269 -0.75757 0.31323
vn -0.57269 -0.75757 0.31323
vn 0.59477 -0.7895 0.15145
vn 0.59477 -0.7895 0.15145
vn 0.93603 -0.11472 0.33269
vn 0.93603 -0.11472 0.33269
vn 0.93603 -0.11472 0.33269
vn 0.61373 0.78662 0.06759
vn 0.61373 0.78662 0.06759
vn -0.43745 0.86169 0.25715
vn -0.43745 0.86169 0.25715
vn -0.43745 0.86169 0.25715
vn -0.94337 -0.30945 -0.11957
vn -0.94337 -0.30945 -0.11957
vn -0.94337 -0.30945 -0.11957
vn -0.123 -0.91559 -0.38283
vn -0.123 -0.91559 -0.38283
vn -0.123 -0.91559 -0.38283
vn 0.85346 -0.40653 -0.3261
vn 0.85346 -0.40653 -0.3261
vn 0.00786 0.93358 0.35827
vn 0.00786 0.93358 0.35827
vn -0.88292 0.3357 0.32826
vn -0.88292 0.3357 0.32826
vn -0.61227 -0.78064 -0.12539
vn -0.61227 -0.78064 -0.12539
vn -0.61227 -0.78065 -0.12539
vn 0.48609 -0.83082 -0.27102
vn 0.48609 -0.83082 -0.27102
vn 0.48609 -0.83082 -0.27102
vn 0.99013 0.13881 0.01936
vn 0.99013 0.13881 0.01936
vn 0.99013 0.13881 0.01936
vn -0.54592 0.77495 -0.31846
vn -0.54592 0.77495 -0.31846
vn -0.82913 -0.15215 -0.53795
vn -0.82913 -0.15215 -0.53795
vn -0.35436 -0.55042 -0.75595
vn -0.35436 -0.55042 -0.75595
vn -0.35436 -0.55042 -0.75595
vn 0.56395 0.01334 -0.8257
vn 0.56395 0.01334 -0.8257
vn 0.56395 0.01334 -0.8257
vn 0.44681 0.71236 -0.54121
vn 0.44681 0.71236 -0.54121
vn -0.42207 0.90503 -0.0527
vn -0.42207 0.90503 -0.0527
vn -0.42207 0.90503 -0.0527
vn -0.94375 0.24127 0.22611
vn -0.94375 0.24127 0.22611
vn -0.52263 -0.4514 0.72325
vn -0.52263 -0.4514 0.72325
vn -0.52263 -0.4514 0.72325
vn 0.73721 -0.05718 0.67324
vn 0.73721 -0.05718 0.67324
vn 0.71037 0.6365 0.3004
vn 0.71037 0.6365 0.3004
vn 0.71037 0.6365 0.3004
vn 0.34287 0.82019 -0.45797
vn 0.34287 0.82019 -0.45797
vn -0.74411 0.53396 -0.40149
vn -0.74411 0.53396 -0.40149
vn -0.74411 0.53396 -0.40149
vn -0.71289 -0.69499 0.09372
vn -0.71289 -0.69499 0.09372
vn 0.29054 -0.89867 0.3286
vn 0.29054 -0.89867 0.3286
vn 0.29054 -0.89867 0.3286
vn 0.98799 -0.13582 0.07361
vn 0.98799 -0.13582 0.07361
vn 0.98799 -0.13582 0.07361
vn -0.39029 0.84661 -0.36183
vn -0.39029 0.84661 -0.36183
vn -0.99584 0.08597 -0.03008
vn -0.99584 0.08597 -0.03008
vn -0.99584 0.08597 -0.03008
vn -0.3104 -0.85741 0.41048
vn -0.3104 -0.85741 0.41048
vn 0.781 -0.50228 0.37115
vn 0.781 -0.50228 0.37115
vn 0.84505 0.53254 -0.04792
vn 0.84505 0.53254 -0.04792
vn 0.84505 0.53254 -0.04792
vn -0.60741 -0.09329 -0.78889
vn -0.43035 -0.86912 -0.24378
vn -0.43035 -0.86912 -0.24378
vn 0.14562 -0.98265 -0.11483
vn 0.14562 -0.98265 -0.11483
vn 0.78941 -0.41883 -0.44879
vn 0.78941 -0.41883 -0.44879
vn 0.78941 -0.41883 -0.44879
vn 0.52077 0.13715 -0.84261
vn 0.52077 0.13715 -0.84261
vn 0.52077 0.13715 -0.84261
vt 0.28408 0.04916
vt 0.20667 0.20186
vt 0.42202 0.16005
vt 0.24441 0.35051
vt 0.34699 0.33146
vt 0.45539 0.37088
vt 0.54466 0.03306
vt 0.63475 0.18335
vt 0.53315 0.25276
vt 0.62561 0.37424
vt 0.68555 0.0235
vt 0.83052 0.15744
vt 0.75893 0.2897
vt 0.96083 0.25663
vt 0.06161 0.12613
vt 0.04601 0.32331
vt 0.04512 0.48811
vt 0.16751 0.50609
vt 0.48048 0.53081
vt 0.47489 0.42677
vt 0.31362 0.49001
vt 0.60006 0.4938
vt 0.55961 0.65303
vt 1.01654 0.37251
vt 0.74389 0.56502
vt 0.41701 0.66214
vt 0.19737 0.64697
vt 0.07551 0.61307
vt 0.62541 0.88085
vt 0.65706 0.84765
vt 0.61186 0.8341
vt 0.6061 0.88243
vt 0.57814 0.84013
vt 0.55456 0.88502
vt 0.53914 0.85769
vt 0.51748 0.88041
vt 0.49928 0.84428
vt 0.66707 0.89241
vt 0.68882 0.8583
vt 0.67457 0.81461
vt 0.63843 0.79421
vt 0.59515 0.79718
vt 0.563 0.8143
vt 0.52336 0.81047
vt 0.70779 0.82139
vt 0.62212 0.77512
vt 0.56893 0.77423
vt 0.54626 0.77742
vt 0.70448 0.78131
vt 0.65428 0.77472
vt 0.11506 0.73825
vt 0.07396 0.78729
vt 0.15508 0.7879
vt 0.17008 0.72599
vt 0.20877 0.80955
vt 0.2536 0.72911
vt 0.27922 0.80917
vt 0.29662 0.727
vt 0.34605 0.80943
vt 0.37565 0.71799
vt 0.40258 0.77603
vt 0.04991 0.88237
vt 0.11875 0.8699
vt 0.18854 0.86655
vt 0.24592 0.8786
vt 0.31673 0.8917
vt 0.36815 0.86792
vt 0.13987 0.924
vt 0.23108 0.92868
vt 0.27239 0.92363
vt 0.34315 0.93962
vt 0.11095 0.92752
usemtl mat2
f 1465/1464/4006 1466/1465/4007 1467/1466/4008
f 1466/1465/4009 1468/1467/4010 1469/1468/4011
f 1466/1465/4012 1469/1468/4013 1467/1466/4014
f 1467/1466/4015 1469/1468/4016 1470/1469/4017
f 1471/1470/4018 1467/1466/4019 1472/1471/4020
f 1467/1466/4021 1470/1469/4022 1473/1472/4023
f 1467/1466/4024 1473/1472/4025 1472/1471/4026
f 1472/1471/4027 1473/1472/4028 1474/1473/4029
f 1475/1474/4030 1472/1471/4031 1476/1475/4032
f 1472/1471/4033 1474/1473/4034 1477/1476/4035
f 1472/1471/4036 1477/1476/4036 1476/1475/4037
f 1476/1475/4038 1477/1476/4038 1478/1477/4038
f 1479/1478/4039 1480/1479/4040 1466/1465/4040
f 1480/1479/4041 1481/1480/4042 1482/1481/4043
f 1480/1479/4044 1482/1481/4044 1466/1465/4045
f 1466/1465/4046 1482/1481/4047 1468/1467/4046
f 1483/1482/4048 1484/1483/4049 1485/1484/4050
f 1484/1483/4051 1470/1469/4052 1469/1468/4052
f 1484/1483/4053 1469/1468/4054 1485/1484/4055
f 1485/1484/4056 1469/1468/4057 1468/1467/4058
f 1483/1482/4059 1486/1485/4059 1484/1483/4059
f 1486/1485/4060 1474/1473/4061 1473/1472/4062
f 1486/1485/4063 1473/1472/4064 1484/1483/4065
f 1484/1483/4066 1473/1472/4067 1470/1469/4068
f 1483/1482/4069 1487/1486/4070 1486/1485/4071
f 1488/1487/4072 1478/1477/4073 1477/1476/4073
f 1489/1488/4074 1477/1476/4074 1486/1485/4075
f 1486/1485/4076 1477/1476/4077 1474/1473/4078
f 1483/1482/4079 1485/1484/4079 1490/1489/4079
f 1485/1484/4080 1468/1467/4081 1482/1481/4082
f 1485/1484/4083 1482/1481/4083 1491/1490/4084
f 1492/1491/4085 1482/1481/4086 1481/1480/4086
f 1493/1492/4087 1494/1493/4088 1495/1494/4089
f 1496/1495/4090 1495/1494/4091 1497/1496/4092
f 1498/1497/4093 1497/1496/4093 1499/1498/4094
f 1500/1499/4095 1499/1498/4095 1501/1500/4096
f 1502/1501/4097 1503/1502/4098 1494/1493/4099
f 1494/1493/4100 1504/1503/4101 1505/1504/4101
f 1495/1494/4102 1505/1504/4103 1506/1505/4104
f 1497/1496/4105 1506/1505/4106 1507/1506/4107
f 1499/1498/4108 1507/1506/4109 1508/1507/4110
f 1503/1502/4111 1509/1508/4111 1504/1503/4112
f 1505/1504/4113 1495/1494/4114 1494/1493/4114
f 1506/1505/4115 1497/1496/4116 1495/1494/4115
f 1507/1506/4117 1499/1498/4118 1497/1496/4119
f 1508/1507/4120 1501/1500/4121 1499/1498/4122
f 1504/1503/4123 1494/1493/4124 1503/1502/4125
f 1510/1509/4126 1506/1505/4126 1505/1504/4127
f 1511/1510/4128 1507/1506/4129 1506/1505/4129
f 1512/1511/4130 1508/1507/4131 1507/1506/4132
f 1513/1512/4133 1504/1503/4134 1509/1508/4135
f 1514/1513/4136 1505/1504/4137 1504/1503/4136
f 1515/1514/4138 1516/1515/4139 1517/1516/4140
f 1518/1517/4141 1517/1516/4141 1519/1518/4142
f 1520/1519/4143 1519/1518/4144 1521/1520/4145
f 1522/1521/4146 1521/1520/4146 1523/1522/4147
f 1524/1523/4148 1523/1522/4149 1525/1524/4150
f 1516/1515/4151 1526/1525/4152 1527/1526/4152
f 1517/1516/4153 1527/1526/4154 1528/1527/4155
f 1519/1518/4156 1528/1527/4157 1529/1528/4156
f 1521/1520/4158 1529/1528/4159 1530/1529/4160
f 1523/1522/4161 1530/1529/4162 1531/1530/4163
f 1527/1526/4164 1517/1516/4165 1516/1515/4165
f 1528/1527/4166 1519/1518/4167 1517/1516/4168
f 1529/1528/4169 1521/1520/4170 1519/1518/4170
f 1530/1529/4171 1523/1522/4172 1521/1520/4172
f 1531/1530/4173 1525/1524/4174 1523/1522/4175
f 1532/1531/4176 1528/1527/4176 1527/1526/4176
f 1533/1532/4177 1529/1528/4177 1528/1527/4178
f 1534/1533/4179 1530/1529/4180 1529/1528/4180
f 1535/1534/4181 1531/1530/4182 1530/1529/4183
f 1536/1535/4184 1527/1526/4185 1526/1525/4186
# Vertices: 72, normals: 181, texture coordinates: 72, faces: 72

o obj22
v -0.32891547 -0.15711139 0.4350034
v -0.32647577 -0.16167968 0.41717055
v -0.31322975 -0.16184521 0.44222348
v -0.34006493 -0.16155403 0.4184169
v -0.32647577 -0.16167968 0.41717055
v -0.34793248 -0.16166283 0.43708229
v -0.34006493 -0.16155403 0.4184169
v -0.33348694 -0.16156154 0.44945329
v -0.34793248 -0.16166283 0.43708229
v -0.32891547 -0.15711139 0.4350034
v -0.31322975 -0.16184521 0.44222348
v -0.33348694 -0.16156154 0.44945329
v -0.30543248 -0.16543278 0.4097662
v -0.29721837 -0.16978822 0.44742285
v -0.32647577 -0.16167968 0.41717055
v -0.34945186 -0.16497631 0.40431438
v -0.30543248 -0.16543278 0.4097662
v -0.34006493 -0.16155403 0.4184169
v -0.34945186 -0.16497631 0.40431438
v -0.34793248 -0.16166283 0.43708229
v -0.36420434 -0.17083256 0.44139971
v -0.36420434 -0.17083256 0.44139971
v -0.33348694 -0.16156154 0.44945329
v -0.33033413 -0.16553285 0.47037216
v -0.33033413 -0.16553285 0.47037216
v -0.29721837 -0.16978822 0.44742285
v -0.33348694 -0.16156154 0.44945329
v -0.29721837 -0.16978822 0.44742285
v -0.30543248 -0.16543278 0.4097662
v -0.31580439 -0.15030848 0.41594513
v -0.30599815 -0.15065755 0.4435029
v -0.34945186 -0.16497631 0.40431438
v -0.31580439 -0.15030848 0.41594513
v -0.30543248 -0.16543278 0.4097662
v -0.3431749 -0.15041158 0.41458572
v -0.3431749 -0.15041158 0.41458572
v -0.36420434 -0.17083256 0.44139971
v -0.35606737 -0.15054718 0.43859843
v -0.34945186 -0.16497631 0.40431438
v -0.33033413 -0.16553285 0.47037216
v -0.35606737 -0.15054718 0.43859843
v -0.36420434 -0.17083256 0.44139971
v -0.33375009 -0.15037293 0.45585951
v -0.30599815 -0.15065755 0.4435029
v -0.33375009 -0.15037293 0.45585951
v -0.33033413 -0.16553285 0.47037216
v -0.29721837 -0.16978822 0.44742285
v -0.30599815 -0.15065755 0.4435029
v -0.31580439 -0.15030848 0.41594513
v -0.3201698 -0.13538466 0.42625605
v -0.31676986 -0.13512259 0.44030337
v -0.31580439 -0.15030848 0.41594513
v -0.3431749 -0.15041158 0.41458572
v -0.33573275 -0.13531872 0.42526961
v -0.3201698 -0.13538466 0.42625605
v -0.33573275 -0.13531872 0.42526961
v -0.35606737 -0.15054718 0.43859843
v -0.33891358 -0.13525752 0.43846453
v -0.3431749 -0.15041158 0.41458572
v -0.33891358 -0.13525752 0.43846453
v -0.33375009 -0.15037293 0.45585951
v -0.33243931 -0.13537357 0.44501337
v -0.35606737 -0.15054718 0.43859843
v -0.31676986 -0.13512259 0.44030337
v -0.33243931 -0.13537357 0.44501337
v -0.33375009 -0.15037293 0.45585951
v -0.30599815 -0.15065755 0.4435029
v -0.33625938 -0.12027613 0.43388093
v -0.31676986 -0.13512259 0.44030337
v -0.3201698 -0.13538466 0.42625605
v -0.3201698 -0.13538466 0.42625605
v -0.33573275 -0.13531872 0.42526961
v -0.33573275 -0.13531872 0.42526961
v -0.33891358 -0.13525752 0.43846453
v -0.33243931 -0.13537357 0.44501337
v -0.33891358 -0.13525752 0.43846453
v -0.31676986 -0.13512259 0.44030337
v -0.33243931 -0.13537357 0.44501337
v -0.32887394 -0.13073355 0.43644133
v -0.32696708 -0.13541232 0.42250325
v -0.31661405 -0.13557785 0.44208452
v -0.33758832 -0.13528668 0.4234774
v -0.32696708 -0.13541232 0.42250325
v -0.34373756 -0.13539547 0.43806618
v -0.33758832 -0.13528668 0.4234774
v -0.33244699 -0.13529419 0.44773531
v -0.34373756 -0.13539547 0.43806618
v -0.32887394 -0.13073355 0.43644133
v -0.31661405 -0.13557785 0.44208452
v -0.33244699 -0.13529419 0.44773531
v -0.31070433 -0.14194131 0.41627653
v -0.30389691 -0.13640358 0.446667
v -0.32696708 -0.13541232 0.42250325
v -0.3449251 -0.13802103 0.41245493
v -0.31070433 -0.14194131 0.41627653
v -0.33758832 -0.13528668 0.4234774
v -0.3449251 -0.13802103 0.41245493
v -0.34373756 -0.13539547 0.43806618
v -0.35622196 -0.13826845 0.44199691
v -0.35622196 -0.13826845 0.44199691
v -0.33244699 -0.13529419 0.44773531
v -0.33019328 -0.14252782 0.46358416
v -0.33019328 -0.14252782 0.46358416
v -0.30389691 -0.13640358 0.446667
v -0.33244699 -0.13529419 0.44773531
v -0.30389691 -0.13640358 0.446667
v -0.31070433 -0.14194131 0.41627653
v -0.31862638 -0.12335321 0.42154547
v -0.31096187 -0.12370228 0.44308451
v -0.3449251 -0.13802103 0.41245493
v -0.31862638 -0.12335321 0.42154547
v -0.31070433 -0.14194131 0.41627653
v -0.34001905 -0.12345631 0.42048296
v -0.34001905 -0.12345631 0.42048296
v -0.35622196 -0.13826845 0.44199691
v -0.35009576 -0.1235919 0.43925119
v -0.3449251 -0.13802103 0.41245493
v -0.35009576 -0.1235919 0.43925119
v -0.33019328 -0.14252782 0.46358416
v -0.33265267 -0.12341765 0.45274238
v -0.35622196 -0.13826845 0.44199691
v -0.31096187 -0.12370228 0.44308451
v -0.33265267 -0.12341765 0.45274238
v -0.33019328 -0.14252782 0.46358416
v -0.30389691 -0.13640358 0.446667
v -0.32203837 -0.10842938 0.42960444
v -0.31938099 -0.10816732 0.44058377
v -0.31096187 -0.12370228 0.44308451
v -0.31862638 -0.12335321 0.42154547
v -0.31862638 -0.12335321 0.42154547
v -0.34001905 -0.12345631 0.42048296
v -0.3342023 -0.10836345 0.42883345
v -0.32203837 -0.10842938 0.42960444
v -0.3342023 -0.10836345 0.42883345
v -0.35009576 -0.1235919 0.43925119
v -0.33668843 -0.10830225 0.43914654
v -0.34001905 -0.12345631 0.42048296
v -0.33668843 -0.10830225 0.43914654
v -0.33265267 -0.12341765 0.45274238
v -0.33162816 -0.10841829 0.44426508
v -0.35009576 -0.1235919 0.43925119
v -0.31938099 -0.10816732 0.44058377
v -0.33162816 -0.10841829 0.44426508
v -0.33265267 -0.12341765 0.45274238
v -0.31096187 -0.12370228 0.44308451
v -0.31938099 -0.10816732 0.44058377
v -0.32203837 -0.10842938 0.42960444
v -0.33461392 -0.09332085 0.43556402
v -0.32203837 -0.10842938 0.42960444
v -0.3342023 -0.10836345 0.42883345
v -0.3342023 -0.10836345 0.42883345
v -0.33668843 -0.10830225 0.43914654
v -0.33162816 -0.10841829 0.44426508
v -0.33668843 -0.10830225 0.43914654
v -0.31938099 -0.10816732 0.44058377
v -0.33162816 -0.10841829 0.44426508
v -0.32939538 -0.10223513 0.43486116
v -0.32298372 -0.10412126 0.43114674
v -0.32371885 -0.10415498 0.43964153
v -0.33199711 -0.10412743 0.42702583
v -0.32298372 -0.10412126 0.43114674
v -0.33876863 -0.10416283 0.43273256
v -0.33199711 -0.10412743 0.42702583
v -0.33236734 -0.10415698 0.44170011
v -0.33876863 -0.10416283 0.43273256
v -0.32939538 -0.10223513 0.43486116
v -0.32371885 -0.10415498 0.43964153
v -0.33236734 -0.10415698 0.44170011
v -0.31803994 -0.10295138 0.44461203
v -0.32298372 -0.10412126 0.43114674
v -0.31726086 -0.10594415 0.4265006
v -0.33247845 -0.10597691 0.42105646
v -0.33199711 -0.10412743 0.42702583
v -0.31726086 -0.10594415 0.4265006
v -0.33876863 -0.10416283 0.43273256
v -0.33247845 -0.10597691 0.42105646
v -0.34313148 -0.10597723 0.43489475
v -0.33236734 -0.10415698 0.44170011
v -0.34313148 -0.10597723 0.43489475
v -0.33436911 -0.10595148 0.44899937
v -0.33436911 -0.10595148 0.44899937
v -0.31803994 -0.10295138 0.44461203
v -0.33236734 -0.10415698 0.44170011
v -0.31803994 -0.10295138 0.44461203
v -0.31726086 -0.10594415 0.4265006
v -0.32052151 -0.09728432 0.42991362
v -0.31951363 -0.09729299 0.44315719
v -0.32052151 -0.09728432 0.42991362
v -0.33247845 -0.10597691 0.42105646
v -0.33138006 -0.09734262 0.42563081
v -0.31726086 -0.10594415 0.4265006
v -0.33138006 -0.09734262 0.42563081
v -0.34313148 -0.10597723 0.43489475
v -0.33919415 -0.09726673 0.43425881
v -0.33247845 -0.10597691 0.42105646
v -0.33241195 -0.09724603 0.44450594
v -0.33919415 -0.09726673 0.43425881
v -0.34313148 -0.10597723 0.43489475
v -0.33436911 -0.10595148 0.44899937
v -0.31803994 -0.10295138 0.44461203
v -0.33241195 -0.09724603 0.44450594
v -0.33436911 -0.10595148 0.44899937
v -0.31951363 -0.09729299 0.44315719
v -0.32532462 -0.08868301 0.43836315
v -0.32052151 -0.09728432 0.42991362
v -0.32606049 -0.08870207 0.4314408
v -0.31951363 -0.09729299 0.44315719
v -0.32606049 -0.08870207 0.4314408
v -0.33138006 -0.09734262 0.42563081
v -0.331855 -0.0886346 0.42911774
v -0.32052151 -0.09728432 0.42991362
v -0.331855 -0.0886346 0.42911774
v -0.33919415 -0.09726673 0.43425881
v -0.33447362 -0.08862564 0.4345129
v -0.33138006 -0.09734262 0.42563081
v -0.33447362 -0.08862564 0.4345129
v -0.33919415 -0.09726673 0.43425881
v -0.3315881 -0.08870187 0.43908739
v -0.33241195 -0.09724603 0.44450594
v -0.32532462 -0.08868301 0.43836315
v -0.3315881 -0.08870187 0.43908739
v -0.33241195 -0.09724603 0.44450594
v -0.31951363 -0.09729299 0.44315719
v -0.32532462 -0.08868301 0.43836315
v -0.32606049 -0.08870207 0.4314408
v -0.32945549 -0.08001653 0.43480606
v -0.32606049 -0.08870207 0.4314408
v -0.331855 -0.0886346 0.42911774
v -0.331855 -0.0886346 0.42911774
v -0.33447362 -0.08862564 0.4345129
v -0.3315881 -0.08870187 0.43908739
v -0.33447362 -0.08862564 0.4345129
v -0.3315881 -0.08870187 0.43908739
v -0.32532462 -0.08868301 0.43836315
vn -0.36093 -0.18479 -0.9141
vn -0.36093 -0.18479 -0.9141
vn -0.36093 -0.18479 -0.9141
vn 0.01397 -0.24993 -0.96816
vn 0.01397 -0.24993 -0.96816
vn 0.24162 -0.09621 -0.96559
vn 0.35975 -0.0806 -0.92956
vn 0.36229 -0.08024 -0.9286
vn 0.20282 0.22904 -0.95205
vn 0.20282 0.22904 -0.95205
vn 0.20282 0.22904 -0.95205
vn -0.13063 0.32932 -0.93514
vn -0.29902 -0.03358 -0.95366
vn -0.29902 -0.03358 -0.95366
vn -0.29902 -0.03358 -0.95366
vn -0.0316 -0.30087 -0.95314
vn -0.0316 -0.30087 -0.95314
vn 0.41706 -0.07228 -0.906
vn 0.41706 -0.07228 -0.906
vn 0.34485 0.28623 -0.89395
vn 0.34485 0.28623 -0.89395
vn 0.34485 0.28623 -0.89395
vn 0.34485 0.28623 -0.89395
vn -0.22741 0.26109 -0.93815
vn -0.22741 0.26109 -0.93815
vn 0.84962 0.19956 0.48818
vn 0.84962 0.19956 0.48818
vn 0.84962 0.19956 0.48818
vn 0.84962 0.19956 0.48818
vn 0.08511 0.86651 0.49186
vn 0.08511 0.86651 0.49186
vn -0.84131 0.33941 0.42072
vn -0.84131 0.33941 0.42072
vn -0.84131 0.33941 0.42072
vn -0.84131 0.33941 0.42072
vn -0.60216 -0.68281 0.41373
vn -0.60216 -0.68281 0.41373
vn 0.45162 -0.70894 0.54171
vn 0.45162 -0.70894 0.54171
vn 0.45162 -0.70894 0.54171
vn 0.83747 0.26483 0.47803
vn 0.83747 0.26483 0.47803
vn 0.83747 0.26483 0.47803
vn 0.83747 0.26483 0.47803
vn 0.04435 0.82077 0.56953
vn 0.04435 0.82077 0.56953
vn 0.04435 0.82077 0.56953
vn -0.68934 0.29647 0.661
vn -0.68934 0.29647 0.661
vn -0.68934 0.29647 0.661
vn -0.53057 -0.64022 0.55553
vn -0.53057 -0.64022 0.55553
vn 0.32199 -0.81828 0.47617
vn 0.32199 -0.81828 0.47617
vn 0.6317 0.16702 0.75701
vn 0.6317 0.16702 0.75701
vn 0.05697 0.86559 0.49751
vn 0.05697 0.86559 0.49751
vn 0.05697 0.86559 0.49751
vn -0.96719 0.23362 0.09988
vn -0.96719 0.23362 0.09988
vn -0.67012 -0.66821 0.32316
vn -0.67012 -0.66821 0.32316
vn -0.67012 -0.66821 0.32316
vn 0.21809 -0.7583 0.61434
vn 0.21809 -0.7583 0.61434
vn 0.21809 -0.7583 0.61434
vn -0.4471 -0.22908 -0.86465
vn -0.4471 -0.22908 -0.86465
vn -0.4471 -0.22908 -0.86465
vn 0.01818 -0.32041 -0.9471
vn 0.01818 -0.32041 -0.9471
vn 0.01818 -0.32041 -0.9471
vn 0.30924 -0.12331 -0.94296
vn 0.30924 -0.12331 -0.94296
vn 0.25726 0.29075 -0.92156
vn 0.25726 0.29075 -0.92156
vn 0.25726 0.29075 -0.92156
vn -0.16361 0.41346 -0.8957
vn -0.16361 0.41346 -0.8957
vn -0.16361 0.41346 -0.8957
vn -0.23212 -0.18243 -0.95543
vn -0.23212 -0.18243 -0.95543
vn -0.23212 -0.18243 -0.95543
vn -0.23212 -0.18243 -0.95543
vn -0.1081 -0.42635 -0.89807
vn -0.1081 -0.42635 -0.89807
vn -0.1081 -0.42635 -0.89807
vn -0.1081 -0.42635 -0.89807
vn 0.24194 -0.08784 -0.96631
vn 0.24194 -0.08784 -0.96631
vn 0.24194 -0.08784 -0.96631
vn 0.24194 -0.08784 -0.96631
vn 0.2011 0.36123 -0.91053
vn 0.2011 0.36123 -0.91053
vn 0.2011 0.36123 -0.91053
vn -0.0491 0.33516 -0.94088
vn -0.0491 0.33516 -0.94088
vn -0.0491 0.33516 -0.94088
vn 0.85924 0.2821 0.42676
vn 0.85924 0.2821 0.42676
vn 0.85924 0.2821 0.42676
vn 0.10673 0.91944 0.37848
vn 0.10673 0.91944 0.37848
vn 0.10673 0.91944 0.37848
vn 0.10673 0.91944 0.37848
vn -0.84486 0.37073 0.38572
vn -0.84486 0.37073 0.38572
vn -0.84486 0.37073 0.38572
vn -0.56519 -0.74233 0.35987
vn 0.38172 -0.79345 0.47406
vn 0.38172 -0.79345 0.47406
vn 0.87738 0.27745 0.39143
vn 0.87738 0.27745 0.39143
vn 0.87738 0.27745 0.39143
vn 0.04745 0.87805 0.47621
vn 0.04745 0.87805 0.47621
vn 0.04745 0.87805 0.47621
vn -0.75665 0.32542 0.56708
vn -0.75665 0.32542 0.56708
vn -0.75665 0.32542 0.56708
vn -0.56562 -0.68251 0.46288
vn -0.56562 -0.68251 0.46288
vn -0.56562 -0.68251 0.46288
vn -0.56562 -0.68251 0.46288
vn 0.33721 -0.85696 0.38977
vn 0.33721 -0.85696 0.38977
vn 0.33721 -0.85696 0.38977
vn 0.33721 -0.85696 0.38977
vn 0.71663 0.18947 0.67122
vn 0.71663 0.18947 0.67122
vn 0.05993 0.91054 0.40905
vn 0.05993 0.91054 0.40905
vn 0.05993 0.91054 0.40905
vn -0.96907 0.23407 0.07822
vn -0.96907 0.23407 0.07822
vn -0.96907 0.23407 0.07822
vn -0.68416 -0.68222 0.25788
vn -0.68416 -0.68222 0.25788
vn 0.23612 -0.82098 0.51985
vn 0.23612 -0.82098 0.51985
vn 0.23612 -0.82098 0.51985
vn -0.29781 0.02956 -0.95417
vn -0.12988 -0.06692 -0.98927
vn -0.13236 -0.06554 -0.98903
vn -0.12348 -0.27152 -0.95448
vn -0.12348 -0.27152 -0.95448
vn 0.1583 -0.18182 -0.97051
vn 0.1583 -0.18182 -0.97051
vn 0.1583 -0.18182 -0.97051
vn 0.23486 0.16703 -0.95757
vn 0.23486 0.16703 -0.95757
vn 0.23486 0.16703 -0.95757
vn -0.07077 0.29824 -0.95186
vn -0.07077 0.29824 -0.95186
vn -0.05696 -0.10715 -0.99261
vn -0.05696 -0.10715 -0.99261
vn -0.10783 -0.27706 -0.95478
vn -0.10783 -0.27706 -0.95478
vn -0.10783 -0.27706 -0.95478
vn 0.3828 -0.3397 -0.85911
vn 0.3828 -0.3397 -0.85911
vn 0.3828 -0.3397 -0.85911
vn 0.27221 0.17761 -0.9457
vn 0.27221 0.17761 -0.9457
vn 0.27221 0.17761 -0.9457
vn 0.27221 0.17761 -0.9457
vn 0.09923 0.07752 -0.99204
vn 0.09923 0.07752 -0.99204
vn 0.09923 0.07752 -0.99204
vn 0.94726 0.03721 0.3183
vn 0.94726 0.03721 0.3183
vn 0.94726 0.03721 0.3183
vn 0.31419 0.84631 0.43016
vn 0.31419 0.84631 0.43016
vn 0.31419 0.84631 0.43016
vn 0.31419 0.84631 0.43016
vn -0.7243 0.59653 0.34574
vn -0.76956 -0.49547 0.40285
vn -0.76944 -0.49587 0.4026
vn -0.77082 -0.49127 0.40558
vn -0.77082 -0.49127 0.40558
vn 0.14196 -0.91623 0.37465
vn 0.14196 -0.91623 0.37465
vn 0.14196 -0.91623 0.37465
vn 0.14196 -0.91623 0.37465
vn 0.83863 0.07279 0.53982
vn 0.83863 0.07279 0.53982
vn 0.83863 0.07279 0.53982
vn 0.34278 0.86362 0.36967
vn 0.34278 0.86362 0.36967
vn 0.34278 0.86362 0.36967
vn 0.34278 0.86362 0.36967
vn -0.76212 0.56886 0.30916
vn -0.76212 0.56886 0.30916
vn -0.76751 -0.50212 0.39851
vn -0.76751 -0.50212 0.39851
vn 0.09204 -0.84362 0.529
vn 0.09204 -0.84362 0.529
vn 0.09204 -0.84362 0.529
vn 0.91339 0.09818 0.39507
vn 0.91339 0.09818 0.39507
vn 0.91339 0.09818 0.39507
vn 0.33652 0.82628 0.45169
vn 0.33652 0.82628 0.45169
vn 0.33652 0.82628 0.45169
vn -0.79159 0.385 0.47452
vn -0.79159 0.385 0.47452
vn -0.79159 0.385 0.47452
vn -0.76148 -0.48745 0.42726
vn -0.76148 -0.48745 0.42726
vn 0.10303 -0.90197 0.41932
vn 0.10303 -0.90197 0.41932
vn 0.10303 -0.90197 0.41932
vt 1 0
vt 0 0
vt 0 1
vt 1 1
usemtl mat3
f 1537/1536/4187 1538/1537/4188 1539/1538/4189
f 1537/1536/4190 1540/1537/4191 1541/1538/4191
f 1537/1536/4192 1542/1537/4193 1543/1538/4194
f 1537/1536/4195 1544/1537/4196 1545/1538/4197
f 1546/1538/4198 1547/1539/4198 1548/1536/4198
f 1549/1536/4199 1550/1537/4200 1539/1538/4201
f 1539/1538/4201 1551/1539/4201 1549/1536/4199
f 1552/1536/4202 1553/1537/4203 1541/1538/4202
f 1541/1538/4202 1554/1539/4202 1552/1536/4202
f 1555/1537/4204 1556/1539/4193 1557/1536/4205
f 1556/1539/4193 1555/1537/4204 1543/1538/4194
f 1558/1537/4206 1559/1539/4207 1560/1536/4208
f 1559/1539/4207 1558/1537/4206 1545/1538/4209
f 1561/1537/4210 1547/1539/4210 1562/1536/4211
f 1547/1539/4210 1561/1537/4210 1563/1538/4210
f 1564/1538/4212 1565/1539/4213 1566/1536/4214
f 1564/1538/4212 1566/1536/4214 1567/1537/4215
f 1568/1539/4216 1569/1537/4217 1570/1538/4217
f 1569/1537/4217 1568/1539/4216 1571/1536/4217
f 1572/1537/4218 1573/1539/4219 1574/1536/4220
f 1573/1539/4219 1572/1537/4218 1575/1538/4221
f 1576/1539/4222 1577/1537/4223 1578/1538/4222
f 1577/1537/4223 1576/1539/4222 1579/1536/4222
f 1580/1536/4224 1581/1537/4224 1582/1538/4225
f 1582/1538/4225 1583/1539/4226 1580/1536/4224
f 1584/1538/4227 1585/1539/4228 1586/1536/4229
f 1584/1538/4227 1586/1536/4229 1587/1537/4230
f 1588/1538/4231 1589/1539/4231 1590/1536/4232
f 1588/1538/4231 1590/1536/4232 1591/1537/4233
f 1592/1537/4234 1593/1539/4235 1594/1536/4234
f 1593/1539/4235 1592/1537/4234 1595/1538/4236
f 1596/1537/4237 1597/1539/4238 1598/1536/4238
f 1597/1539/4238 1596/1537/4237 1599/1538/4237
f 1600/1536/4239 1601/1537/4239 1602/1538/4240
f 1602/1538/4240 1603/1539/4239 1600/1536/4239
f 1604/1536/4241 1605/1538/4241 1606/1539/4242
f 1604/1536/4243 1607/1538/4244 1608/1539/4245
f 1609/1538/4246 1610/1539/4247 1604/1536/4246
f 1611/1539/4248 1604/1536/4249 1612/1538/4250
f 1613/1539/4251 1604/1536/4252 1614/1538/4253
f 1615/1536/4254 1616/1537/4255 1617/1538/4256
f 1615/1536/4257 1618/1537/4258 1619/1538/4259
f 1615/1536/4260 1620/1537/4260 1621/1538/4261
f 1615/1536/4262 1622/1537/4263 1623/1538/4264
f 1624/1538/4265 1625/1539/4266 1626/1536/4267
f 1627/1536/4268 1628/1537/4269 1617/1538/4270
f 1627/1536/4268 1617/1538/4270 1629/1539/4271
f 1630/1536/4272 1631/1537/4273 1619/1538/4274
f 1619/1538/4274 1632/1539/4275 1630/1536/4272
f 1633/1537/4276 1634/1539/4277 1635/1536/4278
f 1634/1539/4277 1633/1537/4276 1621/1538/4279
f 1636/1537/4280 1637/1539/4281 1638/1536/4282
f 1637/1539/4281 1636/1537/4280 1623/1538/4282
f 1639/1537/4283 1625/1539/4284 1640/1536/4285
f 1625/1539/4284 1639/1537/4283 1641/1538/4285
f 1642/1538/4286 1643/1539/4287 1644/1536/4287
f 1642/1538/4286 1644/1536/4287 1645/1537/4288
f 1646/1539/4289 1647/1537/4290 1648/1538/4291
f 1647/1537/4290 1646/1539/4289 1649/1536/4292
f 1650/1537/4293 1651/1539/4294 1652/1536/4295
f 1651/1539/4294 1650/1537/4293 1653/1538/4293
f 1654/1537/4296 1655/1539/4296 1656/1536/4296
f 1655/1539/4296 1654/1537/4296 1657/1538/4296
f 1658/1536/4297 1659/1537/4298 1660/1538/4298
f 1660/1538/4298 1661/1539/4298 1658/1536/4297
f 1662/1536/4299 1663/1537/4300 1664/1538/4301
f 1664/1538/4301 1665/1539/4300 1662/1536/4299
f 1666/1538/4302 1667/1539/4303 1668/1536/4303
f 1666/1538/4302 1668/1536/4303 1669/1537/4304
f 1670/1537/4305 1671/1539/4305 1672/1536/4306
f 1671/1539/4305 1670/1537/4305 1673/1538/4307
f 1674/1537/4308 1675/1539/4309 1676/1536/4310
f 1675/1539/4309 1674/1537/4308 1677/1538/4311
f 1678/1536/4312 1679/1537/4313 1680/1538/4314
f 1680/1538/4314 1681/1539/4315 1678/1536/4312
f 1682/1538/4316 1683/1539/4316 1684/1536/4317
f 1684/1536/4318 1685/1538/4319 1686/1539/4320
f 1687/1538/4321 1688/1539/4322 1684/1536/4323
f 1689/1539/4324 1684/1536/4324 1690/1538/4325
f 1691/1539/4326 1684/1536/4327 1692/1538/4328
f 1693/1536/4329 1694/1537/4330 1695/1538/4331
f 1693/1536/4332 1696/1537/4333 1697/1538/4333
f 1693/1536/4334 1698/1537/4335 1699/1538/4336
f 1693/1536/4337 1700/1537/4338 1701/1538/4339
f 1702/1538/4340 1703/1539/4341 1704/1536/4340
f 1705/1537/4342 1706/1539/4330 1707/1536/4343
f 1706/1539/4330 1705/1537/4342 1695/1538/4331
f 1708/1536/4344 1697/1538/4345 1709/1539/4346
f 1697/1538/4345 1708/1536/4344 1710/1537/4345
f 1711/1539/4347 1712/1537/4347 1699/1538/4348
f 1713/1536/4349 1712/1537/4347 1711/1539/4347
f 1714/1539/4350 1715/1537/4351 1701/1538/4352
f 1715/1537/4351 1714/1539/4350 1716/1536/4353
f 1717/1537/4354 1703/1539/4355 1718/1536/4354
f 1703/1539/4355 1717/1537/4354 1719/1538/4356
f 1720/1538/4357 1721/1539/4357 1722/1536/4358
f 1720/1538/4357 1722/1536/4358 1723/1537/4359
f 1724/1537/4360 1725/1539/4361 1726/1536/4362
f 1725/1539/4361 1724/1537/4360 1727/1538/4363
f 1728/1537/4364 1729/1539/4364 1730/1536/4364
f 1729/1539/4364 1728/1537/4364 1731/1538/4364
f 1732/1536/4365 1733/1537/4366 1734/1538/4367
f 1734/1538/4367 1735/1539/4368 1732/1536/4365
f 1736/1539/4369 1737/1537/4370 1738/1538/4371
f 1737/1537/4370 1736/1539/4369 1739/1536/4372
f 1740/1537/4373 1741/1539/4373 1742/1536/4374
f 1741/1539/4373 1740/1537/4373 1743/1538/4375
f 1744/1537/4376 1745/1539/4377 1746/1536/4378
f 1745/1539/4377 1744/1537/4376 1747/1538/4379
f 1748/1537/4380 1749/1539/4381 1750/1536/4381
f 1749/1539/4381 1748/1537/4380 1751/1538/4381
f 1752/1537/4382 1753/1538/4366 1754/1536/4383
f 1753/1538/4366 1755/1539/4365 1754/1536/4383
f 1756/1536/4384 1757/1537/4385 1758/1538/4386
f 1758/1538/4386 1759/1539/4384 1756/1536/4384
f 1760/1538/4387 1761/1539/4388 1762/1536/4389
f 1763/1538/4390 1764/1539/4391 1762/1536/4392
f 1762/1536/4393 1765/1538/4394 1766/1539/4395
f 1767/1539/4396 1762/1536/4397 1768/1538/4396
f 1769/1538/4398 1770/1539/4399 1762/1536/4400
# Vertices: 234, normals: 214, texture coordinates: 4, faces: 120

o obj23
v 0.31193362 -0.13757819 -0.42950046
v 0.28091647 -0.14952464 -0.434811
v 0.32705967 -0.14995752 -0.44948736
v 0.28101762 -0.14919607 -0.4166242
v 0.31266439 -0.14948058 -0.40401053
v 0.3366671 -0.14921572 -0.42175256
v 0.27112285 -0.15933931 -0.46360975
v 0.33963268 -0.15995535 -0.47037213
v 0.25474585 -0.1581456 -0.4057995
v 0.31905755 -0.15879263 -0.38221945
v 0.37397819 -0.15960101 -0.42350862
v 0.27112285 -0.15933931 -0.46360975
v 0.33042572 -0.12070089 -0.45893997
v 0.33963268 -0.15995535 -0.47037213
v 0.28040279 -0.11978802 -0.44912147
v 0.25474585 -0.1581456 -0.4057995
v 0.27379424 -0.12005764 -0.41294019
v 0.31905755 -0.15879263 -0.38221945
v 0.31408051 -0.12041224 -0.39303393
v 0.34790405 -0.11995656 -0.42065906
v 0.37397819 -0.15960101 -0.42350862
v 0.29788177 -0.080761 -0.44212794
v 0.32313429 -0.08007567 -0.44501027
v 0.29374833 -0.08058858 -0.42157996
v 0.31648673 -0.08042853 -0.41582416
v 0.32901242 -0.08073199 -0.42365921
v 0.30882656 -0.04125091 -0.41988049
v 0.3138949 -0.06859797 -0.429371
v 0.29071795 -0.08083335 -0.43333919
v 0.32519753 -0.08126623 -0.44430582
v 0.29079354 -0.08050477 -0.41974948
v 0.31444095 -0.08078927 -0.41032416
v 0.3323765 -0.08052441 -0.42358154
v 0.28339987 -0.08884904 -0.45485848
v 0.33459247 -0.08946509 -0.45991154
v 0.27116248 -0.08765534 -0.41166094
v 0.31921811 -0.08830236 -0.39404121
v 0.36025645 -0.08911075 -0.42489372
v 0.28339987 -0.08884904 -0.45485848
v 0.32771275 -0.05021063 -0.45136909
v 0.33459247 -0.08946509 -0.45991154
v 0.29033412 -0.04929776 -0.44403241
v 0.27116248 -0.08765534 -0.41166094
v 0.28539601 -0.04956738 -0.41699667
v 0.31921811 -0.08830236 -0.39404121
v 0.31549912 -0.04992197 -0.40212212
v 0.34077308 -0.0494663 -0.42276445
v 0.36025645 -0.08911075 -0.42489372
v 0.32226437 -0.00958541 -0.4409604
v 0.30339494 -0.01027075 -0.43880663
v 0.30030631 -0.01009832 -0.42345257
v 0.31729712 -0.00993829 -0.41915166
v 0.32665669 -0.01024172 -0.42500625
v 0.31402927 0.02923932 -0.42501127
v 0.31158606 0.0059277 -0.42899405
v 0.31537925 0.00099531 -0.43689031
v 0.32273892 0.00090714 -0.42897912
v 0.30102193 0.00097919 -0.43390159
v 0.29873904 0.00088662 -0.42401333
v 0.31477106 0.00090191 -0.42089091
v 0.31747943 -0.00377169 -0.44509371
v 0.33389177 -0.00386376 -0.42889646
v 0.29470138 -0.00385737 -0.43873382
v 0.29580505 -0.00385822 -0.41895745
v 0.31951764 -0.00379087 -0.41309493
v 0.33097624 0.01885182 -0.42899035
v 0.31747943 -0.00377169 -0.44509371
v 0.31702264 0.01887448 -0.4397548
v 0.33389177 -0.00386376 -0.42889646
v 0.30038471 0.01872201 -0.43556237
v 0.29470138 -0.00385737 -0.43873382
v 0.29580505 -0.00385822 -0.41895745
v 0.29972352 0.01892048 -0.42237815
v 0.31951764 -0.00379087 -0.41309493
v 0.31743014 0.0189746 -0.41842224
v 0.31965538 0.0413676 -0.42891919
v 0.31212123 0.04131776 -0.43439341
v 0.30320632 0.0414942 -0.43218882
v 0.3054034 0.04151764 -0.42559668
v 0.31314427 0.04131828 -0.42372711
v 0.31146364 0.06403113 -0.42899809
vn 0.18889 -0.61642 -0.76443
vn 0.18889 -0.61642 -0.76443
vn 0.18889 -0.61642 -0.76443
vn 0.35716 -0.01489 -0.93393
vn 0.35716 -0.01489 -0.93393
vn 0.35716 -0.01489 -0.93393
vn 0.15994 0.42141 -0.89266
vn 0.15172 0.41625 -0.8965
vn 0.15057 0.41552 -0.89703
vn -0.28516 0.3988 -0.87157
vn -0.46512 -0.18428 -0.86585
vn -0.46512 -0.18428 -0.86585
vn -0.46512 -0.18428 -0.86585
vn 0.06121 -0.37267 -0.92594
vn 0.06121 -0.37267 -0.92594
vn 0.06121 -0.37267 -0.92594
vn 0.41631 -0.10724 -0.90288
vn 0.41631 -0.10724 -0.90288
vn 0.41631 -0.10724 -0.90288
vn 0.41631 -0.10724 -0.90288
vn 0.1472 0.4134 -0.89857
vn 0.1472 0.4134 -0.89857
vn -0.25589 0.33377 -0.90726
vn -0.25589 0.33377 -0.90726
vn -0.29687 -0.18867 -0.9361
vn -0.29687 -0.18867 -0.9361
vn -0.29687 -0.18867 -0.9361
vn -0.12779 0.94211 0.30999
vn -0.12779 0.94211 0.30999
vn -0.90814 0.22555 0.3527
vn -0.90814 0.22555 0.3527
vn -0.90814 0.22555 0.3527
vn -0.36672 -0.88842 0.27609
vn -0.36672 -0.88842 0.27609
vn -0.36672 -0.88842 0.27609
vn -0.36672 -0.88842 0.27609
vn 0.58407 -0.75056 0.30906
vn 0.58407 -0.75056 0.30906
vn 0.76892 0.47355 0.42955
vn 0.76892 0.47355 0.42955
vn 0.76892 0.47355 0.42955
vn 0.76892 0.47355 0.42955
vn -0.15941 0.94962 0.26984
vn -0.15941 0.94962 0.26984
vn -0.15941 0.94962 0.26984
vn -0.89115 0.16802 0.42145
vn -0.89115 0.16802 0.42145
vn -0.89115 0.16802 0.42145
vn -0.89115 0.16802 0.42145
vn -0.33985 -0.8379 0.4271
vn -0.33985 -0.8379 0.4271
vn -0.33985 -0.8379 0.4271
vn -0.33985 -0.8379 0.4271
vn 0.56629 -0.74173 0.35937
vn 0.56629 -0.74173 0.35937
vn 0.56629 -0.74173 0.35937
vn 0.87724 0.34409 0.33475
vn 0.87724 0.34409 0.33475
vn 0.87724 0.34409 0.33475
vn -0.11116 0.85248 0.51081
vn -0.11116 0.85248 0.51081
vn -0.11116 0.85248 0.51081
vn -0.91456 0.18698 0.35863
vn -0.91456 0.18698 0.35863
vn -0.91456 0.18698 0.35863
vn -0.2454 -0.96801 0.05224
vn -0.2454 -0.96801 0.05224
vn -0.2454 -0.96801 0.05224
vn 0.52409 -0.83055 0.18846
vn 0.52409 -0.83055 0.18846
vn 0.52409 -0.83055 0.18846
vn 0.85928 0.22241 0.46062
vn 0.85928 0.22241 0.46062
vn 0.22171 -0.72289 -0.65442
vn 0.22171 -0.72289 -0.65442
vn 0.22171 -0.72289 -0.65442
vn 0.46425 -0.01883 -0.88551
vn 0.46425 -0.01883 -0.88551
vn 0.20218 0.53207 -0.82221
vn 0.20218 0.53207 -0.82221
vn 0.20218 0.53207 -0.82221
vn -0.35541 0.49665 -0.79185
vn -0.35541 0.49665 -0.79185
vn -0.35541 0.49665 -0.79185
vn -0.57736 -0.22806 -0.78399
vn -0.57736 -0.22806 -0.78399
vn -0.57736 -0.22806 -0.78399
vn 0.06407 -0.40243 -0.91321
vn 0.06407 -0.40243 -0.91321
vn 0.06407 -0.40243 -0.91321
vn 0.44152 -0.1184 -0.8894
vn 0.44152 -0.1184 -0.8894
vn 0.44152 -0.1184 -0.8894
vn 0.154 0.43879 -0.88529
vn 0.154 0.43879 -0.88529
vn 0.154 0.43879 -0.88529
vn 0.154 0.43879 -0.88529
vn -0.27581 0.35776 -0.89215
vn -0.27581 0.35776 -0.89215
vn -0.27581 0.35776 -0.89215
vn -0.32171 -0.20771 -0.92377
vn -0.32171 -0.20771 -0.92377
vn -0.13059 0.96276 0.23671
vn -0.13059 0.96276 0.23671
vn -0.13059 0.96276 0.23671
vn -0.93417 0.23202 0.2711
vn -0.93417 0.23202 0.2711
vn -0.93417 0.23202 0.2711
vn -0.93417 0.23202 0.2711
vn -0.37305 -0.90377 0.20986
vn -0.37305 -0.90377 0.20986
vn -0.37305 -0.90377 0.20986
vn 0.5968 -0.76691 0.23597
vn 0.5968 -0.76691 0.23597
vn 0.5968 -0.76691 0.23597
vn 0.8023 0.49411 0.33491
vn 0.8023 0.49411 0.33491
vn 0.8023 0.49411 0.33491
vn 0.8023 0.49411 0.33491
vn -0.16204 0.96527 0.20495
vn -0.16204 0.96527 0.20495
vn -0.16204 0.96527 0.20495
vn -0.16204 0.96527 0.20495
vn -0.92831 0.17503 0.32805
vn -0.92831 0.17503 0.32805
vn -0.35443 -0.87384 0.33283
vn -0.35443 -0.87384 0.33283
vn -0.35443 -0.87384 0.33283
vn 0.58317 -0.76383 0.27653
vn 0.58317 -0.76383 0.27653
vn 0.58317 -0.76383 0.27653
vn 0.89979 0.35293 0.25656
vn 0.89979 0.35293 0.25656
vn 0.89979 0.35293 0.25656
vn -0.11873 0.92705 0.35565
vn -0.11873 0.92705 0.35565
vn -0.92923 0.19048 0.31662
vn -0.92923 0.19048 0.31662
vn -0.92923 0.19048 0.31662
vn -0.24461 -0.96173 0.12344
vn -0.24461 -0.96173 0.12344
vn -0.24461 -0.96173 0.12344
vn 0.52665 -0.83321 0.16855
vn 0.52665 -0.83321 0.16855
vn 0.52665 -0.83321 0.16855
vn 0.92411 0.24226 0.29553
vn 0.92411 0.24226 0.29553
vn 0.92411 0.24226 0.29553
vn -0.3851 -0.34873 -0.85445
vn -0.38332 -0.36231 -0.84959
vn -0.38304 -0.36436 -0.84883
vn 0.11884 -0.56647 -0.81547
vn 0.11884 -0.56647 -0.81547
vn 0.11884 -0.56647 -0.81547
vn 0.39137 -0.08177 -0.91659
vn 0.39137 -0.08177 -0.91659
vn 0.39137 -0.08177 -0.91659
vn 0.10878 0.55448 -0.82506
vn 0.10878 0.55448 -0.82506
vn -0.38011 0.375 -0.84551
vn -0.38011 0.375 -0.84551
vn -0.38011 0.375 -0.84551
vn -0.38219 -0.37053 -0.84654
vn -0.38219 -0.37053 -0.84654
vn 0.14241 -0.55679 -0.81836
vn 0.14241 -0.55679 -0.81835
vn 0.14241 -0.55679 -0.81835
vn 0.14241 -0.55679 -0.81836
vn 0.71933 -0.02641 -0.69417
vn 0.71933 -0.02641 -0.69417
vn 0.71933 -0.02641 -0.69417
vn 0.13701 0.59879 -0.7891
vn 0.13701 0.59879 -0.7891
vn 0.13701 0.59879 -0.7891
vn 0.13701 0.59879 -0.7891
vn -0.35628 0.33072 -0.87389
vn -0.35628 0.33072 -0.87389
vn -0.35628 0.33072 -0.87389
vn -0.35628 0.33072 -0.87389
vn 0.65819 0.74072 0.13458
vn 0.65819 0.74072 0.13458
vn 0.65819 0.74072 0.13458
vn -0.25417 0.94472 0.20715
vn -0.25417 0.94472 0.20715
vn -0.25417 0.94472 0.20715
vn -0.25417 0.94472 0.20715
vn -0.97824 -0.01189 0.20715
vn -0.97824 -0.01189 0.20715
vn -0.97824 -0.01189 0.20715
vn -0.97824 -0.01189 0.20715
vn -0.223 -0.95599 0.19067
vn -0.22688 -0.95471 0.1925
vn -0.22303 -0.95598 0.19068
vn -0.22688 -0.95471 0.1925
vn 0.67837 -0.71707 0.16009
vn 0.67837 -0.71707 0.16009
vn 0.575 0.76137 0.29947
vn 0.575 0.76137 0.29947
vn -0.23901 0.95538 0.17357
vn -0.23901 0.95538 0.17357
vn -0.23901 0.95538 0.17357
vn -0.23901 0.95538 0.17357
vn -0.98024 -0.07407 0.18343
vn -0.98024 -0.07407 0.18343
vn -0.98024 -0.07407 0.18343
vn -0.21813 -0.95757 0.18838
vn -0.21813 -0.95757 0.18838
vn 0.59132 -0.75118 0.29336
vn 0.59132 -0.75118 0.29336
vn 0.59132 -0.75118 0.29336
vn 0.57445 0.79248 0.20488
vn 0.57445 0.79248 0.20488
vn -0.13424 0.79841 0.58696
vn -0.23018 0.94828 0.21859
vn -0.23018 0.94828 0.21859
vn -0.23018 0.94828 0.21859
vn -0.90822 -0.30167 0.29005
vn -0.90822 -0.30167 0.29005
vn -0.22483 -0.95271 0.20446
vn -0.22483 -0.95271 0.20446
vn -0.22483 -0.95271 0.20446
vn 0.60688 -0.76316 0.22201
vn 0.60688 -0.76316 0.22201
vn 0.60688 -0.76316 0.22201
vt 0.72298 0.22819
vt 0.80538 0.12263
vt 0.61742 0.21003
vt 0.85773 0.18022
vt 0.79451 0.31163
vt 0.66746 0.3252
vt 0.75284 0.00432
vt 0.51729 0.18144
vt 0.9719 0.139
vt 0.83746 0.3996
vt 0.54475 0.42856
vt 0.19788 0.481
vt 0.50042 0.60487
vt 0.5708 0.57744
vt 0.21872 0.55986
vt 0.0005 0.75208
vt 0.11432 0.7369
vt 0.29293 0.9995
vt 0.28761 0.91878
vt 0.5185 0.83882
vt 0.66097 0.88893
vt 0.29707 0.61539
vt 0.43528 0.64855
vt 0.23578 0.71508
vt 0.34415 0.78888
vt 0.42504 0.772
vt 0.31172 0.73813
vt 0.80914 0.83258
vt 0.87417 0.75551
vt 0.72993 0.81655
vt 0.91218 0.80036
vt 0.86097 0.89793
vt 0.76467 0.9048
vt 0.83765 0.66497
vt 0.65511 0.79251
vt 0.9995 0.7724
vt 0.8911 0.96564
vt 0.66931 0.97981
vt 0.19549 0.00383
vt 0.43367 0.13597
vt 0.49723 0.12527
vt 0.20268 0.06749
vt 0.0005 0.20916
vt 0.0959 0.20438
vt 0.21832 0.44825
vt 0.22111 0.37559
vt 0.42318 0.33373
vt 0.53862 0.39586
vt 0.37267 0.16068
vt 0.2606 0.11794
vt 0.19836 0.19472
vt 0.28102 0.2683
vt 0.35061 0.26301
vt 0.27985 0.20903
vt 0.68556 0.67783
vt 0.72295 0.68474
vt 0.71321 0.63906
vt 0.6767 0.72815
vt 0.63601 0.7117
vt 0.66477 0.64719
vt 0.75722 0.69839
vt 0.74061 0.6001
vt 0.67812 0.76325
vt 0.61081 0.71025
vt 0.64894 0.61175
vt 0.92023 0.41873
vt 0.78412 0.47726
vt 0.81704 0.48087
vt 0.92804 0.41293
vt 0.8026 0.59708
vt 0.76831 0.63781
vt 0.89718 0.67958
vt 0.88506 0.63369
vt 0.99326 0.54325
vt 0.95411 0.53085
vt 0.89267 0.47848
vt 0.8391 0.51291
vt 0.8311 0.57493
vt 0.87859 0.57721
vt 0.90967 0.53271
vt 0.87189 0.5179
usemtl mat3
f 1771/1540/4401 1772/1541/4402 1773/1542/4403
f 1771/1540/4404 1774/1543/4405 1772/1541/4406
f 1771/1540/4407 1775/1544/4408 1774/1543/4409
f 1771/1540/4410 1776/1545/4410 1775/1544/4410
f 1771/1540/4411 1773/1542/4412 1776/1545/4413
f 1773/1542/4414 1772/1541/4415 1777/1546/4416
f 1773/1542/4414 1777/1546/4416 1778/1547/4414
f 1779/1548/4417 1772/1541/4418 1774/1543/4419
f 1779/1548/4417 1777/1546/4420 1772/1541/4418
f 1780/1549/4421 1779/1548/4422 1774/1543/4409
f 1780/1549/4421 1774/1543/4409 1775/1544/4408
f 1776/1545/4423 1780/1549/4424 1775/1544/4423
f 1780/1549/4424 1776/1545/4423 1781/1550/4424
f 1781/1550/4425 1773/1542/4426 1778/1547/4425
f 1773/1542/4426 1781/1550/4425 1776/1545/4427
f 1782/1551/4428 1783/1552/4428 1784/1553/4428
f 1783/1552/4428 1782/1551/4428 1785/1554/4429
f 1786/1555/4430 1785/1554/4431 1782/1551/4432
f 1785/1554/4431 1786/1555/4430 1787/1556/4430
f 1787/1556/4433 1788/1557/4434 1789/1558/4435
f 1788/1557/4434 1787/1556/4433 1786/1555/4436
f 1790/1559/4437 1789/1558/4437 1788/1557/4437
f 1788/1557/4437 1791/1560/4438 1790/1559/4437
f 1783/1552/4439 1790/1559/4440 1791/1560/4441
f 1791/1560/4441 1784/1553/4442 1783/1552/4439
f 1783/1552/4443 1785/1554/4444 1792/1561/4445
f 1783/1552/4443 1792/1561/4445 1793/1562/4444
f 1785/1554/4446 1787/1556/4447 1794/1563/4448
f 1785/1554/4446 1794/1563/4448 1792/1561/4449
f 1794/1563/4450 1789/1558/4451 1795/1564/4452
f 1789/1558/4451 1794/1563/4450 1787/1556/4453
f 1795/1564/4454 1789/1558/4455 1796/1565/4456
f 1789/1558/4455 1790/1559/4455 1796/1565/4456
f 1796/1565/4457 1790/1559/4458 1793/1562/4457
f 1790/1559/4458 1783/1552/4459 1793/1562/4457
f 1793/1562/4460 1792/1561/4461 1797/1566/4462
f 1792/1561/4463 1794/1563/4464 1797/1566/4465
f 1794/1563/4466 1795/1564/4467 1797/1566/4468
f 1795/1564/4469 1796/1565/4470 1797/1566/4471
f 1796/1565/4472 1793/1562/4473 1797/1566/4473
f 1798/1567/4474 1799/1568/4475 1800/1569/4476
f 1798/1567/4477 1801/1570/4478 1799/1568/4478
f 1798/1567/4479 1802/1571/4480 1801/1570/4481
f 1798/1567/4482 1803/1572/4483 1802/1571/4484
f 1798/1567/4485 1800/1569/4486 1803/1572/4487
f 1800/1569/4488 1799/1568/4489 1804/1573/4490
f 1800/1569/4488 1804/1573/4490 1805/1574/4490
f 1806/1575/4491 1799/1568/4492 1801/1570/4493
f 1806/1575/4491 1804/1573/4491 1799/1568/4492
f 1807/1576/4494 1806/1575/4495 1801/1570/4496
f 1807/1576/4494 1801/1570/4496 1802/1571/4497
f 1803/1572/4498 1807/1576/4499 1802/1571/4500
f 1807/1576/4499 1803/1572/4498 1808/1577/4500
f 1808/1577/4501 1800/1569/4501 1805/1574/4501
f 1800/1569/4501 1808/1577/4501 1803/1572/4502
f 1809/1578/4503 1810/1579/4504 1811/1580/4505
f 1810/1579/4504 1809/1578/4503 1812/1581/4504
f 1812/1581/4506 1813/1582/4507 1814/1583/4508
f 1813/1582/4507 1812/1581/4506 1809/1578/4509
f 1814/1583/4510 1815/1584/4511 1816/1585/4512
f 1815/1584/4511 1814/1583/4510 1813/1582/4512
f 1816/1585/4513 1815/1584/4514 1817/1586/4514
f 1815/1584/4514 1818/1587/4515 1817/1586/4514
f 1810/1579/4516 1817/1586/4517 1818/1587/4518
f 1818/1587/4518 1811/1580/4519 1810/1579/4516
f 1819/1588/4520 1810/1579/4521 1820/1589/4522
f 1810/1579/4521 1812/1581/4523 1820/1589/4522
f 1820/1589/4524 1812/1581/4524 1821/1590/4524
f 1812/1581/4524 1814/1583/4525 1821/1590/4524
f 1821/1590/4526 1816/1585/4527 1822/1591/4528
f 1816/1585/4527 1821/1590/4526 1814/1583/4528
f 1822/1591/4529 1816/1585/4530 1823/1592/4531
f 1816/1585/4530 1817/1586/4530 1823/1592/4531
f 1823/1592/4532 1817/1586/4533 1819/1588/4534
f 1817/1586/4533 1810/1579/4532 1819/1588/4534
f 1819/1588/4535 1820/1589/4535 1824/1593/4536
f 1820/1589/4537 1821/1590/4538 1824/1593/4539
f 1821/1590/4540 1822/1591/4541 1824/1593/4542
f 1822/1591/4543 1823/1592/4544 1824/1593/4545
f 1823/1592/4546 1819/1588/4547 1824/1593/4548
f 1825/1594/4549 1826/1595/4550 1827/1596/4551
f 1825/1594/4552 1828/1597/4553 1826/1595/4554
f 1825/1594/4555 1829/1598/4556 1828/1597/4557
f 1825/1594/4558 1830/1599/4559 1829/1598/4559
f 1825/1594/4560 1827/1596/4561 1830/1599/4562
f 1831/1600/4563 1832/1601/4564 1827/1596/4551
f 1831/1600/4563 1827/1596/4551 1826/1595/4550
f 1828/1597/4565 1831/1600/4566 1826/1595/4567
f 1831/1600/4566 1828/1597/4565 1833/1602/4568
f 1829/1598/4569 1833/1602/4569 1828/1597/4570
f 1833/1602/4569 1829/1598/4569 1834/1603/4571
f 1834/1603/4572 1830/1599/4573 1835/1604/4574
f 1830/1599/4573 1834/1603/4572 1829/1598/4575
f 1827/1596/4576 1835/1604/4577 1830/1599/4578
f 1835/1604/4577 1827/1596/4576 1832/1601/4579
f 1836/1605/4580 1837/1606/4581 1838/1607/4582
f 1837/1606/4581 1836/1605/4580 1839/1608/4582
f 1840/1609/4583 1838/1607/4584 1837/1606/4585
f 1837/1606/4585 1841/1610/4586 1840/1609/4583
f 1842/1611/4587 1840/1609/4588 1841/1610/4589
f 1840/1609/4588 1842/1611/4587 1843/1612/4590
f 1843/1612/4591 1844/1613/4592 1845/1614/4593
f 1844/1613/4592 1843/1612/4591 1842/1611/4594
f 1845/1614/4595 1844/1613/4596 1836/1605/4595
f 1844/1613/4596 1839/1608/4596 1836/1605/4595
f 1846/1615/4597 1838/1607/4598 1847/1616/4597
f 1838/1607/4598 1846/1615/4597 1836/1605/4597
f 1840/1609/4599 1847/1616/4600 1838/1607/4601
f 1847/1616/4600 1840/1609/4599 1848/1617/4602
f 1848/1617/4603 1843/1612/4604 1849/1618/4603
f 1843/1612/4604 1848/1617/4603 1840/1609/4605
f 1849/1618/4606 1845/1614/4593 1850/1619/4607
f 1845/1614/4593 1849/1618/4606 1843/1612/4591
f 1850/1619/4608 1845/1614/4609 1846/1615/4608
f 1845/1614/4609 1836/1605/4610 1846/1615/4608
f 1846/1615/4611 1847/1616/4612 1851/1620/4613
f 1847/1616/4614 1848/1617/4615 1851/1620/4616
f 1848/1617/4617 1849/1618/4618 1851/1620/4613
f 1849/1618/4619 1850/1619/4620 1851/1620/4621
f 1850/1619/4622 1846/1615/4623 1851/1620/4624
# Vertices: 81, normals: 224, texture coordinates: 81, faces: 120

o obj24
v -0.18109024 -0.12580174 0.09131603
v -0.17644209 -0.12828537 0.10124568
v -0.18886843 -0.12832976 0.09906665
v -0.16989342 -0.12797472 0.08870236
v -0.176744 -0.1283401 0.07777458
v -0.19078744 -0.1283324 0.0860535
v -0.17547637 -0.12849085 0.11184719
v -0.19616039 -0.13235752 0.10651598
v -0.16363274 -0.13039855 0.08949813
v -0.1793684 -0.1307293 0.071065
v -0.20032709 -0.12817202 0.0820199
v -0.19459272 -0.11929399 0.10481169
v -0.17547637 -0.12849085 0.11184719
v -0.17494203 -0.11928257 0.10503394
v -0.19616039 -0.13235752 0.10651598
v -0.17494203 -0.11928257 0.10503394
v -0.16363274 -0.13039855 0.08949813
v -0.16722898 -0.11935934 0.08958097
v -0.17547637 -0.12849085 0.11184719
v -0.17893878 -0.11925941 0.07695055
v -0.1793684 -0.1307293 0.071065
v -0.19491742 -0.11923216 0.08562592
v -0.20032709 -0.12817202 0.0820199
v -0.18677705 -0.10795647 0.09686464
v -0.17647877 -0.10798157 0.09667266
v -0.17647877 -0.10798157 0.09667266
v -0.17230739 -0.10789272 0.08843126
v -0.17992204 -0.10788092 0.08387573
v -0.18703685 -0.1079813 0.08753902
v -0.18100128 -0.09654456 0.09123453
v -0.1810049 -0.1021815 0.09166046
v -0.18127738 -0.10466791 0.08459911
v -0.17444782 -0.10475801 0.09338269
v -0.18644662 -0.10459952 0.08600747
v -0.18821605 -0.10465874 0.09376077
v -0.18178731 -0.10460361 0.09755914
v -0.17364585 -0.10671063 0.08030158
v -0.16723919 -0.10882072 0.09423311
v -0.1910375 -0.10646219 0.08119474
v -0.19399027 -0.10953501 0.09662636
v -0.17914211 -0.1067651 0.10543241
v -0.17723486 -0.09847885 0.08339777
v -0.17156452 -0.09866884 0.09338435
v -0.16723919 -0.10882072 0.09423311
v -0.17364585 -0.10671063 0.08030158
v -0.1910375 -0.10646219 0.08119474
v -0.18791027 -0.09853496 0.08473818
v -0.19399027 -0.10953501 0.09662636
v -0.19125801 -0.09860877 0.09490159
v -0.17914211 -0.1067651 0.10543241
v -0.19125801 -0.09860877 0.09490159
v -0.19399027 -0.10953501 0.09662636
v -0.1814523 -0.09851392 0.10005402
v -0.17821978 -0.09035618 0.08768207
v -0.1759475 -0.09021355 0.09288164
v -0.1843044 -0.09032029 0.0883617
v -0.18463468 -0.09028698 0.09368033
v -0.18463468 -0.09028698 0.09368033
v -0.18168494 -0.09035014 0.09577103
v -0.18392093 -0.08213298 0.09172714
v -0.18392093 -0.08213298 0.09172714
v -0.18392093 -0.08213298 0.09172714
v -0.18392093 -0.08213298 0.09172714
v -0.18392093 -0.08213298 0.09172714
v -0.18131274 -0.15497937 0.09219698
v -0.16679153 -0.16011465 0.10155176
v -0.19395457 -0.16029633 0.10291179
v -0.16236401 -0.15997675 0.08922662
v -0.17540788 -0.16009616 0.07481312
v -0.19202689 -0.15998499 0.0823601
v -0.1688185 -0.15845204 0.12309761
v -0.20551463 -0.16373747 0.11470837
v -0.14629065 -0.1629779 0.08678182
v -0.1767057 -0.16830696 0.05958152
v -0.21150051 -0.16358875 0.07661796
v -0.19800043 -0.14726205 0.1086828
v -0.1688185 -0.15845204 0.12309761
v -0.17005385 -0.14687891 0.11133056
v -0.20551463 -0.16373747 0.11470837
v -0.14629065 -0.1629779 0.08678182
v -0.15777035 -0.14699207 0.0880755
v -0.1767057 -0.16830696 0.05958152
v -0.17342719 -0.1471409 0.06712261
v -0.19749218 -0.14694965 0.07953294
v -0.17342719 -0.1471409 0.06712261
v -0.1767057 -0.16830696 0.05958152
v -0.21150051 -0.16358875 0.07661796
v -0.17725157 -0.13049895 0.10335162
v -0.19084867 -0.13021132 0.10061143
v -0.17008146 -0.13042658 0.09021532
v -0.18026808 -0.13035941 0.082097
v -0.18859002 -0.13048677 0.08507209
v -0.18026808 -0.13035941 0.082097
v -0.17735784 -0.11391625 0.08626462
v -0.17735784 -0.11391625 0.08626462
v -0.17735784 -0.11391625 0.08626462
v -0.17735784 -0.11391625 0.08626462
v -0.17735784 -0.11391625 0.08626462
vn 0.04977 0.26421 -0.96318
vn 0.11826 0.2058 -0.97142
vn 0.12176 0.20274 -0.97163
vn -0.21977 0.13865 -0.96565
vn -0.21977 0.13865 -0.96565
vn -0.21977 0.13865 -0.96565
vn -0.15897 -0.13237 -0.97837
vn -0.15897 -0.13237 -0.97837
vn -0.15897 -0.13237 -0.97837
vn 0.131 -0.22311 -0.96595
vn 0.131 -0.22311 -0.96595
vn 0.131 -0.22311 -0.96595
vn 0.27258 0.04 -0.9613
vn 0.27258 0.04 -0.9613
vn 0.15435 0.17399 -0.97258
vn -0.23093 0.07733 -0.96989
vn -0.23093 0.07733 -0.96989
vn -0.23093 0.07733 -0.96989
vn -0.23093 0.07733 -0.96989
vn -0.46 -0.37296 -0.80579
vn -0.46 -0.37296 -0.80579
vn 0.0247 -0.17618 -0.98405
vn 0.0247 -0.17618 -0.98405
vn 0.0247 -0.17618 -0.98405
vn 0.0247 -0.17618 -0.98405
vn 0.19469 0.13985 -0.97084
vn 0.19469 0.13985 -0.97084
vn -0.16137 -0.91661 0.36577
vn -0.16137 -0.91661 0.36577
vn -0.16137 -0.91661 0.36577
vn 0.86016 -0.43066 0.27323
vn 0.86016 -0.43066 0.27323
vn 0.86016 -0.43066 0.27323
vn 0.72043 0.63853 0.27066
vn 0.72043 0.63853 0.27066
vn 0.72043 0.63853 0.27066
vn -0.40075 0.79059 0.463
vn -0.40219 0.7907 0.46156
vn -0.38605 0.78928 0.4775
vn -0.38605 0.78928 0.4775
vn -0.94874 -0.12575 0.28998
vn -0.00055 -0.81132 0.58461
vn -0.00055 -0.81132 0.58461
vn 0.81595 -0.40947 0.40812
vn 0.81595 -0.40946 0.40812
vn 0.81595 -0.40946 0.40812
vn 0.62532 0.7009 0.34311
vn 0.62532 0.7009 0.34311
vn -0.42455 0.792 0.43873
vn -0.42455 0.792 0.43873
vn -0.81887 -0.01753 0.5737
vn -0.81887 -0.01753 0.5737
vn -0.81887 -0.01753 0.5737
vn 0.01784 -0.90021 0.43509
vn 0.01784 -0.90021 0.43509
vn 0.01784 -0.90021 0.43509
vn 0.77336 -0.39677 0.49446
vn 0.77336 -0.39677 0.49446
vn 0.77336 -0.39677 0.49446
vn 0.43971 0.73364 0.51809
vn 0.43971 0.73364 0.51809
vn -0.40953 0.78253 0.46898
vn -0.40953 0.78253 0.46898
vn -0.88727 -0.02349 0.46065
vn -0.88727 -0.02349 0.46065
vn -0.88727 -0.02349 0.46065
vn -0.41773 -0.31606 -0.85183
vn -0.41773 -0.31606 -0.85183
vn -0.41773 -0.31606 -0.85183
vn 0.07704 -0.32849 -0.94136
vn 0.07704 -0.32849 -0.94136
vn 0.07704 -0.32849 -0.94136
vn 0.34251 -0.07101 -0.93683
vn 0.47927 -0.02293 -0.87737
vn 0.48254 -0.02171 -0.8756
vn 0.21277 0.34686 -0.91346
vn 0.21277 0.34686 -0.91346
vn 0.21277 0.34686 -0.91346
vn -0.24389 0.39588 -0.88532
vn -0.24389 0.39588 -0.88532
vn -0.24389 0.39588 -0.88532
vn -0.35456 -0.11674 -0.92772
vn -0.35456 -0.11674 -0.92772
vn -0.35456 -0.11674 -0.92772
vn -0.35456 -0.11674 -0.92772
vn 0.02813 -0.40176 -0.91531
vn 0.02813 -0.40176 -0.91531
vn 0.02813 -0.40176 -0.91531
vn 0.02813 -0.40176 -0.91531
vn 0.54536 0.00215 -0.8382
vn 0.54536 0.00215 -0.8382
vn 0.36597 0.43316 -0.82367
vn 0.36597 0.43316 -0.82367
vn -0.32545 0.27736 -0.90397
vn -0.32545 0.27736 -0.90397
vn -0.32545 0.27736 -0.90397
vn 0.83143 0.38092 0.40451
vn 0.83143 0.38092 0.40451
vn 0.83143 0.38092 0.40451
vn -0.07089 0.92334 0.37737
vn -0.07089 0.92334 0.37737
vn -0.07089 0.92334 0.37737
vn -0.93188 0.19152 0.30809
vn -0.93188 0.19152 0.30809
vn -0.93188 0.19152 0.30809
vn -0.93188 0.19152 0.30809
vn -0.49535 -0.81101 0.31129
vn -0.49535 -0.81101 0.31129
vn -0.49535 -0.81101 0.31129
vn 0.59524 -0.67123 0.44175
vn 0.59524 -0.67123 0.44175
vn 0.59524 -0.67123 0.44175
vn 0.8253 0.43051 0.36543
vn 0.8253 0.43051 0.36543
vn 0.8253 0.43051 0.36543
vn -0.10757 0.888 0.44708
vn -0.10757 0.888 0.44708
vn -0.10757 0.888 0.44708
vn -0.82148 0.19375 0.53631
vn -0.82148 0.19375 0.53631
vn -0.44564 -0.78289 0.43415
vn -0.44564 -0.78289 0.43415
vn -0.44564 -0.78289 0.43415
vn 0.4864 -0.79438 0.36384
vn 0.4864 -0.79438 0.36384
vn 0.4864 -0.79438 0.36384
vn 0.6965 0.32197 0.64127
vn 0.6965 0.32197 0.64127
vn -0.10035 0.91858 0.38229
vn -0.10035 0.91858 0.38229
vn -0.10035 0.91858 0.38229
vn -0.99544 0.06227 0.07222
vn -0.99544 0.06227 0.07222
vn -0.99544 0.06227 0.07222
vn -0.55806 -0.79458 0.23918
vn -0.55806 -0.79458 0.23918
vn -0.55806 -0.79458 0.23918
vn 0.38284 -0.78335 0.48968
vn 0.38284 -0.78335 0.48968
vn 0.38284 -0.78335 0.48968
vn -0.01713 0.46058 -0.88745
vn -0.01713 0.46058 -0.88745
vn -0.01713 0.46058 -0.88745
vn -0.26925 0.10743 -0.95706
vn -0.26925 0.10743 -0.95706
vn -0.21917 -0.20625 -0.95364
vn -0.21917 -0.20625 -0.95364
vn -0.21917 -0.20625 -0.95364
vn 0.1405 -0.32318 -0.93585
vn 0.1405 -0.32318 -0.93585
vn 0.1405 -0.32318 -0.93585
vn 0.40489 -0.02413 -0.91405
vn 0.40489 -0.02413 -0.91405
vn 0.40489 -0.02413 -0.91405
vn 0.08721 0.01759 -0.99603
vn 0.08721 0.01759 -0.99603
vn 0.08721 0.01759 -0.99603
vn 0.08721 0.01759 -0.99603
vn -0.12332 -0.02116 -0.99214
vn -0.12332 -0.02116 -0.99214
vn -0.12332 -0.02116 -0.99214
vn -0.12332 -0.02116 -0.99214
vn -0.24039 -0.36862 -0.89796
vn -0.24039 -0.36862 -0.89796
vn -0.24039 -0.36862 -0.89796
vn 0.1081 -0.40449 -0.90813
vn 0.1081 -0.40449 -0.90813
vn 0.1081 -0.40449 -0.90813
vn 0.1081 -0.40449 -0.90813
vn 0.21711 0.02268 -0.97588
vn 0.21711 0.02268 -0.97588
vn 0.21711 0.02268 -0.97588
vn -0.18704 -0.81005 0.55573
vn -0.18704 -0.81005 0.55573
vn -0.18704 -0.81005 0.55573
vn 0.76152 -0.40564 0.50551
vn 0.76152 -0.40564 0.50551
vn 0.76152 -0.40564 0.50551
vn 0.66954 0.67569 0.30848
vn 0.66954 0.67569 0.30848
vn 0.66954 0.67569 0.30848
vn 0.66954 0.67569 0.30848
vn -0.38198 0.83095 0.40449
vn -0.38198 0.83095 0.40449
vn -0.38198 0.83095 0.40449
vn -0.38198 0.83095 0.40449
vn -0.83322 -0.07164 0.54828
vn -0.83322 -0.07164 0.54828
vn -0.83322 -0.07164 0.54828
vn -0.83322 -0.07164 0.54828
vn -0.11711 -0.89535 0.4297
vn -0.11711 -0.89535 0.4297
vn -0.11711 -0.89535 0.4297
vn 0.75451 -0.40276 0.51817
vn 0.75451 -0.40276 0.51817
vn 0.75451 -0.40276 0.51817
vn 0.59126 0.52732 0.6102
vn 0.59126 0.52732 0.6102
vn -0.36969 0.78031 0.50442
vn -0.36969 0.78031 0.50442
vn -0.9021 0.0555 0.42794
vn -0.9021 0.0555 0.42794
vn -0.9021 0.0555 0.42794
vn -0.9021 0.0555 0.42794
vn -0.12429 -0.69144 0.71167
vn -0.12429 -0.69144 0.71167
vn 0.78359 -0.43017 0.44827
vn 0.78359 -0.43017 0.44827
vn 0.78359 -0.43017 0.44827
vn 0.62121 0.77875 0.08743
vn 0.62121 0.77875 0.08743
vn -0.32644 0.90088 0.28611
vn -0.32644 0.90088 0.28611
vn -0.32644 0.90088 0.28611
vn -0.81655 0.12866 0.56275
vn -0.81655 0.12866 0.56275
vt 0.51649 0.54442
vt 0.58093 0.57209
vt 0.56336 0.49412
vt 0.50327 0.61715
vt 0.43183 0.57725
vt 0.48016 0.48588
vt 0.64853 0.57513
vt 0.60846 0.44772
vt 0.51021 0.65774
vt 0.38844 0.56384
vt 0.45169 0.42663
vt 0.92475 0.88303
vt 0.99186 0.99488
vt 0.99186 0.88303
vt 0.92475 0.99488
vt 0.65631 0.88303
vt 0.72342 0.99488
vt 0.72342 0.88303
vt 0.65631 0.99488
vt 0.79053 0.88303
vt 0.79053 0.99488
vt 0.85764 0.88303
vt 0.85764 0.99488
vt 0.92475 0.77118
vt 0.99186 0.77118
vt 0.65631 0.77118
vt 0.72342 0.77118
vt 0.79053 0.77118
vt 0.85764 0.77118
vt 0.84086 0.65933
vt 0.12478 0.32216
vt 0.16199 0.29584
vt 0.08882 0.29736
vt 0.1762 0.32792
vt 0.14391 0.36895
vt 0.09787 0.35186
vt 0.15235 0.24043
vt 0.05462 0.2665
vt 0.21981 0.33251
vt 0.15317 0.41297
vt 0.04668 0.37212
vt 0.17849 0.87278
vt 0.25378 0.87023
vt 0.25705 0.7965
vt 0.1826 0.81138
vt 0.09313 0.8162
vt 0.1091 0.87596
vt 0.00512 0.82865
vt 0.04961 0.89766
vt 0.33915 0.81295
vt 0.39144 0.90297
vt 0.43367 0.83251
vt 0.32958 0.87908
vt 0.18957 0.93058
vt 0.24835 0.92972
vt 0.13395 0.93722
vt 0.09934 0.95171
vt 0.33147 0.94798
vt 0.30554 0.93787
vt 0.19285 0.99861
vt 0.15421 0.99659
vt 0.14069 0.99576
vt 0.28207 0.99834
vt 0.24331 0.9995
vt 0.21367 0.58881
vt 0.3196 0.56202
vt 0.15573 0.50487
vt 0.32431 0.64485
vt 0.21824 0.70904
vt 0.13019 0.63307
vt 0.34634 0.42609
vt 0.10638 0.41488
vt 0.41829 0.69099
vt 0.18261 0.80553
vt 0.0005 0.63558
vt 0.59693 0.13089
vt 0.43382 0.04372
vt 0.42183 0.13835
vt 0.60585 0.00771
vt 0.22174 0.01705
vt 0.25798 0.14441
vt 0.00512 0.0804
vt 0.11724 0.20311
vt 0.77414 0.15368
vt 0.9191 0.22087
vt 0.9995 0.07569
vt 0.796 0.0102
vt 0.44817 0.25823
vt 0.58354 0.25493
vt 0.3185 0.27596
vt 0.23775 0.31504
vt 0.71543 0.27793
vt 0.77412 0.30562
vt 0.45417 0.40584
vt 0.36435 0.40041
vt 0.33304 0.39827
vt 0.66017 0.40532
vt 0.57125 0.40835
usemtl mat3
f 1852/1621/4625 1853/1622/4626 1854/1623/4627
f 1852/1621/4628 1855/1624/4629 1853/1622/4630
f 1852/1621/4631 1856/1625/4632 1855/1624/4633
f 1852/1621/4634 1857/1626/4635 1856/1625/4636
f 1852/1621/4637 1854/1623/4637 1857/1626/4638
f 1858/1627/4639 1859/1628/4639 1854/1623/4627
f 1858/1627/4639 1854/1623/4627 1853/1622/4626
f 1860/1629/4640 1858/1627/4641 1853/1622/4642
f 1853/1622/4642 1855/1624/4643 1860/1629/4640
f 1856/1625/4644 1860/1629/4644 1855/1624/4645
f 1861/1630/4645 1860/1629/4644 1856/1625/4644
f 1861/1630/4646 1857/1626/4647 1862/1631/4648
f 1857/1626/4647 1861/1630/4646 1856/1625/4649
f 1854/1623/4650 1862/1631/4651 1857/1626/4651
f 1862/1631/4651 1854/1623/4650 1859/1628/4650
f 1863/1632/4652 1864/1633/4652 1865/1634/4653
f 1864/1633/4652 1863/1632/4652 1866/1635/4654
f 1867/1636/4655 1868/1637/4656 1869/1638/4657
f 1868/1637/4656 1867/1636/4655 1870/1639/4655
f 1871/1640/4658 1869/1638/4659 1868/1637/4658
f 1868/1637/4658 1872/1641/4660 1871/1640/4658
f 1873/1642/4661 1871/1640/4662 1872/1641/4663
f 1872/1641/4663 1874/1643/4664 1873/1642/4661
f 1873/1642/4665 1866/1635/4665 1863/1632/4665
f 1866/1635/4665 1873/1642/4665 1874/1643/4665
f 1875/1644/4666 1865/1634/4666 1876/1645/4667
f 1865/1634/4666 1875/1644/4666 1863/1632/4666
f 1877/1646/4668 1869/1638/4669 1878/1647/4668
f 1869/1638/4669 1877/1646/4668 1867/1636/4670
f 1878/1647/4671 1871/1640/4671 1879/1648/4672
f 1871/1640/4671 1878/1647/4671 1869/1638/4671
f 1880/1649/4673 1879/1648/4674 1871/1640/4662
f 1871/1640/4662 1873/1642/4661 1880/1649/4673
f 1875/1644/4675 1880/1649/4676 1873/1642/4677
f 1873/1642/4677 1863/1632/4677 1875/1644/4675
f 1875/1644/4678 1876/1645/4679 1881/1650/4680
f 1877/1646/4681 1878/1647/4682 1881/1650/4683
f 1881/1650/4684 1878/1647/4684 1879/1648/4685
f 1880/1649/4686 1881/1650/4687 1879/1648/4686
f 1880/1649/4688 1875/1644/4689 1881/1650/4690
f 1882/1651/4691 1883/1652/4692 1884/1653/4693
f 1882/1651/4694 1885/1654/4695 1883/1652/4696
f 1882/1651/4697 1886/1655/4698 1885/1654/4699
f 1882/1651/4700 1887/1656/4701 1886/1655/4702
f 1882/1651/4703 1884/1653/4704 1887/1656/4705
f 1888/1657/4706 1889/1658/4707 1884/1653/4708
f 1888/1657/4706 1884/1653/4708 1883/1652/4709
f 1890/1659/4710 1888/1657/4711 1883/1652/4712
f 1883/1652/4712 1885/1654/4713 1890/1659/4710
f 1890/1659/4714 1886/1655/4698 1891/1660/4715
f 1886/1655/4698 1890/1659/4714 1885/1654/4699
f 1891/1660/4716 1887/1656/4717 1892/1661/4716
f 1887/1656/4717 1891/1660/4716 1886/1655/4716
f 1884/1653/4718 1892/1661/4719 1887/1656/4719
f 1892/1661/4719 1884/1653/4718 1889/1658/4720
f 1893/1662/4721 1894/1663/4722 1895/1664/4722
f 1895/1664/4722 1896/1665/4723 1893/1662/4721
f 1897/1666/4724 1893/1662/4724 1896/1665/4725
f 1893/1662/4724 1897/1666/4724 1898/1667/4726
f 1898/1667/4727 1899/1668/4728 1900/1669/4729
f 1899/1668/4728 1898/1667/4727 1897/1666/4730
f 1901/1670/4731 1902/1671/4732 1903/1672/4733
f 1902/1671/4732 1901/1670/4731 1904/1673/4731
f 1894/1663/4734 1904/1673/4735 1901/1670/4735
f 1901/1670/4735 1895/1664/4736 1894/1663/4734
f 1905/1674/4737 1906/1675/4738 1894/1663/4739
f 1894/1663/4739 1893/1662/4737 1905/1674/4737
f 1907/1676/4740 1905/1674/4741 1893/1662/4742
f 1893/1662/4742 1898/1667/4740 1907/1676/4740
f 1907/1676/4743 1900/1669/4743 1908/1677/4744
f 1900/1669/4743 1907/1676/4743 1898/1667/4743
f 1909/1678/4745 1904/1673/4746 1910/1679/4745
f 1904/1673/4746 1909/1678/4745 1902/1671/4747
f 1906/1675/4748 1910/1679/4749 1904/1673/4750
f 1904/1673/4750 1894/1663/4750 1906/1675/4748
f 1906/1675/4751 1905/1674/4752 1911/1680/4752
f 1912/1681/4753 1905/1674/4754 1907/1676/4755
f 1907/1676/4756 1908/1677/4757 1913/1682/4758
f 1909/1678/4759 1910/1679/4760 1914/1683/4761
f 1906/1675/4762 1915/1684/4763 1910/1679/4764
f 1916/1685/4765 1917/1686/4766 1918/1687/4767
f 1916/1685/4768 1919/1688/4769 1917/1686/4768
f 1916/1685/4770 1920/1689/4771 1919/1688/4772
f 1916/1685/4773 1921/1690/4774 1920/1689/4775
f 1916/1685/4776 1918/1687/4777 1921/1690/4778
f 1922/1691/4779 1923/1692/4780 1918/1687/4781
f 1922/1691/4779 1918/1687/4781 1917/1686/4782
f 1924/1693/4783 1922/1691/4784 1917/1686/4785
f 1917/1686/4785 1919/1688/4786 1924/1693/4783
f 1924/1693/4787 1920/1689/4788 1925/1694/4788
f 1920/1689/4788 1924/1693/4787 1919/1688/4789
f 1925/1694/4790 1921/1690/4791 1926/1695/4792
f 1921/1690/4791 1925/1694/4790 1920/1689/4793
f 1918/1687/4794 1926/1695/4794 1921/1690/4795
f 1926/1695/4794 1918/1687/4794 1923/1692/4796
f 1927/1696/4797 1928/1697/4798 1929/1698/4799
f 1928/1697/4798 1927/1696/4797 1930/1699/4798
f 1929/1698/4800 1931/1700/4801 1932/1701/4802
f 1931/1700/4801 1929/1698/4800 1928/1697/4801
f 1932/1701/4803 1933/1702/4804 1934/1703/4805
f 1933/1702/4804 1932/1701/4803 1931/1700/4806
f 1935/1704/4807 1936/1705/4808 1937/1706/4809
f 1937/1706/4809 1938/1707/4810 1935/1704/4807
f 1927/1696/4811 1935/1704/4812 1938/1707/4813
f 1938/1707/4813 1930/1699/4814 1927/1696/4811
f 1927/1696/4815 1929/1698/4816 1939/1708/4815
f 1927/1696/4815 1939/1708/4815 1940/1709/4817
f 1939/1708/4818 1932/1701/4819 1941/1710/4819
f 1932/1701/4819 1939/1708/4818 1929/1698/4820
f 1934/1703/4821 1941/1710/4821 1932/1701/4821
f 1941/1710/4821 1934/1703/4821 1942/1711/4822
f 1936/1705/4823 1935/1704/4824 1943/1712/4823
f 1936/1705/4823 1943/1712/4823 1944/1713/4823
f 1935/1704/4825 1927/1696/4826 1940/1709/4827
f 1935/1704/4825 1940/1709/4827 1943/1712/4828
f 1945/1714/4829 1940/1709/4830 1939/1708/4829
f 1946/1715/4831 1939/1708/4832 1941/1710/4833
f 1941/1710/4834 1942/1711/4835 1947/1716/4834
f 1943/1712/4836 1948/1717/4837 1944/1713/4838
f 1940/1709/4839 1949/1718/4840 1943/1712/4840
# Vertices: 98, normals: 216, texture coordinates: 98, faces: 120

o obj25
v 0.23514814 -0.13073357 -0.04410901
v 0.22142929 -0.13541234 -0.0472234
v 0.24183838 -0.13557787 -0.05583042
v 0.22147403 -0.1352867 -0.03655768
v 0.23547136 -0.13539549 -0.02916034
v 0.24608774 -0.13529421 -0.03956523
v 0.21709759 -0.13847752 -0.06411255
v 0.24739941 -0.1387131 -0.06807838
v 0.2089493 -0.13670785 -0.02988617
v 0.23813878 -0.14186509 -0.01652072
v 0.25575201 -0.13141649 -0.03829369
v 0.21709759 -0.13847752 -0.06411255
v 0.24332718 -0.1237023 -0.06137394
v 0.24739941 -0.1387131 -0.06807838
v 0.2212021 -0.12335322 -0.05561584
v 0.2089493 -0.13670785 -0.02988617
v 0.21827914 -0.12345633 -0.03439717
v 0.21827914 -0.12345633 -0.03439717
v 0.23813878 -0.14186509 -0.01652072
v 0.23609771 -0.12359192 -0.02272306
v 0.2089493 -0.13670785 -0.02988617
v 0.25105783 -0.12341767 -0.03892394
v 0.25575201 -0.13141649 -0.03829369
v 0.22893303 -0.10842941 -0.05151445
v 0.24010219 -0.10816734 -0.05320481
v 0.22710481 -0.10836347 -0.039464
v 0.22710481 -0.10836347 -0.039464
v 0.23716198 -0.10830227 -0.03608849
v 0.24270208 -0.10841831 -0.04068339
v 0.2337739 -0.09332086 -0.03846734
v 0.23371201 -0.15711141 -0.04419299
v 0.21615966 -0.1616797 -0.04817764
v 0.24227172 -0.16184523 -0.05918975
v 0.21621689 -0.16155405 -0.03453155
v 0.23412555 -0.16166285 -0.02506715
v 0.24770849 -0.16156157 -0.03837952
v 0.21061752 -0.1654328 -0.06978618
v 0.24938669 -0.16566837 -0.0748602
v 0.20134991 -0.16497633 -0.02640946
v 0.23786531 -0.15617475 -0.00828528
v 0.26882254 -0.16553287 -0.03969714
v 0.21061752 -0.1654328 -0.06978618
v 0.24417655 -0.15065758 -0.06628232
v 0.24938669 -0.16566837 -0.0748602
v 0.21586897 -0.1503085 -0.05891521
v 0.20134991 -0.16497633 -0.02640946
v 0.21212924 -0.1504116 -0.03176733
v 0.23786531 -0.15617475 -0.00828528
v 0.21212924 -0.1504116 -0.03176733
v 0.20134991 -0.16497633 -0.02640946
v 0.23492692 -0.1505472 -0.01683108
v 0.26882254 -0.16553287 -0.03969714
v 0.2540674 -0.15037295 -0.03755903
v 0.22576018 -0.13538468 -0.05366776
v 0.24005038 -0.13512261 -0.05583046
v 0.2234211 -0.13531874 -0.03825
v 0.2234211 -0.13531874 -0.03825
v 0.23628858 -0.13525755 -0.03393126
v 0.24337677 -0.13537359 -0.03981013
v 0.23195375 -0.12027615 -0.03697485
v 0.23352853 -0.10223515 -0.04372735
v 0.23038705 -0.10412128 -0.05043836
v 0.23878545 -0.104155 -0.04896565
v 0.22549626 -0.10412745 -0.04181842
v 0.2305911 -0.10416285 -0.0345753
v 0.24008243 -0.104157 -0.04017065
v 0.24408463 -0.10597938 -0.05416169
v 0.22625737 -0.10594417 -0.05654437
v 0.21769193 -0.10761744 -0.04143045
v 0.2323076 -0.11022408 -0.03024305
v 0.2530727 -0.10583608 -0.03919999
v 0.22937322 -0.09728434 -0.05299867
v 0.24265424 -0.09729301 -0.05284846
v 0.24408463 -0.10597938 -0.05416169
v 0.22625737 -0.10594417 -0.05654437
v 0.21769193 -0.10761744 -0.04143045
v 0.22416032 -0.09734264 -0.0425547
v 0.22416032 -0.09734264 -0.0425547
v 0.2323076 -0.11022408 -0.03024305
v 0.23207445 -0.09726675 -0.03401838
v 0.21769193 -0.10761744 -0.04143045
v 0.24287369 -0.09724605 -0.03988167
v 0.2530727 -0.10583608 -0.03919999
v 0.23737198 -0.08868304 -0.04747741
v 0.23041184 -0.08870209 -0.04734766
v 0.22759259 -0.08863462 -0.04177767
v 0.22759259 -0.08863462 -0.04177767
v 0.23273899 -0.08862566 -0.03869879
v 0.23754757 -0.08870189 -0.04117464
v 0.2334684 -0.08001656 -0.04367227
vn 0.18924 -0.46536 -0.86465
vn 0.18924 -0.46536 -0.86465
vn 0.18924 -0.46536 -0.86465
vn 0.32078 -0.00981 -0.9471
vn 0.32078 -0.00981 -0.9471
vn 0.14979 0.29731 -0.94296
vn 0.14979 0.29731 -0.94296
vn -0.26722 0.28162 -0.92156
vn -0.26722 0.28162 -0.92156
vn -0.26722 0.28162 -0.92156
vn -0.42614 -0.12695 -0.8957
vn -0.42614 -0.12695 -0.8957
vn -0.42614 -0.12695 -0.8957
vn 0.04427 -0.20972 -0.97676
vn 0.04427 -0.20972 -0.97676
vn 0.04427 -0.20972 -0.97676
vn 0.04427 -0.20972 -0.97676
vn 0.21124 -0.07926 -0.97421
vn 0.21124 -0.07926 -0.97421
vn 0.21124 -0.07926 -0.97421
vn 0.05588 0.35309 -0.93392
vn 0.05588 0.35309 -0.93392
vn 0.05588 0.35309 -0.93392
vn 0.07748 0.24858 -0.96551
vn 0.07748 0.24858 -0.96551
vn 0.07748 0.24858 -0.96551
vn 0.07748 0.24858 -0.96551
vn 0.13743 -0.12415 -0.9827
vn 0.13743 -0.12415 -0.9827
vn 0.13743 -0.12415 -0.9827
vn -0.15853 0.88148 0.44482
vn -0.15853 0.88148 0.44482
vn -0.87713 0.18842 0.44174
vn -0.87713 0.18842 0.44174
vn -0.87713 0.18842 0.44174
vn -0.87713 0.18842 0.44174
vn -0.40213 -0.83455 0.37659
vn -0.40213 -0.83455 0.37659
vn 0.6634 -0.66501 0.34302
vn 0.6634 -0.66501 0.34302
vn 0.6634 -0.66501 0.34302
vn 0.85321 0.32223 0.41013
vn 0.85321 0.32223 0.41013
vn 0.85321 0.32223 0.41013
vn -0.19992 0.89823 0.39143
vn -0.19992 0.89823 0.39143
vn -0.19992 0.89823 0.39143
vn -0.87057 0.1238 0.47621
vn -0.87057 0.1238 0.47621
vn -0.87057 0.1238 0.47621
vn -0.39012 -0.72541 0.56708
vn -0.39012 -0.72541 0.56708
vn -0.39012 -0.72541 0.56708
vn 0.63062 -0.62295 0.46288
vn 0.63062 -0.62295 0.46288
vn 0.63062 -0.62295 0.46288
vn 0.63062 -0.62295 0.46288
vn 0.88308 0.26124 0.38977
vn 0.88308 0.26124 0.38977
vn 0.88308 0.26124 0.38977
vn -0.12629 0.73042 0.67122
vn -0.12629 0.73042 0.67122
vn -0.90185 0.13906 0.40905
vn -0.90185 0.13906 0.40905
vn -0.31764 -0.94498 0.07821
vn -0.31764 -0.94498 0.07821
vn 0.61999 -0.74102 0.25788
vn 0.61999 -0.74102 0.25788
vn 0.61999 -0.74102 0.25788
vn 0.83843 0.16367 0.51985
vn 0.83843 0.16367 0.51985
vn 0.15263 -0.37566 -0.9141
vn 0.15263 -0.37566 -0.9141
vn 0.15263 -0.37566 -0.9141
vn 0.2502 -0.00786 -0.96816
vn 0.2502 -0.00786 -0.96816
vn 0.25019 -0.00786 -0.96816
vn 0.11691 0.23231 -0.96559
vn 0.10343 -0.00845 -0.9946
vn 0.1033 -0.0103 -0.9946
vn -0.21049 0.22201 -0.95205
vn -0.21049 0.22201 -0.95205
vn -0.21049 0.22201 -0.95205
vn -0.33945 -0.10143 -0.93514
vn -0.33945 -0.10143 -0.93514
vn 0.04372 -0.20074 -0.97867
vn 0.04372 -0.20074 -0.97867
vn 0.04372 -0.20074 -0.97867
vn 0.04372 -0.20074 -0.97867
vn 0.29697 -0.0577 -0.95314
vn 0.29697 -0.0577 -0.95314
vn 0.29697 -0.0577 -0.95314
vn 0.09476 -0.12427 -0.98771
vn 0.09476 -0.12427 -0.98771
vn -0.04124 -0.16296 -0.98577
vn -0.04124 -0.16296 -0.98577
vn -0.04124 -0.16296 -0.98577
vn -0.20849 -0.09993 -0.9729
vn -0.20849 -0.09993 -0.9729
vn -0.20849 -0.09993 -0.9729
vn -0.1494 0.83069 0.53632
vn -0.1494 0.83069 0.53632
vn -0.1494 0.83069 0.53632
vn -0.1494 0.83069 0.53632
vn -0.85579 0.1603 0.49186
vn -0.85579 0.1603 0.49186
vn -0.85579 0.1603 0.49186
vn -0.85579 0.1603 0.49186
vn -0.44961 -0.64454 0.6184
vn -0.44961 -0.64454 0.6184
vn -0.44961 -0.64454 0.6184
vn -0.44961 -0.64454 0.6184
vn 0.6002 -0.46165 0.65317
vn 0.6002 -0.46165 0.65317
vn 0.6002 -0.46165 0.65317
vn 0.72563 0.33704 0.59989
vn 0.72563 0.33704 0.59989
vn 0.72563 0.33704 0.59989
vn 0.72563 0.33704 0.59989
vn -0.19083 0.85736 0.47803
vn -0.19083 0.85736 0.47803
vn -0.19083 0.85736 0.47803
vn -0.81378 0.11572 0.56953
vn -0.81378 0.11572 0.56953
vn -0.81378 0.11572 0.56953
vn -0.35542 -0.66088 0.661
vn -0.35542 -0.66088 0.661
vn -0.35542 -0.66088 0.661
vn 0.59154 -0.58435 0.55553
vn 0.59154 -0.58435 0.55553
vn 0.59154 -0.58435 0.55553
vn 0.84323 0.24945 0.47617
vn 0.84323 0.24945 0.47617
vn 0.84323 0.24945 0.47617
vn 0.84323 0.24945 0.47617
vn -0.11132 0.64385 0.75701
vn -0.11132 0.64385 0.75701
vn -0.85733 0.1322 0.49751
vn -0.85733 0.1322 0.49751
vn -0.85733 0.1322 0.49751
vn -0.31702 -0.94314 0.09988
vn -0.31702 -0.94314 0.09988
vn 0.60727 -0.72581 0.32316
vn 0.60727 -0.72581 0.32316
vn 0.77443 0.15117 0.61434
vn 0.77443 0.15117 0.61434
vn -0.0554 -0.2941 -0.95417
vn -0.04947 -0.29991 -0.95268
vn -0.04958 -0.29981 -0.95271
vn 0.25972 -0.14668 -0.95448
vn 0.25972 -0.14668 -0.95448
vn 0.25972 -0.14668 -0.95448
vn 0.19492 0.14185 -0.97051
vn 0.19492 0.14185 -0.97051
vn 0.19492 0.14185 -0.97051
vn -0.14592 0.24853 -0.95757
vn -0.14592 0.24853 -0.95757
vn -0.14592 0.24853 -0.95757
vn -0.30327 -0.04451 -0.95186
vn -0.30327 -0.04451 -0.95186
vn -0.30327 -0.04451 -0.95186
vn -0.04695 -0.30237 -0.95203
vn -0.04695 -0.30237 -0.95203
vn 0.34945 -0.13249 -0.92754
vn 0.34945 -0.13249 -0.92754
vn 0.34945 -0.13249 -0.92754
vn 0.34945 -0.13249 -0.92754
vn 0.49175 0.61436 -0.61705
vn 0.49175 0.61436 -0.61705
vn 0.49175 0.61436 -0.61705
vn -0.18332 0.61316 -0.76839
vn -0.18332 0.61316 -0.76839
vn -0.18332 0.61316 -0.76839
vn -0.16983 -0.07937 -0.98227
vn -0.16983 -0.07937 -0.98227
vn 0.07869 0.96191 0.2618
vn 0.07869 0.96191 0.2618
vn 0.07869 0.96191 0.2618
vn -0.79667 0.39871 0.45425
vn -0.79667 0.39871 0.45425
vn -0.60448 -0.73108 0.31642
vn 0.38335 -0.84708 0.3681
vn 0.39047 -0.8419 0.37247
vn 0.35711 -0.86525 0.35187
vn 0.79518 0.26587 0.54498
vn 0.79518 0.26587 0.54498
vn 0.00057 0.84178 0.53982
vn 0.00057 0.84178 0.53982
vn -0.83046 0.41675 0.36967
vn -0.63311 -0.70964 0.30916
vn -0.63311 -0.70964 0.30916
vn -0.63311 -0.70964 0.30916
vn -0.63311 -0.70964 0.30916
vn 0.43331 -0.80835 0.39851
vn 0.43331 -0.80835 0.39851
vn 0.84843 0.01816 0.529
vn 0.84843 0.01816 0.529
vn -0.0182 0.91847 0.39507
vn -0.0182 0.91847 0.39507
vn -0.42567 0.30933 0.85036
vn -0.7938 0.40725 0.45169
vn -0.7938 0.40725 0.45169
vn -0.45252 -0.75502 0.47452
vn 0.41923 -0.80106 0.42726
vn 0.41923 -0.80106 0.42726
vn 0.41923 -0.80106 0.42726
vn 0.90752 0.02403 0.41932
vn 0.90752 0.02403 0.41932
vn 0.90752 0.02403 0.41932
vt 0.53597 0.1385
vt 0.52788 0.22835
vt 0.61954 0.12259
vt 0.46382 0.20721
vt 0.44669 0.1087
vt 0.53003 0.06521
vt 0.62098 0.28824
vt 0.70408 0.11399
vt 0.3992 0.26984
vt 0.37589 0.06984
vt 0.54127 0.00355
vt 0.2947 0.37553
vt 0.31161 0.56584
vt 0.4142 0.57384
vt 0.20656 0.44208
vt 0.0575 0.29754
vt 0.06145 0.40501
vt 0.07069 0.75047
vt 0.13997 0.89577
vt 0.1706 0.78278
vt 0.0005 0.77234
vt 0.2765 0.71709
vt 0.30373 0.76688
vt 0.15989 0.52649
vt 0.20856 0.57675
vt 0.07887 0.51735
vt 0.09391 0.68453
vt 0.15662 0.6678
vt 0.19008 0.6478
vt 0.0758 0.61237
vt 0.81324 0.3178
vt 0.71824 0.25959
vt 0.78458 0.42345
vt 0.7789 0.19977
vt 0.89973 0.2373
vt 0.90066 0.35583
vt 0.59816 0.33163
vt 0.74656 0.52533
vt 0.74934 0.09971
vt 0.99051 0.17784
vt 0.98789 0.45648
vt 0.38592 0.62648
vt 0.60897 0.61608
vt 0.58238 0.51422
vt 0.46683 0.71236
vt 0.3018 0.87932
vt 0.42105 0.86891
vt 0.97525 0.74564
vt 0.88494 0.95348
vt 0.9995 0.9995
vt 0.90744 0.78675
vt 0.81081 0.53118
vt 0.78661 0.66181
vt 0.56934 0.76147
vt 0.63906 0.72157
vt 0.54854 0.85049
vt 0.7644 0.90957
vt 0.75591 0.82031
vt 0.72549 0.76589
vt 0.66136 0.87082
vt 0.4556 0.48049
vt 0.5 0.49724
vt 0.48559 0.44514
vt 0.44837 0.53332
vt 0.39942 0.50554
vt 0.42911 0.44225
vt 0.51529 0.40949
vt 0.54116 0.52056
vt 0.45064 0.5846
vt 0.37095 0.50042
vt 0.41511 0.3617
vt 0.13398 0.0665
vt 0.22478 0.05084
vt 0.25422 0.01134
vt 0.11503 0.0059
vt 0.00544 0.07498
vt 0.07334 0.12219
vt 0.23378 0.19232
vt 0.31682 0.23784
vt 0.28297 0.17086
vt 0.20264 0.24873
vt 0.29096 0.10618
vt 0.37257 0.0891
vt 0.19502 0.11381
vt 0.14845 0.1305
vt 0.11846 0.16367
vt 0.23396 0.17741
vt 0.23674 0.15279
vt 0.22981 0.13131
vt 0.1821 0.17764
usemtl mat3
f 1950/1719/4841 1951/1720/4842 1952/1721/4843
f 1950/1719/4844 1953/1722/4844 1951/1720/4845
f 1950/1719/4846 1954/1723/4847 1953/1722/4847
f 1950/1719/4848 1955/1724/4849 1954/1723/4850
f 1950/1719/4851 1952/1721/4852 1955/1724/4853
f 1952/1721/4854 1951/1720/4855 1956/1725/4856
f 1952/1721/4854 1956/1725/4856 1957/1726/4857
f 1958/1727/4858 1951/1720/4858 1953/1722/4859
f 1958/1727/4858 1956/1725/4860 1951/1720/4858
f 1958/1727/4861 1954/1723/4862 1959/1728/4861
f 1954/1723/4862 1958/1727/4861 1953/1722/4863
f 1960/1729/4864 1954/1723/4865 1955/1724/4866
f 1954/1723/4865 1960/1729/4864 1959/1728/4867
f 1960/1729/4868 1952/1721/4869 1957/1726/4870
f 1952/1721/4869 1960/1729/4868 1955/1724/4870
f 1961/1730/4871 1962/1731/4872 1963/1732/4871
f 1962/1731/4872 1961/1730/4871 1964/1733/4872
f 1965/1734/4873 1964/1733/4874 1961/1730/4875
f 1964/1733/4874 1965/1734/4873 1966/1735/4876
f 1967/1736/4877 1968/1737/4877 1969/1738/4878
f 1968/1737/4877 1967/1736/4877 1970/1739/4877
f 1971/1740/4879 1969/1738/4880 1968/1737/4879
f 1968/1737/4879 1972/1741/4881 1971/1740/4879
f 1962/1731/4882 1971/1740/4883 1972/1741/4884
f 1972/1741/4884 1963/1732/4882 1962/1731/4882
f 1962/1731/4885 1964/1733/4886 1973/1742/4887
f 1962/1731/4885 1973/1742/4887 1974/1743/4885
f 1964/1733/4888 1966/1735/4889 1975/1744/4889
f 1964/1733/4888 1975/1744/4889 1973/1742/4890
f 1976/1745/4891 1969/1738/4892 1977/1746/4891
f 1969/1738/4892 1976/1745/4891 1967/1736/4893
f 1977/1746/4894 1971/1740/4895 1978/1747/4896
f 1971/1740/4895 1977/1746/4894 1969/1738/4897
f 1974/1743/4898 1978/1747/4899 1971/1740/4898
f 1971/1740/4898 1962/1731/4900 1974/1743/4898
f 1974/1743/4901 1973/1742/4902 1979/1748/4901
f 1973/1742/4903 1975/1744/4904 1979/1748/4904
f 1976/1745/4905 1977/1746/4905 1979/1748/4906
f 1977/1746/4907 1978/1747/4908 1979/1748/4909
f 1978/1747/4910 1974/1743/4911 1979/1748/4911
f 1980/1749/4912 1981/1750/4913 1982/1751/4914
f 1980/1749/4915 1983/1752/4916 1981/1750/4917
f 1980/1749/4918 1984/1753/4919 1983/1752/4920
f 1980/1749/4921 1985/1754/4922 1984/1753/4923
f 1980/1749/4924 1982/1751/4925 1985/1754/4925
f 1982/1751/4926 1981/1750/4927 1986/1755/4928
f 1982/1751/4926 1986/1755/4928 1987/1756/4929
f 1988/1757/4930 1981/1750/4931 1983/1752/4932
f 1988/1757/4930 1986/1755/4931 1981/1750/4931
f 1988/1757/4933 1984/1753/4919 1989/1758/4934
f 1984/1753/4919 1988/1757/4933 1983/1752/4920
f 1985/1754/4935 1989/1758/4935 1984/1753/4936
f 1989/1758/4935 1985/1754/4935 1990/1759/4937
f 1990/1759/4938 1982/1751/4939 1987/1756/4940
f 1982/1751/4939 1990/1759/4938 1985/1754/4939
f 1991/1760/4941 1992/1761/4942 1993/1762/4943
f 1992/1761/4942 1991/1760/4941 1994/1763/4944
f 1995/1764/4945 1994/1763/4946 1991/1760/4947
f 1994/1763/4946 1995/1764/4945 1996/1765/4948
f 1997/1766/4949 1998/1767/4950 1999/1768/4951
f 1998/1767/4950 1997/1766/4949 2000/1769/4952
f 1997/1766/4953 2001/1770/4954 2002/1771/4955
f 1997/1766/4953 2002/1771/4955 2000/1769/4953
f 1992/1761/4956 2002/1771/4957 2001/1770/4958
f 2001/1770/4958 1993/1762/4959 1992/1761/4956
f 1992/1761/4960 1994/1763/4961 2003/1772/4961
f 1992/1761/4960 2003/1772/4961 2004/1773/4962
f 1994/1763/4963 1996/1765/4964 2005/1774/4965
f 1994/1763/4963 2005/1774/4965 2003/1772/4963
f 2000/1769/4966 2006/1775/4967 1998/1767/4968
f 2006/1775/4967 2000/1769/4966 2007/1776/4967
f 2007/1776/4969 2002/1771/4969 2008/1777/4970
f 2002/1771/4969 2007/1776/4969 2000/1769/4971
f 2004/1773/4972 2008/1777/4973 2002/1771/4974
f 2002/1771/4974 1992/1761/4975 2004/1773/4972
f 2004/1773/4976 2003/1772/4977 2009/1778/4976
f 2003/1772/4978 2005/1774/4979 2009/1778/4980
f 2006/1775/4981 2007/1776/4981 2009/1778/4982
f 2007/1776/4983 2008/1777/4983 2009/1778/4984
f 2008/1777/4985 2004/1773/4986 2009/1778/4985
f 2010/1779/4987 2011/1780/4988 2012/1781/4989
f 2010/1779/4990 2013/1782/4991 2011/1780/4992
f 2010/1779/4993 2014/1783/4994 2013/1782/4995
f 2010/1779/4996 2015/1784/4997 2014/1783/4998
f 2010/1779/4999 2012/1781/5000 2015/1784/5001
f 2011/1780/4988 2016/1785/5002 2012/1781/4989
f 2016/1785/5002 2011/1780/4988 2017/1786/5003
f 2017/1786/5004 2013/1782/5005 2018/1787/5006
f 2013/1782/5005 2017/1786/5004 2011/1780/5007
f 2018/1787/5008 2014/1783/5009 2019/1788/5010
f 2014/1783/5009 2018/1787/5008 2013/1782/5009
f 2015/1784/5011 2019/1788/5012 2014/1783/5013
f 2019/1788/5012 2015/1784/5011 2020/1789/5013
f 2020/1789/5014 2012/1781/5014 2016/1785/5015
f 2012/1781/5014 2020/1789/5014 2015/1784/5014
f 2021/1790/5016 2022/1791/5016 2023/1792/5017
f 2023/1792/5017 2024/1793/5018 2021/1790/5016
f 2021/1790/5019 2025/1794/5020 2026/1795/5019
f 2025/1794/5020 2021/1790/5019 2024/1793/5020
f 2027/1796/5021 2028/1797/5021 2029/1798/5021
f 2028/1797/5021 2027/1796/5021 2030/1799/5021
f 2031/1800/5022 2029/1798/5023 2028/1797/5024
f 2028/1797/5024 2032/1801/5024 2031/1800/5022
f 2022/1791/5025 2031/1800/5025 2032/1801/5026
f 2022/1791/5025 2032/1801/5026 2023/1792/5026
f 2033/1802/5027 2021/1790/5027 2034/1803/5028
f 2021/1790/5027 2033/1802/5027 2022/1791/5028
f 2034/1803/5029 2026/1795/5029 2035/1804/5029
f 2026/1795/5029 2034/1803/5029 2021/1790/5029
f 2036/1805/5030 2029/1798/5031 2037/1806/5032
f 2029/1798/5031 2036/1805/5030 2027/1796/5033
f 2037/1806/5034 2029/1798/5023 2038/1807/5035
f 2029/1798/5023 2031/1800/5022 2038/1807/5035
f 2033/1802/5036 2038/1807/5036 2031/1800/5037
f 2031/1800/5037 2022/1791/5036 2033/1802/5036
f 2033/1802/5038 2034/1803/5039 2039/1808/5040
f 2034/1803/5041 2035/1804/5041 2039/1808/5042
f 2036/1805/5043 2037/1806/5043 2039/1808/5040
f 2037/1806/5044 2038/1807/5045 2039/1808/5046
f 2038/1807/5047 2033/1802/5048 2039/1808/5049
# Vertices: 90, normals: 209, texture coordinates: 90, faces: 120

o obj26
v 0.38668387 -0.13358056 0.09762581
v 0.41186542 -0.14310254 0.07478477
v 0.40061411 -0.14343942 0.12711742
v 0.39068939 -0.14284683 0.06008913
v 0.35664323 -0.14306824 0.07754468
v 0.3625251 -0.14286212 0.11298365
v 0.4458466 -0.14956243 0.09115136
v 0.41506809 -0.13959441 0.15621891
v 0.39422934 -0.14841164 0.02828658
v 0.32742523 -0.14891518 0.06542825
v 0.34239454 -0.16012178 0.14633605
v 0.40952445 -0.11927091 0.13774878
v 0.4458466 -0.14956243 0.09115136
v 0.42879414 -0.11856049 0.08596812
v 0.41506809 -0.13959441 0.15621891
v 0.390841 -0.11877031 0.0507697
v 0.42879414 -0.11856049 0.08596812
v 0.4458466 -0.14956243 0.09115136
v 0.39422934 -0.14841164 0.02828658
v 0.3430317 -0.11904627 0.06986163
v 0.32742523 -0.14891518 0.06542825
v 0.35436635 -0.11869166 0.1219336
v 0.34239454 -0.16012178 0.14633605
v 0.39782302 -0.08765502 0.12004096
v 0.40995881 -0.08818836 0.09558727
v 0.40995881 -0.08818836 0.09558727
v 0.38863773 -0.08805417 0.07526447
v 0.42879414 -0.11856049 0.08596812
v 0.36801487 -0.08792962 0.09049485
v 0.36943163 -0.08816579 0.10783128
v 0.37742044 -0.05744029 0.08708518
v 0.40995881 -0.08818836 0.09558727
v 0.38512284 -0.07947868 0.09675377
v 0.40636794 -0.08408389 0.0929753
v 0.39589539 -0.08416619 0.11548911
v 0.38580724 -0.08409893 0.07272106
v 0.36159304 -0.08418537 0.08159306
v 0.37017844 -0.0841711 0.11250846
v 0.40642278 -0.09563129 0.13397725
v 0.42665612 -0.08853468 0.08596114
v 0.39043557 -0.08861467 0.05590646
v 0.34740304 -0.09585176 0.08281951
v 0.36206756 -0.07824687 0.12970907
v 0.40390137 -0.06741183 0.12929814
v 0.42665612 -0.08853468 0.08596114
v 0.41433396 -0.06739067 0.09205325
v 0.40642278 -0.09563129 0.13397725
v 0.39043557 -0.08861467 0.05590646
v 0.38888524 -0.06753302 0.06951816
v 0.35890846 -0.06734772 0.08534583
v 0.38888524 -0.06753302 0.06951816
v 0.39043557 -0.08861467 0.05590646
v 0.34740304 -0.09585176 0.08281951
v 0.36726175 -0.06729719 0.12014218
v 0.36206756 -0.07824687 0.12970907
v 0.39277447 -0.04638955 0.11039146
v 0.39765546 -0.04643607 0.09071552
v 0.38411257 -0.04627133 0.07858711
v 0.37157311 -0.04624945 0.0907428
v 0.38411257 -0.04627133 0.07858711
v 0.37491312 -0.04643558 0.1061349
v 0.39277447 -0.04638955 0.11039146
v 0.39765546 -0.04643607 0.09071552
v 0.38501322 -0.0252293 0.09654313
v 0.38411257 -0.04627133 0.07858711
v 0.37157311 -0.04624945 0.0907428
v 0.37491312 -0.04643558 0.1061349
v 0.39277447 -0.04638955 0.11039146
v 0.38582093 -0.03568143 0.09676724
v 0.37225775 -0.04029179 0.09368819
v 0.39243525 -0.04045884 0.08517884
v 0.37230198 -0.04016499 0.10423289
v 0.38614048 -0.04027479 0.11154629
v 0.39663639 -0.04017257 0.10125947
v 0.36797519 -0.04407946 0.07699069
v 0.39793318 -0.0443172 0.07306986
v 0.36067971 -0.05357557 0.11003439
v 0.39339529 -0.03988989 0.12312526
v 0.41289297 -0.04854506 0.10003324
v 0.36797519 -0.04407946 0.07699069
v 0.39390716 -0.02916817 0.07969822
v 0.39793318 -0.0443172 0.07306986
v 0.37203313 -0.02881587 0.08539098
v 0.37203313 -0.02881587 0.08539098
v 0.36067971 -0.05357557 0.11003439
v 0.36914334 -0.02891992 0.10636888
v 0.36797519 -0.04407946 0.07699069
v 0.39339529 -0.03988989 0.12312526
v 0.38675972 -0.02905676 0.11791052
v 0.41289297 -0.04854506 0.10003324
v 0.40155008 -0.02888091 0.10189348
v 0.37967634 -0.01375463 0.08944583
v 0.39071876 -0.01349015 0.08777465
v 0.37786887 -0.01368809 0.10135954
v 0.37967634 -0.01375463 0.08944583
v 0.38781191 -0.0136263 0.10469675
v 0.39328914 -0.01374343 0.10015399
v 0.38446227 0.00149307 0.10234489
vn -0.42845 0.0979 -0.89824
vn -0.42845 0.0979 -0.89824
vn -0.42845 0.0979 -0.89824
vn -0.16419 -0.21986 -0.96161
vn -0.16419 -0.21986 -0.96161
vn -0.16419 -0.21986 -0.96161
vn 0.13493 -0.25102 -0.95853
vn 0.13493 -0.25102 -0.95853
vn 0.13493 -0.25102 -0.95853
vn 0.33068 0.0494 -0.94245
vn 0.33068 0.0494 -0.94245
vn 0.33068 0.0494 -0.94245
vn 0.12182 0.36597 -0.92262
vn 0.12182 0.36597 -0.92262
vn 0.12182 0.36597 -0.92262
vn -0.09747 -0.04666 -0.99414
vn -0.09747 -0.04666 -0.99414
vn -0.09747 -0.04666 -0.99414
vn -0.09747 -0.04666 -0.99414
vn -0.22583 -0.19464 -0.95452
vn -0.22583 -0.19464 -0.95452
vn -0.22583 -0.19464 -0.95452
vn -0.22583 -0.19464 -0.95452
vn 0.10958 -0.18947 -0.97575
vn 0.10958 -0.18947 -0.97575
vn 0.10958 -0.18947 -0.97575
vn 0.10958 -0.18947 -0.97575
vn 0.36463 0.1522 -0.91863
vn 0.36463 0.1522 -0.91863
vn 0.36463 0.1522 -0.91863
vn 0.2132 0.18661 -0.95902
vn 0.2132 0.18661 -0.95902
vn 0.2132 0.18661 -0.95902
vn 0.81043 -0.30762 0.49856
vn 0.81043 -0.30762 0.49856
vn 0.81043 -0.30762 0.49856
vn 0.81043 -0.30762 0.49856
vn 0.67743 0.61488 0.40375
vn 0.67743 0.61488 0.40375
vn 0.67743 0.61488 0.40375
vn -0.39697 0.80292 0.44467
vn -0.39697 0.80292 0.44467
vn -0.39697 0.80292 0.44467
vn -0.89091 -0.20913 0.40317
vn -0.89091 -0.20913 0.40317
vn -0.89091 -0.20913 0.40317
vn -0.89091 -0.20913 0.40317
vn -0.24651 -0.78388 0.56987
vn -0.24651 -0.78388 0.56987
vn -0.24651 -0.78388 0.56987
vn 0.82493 -0.34089 0.45086
vn 0.82493 -0.34089 0.45086
vn 0.82493 -0.34089 0.45086
vn 0.82493 -0.34089 0.45086
vn 0.57462 0.6142 0.54089
vn 0.57462 0.6142 0.54089
vn 0.57462 0.6142 0.54089
vn -0.34821 0.69147 0.63295
vn -0.34821 0.69147 0.63295
vn -0.83604 -0.15269 0.52699
vn -0.83604 -0.15269 0.52699
vn -0.83604 -0.15269 0.52699
vn -0.28382 -0.84723 0.44906
vn -0.28382 -0.84723 0.44906
vn 0.61625 -0.28986 0.73227
vn 0.6106 0.63749 0.46988
vn 0.6106 0.63749 0.46988
vn 0.6106 0.63749 0.46988
vn -0.59115 0.80121 0.09276
vn -0.59115 0.80121 0.09276
vn -0.94976 -0.08173 0.30213
vn -0.94976 -0.08173 0.30213
vn -0.94976 -0.08173 0.30213
vn -0.32908 -0.74072 0.5857
vn -0.22923 0.11016 -0.96712
vn -0.32882 0.21065 -0.9206
vn -0.32615 0.20792 -0.92217
vn -0.17751 -0.18092 -0.96735
vn -0.17751 -0.18092 -0.96735
vn 0.07322 -0.1903 -0.97899
vn 0.07322 -0.1903 -0.97899
vn 0.07322 -0.1903 -0.97899
vn 0.23587 0.06505 -0.96961
vn 0.23587 0.06505 -0.96961
vn 0.03019 0.25891 -0.96543
vn 0.03019 0.25891 -0.96543
vn 0.03019 0.25891 -0.96543
vn -0.36856 0.25155 -0.89492
vn -0.36856 0.25155 -0.89492
vn -0.16661 -0.18987 -0.96757
vn -0.16661 -0.18987 -0.96757
vn -0.16661 -0.18987 -0.96757
vn 0.3732 -0.54812 -0.74852
vn 0.33373 -0.11223 -0.93596
vn 0.33373 -0.11223 -0.93596
vn 0.33373 -0.11223 -0.93596
vn -0.22541 0.13455 -0.96493
vn -0.22541 0.13455 -0.96493
vn -0.22541 0.13455 -0.96493
vn 0.9012 -0.34593 0.26109
vn 0.9012 -0.34593 0.26109
vn 0.9012 -0.34593 0.26109
vn 0.9012 -0.34593 0.26109
vn 0.5631 0.66241 0.4941
vn 0.5631 0.66241 0.4941
vn -0.49734 0.79062 0.35716
vn -0.49734 0.79062 0.35716
vn -0.49734 0.79062 0.35716
vn -0.49734 0.79062 0.35716
vn -0.88668 -0.17763 0.4269
vn -0.8843 -0.18044 0.43065
vn -0.89749 -0.16445 0.40923
vn -0.89749 -0.16445 0.40923
vn -0.08031 -0.93496 0.34553
vn -0.08031 -0.93496 0.34553
vn -0.08031 -0.93496 0.34553
vn -0.08031 -0.93496 0.34553
vn 0.7671 -0.2061 0.60752
vn 0.7671 -0.2061 0.60752
vn 0.7671 -0.2061 0.60752
vn 0.7671 -0.2061 0.60752
vn 0.60039 0.67508 0.42871
vn 0.60039 0.67508 0.42871
vn -0.51137 0.77962 0.36151
vn -0.51137 0.77962 0.36151
vn -0.51137 0.77962 0.36151
vn -0.86442 -0.20264 0.46012
vn -0.86442 -0.20264 0.46012
vn -0.19106 -0.77943 0.59665
vn -0.19106 -0.77943 0.59665
vn -0.19106 -0.77943 0.59665
vn -0.19106 -0.77943 0.59665
vn 0.86386 -0.21322 0.45639
vn 0.86386 -0.21322 0.45639
vn 0.3726 0.28033 0.88464
vn 0.57458 0.63456 0.51691
vn 0.57458 0.63456 0.51691
vn -0.58498 0.60442 0.54081
vn -0.8501 -0.1904 0.491
vn -0.8501 -0.1904 0.491
vn -0.8501 -0.1904 0.491
vn -0.20422 -0.85174 0.48252
vn -0.20422 -0.85174 0.48252
vn -0.20422 -0.85174 0.48252
vn 0.18869 -0.46442 -0.86528
vn 0.31977 -0.01005 -0.94744
vn 0.31977 -0.01005 -0.94744
vn 0.14917 0.29642 -0.94334
vn 0.35315 0.4249 -0.83352
vn 0.34038 0.4173 -0.84262
vn -0.26626 0.28083 -0.92209
vn -0.26626 0.28083 -0.92209
vn -0.26626 0.28083 -0.92209
vn -0.42492 -0.12697 -0.89628
vn -0.42492 -0.12697 -0.89628
vn 0.05627 -0.25835 -0.96441
vn 0.05627 -0.25835 -0.96441
vn 0.05627 -0.25835 -0.96441
vn 0.05627 -0.25835 -0.96441
vn 0.74065 0.02114 -0.67156
vn 0.74065 0.02114 -0.67156
vn 0.74065 0.02114 -0.67156
vn 0.74065 0.02114 -0.67156
vn 0.43056 0.4695 -0.77083
vn 0.43056 0.4695 -0.77083
vn -0.30828 0.0334 -0.95071
vn -0.30828 0.0334 -0.95071
vn -0.30828 0.0334 -0.95071
vn -0.43424 -0.11145 -0.89388
vn -0.43424 -0.11145 -0.89388
vn -0.43424 -0.11145 -0.89388
vn -0.43424 -0.11145 -0.89388
vn -0.15917 0.88502 0.43751
vn -0.15917 0.88502 0.43751
vn -0.15917 0.88502 0.43751
vn -0.15917 0.88502 0.43751
vn -0.94272 0.12261 0.31025
vn -0.94272 0.12261 0.31025
vn -0.94272 0.12261 0.31025
vn -0.47771 -0.84613 0.23633
vn -0.47771 -0.84613 0.23633
vn -0.47771 -0.84613 0.23633
vn -0.47771 -0.84613 0.23633
vn 0.70997 -0.51932 0.47566
vn 0.70997 -0.51932 0.47566
vn 0.82532 0.34355 0.44812
vn 0.82532 0.34355 0.44812
vn 0.82532 0.34355 0.44812
vn 0.82532 0.34355 0.44812
vn -0.20055 0.90101 0.38465
vn -0.20055 0.90101 0.38465
vn -0.20055 0.90101 0.38465
vn -0.87458 0.12436 0.46866
vn -0.87458 0.12436 0.46866
vn -0.87458 0.12436 0.46866
vn -0.87458 0.12436 0.46866
vn -0.39268 -0.73016 0.55917
vn -0.39268 -0.73016 0.55917
vn -0.39268 -0.73016 0.55917
vn -0.39268 -0.73016 0.55917
vn 0.63336 -0.62566 0.45542
vn 0.8858 0.26204 0.383
vn 0.8858 0.26204 0.383
vn 0.8858 0.26204 0.383
vn -0.12745 0.73714 0.66361
vn -0.12745 0.73714 0.66361
vn -0.90491 0.13953 0.40207
vn -0.90491 0.13953 0.40207
vn -0.90491 0.13953 0.40207
vn -0.31768 -0.9451 0.07663
vn -0.31768 -0.9451 0.07663
vn -0.31768 -0.9451 0.07663
vn 0.62083 -0.74201 0.25296
vn 0.62083 -0.74201 0.25296
vn 0.62083 -0.74201 0.25296
vn 0.84304 0.16457 0.51206
vn 0.84304 0.16457 0.51206
vt 0.83072 0.56705
vt 0.93756 0.57881
vt 0.80971 0.46566
vt 0.91095 0.65798
vt 0.78837 0.67865
vt 0.73796 0.57607
vt 0.99427 0.4719
vt 0.7877 0.36024
vt 0.98196 0.735
vt 0.73581 0.76808
vt 0.61762 0.53139
vt 0.34865 0.44282
vt 0.26233 0.2405
vt 0.19897 0.35073
vt 0.43607 0.39335
vt 0.21039 0.86613
vt 0.04652 0.87498
vt 0.0005 0.99468
vt 0.25598 0.99109
vt 0.33591 0.77647
vt 0.43782 0.83834
vt 0.38144 0.62119
vt 0.55955 0.60707
vt 0.24193 0.52373
vt 0.17573 0.47768
vt 0.05987 0.75307
vt 0.15391 0.73541
vt 0.05195 0.88218
vt 0.21735 0.67199
vt 0.24587 0.61748
vt 0.10787 0.61742
vt 0.06832 0.76723
vt 0.85353 0.25571
vt 0.88437 0.32277
vt 0.92715 0.25423
vt 0.78904 0.30207
vt 0.76988 0.22049
vt 0.87289 0.18966
vt 0.99658 0.25406
vt 0.90156 0.39202
vt 0.75136 0.34625
vt 0.7478 0.18399
vt 0.90538 0.13482
vt 0.63209 0.83448
vt 0.46693 0.8107
vt 0.52572 0.87608
vt 0.60318 0.74112
vt 0.37174 0.91644
vt 0.45414 0.95361
vt 0.84327 0.87636
vt 0.92019 0.94349
vt 0.9995 0.89274
vt 0.90018 0.77148
vt 0.74421 0.83906
vt 0.74418 0.77453
vt 0.64149 0.93225
vt 0.56824 0.95631
vt 0.52652 0.9995
vt 0.78847 0.95883
vt 0.84253 0.99144
vt 0.72417 0.94083
vt 0.71231 0.03189
vt 0.65336 0.00711
vt 0.64534 0.09759
vt 0.59639 0.01366
vt 0.56321 0.05761
vt 0.55495 0.10658
vt 0.57584 0.1606
vt 0.47743 0.08643
vt 0.48111 0.03993
vt 0.43041 0.09235
vt 0.51687 0.05367
vt 0.52293 0.10543
vt 0.47837 0.12564
vt 0.43441 0.00674
vt 0.3862 0.09505
vt 0.54887 0.02524
vt 0.55016 0.14187
vt 0.455 0.17506
vt 0.00532 0.12119
vt 0.10346 0.102
vt 0.0668 0.05582
vt 0.05713 0.15489
vt 0.33892 0.15468
vt 0.35039 0.02714
vt 0.29582 0.10382
vt 0.39966 0.12722
vt 0.23036 0.02752
vt 0.23597 0.07644
vt 0.14152 0.00583
vt 0.17318 0.08162
vt 0.11311 0.17353
vt 0.14164 0.1491
vt 0.2563 0.15469
vt 0.27968 0.18574
vt 0.21899 0.14769
vt 0.18771 0.14533
vt 0.18726 0.19435
usemtl mat3
f 2040/1809/5050 2041/1810/5051 2042/1811/5052
f 2040/1809/5053 2043/1812/5054 2041/1810/5055
f 2040/1809/5056 2044/1813/5057 2043/1812/5058
f 2040/1809/5059 2045/1814/5060 2044/1813/5061
f 2040/1809/5062 2042/1811/5063 2045/1814/5064
f 2042/1811/5065 2041/1810/5066 2046/1815/5067
f 2042/1811/5065 2046/1815/5067 2047/1816/5068
f 2048/1817/5069 2041/1810/5070 2043/1812/5071
f 2048/1817/5069 2046/1815/5072 2041/1810/5070
f 2048/1817/5073 2044/1813/5074 2049/1818/5075
f 2044/1813/5074 2048/1817/5073 2043/1812/5076
f 2045/1814/5077 2049/1818/5078 2044/1813/5079
f 2049/1818/5078 2045/1814/5077 2050/1819/5078
f 2050/1819/5080 2042/1811/5081 2047/1816/5082
f 2042/1811/5081 2050/1819/5080 2045/1814/5082
f 2051/1820/5083 2052/1821/5084 2053/1822/5085
f 2052/1821/5084 2051/1820/5083 2054/1823/5086
f 2055/1824/5087 2056/1825/5088 2057/1826/5089
f 2057/1826/5089 2058/1827/5088 2055/1824/5087
f 2059/1828/5090 2055/1824/5091 2058/1827/5091
f 2058/1827/5091 2060/1829/5092 2059/1828/5090
f 2061/1830/5093 2059/1828/5094 2060/1829/5095
f 2060/1829/5095 2062/1831/5096 2061/1830/5093
f 2054/1823/5097 2061/1830/5098 2062/1831/5097
f 2061/1830/5098 2054/1823/5097 2051/1820/5099
f 2053/1822/5100 2063/1832/5101 2051/1820/5102
f 2063/1832/5101 2053/1822/5100 2064/1833/5103
f 2065/1834/5104 2055/1824/5105 2066/1835/5106
f 2055/1824/5105 2065/1834/5104 2067/1836/5104
f 2068/1837/5107 2066/1835/5108 2055/1824/5108
f 2055/1824/5108 2059/1828/5108 2068/1837/5107
f 2061/1830/5109 2068/1837/5110 2059/1828/5111
f 2068/1837/5110 2061/1830/5109 2069/1838/5110
f 2051/1820/5112 2069/1838/5113 2061/1830/5113
f 2069/1838/5113 2051/1820/5112 2063/1832/5113
f 2063/1832/5114 2064/1833/5114 2070/1839/5114
f 2071/1840/5115 2066/1835/5116 2070/1839/5117
f 2066/1835/5118 2068/1837/5119 2070/1839/5118
f 2068/1837/5120 2069/1838/5121 2070/1839/5122
f 2069/1838/5123 2063/1832/5123 2070/1839/5123
f 2072/1841/5124 2073/1842/5125 2074/1843/5126
f 2072/1841/5127 2075/1844/5128 2073/1842/5127
f 2072/1841/5129 2076/1845/5130 2075/1844/5131
f 2072/1841/5132 2077/1846/5132 2076/1845/5133
f 2072/1841/5134 2074/1843/5135 2077/1846/5136
f 2073/1842/5125 2078/1847/5137 2074/1843/5126
f 2078/1847/5137 2073/1842/5125 2079/1848/5138
f 2080/1849/5139 2079/1848/5140 2073/1842/5141
f 2080/1849/5139 2073/1842/5141 2075/1844/5141
f 2076/1845/5142 2080/1849/5142 2075/1844/5142
f 2081/1850/5142 2080/1849/5142 2076/1845/5142
f 2077/1846/5143 2081/1850/5144 2076/1845/5143
f 2081/1850/5144 2077/1846/5143 2082/1851/5145
f 2082/1851/5146 2074/1843/5146 2078/1847/5147
f 2074/1843/5146 2082/1851/5146 2077/1846/5148
f 2083/1852/5149 2084/1853/5150 2085/1854/5151
f 2084/1853/5150 2083/1852/5149 2086/1855/5152
f 2085/1854/5153 2087/1856/5154 2088/1857/5154
f 2087/1856/5154 2085/1854/5153 2084/1853/5154
f 2089/1858/5155 2090/1859/5156 2091/1860/5157
f 2091/1860/5157 2092/1861/5158 2089/1858/5155
f 2093/1862/5159 2089/1858/5160 2092/1861/5161
f 2092/1861/5161 2094/1863/5162 2093/1862/5159
f 2094/1863/5163 2083/1852/5164 2093/1862/5165
f 2083/1852/5164 2094/1863/5163 2086/1855/5166
f 2095/1864/5167 2085/1854/5168 2096/1865/5169
f 2085/1854/5168 2095/1864/5167 2083/1852/5170
f 2096/1865/5171 2088/1857/5172 2097/1866/5171
f 2088/1857/5172 2096/1865/5171 2085/1854/5171
f 2090/1859/5173 2089/1858/5174 2098/1867/5173
f 2090/1859/5173 2098/1867/5173 2099/1868/5175
f 2089/1858/5160 2093/1862/5159 2100/1869/5176
f 2089/1858/5160 2100/1869/5176 2098/1867/5177
f 2093/1862/5178 2083/1852/5179 2095/1864/5180
f 2093/1862/5178 2095/1864/5180 2100/1869/5181
f 2101/1870/5182 2102/1871/5183 2103/1872/5184
f 2102/1871/5185 2104/1873/5186 2103/1872/5186
f 2104/1873/5187 2105/1874/5187 2103/1872/5184
f 2105/1874/5188 2106/1875/5189 2103/1872/5190
f 2106/1875/5191 2107/1876/5192 2103/1872/5193
f 2108/1877/5194 2109/1878/5194 2110/1879/5194
f 2108/1877/5195 2111/1880/5196 2109/1878/5196
f 2108/1877/5197 2112/1881/5198 2111/1880/5199
f 2108/1877/5200 2113/1882/5201 2112/1881/5202
f 2108/1877/5203 2110/1879/5204 2113/1882/5203
f 2110/1879/5205 2109/1878/5206 2114/1883/5207
f 2110/1879/5205 2114/1883/5207 2115/1884/5208
f 2111/1880/5209 2116/1885/5210 2109/1878/5211
f 2116/1885/5210 2114/1883/5212 2109/1878/5211
f 2116/1885/5213 2112/1881/5198 2117/1886/5214
f 2112/1881/5198 2116/1885/5213 2111/1880/5199
f 2113/1882/5215 2117/1886/5215 2112/1881/5216
f 2117/1886/5215 2113/1882/5215 2118/1887/5217
f 2118/1887/5218 2110/1879/5219 2115/1884/5220
f 2110/1879/5219 2118/1887/5218 2113/1882/5221
f 2119/1888/5222 2120/1889/5223 2121/1890/5224
f 2120/1889/5223 2119/1888/5222 2122/1891/5225
f 2123/1892/5226 2124/1893/5226 2125/1894/5227
f 2124/1893/5226 2123/1892/5226 2126/1895/5228
f 2127/1896/5229 2125/1894/5230 2124/1893/5231
f 2125/1894/5230 2127/1896/5229 2128/1897/5232
f 2128/1897/5233 2129/1898/5234 2130/1899/5233
f 2129/1898/5234 2128/1897/5233 2127/1896/5233
f 2120/1889/5235 2130/1899/5236 2129/1898/5237
f 2129/1898/5237 2121/1890/5238 2120/1889/5235
f 2120/1889/5239 2122/1891/5240 2131/1900/5241
f 2120/1889/5239 2131/1900/5241 2132/1901/5241
f 2123/1892/5242 2125/1894/5243 2133/1902/5244
f 2123/1892/5242 2133/1902/5244 2134/1903/5245
f 2133/1902/5246 2128/1897/5247 2135/1904/5248
f 2128/1897/5247 2133/1902/5246 2125/1894/5249
f 2135/1904/5250 2130/1899/5250 2136/1905/5250
f 2130/1899/5250 2135/1904/5250 2128/1897/5250
f 2132/1901/5251 2136/1905/5252 2130/1899/5253
f 2130/1899/5253 2120/1889/5253 2132/1901/5251
f 2132/1901/5254 2131/1900/5254 2137/1906/5255
f 2134/1903/5256 2133/1902/5257 2137/1906/5258
f 2133/1902/5259 2135/1904/5260 2137/1906/5261
f 2135/1904/5262 2136/1905/5263 2137/1906/5264
f 2136/1905/5265 2132/1901/5265 2137/1906/5266
# Vertices: 98, normals: 217, texture coordinates: 98, faces: 120

o obj27
v 0.01111288 -0.1021138 -0.30152153
v -0.0388334 -0.1187607 -0.31286009
v 0.03547004 -0.1193639 -0.3441957
v -0.03867052 -0.11830285 -0.27402935
v 0.01228962 -0.1186993 -0.24709782
v 0.05094069 -0.11833023 -0.28497895
v -0.05460387 -0.13243705 -0.37434849
v 0.05571612 -0.13329548 -0.3887869
v -0.0809754 -0.13077367 -0.25091745
v 0.0225844 -0.13167528 -0.20057154
v 0.11102196 -0.13280172 -0.28872831
v -0.05460387 -0.13243705 -0.37434849
v 0.04089033 -0.07859596 -0.36437802
v 0.05571612 -0.13329548 -0.3887869
v -0.03966056 -0.07732391 -0.34341449
v -0.0809754 -0.13077367 -0.25091745
v -0.05030219 -0.07769962 -0.26616359
v 0.0225844 -0.13167528 -0.20057154
v 0.01456996 -0.07819373 -0.2236616
v 0.11102196 -0.13280172 -0.28872831
v 0.06903532 -0.07755877 -0.2826442
v -0.01151452 -0.02294133 -0.32848254
v 0.02914908 -0.02198637 -0.33463663
v -0.01817052 -0.02270106 -0.28461041
v 0.01844465 -0.02247805 -0.27232118
v 0.03861451 -0.0229009 -0.28904984
v 0.00750686 0.0321144 -0.29110962
v 0.01427097 -0.00599263 -0.30124499
v -0.02305039 -0.02304214 -0.30971751
v 0.03247138 -0.02364533 -0.33313242
v -0.02292868 -0.02258428 -0.28070201
v 0.01515027 -0.02298073 -0.26057796
v 0.04403151 -0.02261166 -0.28888388
v -0.03483455 -0.03421169 -0.35566349
v 0.04759985 -0.03507012 -0.3664523
v -0.05454016 -0.0325483 -0.2634321
v 0.02284284 -0.03344991 -0.22581212
v 0.08892603 -0.03457636 -0.29168552
v -0.03483455 -0.03421169 -0.35566349
v 0.03652158 0.01962939 -0.34821325
v 0.04759985 -0.03507012 -0.3664523
v -0.02366847 0.02090144 -0.33254867
v -0.05454016 -0.0325483 -0.2634321
v -0.03162021 0.02052574 -0.27482448
v 0.02284284 -0.03344991 -0.22581212
v 0.01685421 0.02003163 -0.24306571
v 0.08892603 -0.03457636 -0.29168552
v 0.05755237 0.0206666 -0.28713929
v -0.0026369 0.07528404 -0.32139107
v 0.02774817 0.07623899 -0.32598958
v -0.00761046 0.0755243 -0.2886085
v 0.0197495 0.07574732 -0.27942561
v 0.03482102 0.07532446 -0.29192577
v 0.01629398 0.13033971 -0.29638991
v 0.01055302 0.09785589 -0.30044019
v 0.01666112 0.09098282 -0.31729956
v 0.02851224 0.09085997 -0.30040831
v -0.00645817 0.09096037 -0.31091833
v -0.01013428 0.09083136 -0.28980583
v 0.01568177 0.09085266 -0.28313911
v 0.04647145 0.08421189 -0.30023182
v 0.020043 0.08434019 -0.33481469
v -0.01663603 0.08422081 -0.32123565
v -0.01485881 0.08421962 -0.27901098
v 0.02332509 0.08431346 -0.26649386
v 0.01930744 0.11589671 -0.32341555
v 0.04177664 0.11586514 -0.3004323
v 0.04647145 0.08421189 -0.30023182
v 0.020043 0.08434019 -0.33481469
v -0.00748429 0.11568427 -0.31446426
v -0.01663603 0.08422081 -0.32123565
v -0.01485881 0.08421962 -0.27901098
v -0.00854898 0.11596082 -0.28631455
v 0.02332509 0.08431346 -0.26649386
v 0.01996363 0.11603624 -0.27786826
v 0.02354689 0.14723998 -0.30028036
v 0.0114148 0.14717055 -0.31196841
v -0.0029407 0.14741643 -0.30726138
v 0.00059721 0.14744906 -0.29318644
v 0.01306218 0.14717129 -0.28919472
v 0.01035589 0.17882074 -0.30044882
vn 0.18592 -0.4576 -0.8695
vn 0.18592 -0.4576 -0.8695
vn 0.18592 -0.4576 -0.8695
vn 0.31416 -0.00988 -0.94932
vn 0.31416 -0.00988 -0.94932
vn 0.31416 -0.00988 -0.94932
vn 0.14657 0.29126 -0.94535
vn 0.13846 0.28701 -0.94787
vn 0.13843 0.287 -0.94788
vn -0.26183 0.27616 -0.92476
vn -0.26183 0.27616 -0.92476
vn -0.41823 -0.12497 -0.8997
vn -0.41823 -0.12497 -0.8997
vn -0.41823 -0.12497 -0.8997
vn 0.05525 -0.25366 -0.96571
vn 0.05525 -0.25366 -0.96571
vn 0.36964 -0.07181 -0.9264
vn 0.36964 -0.07181 -0.9264
vn 0.36964 -0.07181 -0.9264
vn 0.36964 -0.07181 -0.9264
vn 0.13454 0.28496 -0.94905
vn 0.13454 0.28496 -0.94905
vn -0.23091 0.22715 -0.94609
vn -0.23091 0.22715 -0.94609
vn -0.23091 0.22715 -0.94609
vn -0.23091 0.22715 -0.94609
vn -0.26254 -0.12584 -0.95668
vn -0.26254 -0.12584 -0.95668
vn -0.15856 0.88164 0.44449
vn -0.15856 0.88164 0.44449
vn -0.15856 0.88164 0.44449
vn -0.15856 0.88164 0.44449
vn -0.89929 0.16845 0.40361
vn -0.89929 0.16845 0.40361
vn -0.89929 0.16845 0.40361
vn -0.89929 0.16845 0.40361
vn -0.44301 -0.80944 0.38542
vn -0.44301 -0.80944 0.38542
vn 0.6575 -0.63722 0.40205
vn 0.6575 -0.63722 0.40205
vn 0.6575 -0.63722 0.40205
vn 0.78266 0.36353 0.50526
vn 0.78266 0.36353 0.50526
vn 0.78266 0.36353 0.50526
vn 0.78266 0.36353 0.50526
vn -0.19995 0.89835 0.39113
vn -0.19995 0.89835 0.39113
vn -0.19995 0.89835 0.39113
vn -0.19995 0.89835 0.39113
vn -0.87075 0.12382 0.47588
vn -0.87075 0.12382 0.47588
vn -0.87075 0.12382 0.47588
vn -0.87075 0.12382 0.47588
vn -0.39024 -0.72562 0.56673
vn -0.39024 -0.72562 0.56673
vn 0.63074 -0.62307 0.46255
vn 0.88321 0.26127 0.38947
vn 0.88321 0.26127 0.38947
vn -0.13452 0.79764 0.58793
vn -0.13452 0.79764 0.58793
vn -0.90299 0.13922 0.40648
vn -0.90299 0.13922 0.40648
vn -0.90299 0.13922 0.40648
vn -0.30918 -0.91659 0.25351
vn -0.30918 -0.91659 0.25351
vn -0.30918 -0.91659 0.25351
vn 0.5988 -0.71275 0.36527
vn 0.5988 -0.71275 0.36527
vn 0.86065 0.16907 0.48031
vn 0.23136 -0.56893 -0.78917
vn 0.23136 -0.56893 -0.78917
vn 0.23136 -0.56893 -0.78917
vn 0.41312 -0.01264 -0.91059
vn 0.41312 -0.01264 -0.91059
vn 0.41312 -0.01264 -0.91059
vn 0.19236 0.3818 -0.90401
vn 0.19236 0.3818 -0.90401
vn -0.33827 0.3565 -0.87091
vn -0.33827 0.3565 -0.87091
vn -0.53067 -0.15809 -0.83271
vn -0.53067 -0.15809 -0.83271
vn 0.05825 -0.27593 -0.95941
vn 0.05825 -0.27593 -0.95941
vn 0.39345 -0.07957 -0.91589
vn 0.39345 -0.07957 -0.91589
vn 0.39345 -0.07957 -0.91589
vn 0.14178 0.30467 -0.94185
vn 0.14178 0.30467 -0.94185
vn -0.25055 0.24511 -0.93656
vn -0.25055 0.24511 -0.93656
vn -0.25055 0.24511 -0.93656
vn -0.28574 -0.13914 -0.94815
vn -0.28574 -0.13914 -0.94815
vn -0.16597 0.92282 0.34765
vn -0.16597 0.92282 0.34765
vn -0.16597 0.92282 0.34765
vn -0.16597 0.92282 0.34765
vn -0.9335 0.17486 0.31306
vn -0.9335 0.17486 0.31306
vn -0.4583 -0.83737 0.29794
vn -0.4583 -0.83737 0.29794
vn -0.4583 -0.83737 0.29794
vn 0.6823 -0.66126 0.31175
vn 0.6823 -0.66126 0.31175
vn 0.6823 -0.66126 0.31175
vn 0.6823 -0.66126 0.31175
vn 0.8309 0.38594 0.40082
vn 0.8309 0.38594 0.40082
vn 0.8309 0.38594 0.40082
vn 0.8309 0.38594 0.40082
vn -0.20707 0.93033 0.30267
vn -0.20707 0.93033 0.30267
vn -0.20707 0.93033 0.30267
vn -0.91786 0.13052 0.37483
vn -0.91786 0.13052 0.37483
vn -0.91786 0.13052 0.37483
vn -0.91786 0.13052 0.37483
vn -0.42126 -0.7833 0.45714
vn -0.42126 -0.7833 0.45714
vn -0.42126 -0.7833 0.45714
vn -0.42126 -0.7833 0.45714
vn 0.66283 -0.65477 0.36322
vn 0.66283 -0.65477 0.36322
vn 0.66283 -0.65477 0.36322
vn 0.91436 0.27049 0.30129
vn 0.91436 0.27049 0.30129
vn 0.91436 0.27049 0.30129
vn -0.14742 0.8805 0.45053
vn -0.14742 0.88051 0.45053
vn -0.91461 0.14153 0.37876
vn -0.91461 0.14153 0.37876
vn -0.91461 0.14153 0.37876
vn -0.3088 -0.91365 0.26436
vn -0.3088 -0.91365 0.26436
vn -0.3088 -0.91365 0.26436
vn 0.61941 -0.73774 0.26846
vn 0.61941 -0.73774 0.26846
vn 0.9356 0.18621 0.29996
vn 0.9356 0.18621 0.29996
vn 0.9356 0.18621 0.29996
vn -0.35266 -0.24086 -0.90422
vn -0.35198 -0.25215 -0.90141
vn -0.35199 -0.25197 -0.90145
vn 0.1141 -0.41021 -0.90483
vn 0.1141 -0.41021 -0.90483
vn 0.1141 -0.41021 -0.90483
vn 0.34607 -0.05453 -0.93662
vn 0.34607 -0.05453 -0.93662
vn 0.34607 -0.05453 -0.93662
vn 0.10392 0.3995 -0.91083
vn 0.10392 0.3995 -0.91083
vn -0.35005 0.26046 -0.89979
vn -0.35005 0.26046 -0.89979
vn -0.35167 -0.25713 -0.90012
vn 0.13635 -0.40204 -0.90541
vn 0.13635 -0.40204 -0.90541
vn 0.13635 -0.40204 -0.90541
vn 0.13635 -0.40204 -0.90541
vn 0.6675 -0.01848 -0.74438
vn 0.6675 -0.01848 -0.74438
vn 0.6675 -0.01848 -0.74438
vn 0.13344 0.43983 -0.88811
vn 0.13344 0.43983 -0.88811
vn 0.13344 0.43983 -0.88811
vn -0.32403 0.22685 -0.91845
vn -0.32403 0.22685 -0.91845
vn -0.32403 0.22685 -0.91845
vn -0.32403 0.22685 -0.91845
vn 0.75033 0.63685 0.17729
vn 0.75033 0.63685 0.17729
vn 0.75033 0.63685 0.17729
vn 0.75033 0.63685 0.17729
vn -0.32033 0.89798 0.30169
vn -0.32033 0.89798 0.30169
vn -0.32033 0.89798 0.30169
vn -0.9713 -0.0089 0.23768
vn -0.9713 -0.0089 0.23768
vn -0.9713 -0.0089 0.23768
vn -0.9713 -0.0089 0.23768
vn -0.28361 -0.91708 0.28024
vn -0.28827 -0.91488 0.28265
vn -0.28388 -0.91695 0.28038
vn -0.28827 -0.91488 0.28265
vn 0.76473 -0.60966 0.20856
vn 0.76473 -0.60966 0.20856
vn 0.76473 -0.60966 0.20856
vn 0.65101 0.65013 0.39182
vn 0.65101 0.65013 0.39182
vn 0.65101 0.65013 0.39182
vn 0.65101 0.65013 0.39182
vn -0.3044 0.91765 0.25545
vn -0.3044 0.91765 0.25545
vn -0.9759 -0.05562 0.21103
vn -0.9759 -0.05562 0.21103
vn -0.27781 -0.91976 0.27724
vn -0.27781 -0.91976 0.27724
vn 0.66717 -0.6392 0.38249
vn 0.66717 -0.6392 0.38249
vn 0.66632 0.69326 0.27462
vn 0.66632 0.69326 0.27462
vn -0.14563 0.65707 0.73963
vn -0.29039 0.90228 0.31868
vn -0.29039 0.90228 0.31868
vn -0.29039 0.90228 0.31868
vn -0.91327 -0.22878 0.33705
vn -0.91327 -0.22878 0.33705
vn -0.28493 -0.91058 0.29943
vn 0.69368 -0.65789 0.29325
vn 0.69368 -0.65789 0.29325
vt 0.75652 0.79436
vt 0.83514 0.70956
vt 0.65578 0.74722
vt 0.8851 0.78225
vt 0.82477 0.89851
vt 0.70353 0.87776
vt 0.78501 0.57515
vt 0.56023 0.69099
vt 0.99405 0.77142
vt 0.86576 0.9995
vt 0.58644 0.94938
vt 0.19519 0.44041
vt 0.45211 0.54895
vt 0.51745 0.50826
vt 0.20659 0.52828
vt 0.0005 0.75788
vt 0.10111 0.73303
vt 0.24035 0.9995
vt 0.24061 0.9149
vt 0.57379 0.84078
vt 0.45056 0.80378
vt 0.27055 0.58467
vt 0.39015 0.60706
vt 0.20894 0.70025
vt 0.29915 0.7702
vt 0.37188 0.74345
vt 0.28703 0.69446
vt 0.78242 0.16671
vt 0.84391 0.10509
vt 0.70753 0.12914
vt 0.87985 0.1612
vt 0.83143 0.24751
vt 0.74038 0.22886
vt 0.80938 0.00256
vt 0.63678 0.08453
vt 0.96241 0.15586
vt 0.85992 0.32495
vt 0.65021 0.28027
vt 0.3722 0.0005
vt 0.57568 0.11096
vt 0.63576 0.08907
vt 0.3718 0.0694
vt 0.17751 0.24719
vt 0.26312 0.23063
vt 0.35478 0.47325
vt 0.36213 0.39674
vt 0.65012 0.37313
vt 0.54916 0.32419
vt 0.41861 0.11717
vt 0.51667 0.14757
vt 0.35551 0.20792
vt 0.42424 0.27537
vt 0.48789 0.26013
vt 0.43877 0.20309
vt 0.84195 0.53697
vt 0.87997 0.5538
vt 0.87006 0.50738
vt 0.83295 0.58276
vt 0.79157 0.55589
vt 0.82081 0.50195
vt 0.89793 0.47753
vt 0.91481 0.57623
vt 0.83439 0.61678
vt 0.76595 0.54763
vt 0.80472 0.46367
vt 0.57995 0.42997
vt 0.69261 0.39543
vt 0.70114 0.39182
vt 0.544 0.41981
vt 0.56419 0.53197
vt 0.52675 0.5616
vt 0.66745 0.62634
vt 0.65421 0.58233
vt 0.77234 0.52327
vt 0.7296 0.50386
vt 0.66252 0.44366
vt 0.60404 0.46355
vt 0.5953 0.51792
vt 0.64715 0.52993
vt 0.68108 0.49623
vt 0.63984 0.47493
usemtl mat3
f 2138/1907/5267 2139/1908/5268 2140/1909/5269
f 2138/1907/5270 2141/1910/5271 2139/1908/5272
f 2138/1907/5273 2142/1911/5274 2141/1910/5275
f 2138/1907/5276 2143/1912/5276 2142/1911/5277
f 2138/1907/5278 2140/1909/5279 2143/1912/5280
f 2140/1909/5281 2139/1908/5281 2144/1913/5282
f 2140/1909/5281 2144/1913/5282 2145/1914/5281
f 2146/1915/5283 2139/1908/5284 2141/1910/5285
f 2146/1915/5283 2144/1913/5286 2139/1908/5284
f 2146/1915/5287 2142/1911/5274 2147/1916/5288
f 2142/1911/5274 2146/1915/5287 2141/1910/5275
f 2143/1912/5289 2147/1916/5290 2142/1911/5291
f 2147/1916/5290 2143/1912/5289 2148/1917/5292
f 2148/1917/5293 2140/1909/5294 2145/1914/5294
f 2140/1909/5294 2148/1917/5293 2143/1912/5293
f 2149/1918/5295 2150/1919/5296 2151/1920/5297
f 2150/1919/5296 2149/1918/5295 2152/1921/5298
f 2153/1922/5299 2152/1921/5300 2149/1918/5301
f 2152/1921/5300 2153/1922/5299 2154/1923/5302
f 2154/1923/5303 2155/1924/5304 2156/1925/5303
f 2155/1924/5304 2154/1923/5303 2153/1922/5303
f 2156/1925/5305 2157/1926/5306 2158/1927/5307
f 2157/1926/5306 2156/1925/5305 2155/1924/5305
f 2150/1919/5308 2158/1927/5309 2157/1926/5310
f 2157/1926/5310 2151/1920/5311 2150/1919/5308
f 2150/1919/5312 2152/1921/5313 2159/1928/5314
f 2150/1919/5312 2159/1928/5314 2160/1929/5315
f 2152/1921/5316 2154/1923/5317 2161/1930/5318
f 2152/1921/5316 2161/1930/5318 2159/1928/5319
f 2161/1930/5320 2156/1925/5321 2162/1931/5321
f 2156/1925/5321 2161/1930/5320 2154/1923/5320
f 2162/1931/5322 2158/1927/5322 2163/1932/5322
f 2158/1927/5322 2162/1931/5322 2156/1925/5322
f 2160/1929/5323 2163/1932/5324 2158/1927/5323
f 2158/1927/5323 2150/1919/5324 2160/1929/5323
f 2160/1929/5325 2159/1928/5325 2164/1933/5326
f 2159/1928/5327 2161/1930/5328 2164/1933/5329
f 2161/1930/5330 2162/1931/5331 2164/1933/5332
f 2162/1931/5333 2163/1932/5334 2164/1933/5334
f 2163/1932/5335 2160/1929/5335 2164/1933/5335
f 2165/1934/5336 2166/1935/5337 2167/1936/5338
f 2165/1934/5339 2168/1937/5340 2166/1935/5341
f 2165/1934/5342 2169/1938/5343 2168/1937/5342
f 2165/1934/5344 2170/1939/5345 2169/1938/5345
f 2165/1934/5346 2167/1936/5347 2170/1939/5346
f 2167/1936/5348 2166/1935/5348 2171/1940/5349
f 2167/1936/5348 2171/1940/5349 2172/1941/5348
f 2173/1942/5350 2166/1935/5351 2168/1937/5352
f 2173/1942/5350 2171/1940/5352 2166/1935/5351
f 2173/1942/5353 2169/1938/5354 2174/1943/5353
f 2169/1938/5354 2173/1942/5353 2168/1937/5353
f 2170/1939/5355 2174/1943/5356 2169/1938/5356
f 2174/1943/5356 2170/1939/5355 2175/1944/5357
f 2175/1944/5358 2167/1936/5359 2172/1941/5359
f 2167/1936/5359 2175/1944/5358 2170/1939/5359
f 2176/1945/5360 2177/1946/5361 2178/1947/5362
f 2177/1946/5361 2176/1945/5360 2179/1948/5363
f 2180/1949/5364 2179/1948/5365 2176/1945/5365
f 2179/1948/5365 2180/1949/5364 2181/1950/5365
f 2181/1950/5366 2182/1951/5367 2183/1952/5367
f 2182/1951/5367 2181/1950/5366 2180/1949/5368
f 2183/1952/5369 2184/1953/5370 2185/1954/5371
f 2184/1953/5370 2183/1952/5369 2182/1951/5372
f 2177/1946/5373 2185/1954/5374 2184/1953/5375
f 2184/1953/5375 2178/1947/5376 2177/1946/5373
f 2186/1955/5377 2187/1956/5378 2177/1946/5379
f 2177/1946/5379 2179/1948/5379 2186/1955/5377
f 2179/1948/5380 2181/1950/5381 2188/1957/5382
f 2179/1948/5380 2188/1957/5382 2186/1955/5383
f 2188/1957/5384 2183/1952/5385 2189/1958/5386
f 2183/1952/5385 2188/1957/5384 2181/1950/5387
f 2189/1958/5388 2185/1954/5388 2190/1959/5389
f 2185/1954/5388 2189/1958/5388 2183/1952/5390
f 2187/1956/5391 2190/1959/5392 2185/1954/5393
f 2185/1954/5393 2177/1946/5392 2187/1956/5391
f 2187/1956/5394 2186/1955/5394 2191/1960/5395
f 2186/1955/5396 2188/1957/5397 2191/1960/5398
f 2188/1957/5399 2189/1958/5400 2191/1960/5401
f 2189/1958/5402 2190/1959/5403 2191/1960/5402
f 2190/1959/5404 2187/1956/5405 2191/1960/5406
f 2192/1961/5407 2193/1962/5408 2194/1963/5409
f 2192/1961/5410 2195/1964/5411 2193/1962/5412
f 2192/1961/5413 2196/1965/5414 2195/1964/5415
f 2192/1961/5416 2197/1966/5416 2196/1965/5417
f 2192/1961/5418 2194/1963/5418 2197/1966/5419
f 2198/1967/5420 2193/1962/5408 2199/1968/5420
f 2193/1962/5408 2198/1967/5420 2194/1963/5409
f 2193/1962/5421 2195/1964/5422 2200/1969/5423
f 2193/1962/5421 2200/1969/5423 2199/1968/5424
f 2196/1965/5425 2200/1969/5426 2195/1964/5427
f 2201/1970/5426 2200/1969/5426 2196/1965/5425
f 2201/1970/5428 2197/1966/5429 2202/1971/5429
f 2197/1966/5429 2201/1970/5428 2196/1965/5430
f 2194/1963/5431 2202/1971/5432 2197/1966/5433
f 2202/1971/5432 2194/1963/5431 2198/1967/5434
f 2203/1972/5435 2204/1973/5436 2205/1974/5437
f 2205/1974/5437 2206/1975/5438 2203/1972/5435
f 2207/1976/5439 2203/1972/5440 2206/1975/5441
f 2206/1975/5441 2208/1977/5441 2207/1976/5439
f 2208/1977/5442 2209/1978/5443 2210/1979/5444
f 2208/1977/5442 2210/1979/5444 2207/1976/5445
f 2210/1979/5446 2211/1980/5447 2212/1981/5448
f 2211/1980/5447 2210/1979/5446 2209/1978/5449
f 2212/1981/5450 2205/1974/5451 2204/1973/5452
f 2205/1974/5451 2212/1981/5450 2211/1980/5452
f 2213/1982/5453 2204/1973/5454 2214/1983/5455
f 2204/1973/5454 2203/1972/5456 2214/1983/5455
f 2207/1976/5457 2214/1983/5458 2203/1972/5458
f 2214/1983/5458 2207/1976/5457 2215/1984/5457
f 2210/1979/5459 2215/1984/5460 2207/1976/5460
f 2215/1984/5460 2210/1979/5459 2216/1985/5460
f 2212/1981/5448 2216/1985/5461 2210/1979/5446
f 2216/1985/5461 2212/1981/5448 2217/1986/5462
f 2217/1986/5463 2204/1973/5464 2213/1982/5464
f 2204/1973/5464 2217/1986/5463 2212/1981/5464
f 2213/1982/5465 2214/1983/5466 2218/1987/5467
f 2214/1983/5468 2215/1984/5469 2218/1987/5470
f 2215/1984/5471 2216/1985/5472 2218/1987/5467
f 2216/1985/5473 2217/1986/5473 2218/1987/5473
f 2217/1986/5474 2213/1982/5474 2218/1987/5475
# Vertices: 81, normals: 209, texture coordinates: 81, faces: 120

o obj28
v 0.23146243 -0.18478871 -0.03746174
v 0.22800991 -0.18478871 -0.04150986
v 0.22804227 -0.18478871 -0.04641074
v 0.23192619 -0.18478871 -0.04876271
v 0.23698573 -0.18478871 -0.0492437
v 0.23899888 -0.18478871 -0.04525181
v 0.23626671 -0.18478871 -0.04005819
v 0.23395385 -0.17103136 -0.04773527
v 0.23539817 -0.17247567 -0.04387983
v 0.23698573 -0.18478871 -0.0492437
v 0.23192619 -0.18478871 -0.04876271
v 0.23180544 -0.16888295 -0.04828512
v 0.23395385 -0.17103136 -0.04773527
v 0.22804227 -0.18478871 -0.04641074
v 0.22972295 -0.16680046 -0.04569503
v 0.22800991 -0.18478871 -0.04150986
v 0.22946025 -0.16653776 -0.04202859
v 0.23146243 -0.18478871 -0.03746174
v 0.23149548 -0.16857298 -0.04004671
v 0.23626671 -0.18478871 -0.04005819
v 0.23364852 -0.17072603 -0.04112858
v 0.23513434 -0.15379047 -0.04554919
v 0.23596029 -0.15379047 -0.04364429
v 0.23289349 -0.15379047 -0.04628759
v 0.23513434 -0.15379047 -0.04554919
v 0.23102646 -0.15379047 -0.04470791
v 0.2307714 -0.15379047 -0.04234472
v 0.2327754 -0.15379047 -0.04097754
v 0.23530751 -0.15379047 -0.04129086
v 0.23289349 -0.15379047 -0.04628759
v 0.23102646 -0.15379047 -0.04470791
v 0.2307714 -0.15379047 -0.04234472
v 0.2327754 -0.15379047 -0.04097754
vn 0 0 -1
vn 0 0 -1
vn 0 0 -1
vn -0 0 -1
vn 0 0 -1
vn -0 0 -1
vn -0 0 -1
vn 0.867 0.43724 0.23901
vn 0.867 0.43724 0.23901
vn 0.92543 0.23547 0.29686
vn 0.92543 0.23547 0.29686
vn 0.92543 0.23547 0.29686
vn -0.0946 0.99509 0.02916
vn -0.0946 0.99509 0.02916
vn -0.0946 0.99509 0.02916
vn 0.41688 0.88902 0.18935
vn 0.41688 0.88902 0.18935
vn -0.51624 0.85249 0.08215
vn -0.51624 0.85249 0.08215
vn -0.77409 0.63294 0.01313
vn -0.77409 0.63294 0.01313
vn -0.77409 0.63294 0.01313
vn -0.99685 0.00658 0.07903
vn -0.99685 0.00658 0.07903
vn -0.99685 0.00658 0.07903
vn -0.99234 0.07797 0.09582
vn -0.99234 0.07797 0.09582
vn -0.7567 -0.64537 0.10442
vn -0.7567 -0.64537 0.10442
vn -0.7567 -0.64537 0.10442
vn -0.65705 -0.75025 0.07354
vn -0.65705 -0.75025 0.07354
vn -0.65705 -0.75025 0.07354
vn 0.46981 -0.8693 0.15364
vn 0.46981 -0.8693 0.15364
vn 0.54643 -0.82724 0.13076
vn 0.54643 -0.82724 0.13076
vn 0.86665 -0.45591 0.20264
vn 0.86665 -0.45591 0.20264
vn 0.86665 -0.45591 0.20264
vn 0.87917 -0.434 0.19672
vn 0.87917 -0.434 0.19672
vn 0.93396 0.35688 -0.0187
vn 0.93396 0.35688 -0.0187
vn 0.93396 0.35688 -0.0187
vn 0.91723 0.39771 -0.02258
vn 0.91723 0.39771 -0.02258
vn 0.91723 0.39771 -0.02258
vn 0.33884 0.93558 0.0994
vn 0.33884 0.93558 0.0994
vn 0.33884 0.93558 0.0994
vn 0.31144 0.94514 0.09852
vn 0.31144 0.94514 0.09852
vn 0.31144 0.94514 0.09852
vn -0.72227 0.68041 0.12399
vn -0.72227 0.68041 0.12399
vn -0.63899 0.75523 0.14602
vn -0.63899 0.75523 0.14602
vn -0.9919 0.07824 0.10008
vn -0.9919 0.07824 0.10008
vn -0.9885 0.10669 0.10714
vn -0.9885 0.10669 0.10714
vn -0.9885 0.10669 0.10714
vn -0.63896 -0.76227 0.10332
vn -0.63896 -0.76227 0.10332
vn -0.56184 -0.82354 0.07821
vn -0.56184 -0.82354 0.07821
vn -0.56184 -0.82354 0.07821
vn 0.42245 -0.9058 -0.0327
vn 0.42245 -0.9058 -0.0327
vn 0.42245 -0.9058 -0.0327
vn 0.12264 -0.9911 0.05179
vn 0.12264 -0.9911 0.05179
vn 0.12264 -0.9911 0.05179
vn 0.83404 -0.55077 -0.03203
vn 0.95958 -0.26616 -0.09145
vn 0.95958 -0.26616 -0.09145
vn 0 0 1
vn 0 0 1
vn 0 0 1
vn -0 0 1
vn 0 0 1
vn 0 0 1
vn -0 0 1
vt 0.07426 1
vt 0.22675 1
vt 0.49661 1
vt 0.68294 1
vt 0.89286 1
vt 0.75 1
vt 0.38482 1
vt 0.89286 0.5
vt 0.75 0.5
vt -0.10714 1
vt 0.03571 1
vt 0.03571 0.5
vt -0.10714 0.5
vt 0.17857 1
vt 0.17857 0.5
vt 0.32143 1
vt 0.32143 0.5
vt 0.46429 1
vt 0.46429 0.5
vt 0.60714 1
vt 0.60714 0.5
vt 0.89286 0
vt 0.75 0
vt 0.03571 0
vt -0.10714 0
vt 0.17857 0
vt 0.32143 0
vt 0.46429 0
vt 0.60714 0
vt 0.74616 0
vt 0.35921 0
vt 0.04735 0
vt 0.09328 0
usemtl mat0
f 2219/1988/5476 2220/1989/5477 2221/1990/5478
f 2221/1990/5478 2222/1991/5479 2223/1992/5480
f 2221/1990/5478 2223/1992/5480 2224/1993/5481
f 2219/1988/5476 2221/1990/5478 2224/1993/5481
f 2225/1994/5482 2219/1988/5476 2224/1993/5481
f 2224/1993/5483 2223/1992/5484 2226/1995/5483
f 2226/1995/5485 2227/1996/5486 2224/1993/5487
f 2228/1997/5488 2229/1998/5489 2230/1999/5490
f 2230/1999/5491 2231/2000/5492 2228/1997/5492
f 2229/1998/5493 2232/2001/5494 2233/2002/5493
f 2233/2002/5495 2230/1999/5496 2229/1998/5497
f 2232/2001/5498 2234/2003/5499 2235/2004/5500
f 2235/2004/5501 2233/2002/5502 2232/2001/5501
f 2234/2003/5503 2236/2005/5504 2237/2006/5505
f 2237/2006/5506 2235/2004/5507 2234/2003/5508
f 2236/2005/5509 2238/2007/5509 2239/2008/5510
f 2239/2008/5511 2237/2006/5512 2236/2005/5512
f 2238/2007/5513 2224/1993/5514 2227/1996/5515
f 2227/1996/5516 2239/2008/5517 2238/2007/5516
f 2227/1996/5518 2226/1995/5519 2240/2009/5520
f 2240/2009/5521 2241/2010/5522 2227/1996/5523
f 2231/2000/5524 2230/1999/5525 2242/2011/5526
f 2242/2011/5527 2243/2012/5528 2231/2000/5529
f 2230/1999/5530 2233/2002/5530 2244/2013/5531
f 2244/2013/5532 2242/2011/5533 2230/1999/5532
f 2233/2002/5534 2235/2004/5535 2245/2014/5535
f 2245/2014/5536 2244/2013/5537 2233/2002/5538
f 2235/2004/5539 2237/2006/5539 2246/2015/5540
f 2246/2015/5541 2245/2014/5542 2235/2004/5543
f 2237/2006/5544 2239/2008/5545 2247/2016/5546
f 2247/2016/5547 2246/2015/5548 2237/2006/5549
f 2239/2008/5550 2227/1996/5550 2241/2010/5550
f 2241/2010/5551 2247/2016/5552 2239/2008/5552
f 2241/2010/5553 2240/2009/5554 2248/2017/5555
f 2248/2017/5555 2249/2018/5556 2250/2019/5557
f 2248/2017/5555 2250/2019/5557 2251/2020/5558
f 2241/2010/5553 2248/2017/5555 2251/2020/5558
f 2247/2016/5559 2241/2010/5553 2251/2020/5558
# Vertices: 33, normals: 84, texture coordinates: 33, faces: 38

o obj29
v 0.46186747 -0.18481488 0.06267088
v 0.45781935 -0.18481488 0.0661234
v 0.45291847 -0.18481488 0.06609104
v 0.4505665 -0.18481488 0.06220712
v 0.45008551 -0.18481488 0.05714758
v 0.4540774 -0.18481488 0.05513443
v 0.45927102 -0.18481488 0.0578666
v 0.45159394 -0.15913629 0.06017946
v 0.45544938 -0.16183215 0.05873514
v 0.45008551 -0.18481488 0.05714758
v 0.4505665 -0.18481488 0.06220712
v 0.45104409 -0.1551262 0.06232787
v 0.45159394 -0.15913629 0.06017946
v 0.45291847 -0.18481488 0.06609104
v 0.45363418 -0.15123916 0.06441035
v 0.45781935 -0.18481488 0.0661234
v 0.45730063 -0.15074882 0.06467306
v 0.46186747 -0.18481488 0.06267088
v 0.45928251 -0.15454764 0.06263783
v 0.45927102 -0.18481488 0.0578666
v 0.45820064 -0.15856638 0.06048479
v 0.45378003 -0.12695555 0.05899897
v 0.45568493 -0.12695555 0.05817302
v 0.45304162 -0.12695555 0.06123982
v 0.45378003 -0.12695555 0.05899897
v 0.4546213 -0.12695555 0.06310685
v 0.4569845 -0.12695555 0.06336191
v 0.45835168 -0.12695555 0.06135791
v 0.45803836 -0.12695555 0.0588258
v 0.45304162 -0.12695555 0.06123982
v 0.4546213 -0.12695555 0.06310685
v 0.4569845 -0.12695555 0.06336191
v 0.45835168 -0.12695555 0.06135791
vn -0 -0 -1
vn -0 0 -1
vn -0 -0 -1
vn -0 -0 -1
vn -0 -0 -1
vn -0 -0 -1
vn -0 -0 -1
vn -0.44642 0.88522 0.13074
vn -0.44642 0.88522 0.13074
vn -0.44642 0.88522 0.13074
vn -0.24324 0.95595 0.16429
vn -0.24324 0.95595 0.16429
vn -0.24324 0.95595 0.16429
vn -0.99539 -0.09463 0.01563
vn -0.99539 -0.09463 0.01563
vn -0.99539 -0.09463 0.01563
vn -0.90061 0.42231 0.10277
vn -0.90061 0.42231 0.10277
vn -0.90061 0.42231 0.10277
vn -0.85455 -0.51749 0.04412
vn -0.85455 -0.51749 0.04412
vn -0.85455 -0.51749 0.04412
vn -0.63298 -0.77414 0.00703
vn -0.63298 -0.77414 0.00703
vn -0.63298 -0.77414 0.00703
vn -0.0066 -0.99908 0.04243
vn -0.0066 -0.99908 0.04243
vn -0.07822 -0.9956 0.0515
vn -0.07822 -0.9956 0.0515
vn -0.07822 -0.9956 0.0515
vn 0.64789 -0.75966 0.05616
vn 0.64789 -0.75966 0.05616
vn 0.64789 -0.75966 0.05616
vn 0.7517 -0.65832 0.03947
vn 0.7517 -0.65832 0.03947
vn 0.87671 0.47381 0.08301
vn 0.87671 0.47381 0.08301
vn 0.87671 0.47381 0.08301
vn 0.83232 0.54979 0.07048
vn 0.83232 0.54979 0.07048
vn 0.46274 0.87962 0.11019
vn 0.46274 0.87962 0.11019
vn 0.46274 0.87962 0.11019
vn 0.44012 0.89156 0.10688
vn 0.44012 0.89156 0.10688
vn 0.44012 0.89156 0.10688
vn -0.35693 0.93408 -0.01002
vn -0.35693 0.93408 -0.01002
vn -0.39778 0.9174 -0.0121
vn -0.39778 0.9174 -0.0121
vn -0.39778 0.9174 -0.0121
vn -0.93889 0.34004 0.05344
vn -0.93889 0.34004 0.05344
vn -0.93889 0.34004 0.05344
vn -0.94843 0.31253 0.05296
vn -0.94843 0.31253 0.05296
vn -0.68417 -0.72626 0.0668
vn -0.68417 -0.72626 0.0668
vn -0.76103 -0.6439 0.07883
vn -0.76103 -0.6439 0.07883
vn -0.07852 -0.99546 0.05381
vn -0.07852 -0.99546 0.05381
vn -0.07852 -0.99546 0.05381
vn -0.10713 -0.99257 0.05763
vn -0.10713 -0.99257 0.05763
vn 0.76518 -0.64141 0.05557
vn 0.76518 -0.64141 0.05557
vn 0.76518 -0.64141 0.05557
vn 0.82534 -0.56307 0.04199
vn 0.82534 -0.56307 0.04199
vn 0.90614 0.42261 -0.01753
vn 0.90614 0.42261 -0.01753
vn 0.90614 0.42261 -0.01753
vn 0.99205 0.12276 0.02777
vn 0.99205 0.12276 0.02777
vn 0.99205 0.12276 0.02777
vn 0.55098 0.83434 -0.01717
vn 0.55098 0.83435 -0.01717
vn 0.26696 0.96245 -0.04914
vn 0.26696 0.96245 -0.04914
vn 0.26696 0.96245 -0.04914
vn -0 0 1
vn 0 0 1
vn -0 0 1
vn -0 -0 1
vn -0 0 1
vn -0 0 1
vn -0 -0 1
vt 0.07426 1
vt 0.22675 1
vt 0.49661 1
vt 0.68294 1
vt 0.89286 1
vt 0.75 1
vt 0.38482 1
vt 0.89286 0.5
vt 0.75 0.5
vt -0.10714 1
vt 0.03571 1
vt 0.03571 0.5
vt -0.10714 0.5
vt 0.17857 1
vt 0.17857 0.5
vt 0.32143 1
vt 0.32143 0.5
vt 0.46429 1
vt 0.46429 0.5
vt 0.60714 1
vt 0.60714 0.5
vt 0.89286 0
vt 0.75 0
vt 0.03571 0
vt -0.10714 0
vt 0.17857 0
vt 0.32143 0
vt 0.46429 0
vt 0.60714 0
vt 0.74616 0
vt 0.35921 0
vt 0.04735 0
vt 0.09328 0
usemtl mat0
f 2252/2021/5560 2253/2022/5561 2254/2023/5562
f 2254/2023/5562 2255/2024/5563 2256/2025/5564
f 2254/2023/5562 2256/2025/5564 2257/2026/5565
f 2252/2021/5560 2254/2023/5562 2257/2026/5565
f 2258/2027/5566 2252/2021/5560 2257/2026/5565
f 2257/2026/5567 2256/2025/5568 2259/2028/5569
f 2259/2028/5570 2260/2029/5571 2257/2026/5572
f 2261/2030/5573 2262/2031/5574 2263/2032/5575
f 2263/2032/5576 2264/2033/5577 2261/2030/5578
f 2262/2031/5579 2265/2034/5580 2266/2035/5581
f 2266/2035/5582 2263/2032/5583 2262/2031/5584
f 2265/2034/5585 2267/2036/5585 2268/2037/5586
f 2268/2037/5587 2266/2035/5588 2265/2034/5589
f 2267/2036/5590 2269/2038/5591 2270/2039/5592
f 2270/2039/5593 2268/2037/5594 2267/2036/5594
f 2269/2038/5595 2271/2040/5596 2272/2041/5597
f 2272/2041/5598 2270/2039/5599 2269/2038/5598
f 2271/2040/5600 2257/2026/5601 2260/2029/5602
f 2260/2029/5603 2272/2041/5604 2271/2040/5605
f 2260/2029/5606 2259/2028/5606 2273/2042/5607
f 2273/2042/5608 2274/2043/5609 2260/2029/5610
f 2264/2033/5611 2263/2032/5612 2275/2044/5613
f 2275/2044/5614 2276/2045/5615 2264/2033/5615
f 2263/2032/5616 2266/2035/5616 2277/2046/5617
f 2277/2046/5618 2275/2044/5619 2263/2032/5619
f 2266/2035/5620 2268/2037/5621 2278/2047/5622
f 2278/2047/5623 2277/2046/5624 2266/2035/5623
f 2268/2037/5625 2270/2039/5626 2279/2048/5627
f 2279/2048/5628 2278/2047/5628 2268/2037/5629
f 2270/2039/5630 2272/2041/5631 2280/2049/5632
f 2280/2049/5633 2279/2048/5634 2270/2039/5635
f 2272/2041/5636 2260/2029/5637 2274/2043/5636
f 2274/2043/5638 2280/2049/5639 2272/2041/5640
f 2274/2043/5641 2273/2042/5642 2281/2050/5643
f 2281/2050/5643 2282/2051/5644 2283/2052/5645
f 2281/2050/5643 2283/2052/5645 2284/2053/5646
f 2274/2043/5641 2281/2050/5643 2284/2053/5646
f 2280/2049/5647 2274/2043/5641 2284/2053/5646
# Vertices: 33, normals: 88, texture coordinates: 33, faces: 38

o obj30
v -0.33581711 -0.18478871 0.4333488
v -0.3320853 -0.18478871 0.4295566
v -0.32720025 -0.18478871 0.4291617
v -0.32451873 -0.18478871 0.43282586
v -0.3235986 -0.18478871 0.43782422
v -0.32739984 -0.18478871 0.44017762
v -0.33281182 -0.18478871 0.43790851
v -0.32536553 -0.17103136 0.43493535
v -0.32908042 -0.17247567 0.43671019
v -0.3235986 -0.18478871 0.43782422
v -0.32451873 -0.18478871 0.43282586
v -0.32500502 -0.16888295 0.43274719
v -0.32536553 -0.17103136 0.43493535
v -0.32720025 -0.18478871 0.4291617
v -0.32776676 -0.16680046 0.43089837
v -0.3320853 -0.18478871 0.4295566
v -0.33144214 -0.16653776 0.43095622
v -0.33581711 -0.18478871 0.4333488
v -0.3332391 -0.16857298 0.43315643
v -0.33281182 -0.18478871 0.43790851
v -0.3319737 -0.17072603 0.43520699
v -0.32744041 -0.15379047 0.43630187
v -0.32926608 -0.15379047 0.4372907
v -0.32690012 -0.15379047 0.4340052
v -0.32744041 -0.15379047 0.43630187
v -0.32863651 -0.15379047 0.43228295
v -0.33101294 -0.15379047 0.43223482
v -0.33220026 -0.15379047 0.43435035
v -0.33166745 -0.15379047 0.43684552
v -0.32690012 -0.15379047 0.4340052
v -0.32863651 -0.15379047 0.43228295
v -0.33101294 -0.15379047 0.43223482
v -0.33220026 -0.15379047 0.43435035
vn 0 0 -1
vn 0 0 -1
vn 0 0 -1
vn 0 0 -1
vn 0 0 -1
vn 0 0 -1
vn 0 0 -1
vn 0.51114 -0.8256 0.23901
vn 0.51114 -0.8256 0.23901
vn 0.31523 -0.90139 0.29686
vn 0.31523 -0.90139 0.29686
vn 0.31523 -0.90139 0.29686
vn 0.98306 0.18097 0.02916
vn 0.98306 0.18097 0.02916
vn 0.92197 -0.33781 0.18935
vn 0.92197 -0.33781 0.18935
vn 0.92197 -0.33781 0.18935
vn 0.80426 0.58858 0.08215
vn 0.80426 0.58858 0.08215
vn 0.56307 0.82631 0.01313
vn 0.56307 0.82631 0.01313
vn -0.08032 0.99363 0.07903
vn -0.08032 0.99363 0.07903
vn -0.00882 0.99536 0.09582
vn -0.00882 0.99536 0.09582
vn -0.70886 0.69757 0.10442
vn -0.80466 0.58916 0.07354
vn -0.80466 0.58916 0.07354
vn -0.80466 0.58916 0.07354
vn -0.82504 -0.54378 0.15364
vn -0.82504 -0.54378 0.15364
vn -0.77646 -0.61645 0.13076
vn -0.77646 -0.61645 0.13076
vn -0.37864 -0.90309 0.20264
vn -0.37864 -0.90309 0.20264
vn -0.37864 -0.90309 0.20264
vn -0.35573 -0.91365 0.19672
vn -0.35573 -0.91365 0.19672
vn 0.43692 -0.8993 -0.0187
vn 0.43692 -0.8993 -0.0187
vn 0.43692 -0.8993 -0.0187
vn 0.47614 -0.87908 -0.02258
vn 0.47614 -0.87908 -0.02258
vn 0.96155 -0.25601 0.0994
vn 0.96155 -0.25601 0.0994
vn 0.96869 -0.22788 0.09852
vn 0.96869 -0.22788 0.09852
vn 0.96869 -0.22788 0.09852
vn 0.61487 0.77882 0.12399
vn 0.61487 0.77882 0.12399
vn 0.69666 0.70238 0.14602
vn 0.69666 0.70238 0.14602
vn -0.00851 0.99494 0.10008
vn -0.00851 0.99494 0.10008
vn 0.02013 0.99404 0.10714
vn 0.02013 0.99404 0.10714
vn 0.02013 0.99404 0.10714
vn -0.81505 0.5701 0.10332
vn -0.81505 0.5701 0.10332
vn -0.81505 0.5701 0.10332
vn -0.86937 0.48793 0.07821
vn -0.86937 0.48793 0.07821
vn -0.86937 0.48793 0.07821
vn -0.86553 -0.49978 -0.0327
vn -0.86553 -0.49978 -0.0327
vn -0.86553 -0.49978 -0.0327
vn -0.97664 -0.20855 0.05179
vn -0.97664 -0.20855 0.05179
vn -0.97664 -0.20855 0.05179
vn -0.47599 -0.87887 -0.03203
vn -0.47599 -0.87887 -0.03203
vn -0.47599 -0.87887 -0.03203
vn -0.18152 -0.97913 -0.09145
vn -0.18152 -0.97913 -0.09145
vn -0.18152 -0.97913 -0.09145
vn 0 -0 1
vn 0 0 1
vn 0 -0 1
vn 0 0 1
vn 0 -0 1
vn 0 -0 1
vn 0 0 1
vt 0.07426 1
vt 0.22675 1
vt 0.49661 1
vt 0.68294 1
vt 0.89286 1
vt 0.75 1
vt 0.38482 1
vt 0.89286 0.5
vt 0.75 0.5
vt -0.10714 1
vt 0.03571 1
vt 0.03571 0.5
vt -0.10714 0.5
vt 0.17857 1
vt 0.17857 0.5
vt 0.32143 1
vt 0.32143 0.5
vt 0.46429 1
vt 0.46429 0.5
vt 0.60714 1
vt 0.60714 0.5
vt 0.89286 0
vt 0.75 0
vt 0.03571 0
vt -0.10714 0
vt 0.17857 0
vt 0.32143 0
vt 0.46429 0
vt 0.60714 0
vt 0.74616 0
vt 0.35921 0
vt 0.04735 0
vt 0.09328 0
usemtl mat0
f 2285/2054/5648 2286/2055/5649 2287/2056/5650
f 2287/2056/5650 2288/2057/5651 2289/2058/5652
f 2287/2056/5650 2289/2058/5652 2290/2059/5653
f 2285/2054/5648 2287/2056/5650 2290/2059/5653
f 2291/2060/5654 2285/2054/5648 2290/2059/5653
f 2290/2059/5655 2289/2058/5656 2292/2061/5655
f 2292/2061/5657 2293/2062/5658 2290/2059/5659
f 2294/2063/5660 2295/2064/5661 2296/2065/5660
f 2296/2065/5662 2297/2066/5663 2294/2063/5664
f 2295/2064/5665 2298/2067/5666 2299/2068/5665
f 2299/2068/5667 2296/2065/5668 2295/2064/5667
f 2298/2067/5669 2300/2069/5670 2301/2070/5670
f 2301/2070/5671 2299/2068/5671 2298/2067/5672
f 2300/2069/5673 2302/2071/5673 2303/2072/5673
f 2303/2072/5674 2301/2070/5675 2300/2069/5676
f 2302/2071/5677 2304/2073/5677 2305/2074/5678
f 2305/2074/5679 2303/2072/5679 2302/2071/5680
f 2304/2073/5681 2290/2059/5682 2293/2062/5683
f 2293/2062/5684 2305/2074/5685 2304/2073/5685
f 2293/2062/5686 2292/2061/5687 2306/2075/5688
f 2306/2075/5689 2307/2076/5689 2293/2062/5690
f 2297/2066/5691 2296/2065/5692 2308/2077/5692
f 2308/2077/5693 2309/2078/5694 2297/2066/5695
f 2296/2065/5696 2299/2068/5697 2310/2079/5696
f 2310/2079/5698 2308/2077/5698 2296/2065/5699
f 2299/2068/5700 2301/2070/5701 2311/2080/5700
f 2311/2080/5702 2310/2079/5703 2299/2068/5704
f 2301/2070/5705 2303/2072/5706 2312/2081/5707
f 2312/2081/5708 2311/2080/5709 2301/2070/5710
f 2303/2072/5711 2305/2074/5712 2313/2082/5713
f 2313/2082/5714 2312/2081/5715 2303/2072/5716
f 2305/2074/5717 2293/2062/5718 2307/2076/5719
f 2307/2076/5720 2313/2082/5721 2305/2074/5722
f 2307/2076/5723 2306/2075/5724 2314/2083/5725
f 2314/2083/5725 2315/2084/5726 2316/2085/5727
f 2314/2083/5725 2316/2085/5727 2317/2086/5728
f 2307/2076/5723 2314/2083/5725 2317/2086/5728
f 2313/2082/5729 2307/2076/5723 2317/2086/5728
# Vertices: 33, normals: 82, texture coordinates: 33, faces: 38

o obj31
v -0.75178377 -0.18948087 -0.40240726
v -0.73624029 -0.18948087 -0.40544631
v -0.72788931 -0.18948087 -0.39713084
v -0.73322326 -0.18948087 -0.38273428
v -0.74768628 -0.18948087 -0.37542826
v -0.76071382 -0.18948087 -0.37853413
v -0.76276454 -0.18948087 -0.39142422
v -0.74782423 -0.12414526 -0.37916748
v -0.75755828 -0.12414526 -0.38163861
v -0.74768628 -0.18948087 -0.37542826
v -0.73322326 -0.18948087 -0.38273428
v -0.73636021 -0.12414526 -0.38514276
v -0.74782423 -0.12414526 -0.37916748
v -0.72788931 -0.18948087 -0.39713084
v -0.73211642 -0.12414526 -0.39527239
v -0.73624029 -0.18948087 -0.40544631
v -0.73936214 -0.12414526 -0.40077882
v -0.75178377 -0.18948087 -0.40240726
v -0.75065985 -0.12414526 -0.39893389
v -0.76276454 -0.18948087 -0.39142422
v -0.75902783 -0.12414526 -0.39041596
v -0.74577596 -0.05880964 -0.38395478
v -0.75445706 -0.05880964 -0.38413504
v -0.73913217 -0.05880964 -0.38739776
v -0.74577596 -0.05880964 -0.38395478
v -0.73623287 -0.05880964 -0.39338117
v -0.74225803 -0.05880963 -0.39596042
v -0.74936251 -0.05880963 -0.39556129
v -0.75329666 -0.05880963 -0.39099061
v -0.74564286 0.00652595 -0.38589585
v -0.75106024 0.00652595 -0.3870514
v -0.73605882 0.00652595 -0.38668212
v -0.74564286 0.00652595 -0.38589585
v -0.74210415 0.00652595 -0.39745054
v -0.74293337 0.00652597 -0.39797941
v -0.75061045 0.00652594 -0.39718344
v -0.7538812 0.00652594 -0.39003103
v -0.73605882 0.00652595 -0.38668212
v -0.74210415 0.00652595 -0.39745054
v -0.74293337 0.00652597 -0.39797941
v -0.75061045 0.00652594 -0.39718344
v -0.75577075 -0.09721366 -0.38532553
v -0.75454556 -0.09475221 -0.38987103
v -0.75040081 -0.09177223 -0.39280357
v -0.74596745 -0.09034213 -0.39185021
v -0.7423658 -0.09004967 -0.38905235
v -0.74445313 -0.09247692 -0.38541911
v -0.75055012 -0.0956349 -0.3839578
v -0.75802726 -0.06392297 -0.381063
v -0.75904935 -0.06910647 -0.37879669
v -0.7423658 -0.09004967 -0.38905235
v -0.74596745 -0.09034213 -0.39185021
v -0.76087037 -0.05936534 -0.38131061
v -0.75802726 -0.06392297 -0.381063
v -0.75040081 -0.09177223 -0.39280357
v -0.76625445 -0.05684652 -0.3796693
v -0.75454556 -0.09475221 -0.38987103
v -0.76974415 -0.05855947 -0.37745041
v -0.75577075 -0.09721366 -0.38532553
v -0.76828032 -0.06376537 -0.37633573
v -0.75055012 -0.0956349 -0.3839578
v -0.7640569 -0.06733995 -0.37707124
v -0.77475656 -0.03136047 -0.36783339
v -0.77583774 -0.03251873 -0.36618184
v -0.77555105 -0.03091148 -0.36964569
v -0.77475656 -0.03136047 -0.36783339
v -0.77806011 -0.031872 -0.36983345
v -0.78021 -0.03330892 -0.36856552
v -0.78009431 -0.03414025 -0.36651899
v -0.77823072 -0.03394973 -0.3651625
v -0.77555105 -0.03091148 -0.36964569
v -0.77806011 -0.031872 -0.36983345
v -0.78021 -0.03330892 -0.36856552
v -0.78009431 -0.03414025 -0.36651899
v -0.74144144 -0.11809039 -0.38746113
v -0.74604825 -0.11612365 -0.38926769
v -0.74814103 -0.11724126 -0.39279072
v -0.74594528 -0.12099074 -0.39570832
v -0.74196785 -0.12530029 -0.39765771
v -0.73857607 -0.12608399 -0.39543495
v -0.73859007 -0.12265874 -0.39084585
v -0.72171882 -0.08925937 -0.41091322
v -0.71766004 -0.09071498 -0.41017034
v -0.74196785 -0.12530029 -0.39765771
v -0.74594528 -0.12099074 -0.39570832
v -0.72580706 -0.08814166 -0.40895464
v -0.72171882 -0.08925937 -0.41091322
v -0.74814103 -0.11724126 -0.39279072
v -0.72859583 -0.08768915 -0.40521088
v -0.74604825 -0.11612365 -0.38926769
v -0.72769216 -0.08830676 -0.40276534
v -0.74144144 -0.11809039 -0.38746113
v -0.72327008 -0.08966075 -0.4037575
v -0.73859007 -0.12265874 -0.39084585
v -0.71978688 -0.09045098 -0.40668512
v -0.70214541 -0.07318652 -0.42288097
v -0.70063831 -0.07344861 -0.42177756
v -0.70431847 -0.0714896 -0.42269954
v -0.70214541 -0.07318652 -0.42288097
v -0.70517977 -0.06958725 -0.42097515
v -0.70436871 -0.06884944 -0.41920041
v -0.70211965 -0.07020968 -0.41885604
v -0.70016049 -0.07238262 -0.41988368
v -0.70431847 -0.0714896 -0.42269954
v -0.70517977 -0.06958725 -0.42097515
v -0.70436871 -0.06884944 -0.41920041
v -0.70211965 -0.07020968 -0.41885604
vn 0 -0 -1
vn 0 -0 -1
vn 0 -0 -1
vn 0 -0 -1
vn 0 -0 -1
vn 0.1146 -0.99188 0.0551
vn 0.1146 -0.99188 0.0551
vn 0.1146 -0.99188 0.0551
vn 0.10012 -0.99329 0.05784
vn 0.10012 -0.99329 0.05784
vn 0.72789 -0.68352 0.05447
vn 0.73664 -0.67431 0.05166
vn 0.73664 -0.67431 0.05166
vn 0.73664 -0.67431 0.05166
vn 0.9987 -0.00575 0.05072
vn 0.9987 -0.00575 0.05072
vn 0.99716 -0.04757 0.05843
vn 0.99716 -0.04757 0.05843
vn 0.99716 -0.04757 0.05843
vn 0.4192 0.904 0.08404
vn 0.4192 0.904 0.08404
vn 0.4192 0.904 0.08404
vn 0.2957 0.95329 0.06168
vn 0.2957 0.95329 0.06168
vn -0.51519 0.85529 0.05539
vn -0.51519 0.85529 0.05539
vn -0.51519 0.85529 0.05539
vn -0.48803 0.87057 0.06268
vn -0.48803 0.87057 0.06268
vn -0.90516 0.42197 0.05129
vn -0.90516 0.42197 0.05129
vn -0.90516 0.42197 0.05129
vn -0.90891 0.41405 0.04947
vn -0.90891 0.41405 0.04947
vn -0.90891 0.41405 0.04947
vn -0.87296 -0.48468 0.05508
vn -0.87296 -0.48468 0.05508
vn -0.87296 -0.48468 0.05508
vn -0.86906 -0.49178 0.05378
vn -0.86906 -0.49178 0.05378
vn 0.09998 -0.99189 0.07849
vn 0.09998 -0.99189 0.07849
vn 0.32219 -0.94586 0.03916
vn 0.7367 -0.67436 0.05015
vn 0.7367 -0.67436 0.05015
vn 0.7367 -0.67436 0.05015
vn 0.73509 -0.67608 0.05057
vn 0.73509 -0.67608 0.05057
vn 0.73509 -0.67608 0.05057
vn 0.99777 -0.0476 0.04687
vn 0.99777 -0.0476 0.04687
vn 0.99777 -0.0476 0.04687
vn 0.99338 -0.10183 0.05316
vn 0.99338 -0.10183 0.05316
vn 0.99338 -0.10183 0.05316
vn 0.29518 0.95163 0.08522
vn 0.29518 0.95163 0.08522
vn 0.05531 0.99715 0.05134
vn 0.05531 0.99715 0.05134
vn 0.05531 0.99715 0.05134
vn -0.48828 0.87101 0.05407
vn -0.48828 0.87101 0.05407
vn -0.48828 0.87101 0.05407
vn -0.3932 0.91671 0.07097
vn -0.3932 0.91671 0.07097
vn -0.90858 0.4139 0.05632
vn -0.90858 0.4139 0.05632
vn -0.90858 0.4139 0.05632
vn -0.93421 0.35338 0.04867
vn -0.93421 0.35338 0.04867
vn -0.86909 -0.4918 0.05305
vn -0.86909 -0.4918 0.05305
vn -0.86909 -0.4918 0.05305
vn -0.98006 -0.17975 0.08472
vn -0.98006 -0.17975 0.08472
vn 0.3223 -0.94617 0.02973
vn 0.3223 -0.94617 0.02973
vn 0.3223 -0.94617 0.02973
vn 0.13826 -0.9889 0.05442
vn 0.13826 -0.9889 0.05442
vn 0.13826 -0.9889 0.05442
vn 0.73567 -0.67662 -0.03135
vn 0.73567 -0.67662 -0.03135
vn 0.73567 -0.67662 -0.03135
vn 0.41753 -0.90819 0.02943
vn 0.41753 -0.90819 0.02943
vn 0.41753 -0.90819 0.02943
vn 0.98903 -0.10138 0.1074
vn 0.98903 -0.10138 0.1074
vn 0.98903 -0.10138 0.1074
vn 0.65156 0.75776 -0.03563
vn 0.65156 0.75776 -0.03563
vn 0.65156 0.75776 -0.03563
vn 0.05537 0.99817 -0.02433
vn 0.05537 0.99817 -0.02433
vn 0.05537 0.99817 -0.02433
vn 0.21694 0.97618 -0.00419
vn 0.21694 0.97618 -0.00419
vn -0.39406 0.91872 -0.02585
vn -0.39406 0.91872 -0.02585
vn -0.43688 0.89896 -0.03179
vn -0.43688 0.89896 -0.03179
vn -0.43688 0.89896 -0.03179
vn -0.93532 0.3538 0.0028
vn -0.93532 0.3538 0.0028
vn -0.99643 0.07972 -0.02769
vn -0.99643 0.07972 -0.02769
vn -0.98265 -0.18023 0.04377
vn -0.98265 -0.18023 0.04377
vn -0.98265 -0.18023 0.04377
vn -0.44718 -0.89429 -0.01659
vn -0.44718 -0.89429 -0.01659
vn -0.44718 -0.89429 -0.01659
vn -0 0 1
vn 0 0 1
vn -0 -0 1
vn 2E-05 2E-05 1
vn 0 0 1
vn -0 -0 1
vn -0 0 1
vn 0.20861 0.46847 -0.8585
vn 0.20861 0.46847 -0.8585
vn 0.20861 0.46847 -0.8585
vn 0.20861 0.46846 -0.8585
vn 0.20861 0.46847 -0.8585
vn 0.20861 0.46847 -0.8585
vn 0.20861 0.46847 -0.8585
vn 0.91206 -0.31393 0.2638
vn 0.91206 -0.31393 0.2638
vn 0.91206 -0.31393 0.2638
vn 0.85989 -0.4718 0.19491
vn 0.85989 -0.4718 0.19491
vn 0.85989 -0.4718 0.19491
vn 0.23773 0.84052 0.48684
vn 0.23773 0.84052 0.48684
vn 0.23773 0.84052 0.48684
vn 0.77764 0.34414 0.52615
vn 0.77764 0.34414 0.52615
vn 0.77764 0.34414 0.52615
vn -0.2444 0.89178 0.38078
vn -0.2444 0.89178 0.38078
vn -0.2444 0.89178 0.38078
vn -0.49504 0.83552 0.23842
vn -0.49504 0.83552 0.23842
vn -0.49504 0.83552 0.23842
vn -0.83104 0.55549 0.02852
vn -0.83104 0.55549 0.02852
vn -0.83104 0.55549 0.02852
vn -0.80615 0.58873 0.05928
vn -0.80615 0.58873 0.05928
vn -0.80615 0.58873 0.05928
vn -0.97079 0.04062 -0.23648
vn -0.97079 0.04062 -0.23648
vn -0.97079 0.04062 -0.23648
vn -0.9459 -0.09975 -0.30873
vn -0.9459 -0.09975 -0.30873
vn 0.17616 -0.93664 -0.30278
vn 0.17616 -0.93664 -0.30278
vn 0.17616 -0.93664 -0.30278
vn 0.2568 -0.92357 -0.28475
vn 0.2568 -0.92357 -0.28475
vn 0.58893 -0.8024 -0.0965
vn 0.58893 -0.8024 -0.0965
vn 0.60325 -0.79243 -0.09023
vn 0.60325 -0.79243 -0.09023
vn 0.60325 -0.79243 -0.09023
vn 0.93098 -0.34117 0.12989
vn 0.93098 -0.34117 0.12989
vn 0.93098 -0.34117 0.12989
vn 0.93991 -0.30863 0.146
vn 0.93991 -0.30863 0.146
vn 0.71998 0.46898 0.51155
vn 0.71998 0.46898 0.51155
vn 0.71998 0.46898 0.51155
vn 0.69413 0.50031 0.51757
vn 0.69413 0.50031 0.51757
vn 0.69413 0.50031 0.51757
vn -0.45928 0.83536 0.30206
vn -0.45928 0.83536 0.30206
vn -0.45928 0.83536 0.30206
vn -0.37984 0.85626 0.35006
vn -0.37984 0.85626 0.35006
vn -0.37984 0.85626 0.35006
vn -0.80645 0.58817 0.06081
vn -0.80645 0.58817 0.06081
vn -0.80645 0.58817 0.06081
vn -0.79598 0.60088 0.07317
vn -0.94354 -0.12983 -0.30477
vn -0.94354 -0.12983 -0.30477
vn -0.94354 -0.12983 -0.30477
vn -0.9059 -0.23279 -0.35378
vn -0.9059 -0.23279 -0.35378
vn 0.13925 -0.90712 -0.39716
vn 0.13925 -0.90712 -0.39716
vn 0.13925 -0.90712 -0.39716
vn -0.21204 -0.87006 -0.44502
vn -0.21204 -0.87006 -0.44502
vn 0.55927 -0.80183 -0.21043
vn 0.55927 -0.80183 -0.21043
vn 0.55927 -0.80183 -0.21043
vn 0.72588 -0.67656 -0.12397
vn 0.72588 -0.67656 -0.12397
vn 0.72588 -0.67656 -0.12397
vn -0.20861 -0.46847 0.8585
vn -0.20861 -0.46847 0.8585
vn -0.20861 -0.46847 0.8585
vn -0.20862 -0.46846 0.8585
vn -0.20861 -0.46847 0.8585
vn -0.20861 -0.46847 0.8585
vn -0.20862 -0.46846 0.8585
vn -0.2925 -0.65685 -0.69497
vn -0.2925 -0.65685 -0.69497
vn -0.2925 -0.65685 -0.69497
vn -0.2925 -0.65685 -0.69497
vn -0.2925 -0.65685 -0.69497
vn -0.2925 -0.65685 -0.69497
vn -0.2925 -0.65685 -0.69497
vn 0.10214 0.85841 -0.5027
vn 0.10214 0.85841 -0.5027
vn -0.28985 0.87074 -0.39724
vn -0.28985 0.87074 -0.39724
vn -0.75497 0.65354 -0.05388
vn -0.75497 0.65354 -0.05388
vn -0.75497 0.65354 -0.05388
vn -0.72539 0.68411 -0.07617
vn -0.72539 0.68411 -0.07617
vn -0.88711 0.43532 0.15342
vn -0.88711 0.43532 0.15342
vn -0.88711 0.43532 0.15342
vn -0.9259 0.30063 0.22874
vn -0.9259 0.30063 0.22874
vn -0.61778 -0.4903 0.61478
vn -0.61778 -0.4903 0.61478
vn -0.61778 -0.4903 0.61478
vn -0.49568 -0.61156 0.61668
vn -0.49568 -0.61156 0.61668
vn 0.19483 -0.81827 0.54081
vn 0.19483 -0.81827 0.54081
vn 0.19483 -0.81827 0.54081
vn 0.5845 -0.76902 0.25878
vn 0.5845 -0.76902 0.25878
vn 0.90814 -0.41233 -0.07258
vn 0.90814 -0.41233 -0.07258
vn 0.86826 -0.49554 0.02398
vn 0.86826 -0.49554 0.02398
vn 0.86826 -0.49554 0.02398
vn 0.91968 0.02043 -0.39215
vn 0.91968 0.02043 -0.39215
vn 0.91968 0.02043 -0.39215
vn 0.95209 -0.20673 -0.22537
vn 0.95209 -0.20673 -0.22536
vn 0.95209 -0.20673 -0.22537
vn -0.32888 0.76196 -0.5579
vn -0.32888 0.76196 -0.5579
vn -0.32888 0.76196 -0.5579
vn 0.09234 0.68222 -0.7253
vn -0.73077 0.66922 -0.1346
vn -0.73077 0.66922 -0.1346
vn -0.73077 0.66922 -0.1346
vn -0.59844 0.74377 -0.29777
vn -0.59844 0.74377 -0.29777
vn -0.86052 0.29958 0.41201
vn -0.86052 0.29958 0.41201
vn -0.86088 0.40486 0.30818
vn -0.86088 0.40486 0.30818
vn -0.86088 0.40486 0.30818
vn -0.27813 -0.49189 0.82504
vn -0.60165 -0.17943 0.77835
vn -0.60165 -0.17943 0.77835
vn 0.5903 -0.7259 0.353
vn 0.5903 -0.7259 0.353
vn 0.45404 -0.73468 0.50408
vn 0.45404 -0.73468 0.50408
vn 0.45404 -0.73468 0.50408
vn 0.85088 -0.51302 -0.11319
vn 0.85088 -0.51302 -0.11319
vn 0.85088 -0.51302 -0.11319
vn 0.78696 -0.61196 0.07879
vn 0.78696 -0.61196 0.07879
vn 0.78696 -0.61196 0.07879
vn 0.88525 -0.2059 -0.41705
vn 0.88525 -0.2059 -0.41705
vn 0.88525 -0.2059 -0.41705
vn 0.74974 0.07514 -0.65745
vn 0.74974 0.07514 -0.65745
vn 0.2925 0.65685 0.69497
vn 0.2925 0.65685 0.69497
vn 0.2925 0.65685 0.69497
vn 0.2925 0.65685 0.69497
vn 0.2925 0.65685 0.69497
vn 0.2925 0.65685 0.69497
vn 0.2925 0.65685 0.69497
vt 0.14539 1
vt 0.14425 1
vt 0.42214 1
vt 0.76566 1
vt 0.89286 1
vt 0.75 1
vt 0.38873 1
vt 0.89286 0.66667
vt 0.75 0.66667
vt -0.10714 1
vt 0.03571 1
vt 0.03571 0.66667
vt -0.10714 0.66667
vt 0.17857 1
vt 0.17857 0.66667
vt 0.32143 1
vt 0.32143 0.66667
vt 0.46429 1
vt 0.46429 0.66667
vt 0.60714 1
vt 0.60714 0.66667
vt 0.89286 0.33333
vt 0.75 0.33333
vt 0.03571 0.33333
vt -0.10714 0.33333
vt 0.17857 0.33333
vt 0.32143 0.33333
vt 0.46429 0.33333
vt 0.60714 0.33333
vt 0.89286 0
vt 0.75 0
vt 0.03571 0
vt -0.10714 0
vt 0.17857 0
vt 0.32143 0
vt 0.46429 0
vt 0.60714 0
vt 0.73317 0
vt 0.38668 0
vt 0.11422 0
vt 0.12003 0
vt 0.07426 1
vt 0.22675 1
vt 0.49661 1
vt 0.68294 1
vt 0.38482 1
vt 0.89286 0.5
vt 0.75 0.5
vt 0.03571 0.5
vt -0.10714 0.5
vt 0.17857 0.5
vt 0.32143 0.5
vt 0.46429 0.5
vt 0.60714 0.5
vt 0.74616 0
vt 0.35921 0
vt 0.04735 0
vt 0.09328 0
usemtl mat0
f 2318/2087/5730 2319/2088/5731 2320/2089/5730
f 2320/2089/5730 2321/2090/5730 2322/2091/5732
f 2320/2089/5730 2322/2091/5732 2323/2092/5733
f 2318/2087/5730 2320/2089/5730 2323/2092/5733
f 2324/2093/5734 2318/2087/5730 2323/2092/5733
f 2323/2092/5735 2322/2091/5736 2325/2094/5737
f 2325/2094/5738 2326/2095/5738 2323/2092/5739
f 2327/2096/5740 2328/2097/5740 2329/2098/5740
f 2329/2098/5741 2330/2099/5742 2327/2096/5743
f 2328/2097/5744 2331/2100/5744 2332/2101/5745
f 2332/2101/5746 2329/2098/5747 2328/2097/5748
f 2331/2100/5749 2333/2102/5750 2334/2103/5751
f 2334/2103/5752 2332/2101/5753 2331/2100/5752
f 2333/2102/5754 2335/2104/5755 2336/2105/5756
f 2336/2105/5757 2334/2103/5757 2333/2102/5758
f 2335/2104/5759 2337/2106/5760 2338/2107/5761
f 2338/2107/5762 2336/2105/5763 2335/2104/5764
f 2337/2106/5765 2323/2092/5766 2326/2095/5767
f 2326/2095/5768 2338/2107/5769 2337/2106/5769
f 2326/2095/5770 2325/2094/5771 2339/2108/5771
f 2339/2108/5772 2340/2109/5772 2326/2095/5772
f 2330/2099/5773 2329/2098/5774 2341/2110/5775
f 2341/2110/5776 2342/2111/5777 2330/2099/5778
f 2329/2098/5779 2332/2101/5780 2343/2112/5781
f 2343/2112/5782 2341/2110/5783 2329/2098/5784
f 2332/2101/5785 2334/2103/5786 2344/2113/5785
f 2344/2113/5787 2343/2112/5788 2332/2101/5789
f 2334/2103/5790 2336/2105/5791 2345/2114/5792
f 2345/2114/5793 2344/2113/5794 2334/2103/5793
f 2336/2105/5795 2338/2107/5796 2346/2115/5797
f 2346/2115/5798 2345/2114/5798 2336/2105/5799
f 2338/2107/5800 2326/2095/5801 2340/2109/5802
f 2340/2109/5803 2346/2115/5804 2338/2107/5803
f 2340/2109/5805 2339/2108/5806 2347/2116/5807
f 2347/2116/5808 2348/2117/5809 2340/2109/5810
f 2342/2111/5811 2341/2110/5812 2349/2118/5813
f 2349/2118/5814 2350/2119/5815 2342/2111/5816
f 2341/2110/5817 2343/2112/5818 2351/2120/5819
f 2351/2120/5820 2349/2118/5821 2341/2110/5822
f 2343/2112/5823 2344/2113/5824 2352/2121/5825
f 2352/2121/5826 2351/2120/5827 2343/2112/5826
f 2344/2113/5828 2345/2114/5829 2353/2122/5829
f 2353/2122/5830 2352/2121/5831 2344/2113/5832
f 2345/2114/5833 2346/2115/5833 2354/2123/5834
f 2354/2123/5835 2353/2122/5835 2345/2114/5836
f 2346/2115/5837 2340/2109/5838 2348/2117/5839
f 2348/2117/5840 2354/2123/5841 2346/2115/5842
f 2348/2117/5843 2347/2116/5844 2355/2124/5845
f 2355/2124/5845 2356/2125/5846 2357/2126/5847
f 2355/2124/5845 2357/2126/5847 2358/2127/5848
f 2348/2117/5843 2355/2124/5845 2358/2127/5848
f 2354/2123/5849 2348/2117/5843 2358/2127/5848
f 2359/2128/5850 2360/2129/5851 2361/2130/5852
f 2361/2130/5852 2362/2131/5853 2363/2091/5854
f 2361/2130/5852 2363/2091/5854 2364/2092/5855
f 2359/2128/5850 2361/2130/5852 2364/2092/5855
f 2365/2132/5856 2359/2128/5850 2364/2092/5855
f 2364/2092/5857 2363/2091/5858 2366/2133/5859
f 2366/2133/5860 2367/2134/5861 2364/2092/5862
f 2368/2096/5863 2369/2097/5864 2370/2135/5865
f 2370/2135/5866 2371/2136/5867 2368/2096/5868
f 2369/2097/5869 2372/2100/5870 2373/2137/5871
f 2373/2137/5872 2370/2135/5873 2369/2097/5874
f 2372/2100/5875 2374/2102/5876 2375/2138/5877
f 2375/2138/5878 2373/2137/5879 2372/2100/5880
f 2374/2102/5881 2376/2104/5882 2377/2139/5883
f 2377/2139/5884 2375/2138/5884 2374/2102/5885
f 2376/2104/5886 2378/2106/5887 2379/2140/5888
f 2379/2140/5889 2377/2139/5890 2376/2104/5889
f 2378/2106/5891 2364/2092/5891 2367/2134/5892
f 2367/2134/5893 2379/2140/5894 2378/2106/5895
f 2367/2134/5896 2366/2133/5897 2380/2116/5898
f 2380/2116/5899 2381/2117/5899 2367/2134/5900
f 2371/2136/5901 2370/2135/5902 2382/2118/5903
f 2382/2118/5904 2383/2119/5905 2371/2136/5906
f 2370/2135/5907 2373/2137/5908 2384/2120/5909
f 2384/2120/5910 2382/2118/5911 2370/2135/5912
f 2373/2137/5913 2375/2138/5914 2385/2121/5915
f 2385/2121/5916 2384/2120/5916 2373/2137/5916
f 2375/2138/5917 2377/2139/5918 2386/2122/5919
f 2386/2122/5920 2385/2121/5921 2375/2138/5920
f 2377/2139/5922 2379/2140/5923 2387/2123/5924
f 2387/2123/5925 2386/2122/5926 2377/2139/5926
f 2379/2140/5927 2367/2134/5928 2381/2117/5929
f 2381/2117/5930 2387/2123/5931 2379/2140/5932
f 2381/2117/5933 2380/2116/5934 2388/2141/5935
f 2388/2141/5935 2389/2142/5936 2390/2143/5937
f 2388/2141/5935 2390/2143/5937 2391/2144/5938
f 2381/2117/5933 2388/2141/5935 2391/2144/5938
f 2387/2123/5939 2381/2117/5933 2391/2144/5938
f 2392/2128/5940 2393/2129/5941 2394/2130/5942
f 2394/2130/5942 2395/2131/5943 2396/2091/5944
f 2394/2130/5942 2396/2091/5944 2397/2092/5945
f 2392/2128/5940 2394/2130/5942 2397/2092/5945
f 2398/2132/5946 2392/2128/5940 2397/2092/5945
f 2397/2092/5947 2396/2091/5947 2399/2133/5948
f 2399/2133/5949 2400/2134/5950 2397/2092/5950
f 2401/2096/5951 2402/2097/5952 2403/2135/5953
f 2403/2135/5954 2404/2136/5955 2401/2096/5955
f 2402/2097/5956 2405/2100/5957 2406/2137/5958
f 2406/2137/5959 2403/2135/5960 2402/2097/5959
f 2405/2100/5961 2407/2102/5962 2408/2138/5963
f 2408/2138/5964 2406/2137/5965 2405/2100/5964
f 2407/2102/5966 2409/2104/5967 2410/2139/5968
f 2410/2139/5969 2408/2138/5969 2407/2102/5970
f 2409/2104/5971 2411/2106/5972 2412/2140/5971
f 2412/2140/5973 2410/2139/5974 2409/2104/5975
f 2411/2106/5976 2397/2092/5977 2400/2134/5978
f 2400/2134/5979 2412/2140/5980 2411/2106/5981
f 2400/2134/5982 2399/2133/5983 2413/2116/5984
f 2413/2116/5985 2414/2117/5985 2400/2134/5985
f 2404/2136/5986 2403/2135/5987 2415/2118/5988
f 2415/2118/5989 2416/2119/5990 2404/2136/5990
f 2403/2135/5991 2406/2137/5991 2417/2120/5992
f 2417/2120/5993 2415/2118/5994 2403/2135/5995
f 2406/2137/5996 2408/2138/5996 2418/2121/5996
f 2418/2121/5997 2417/2120/5998 2406/2137/5998
f 2408/2138/5999 2410/2139/5999 2419/2122/6000
f 2419/2122/6001 2418/2121/6002 2408/2138/6003
f 2410/2139/6004 2412/2140/6005 2420/2123/6006
f 2420/2123/6007 2419/2122/6008 2410/2139/6009
f 2412/2140/6010 2400/2134/6011 2414/2117/6012
f 2414/2117/6013 2420/2123/6014 2412/2140/6014
f 2414/2117/6015 2413/2116/6016 2421/2141/6017
f 2421/2141/6017 2422/2142/6018 2423/2143/6019
f 2421/2141/6017 2423/2143/6019 2424/2144/6020
f 2414/2117/6015 2421/2141/6017 2424/2144/6020
f 2420/2123/6021 2414/2117/6015 2424/2144/6020
# Vertices: 107, normals: 292, texture coordinates: 58, faces: 128

o obj32
v 0.65369048 -0.14467609 0.24850976
v 0.65613913 -0.14614706 0.24672055
v 0.65864023 -0.1479279 0.24718237
v 0.65941497 -0.14878253 0.24981747
v 0.65910419 -0.14895731 0.25301742
v 0.65684263 -0.14750678 0.25391369
v 0.65448892 -0.14561957 0.25174109
v 0.67647559 -0.1345023 0.25413007
v 0.67282354 -0.13530967 0.25441523
v 0.65910419 -0.14895731 0.25301742
v 0.65941497 -0.14878253 0.24981747
v 0.67809604 -0.13257356 0.25303375
v 0.67647559 -0.1345023 0.25413007
v 0.65864023 -0.1479279 0.24718237
v 0.67916271 -0.12992165 0.25188219
v 0.65613913 -0.14614706 0.24672055
v 0.67781632 -0.12854986 0.25147579
v 0.65369048 -0.14467609 0.24850976
v 0.67540864 -0.12794971 0.25236049
v 0.65448892 -0.14561957 0.25174109
v 0.67345466 -0.13163478 0.25340099
v 0.68775918 -0.10937367 0.25687906
v 0.68669479 -0.10868149 0.25722271
v 0.68838307 -0.10964198 0.25554755
v 0.68775918 -0.10937367 0.25687906
v 0.68778114 -0.10906798 0.25424037
v 0.68660146 -0.10820925 0.25386829
v 0.68568229 -0.10771246 0.25499536
v 0.68556386 -0.10782631 0.25660336
v 0.68838307 -0.10964198 0.25554755
v 0.68778114 -0.10906798 0.25424037
v 0.68660146 -0.10820925 0.25386829
v 0.68568229 -0.10771246 0.25499536
vn -0.56486 0.0996 -0.81915
vn -0.56486 0.0996 -0.81915
vn -0.56486 0.0996 -0.81915
vn -0.56486 0.0996 -0.81915
vn -0.56486 0.0996 -0.81915
vn -0.56486 0.0996 -0.81915
vn -0.56486 0.0996 -0.81915
vn 0.18382 -0.93824 -0.29313
vn 0.18382 -0.93824 -0.29313
vn 0.11943 -0.9732 -0.1965
vn 0.11943 -0.9732 -0.1965
vn 0.11943 -0.9732 -0.1965
vn 0.65303 -0.02208 -0.75701
vn 0.65303 -0.02208 -0.75701
vn 0.61356 0.34377 -0.71089
vn 0.61356 0.34377 -0.71089
vn 0.61356 0.34377 -0.71089
vn 0.65444 0.40043 -0.64138
vn 0.65444 0.40043 -0.64138
vn 0.5549 0.65807 -0.50895
vn 0.5549 0.65807 -0.50895
vn 0.5549 0.65807 -0.50895
vn 0.19689 0.98017 0.02233
vn 0.19689 0.98017 0.02233
vn 0.25391 0.96651 -0.03712
vn 0.25391 0.96651 -0.03712
vn 0.25391 0.96651 -0.03712
vn -0.26736 0.80336 0.5321
vn -0.26736 0.80336 0.5321
vn -0.26736 0.80336 0.5321
vn -0.19698 0.85794 0.47449
vn -0.19698 0.85794 0.47449
vn -0.57441 -0.35701 0.73662
vn -0.57441 -0.35701 0.73662
vn -0.49058 -0.73523 0.46772
vn -0.49058 -0.73523 0.46772
vn -0.49058 -0.73523 0.46772
vn -0.37546 -0.80531 0.45882
vn -0.37546 -0.80531 0.45882
vn -0.37546 -0.80531 0.45882
vn -0.30143 -0.90459 0.30143
vn 0.11141 -0.98124 -0.15737
vn 0.11141 -0.98124 -0.15737
vn 0.11141 -0.98124 -0.15737
vn 0.18296 -0.96321 -0.19686
vn 0.18296 -0.96321 -0.19686
vn 0.18296 -0.96321 -0.19686
vn 0.79167 -0.45719 -0.40526
vn 0.79167 -0.45719 -0.40526
vn 0.79167 -0.45719 -0.40526
vn 0.79343 -0.45356 -0.40589
vn 0.79343 -0.45356 -0.40589
vn 0.79343 -0.45356 -0.40589
vn 0.92477 0.01867 -0.38008
vn 0.92477 0.01867 -0.38008
vn 0.92477 0.01867 -0.38008
vn 0.80641 0.50584 -0.3063
vn 0.80641 0.50584 -0.3063
vn 0.28101 0.95967 -0.00849
vn 0.29236 0.95622 -0.0127
vn 0.29236 0.95622 -0.0127
vn -0.27521 0.9255 0.26021
vn -0.27521 0.9255 0.26021
vn -0.27521 0.9255 0.26021
vn -0.64079 0.67981 0.35672
vn -0.88787 0.04608 0.45778
vn -0.88787 0.04608 0.45778
vn -0.88787 0.04608 0.45778
vn -0.88943 0.03323 0.45586
vn -0.88943 0.03323 0.45586
vn -0.88943 0.03323 0.45586
vn -0.70391 -0.64441 0.29874
vn -0.70391 -0.64441 0.29874
vn -0.42273 -0.90139 0.09376
vn -0.42273 -0.90139 0.09376
vn -0.42273 -0.90139 0.09376
vn 0.56486 -0.0996 0.81915
vn 0.56486 -0.0996 0.81915
vn 0.56486 -0.0996 0.81915
vn 0.56487 -0.09959 0.81915
vn 0.56487 -0.0996 0.81915
vn 0.56486 -0.0996 0.81915
vn 0.56487 -0.0996 0.81915
vt 0.07426 1
vt 0.22675 1
vt 0.49661 1
vt 0.68294 1
vt 0.89286 1
vt 0.75 1
vt 0.38482 1
vt 0.89286 0.5
vt 0.75 0.5
vt -0.10714 1
vt 0.03571 1
vt 0.03571 0.5
vt -0.10714 0.5
vt 0.17857 1
vt 0.17857 0.5
vt 0.32143 1
vt 0.32143 0.5
vt 0.46429 1
vt 0.46429 0.5
vt 0.60714 1
vt 0.60714 0.5
vt 0.89286 0
vt 0.75 0
vt 0.03571 0
vt -0.10714 0
vt 0.17857 0
vt 0.32143 0
vt 0.46429 0
vt 0.60714 0
vt 0.74616 0
vt 0.35921 0
vt 0.04735 0
vt 0.09328 0
usemtl mat0
f 2425/2145/6022 2426/2146/6023 2427/2147/6024
f 2427/2147/6024 2428/2148/6025 2429/2149/6026
f 2427/2147/6024 2429/2149/6026 2430/2150/6027
f 2425/2145/6022 2427/2147/6024 2430/2150/6027
f 2431/2151/6028 2425/2145/6022 2430/2150/6027
f 2430/2150/6029 2429/2149/6030 2432/2152/6029
f 2432/2152/6031 2433/2153/6032 2430/2150/6033
f 2434/2154/6034 2435/2155/6034 2436/2156/6035
f 2436/2156/6036 2437/2157/6037 2434/2154/6038
f 2435/2155/6039 2438/2158/6040 2439/2159/6039
f 2439/2159/6041 2436/2156/6042 2435/2155/6043
f 2438/2158/6044 2440/2160/6045 2441/2161/6045
f 2441/2161/6046 2439/2159/6047 2438/2158/6048
f 2440/2160/6049 2442/2162/6050 2443/2163/6051
f 2443/2163/6052 2441/2161/6052 2440/2160/6053
f 2442/2162/6054 2444/2164/6055 2445/2165/6054
f 2445/2165/6056 2443/2163/6057 2442/2162/6058
f 2444/2164/6059 2430/2150/6060 2433/2153/6061
f 2433/2153/6062 2445/2165/6062 2444/2164/6062
f 2433/2153/6063 2432/2152/6064 2446/2166/6065
f 2446/2166/6066 2447/2167/6067 2433/2153/6068
f 2437/2157/6069 2436/2156/6070 2448/2168/6071
f 2448/2168/6072 2449/2169/6073 2437/2157/6074
f 2436/2156/6075 2439/2159/6076 2450/2170/6077
f 2450/2170/6078 2448/2168/6079 2436/2156/6079
f 2439/2159/6080 2441/2161/6080 2451/2171/6080
f 2451/2171/6081 2450/2170/6082 2439/2159/6081
f 2441/2161/6083 2443/2163/6084 2452/2172/6085
f 2452/2172/6086 2451/2171/6086 2441/2161/6086
f 2443/2163/6087 2445/2165/6088 2453/2173/6089
f 2453/2173/6090 2452/2172/6091 2443/2163/6092
f 2445/2165/6093 2433/2153/6094 2447/2167/6093
f 2447/2167/6095 2453/2173/6096 2445/2165/6097
f 2447/2167/6098 2446/2166/6099 2454/2174/6100
f 2454/2174/6100 2455/2175/6101 2456/2176/6102
f 2454/2174/6100 2456/2176/6102 2457/2177/6103
f 2447/2167/6098 2454/2174/6100 2457/2177/6103
f 2453/2173/6104 2447/2167/6098 2457/2177/6103
# Vertices: 33, normals: 83, texture coordinates: 33, faces: 38

o obj33
v 0.38521837 -0.18463449 0.10890738
v 0.37772449 -0.18463449 0.10374394
v 0.37782825 -0.18463449 0.0946183
v 0.38594359 -0.18463449 0.08786447
v 0.39477566 -0.18463449 0.08980984
v 0.39870973 -0.18463449 0.09774669
v 0.39418072 -0.18463449 0.10691367
v 0.39327866 -0.15944685 0.09226021
v 0.3961557 -0.15944685 0.0982866
v 0.39477566 -0.18463449 0.08980984
v 0.38594359 -0.18463449 0.08786447
v 0.3862015 -0.15944685 0.09083584
v 0.39327866 -0.15944685 0.09226021
v 0.37782825 -0.18463449 0.0946183
v 0.38029466 -0.15944685 0.09536364
v 0.37772449 -0.18463449 0.10374394
v 0.3809139 -0.15944685 0.10219072
v 0.38521837 -0.18463449 0.10890738
v 0.38620968 -0.15944685 0.10617613
v 0.39418072 -0.18463449 0.10691367
v 0.39310104 -0.15944685 0.10456217
v 0.39046997 -0.13425922 0.09438058
v 0.39387586 -0.13425922 0.09846313
v 0.38637678 -0.13425922 0.0935424
v 0.39046997 -0.13425922 0.09438058
v 0.3827303 -0.13425922 0.0960375
v 0.38407536 -0.13425921 0.10043787
v 0.38708962 -0.13425921 0.10342996
v 0.39056454 -0.13425921 0.10230978
v 0.38961078 -0.1090716 0.09555904
v 0.39130318 -0.1090716 0.09877267
v 0.3854416 -0.1090716 0.09168091
v 0.38961078 -0.1090716 0.09555904
v 0.38339504 -0.1090716 0.10131892
v 0.38350796 -0.10907159 0.10203555
v 0.38691656 -0.10907161 0.10503596
v 0.39119728 -0.10907161 0.10196428
v 0.3854416 -0.1090716 0.09168091
v 0.38339504 -0.1090716 0.10131892
v 0.38350796 -0.10907159 0.10203555
v 0.38691656 -0.10907161 0.10503596
vn 0 0 -1
vn 0 0 -1
vn -0 0 -1
vn -0 0 -1
vn -0 0 -1
vn -0 0 -1
vn -0 0 -1
vn 0.89183 0.44206 0.09601
vn 0.89183 0.44206 0.09601
vn 0.89183 0.44206 0.09601
vn 0.89789 0.42866 0.10023
vn 0.89789 0.42866 0.10023
vn 0.21375 0.97041 0.11229
vn 0.21375 0.97041 0.11229
vn 0.19618 0.97477 0.10649
vn 0.19618 0.97477 0.10649
vn -0.63736 0.76585 0.08507
vn -0.63736 0.76585 0.08507
vn -0.63736 0.76585 0.08507
vn -0.60536 0.78973 0.09936
vn -0.60536 0.78973 0.09936
vn -0.60536 0.78973 0.09936
vn -0.9921 0.01128 0.12493
vn -0.9921 0.01128 0.12493
vn -0.9921 0.01128 0.12493
vn -0.99146 -0.08993 0.09442
vn -0.99146 -0.08993 0.09442
vn -0.99146 -0.08993 0.09442
vn -0.56388 -0.81837 0.11093
vn -0.56388 -0.81837 0.11093
vn -0.56388 -0.81837 0.11093
vn -0.59664 -0.7928 0.12444
vn -0.59664 -0.7928 0.12444
vn -0.59664 -0.7928 0.12444
vn 0.21606 -0.97125 0.09994
vn 0.21606 -0.97125 0.09994
vn 0.22697 -0.96914 0.09616
vn 0.89359 -0.44149 0.08115
vn 0.89359 -0.44149 0.08115
vn 0.89632 -0.43629 0.07915
vn 0.89632 -0.43629 0.07915
vn 0.8941 0.42685 0.13563
vn 0.8941 0.42685 0.13563
vn 0.8941 0.42685 0.13563
vn 0.76578 0.63886 0.07379
vn 0.76578 0.63886 0.07379
vn 0.19625 0.97509 0.10341
vn 0.19625 0.97509 0.10341
vn 0.19625 0.97509 0.10341
vn 0.19952 0.97433 0.10427
vn 0.19952 0.97433 0.10427
vn 0.19952 0.97433 0.10427
vn -0.60643 0.79112 0.07981
vn -0.60643 0.79112 0.07981
vn -0.5623 0.82178 0.09222
vn -0.5623 0.82178 0.09222
vn -0.98744 -0.08956 0.13017
vn -0.98744 -0.08956 0.13017
vn -0.98744 -0.08956 0.13017
vn -0.95291 -0.29128 0.08435
vn -0.95291 -0.29128 0.08435
vn -0.95291 -0.29128 0.08435
vn -0.59783 -0.79439 0.1075
vn -0.59783 -0.79439 0.1075
vn -0.69789 -0.70307 0.13652
vn -0.69789 -0.70307 0.13652
vn 0.22666 -0.96781 0.10937
vn 0.22666 -0.96781 0.10937
vn 0.22666 -0.96781 0.10937
vn 0.30549 -0.94768 0.09265
vn 0.30549 -0.94768 0.09265
vn 0.30549 -0.94768 0.09265
vn 0.8964 -0.43632 0.07808
vn 0.8964 -0.43632 0.07808
vn 0.8964 -0.43632 0.07808
vn 0.75109 -0.64657 0.13346
vn 0.75109 -0.64657 0.13346
vn 0.76666 0.63959 0.05608
vn 0.76666 0.63959 0.05608
vn 0.88075 0.46383 0.09566
vn 0.88075 0.46383 0.09566
vn 0.88075 0.46383 0.09566
vn 0.20019 0.97761 -0.06482
vn 0.20019 0.97761 -0.06482
vn 0.67996 0.731 0.0574
vn 0.67996 0.731 0.0574
vn 0.67996 0.731 0.0574
vn -0.55499 0.81109 0.18472
vn -0.55499 0.81109 0.18472
vn -0.97689 0.20743 -0.0516
vn -0.97689 0.20743 -0.0516
vn -0.97689 0.20743 -0.0516
vn -0.95555 -0.29208 -0.04005
vn -0.95555 -0.29208 -0.04005
vn -0.98779 -0.15565 -0.00657
vn -0.98779 -0.15565 -0.00657
vn -0.98779 -0.15565 -0.00657
vn -0.70361 -0.70882 -0.05003
vn -0.65945 -0.74916 -0.06238
vn -0.65945 -0.74916 -0.06238
vn 0.30681 -0.95176 0.00535
vn 0.30681 -0.95176 0.00535
vn 0.30681 -0.95176 0.00535
vn 0.58234 -0.81155 -0.04774
vn 0.58234 -0.81155 -0.04774
vn 0.75605 -0.65084 0.06923
vn 0.75605 -0.65084 0.06923
vn 0.75605 -0.65084 0.06923
vn 0.99915 -0.03315 -0.02464
vn 0.99915 -0.03315 -0.02464
vn -0 -0 1
vn 0 0 1
vn 0 -0 1
vn -3E-05 1E-05 1
vn -0 0 1
vn 0 -0 1
vn 0 -0 1
vt 0.14539 1
vt 0.14425 1
vt 0.42214 1
vt 0.76566 1
vt 0.89286 1
vt 0.75 1
vt 0.38873 1
vt 0.89286 0.66667
vt 0.75 0.66667
vt -0.10714 1
vt 0.03571 1
vt 0.03571 0.66667
vt -0.10714 0.66667
vt 0.17857 1
vt 0.17857 0.66667
vt 0.32143 1
vt 0.32143 0.66667
vt 0.46429 1
vt 0.46429 0.66667
vt 0.60714 1
vt 0.60714 0.66667
vt 0.89286 0.33333
vt 0.75 0.33333
vt 0.03571 0.33333
vt -0.10714 0.33333
vt 0.17857 0.33333
vt 0.32143 0.33333
vt 0.46429 0.33333
vt 0.60714 0.33333
vt 0.89286 0
vt 0.75 0
vt 0.03571 0
vt -0.10714 0
vt 0.17857 0
vt 0.32143 0
vt 0.46429 0
vt 0.60714 0
vt 0.73317 0
vt 0.38668 0
vt 0.11422 0
vt 0.12003 0
usemtl mat0
f 2458/2178/6105 2459/2179/6106 2460/2180/6107
f 2460/2180/6107 2461/2181/6108 2462/2182/6109
f 2460/2180/6107 2462/2182/6109 2463/2183/6110
f 2458/2178/6105 2460/2180/6107 2463/2183/6110
f 2464/2184/6111 2458/2178/6105 2463/2183/6110
f 2463/2183/6112 2462/2182/6113 2465/2185/6114
f 2465/2185/6115 2466/2186/6115 2463/2183/6116
f 2467/2187/6117 2468/2188/6117 2469/2189/6118
f 2469/2189/6119 2470/2190/6120 2467/2187/6119
f 2468/2188/6121 2471/2191/6122 2472/2192/6123
f 2472/2192/6124 2469/2189/6125 2468/2188/6126
f 2471/2191/6127 2473/2193/6128 2474/2194/6129
f 2474/2194/6130 2472/2192/6131 2471/2191/6132
f 2473/2193/6133 2475/2195/6134 2476/2196/6135
f 2476/2196/6136 2474/2194/6137 2473/2193/6138
f 2475/2195/6139 2477/2197/6139 2478/2198/6140
f 2478/2198/6141 2476/2196/6141 2475/2195/6141
f 2477/2197/6142 2463/2183/6143 2466/2186/6142
f 2466/2186/6144 2478/2198/6145 2477/2197/6144
f 2466/2186/6146 2465/2185/6147 2479/2199/6148
f 2479/2199/6149 2480/2200/6150 2466/2186/6150
f 2470/2190/6151 2469/2189/6152 2481/2201/6153
f 2481/2201/6154 2482/2202/6155 2470/2190/6156
f 2469/2189/6157 2472/2192/6158 2483/2203/6158
f 2483/2203/6159 2481/2201/6160 2469/2189/6159
f 2472/2192/6161 2474/2194/6162 2484/2204/6163
f 2484/2204/6164 2483/2203/6165 2472/2192/6166
f 2474/2194/6167 2476/2196/6168 2485/2205/6168
f 2485/2205/6169 2484/2204/6170 2474/2194/6169
f 2476/2196/6171 2478/2198/6172 2486/2206/6173
f 2486/2206/6174 2485/2205/6175 2476/2196/6176
f 2478/2198/6177 2466/2186/6178 2480/2200/6179
f 2480/2200/6180 2486/2206/6181 2478/2198/6181
f 2480/2200/6182 2479/2199/6183 2487/2207/6183
f 2487/2207/6184 2488/2208/6185 2480/2200/6186
f 2482/2202/6187 2481/2201/6187 2489/2209/6188
f 2489/2209/6189 2490/2210/6190 2482/2202/6191
f 2481/2201/6192 2483/2203/6193 2491/2211/6192
f 2491/2211/6194 2489/2209/6195 2481/2201/6196
f 2483/2203/6197 2484/2204/6198 2492/2212/6198
f 2492/2212/6199 2491/2211/6200 2483/2203/6201
f 2484/2204/6202 2485/2205/6202 2493/2213/6202
f 2493/2213/6203 2492/2212/6203 2484/2204/6204
f 2485/2205/6205 2486/2206/6206 2494/2214/6207
f 2494/2214/6208 2493/2213/6209 2485/2205/6208
f 2486/2206/6210 2480/2200/6211 2488/2208/6212
f 2488/2208/6213 2494/2214/6213 2486/2206/6214
f 2488/2208/6215 2487/2207/6216 2495/2215/6217
f 2495/2215/6217 2496/2216/6218 2497/2217/6219
f 2495/2215/6217 2497/2217/6219 2498/2218/6220
f 2488/2208/6215 2495/2215/6217 2498/2218/6220
f 2494/2214/6221 2488/2208/6215 2498/2218/6220
# Vertices: 41, normals: 117, texture coordinates: 41, faces: 52

o obj34
v -0.17291475 -0.18457963 0.09524998
v -0.17696288 -0.18457963 0.09870251
v -0.18186375 -0.18457963 0.09867015
v -0.18421572 -0.18457963 0.09478622
v -0.18469671 -0.18457963 0.08972668
v -0.18070483 -0.18457963 0.08771354
v -0.1755112 -0.18457963 0.0904457
v -0.18318828 -0.17082228 0.09275856
v -0.17933284 -0.17226659 0.09131425
v -0.18469671 -0.18457963 0.08972668
v -0.18421572 -0.18457963 0.09478622
v -0.18373813 -0.16867386 0.09490697
v -0.18318828 -0.17082228 0.09275856
v -0.18186375 -0.18457963 0.09867015
v -0.18114804 -0.16659138 0.09698946
v -0.17696288 -0.18457963 0.09870251
v -0.1774816 -0.16632868 0.09725216
v -0.17291475 -0.18457963 0.09524998
v -0.17549972 -0.1683639 0.09521694
v -0.1755112 -0.18457963 0.0904457
v -0.17658159 -0.17051695 0.09306389
v -0.1810022 -0.15358139 0.09157808
v -0.1790973 -0.15358139 0.09075213
v -0.1817406 -0.15358139 0.09381892
v -0.1810022 -0.15358139 0.09157808
v -0.18016092 -0.15358139 0.09568595
v -0.17779773 -0.15358139 0.09594101
v -0.17643055 -0.15358139 0.09393702
v -0.17674387 -0.15358139 0.09140491
v -0.1817406 -0.15358139 0.09381892
v -0.18016092 -0.15358139 0.09568595
v -0.17779773 -0.15358139 0.09594101
v -0.17643055 -0.15358139 0.09393702
vn -0 -0 -1
vn -0 0 -1
vn -0 -0 -1
vn -0 -0 -1
vn -0 -0 -1
vn -0 -0 -1
vn -0 0 -1
vn -0.43724 0.867 0.23901
vn -0.43724 0.867 0.23901
vn -0.43724 0.867 0.23901
vn -0.23547 0.92543 0.29686
vn -0.23547 0.92543 0.29686
vn -0.23547 0.92543 0.29686
vn -0.99509 -0.0946 0.02916
vn -0.99509 -0.0946 0.02916
vn -0.99509 -0.0946 0.02916
vn -0.88902 0.41688 0.18935
vn -0.88902 0.41688 0.18935
vn -0.88902 0.41688 0.18935
vn -0.85249 -0.51624 0.08215
vn -0.85249 -0.51624 0.08215
vn -0.63294 -0.77409 0.01313
vn -0.63294 -0.77409 0.01313
vn -0.63294 -0.77409 0.01313
vn -0.00658 -0.99685 0.07903
vn -0.00658 -0.99685 0.07903
vn -0.00658 -0.99685 0.07903
vn -0.07797 -0.99234 0.09582
vn -0.07797 -0.99234 0.09582
vn -0.07797 -0.99234 0.09582
vn 0.64537 -0.7567 0.10442
vn 0.64537 -0.7567 0.10442
vn 0.64537 -0.7567 0.10442
vn 0.75025 -0.65705 0.07354
vn 0.75025 -0.65705 0.07354
vn 0.75025 -0.65705 0.07354
vn 0.8693 0.46981 0.15364
vn 0.8693 0.46981 0.15364
vn 0.82724 0.54643 0.13076
vn 0.82724 0.54643 0.13076
vn 0.45591 0.86665 0.20264
vn 0.45591 0.86665 0.20264
vn 0.45591 0.86665 0.20264
vn 0.434 0.87917 0.19672
vn 0.434 0.87917 0.19672
vn 0.434 0.87917 0.19672
vn -0.35688 0.93396 -0.0187
vn -0.35688 0.93396 -0.0187
vn -0.39771 0.91723 -0.02258
vn -0.39771 0.91723 -0.02258
vn -0.39771 0.91723 -0.02258
vn -0.93558 0.33884 0.0994
vn -0.93558 0.33884 0.0994
vn -0.94514 0.31144 0.09852
vn -0.94514 0.31144 0.09852
vn -0.68041 -0.72227 0.12399
vn -0.68041 -0.72227 0.12399
vn -0.75523 -0.63899 0.14602
vn -0.75523 -0.63899 0.14602
vn -0.07824 -0.9919 0.10008
vn -0.07824 -0.9919 0.10008
vn -0.07824 -0.9919 0.10008
vn -0.10669 -0.9885 0.10714
vn -0.10669 -0.9885 0.10714
vn -0.10669 -0.9885 0.10714
vn 0.76227 -0.63896 0.10332
vn 0.76227 -0.63896 0.10332
vn 0.82354 -0.56184 0.07821
vn 0.82354 -0.56184 0.07821
vn 0.9058 0.42245 -0.0327
vn 0.9058 0.42245 -0.0327
vn 0.9058 0.42245 -0.0327
vn 0.9911 0.12264 0.05179
vn 0.9911 0.12264 0.05179
vn 0.9911 0.12264 0.05179
vn 0.55077 0.83404 -0.03203
vn 0.55077 0.83404 -0.03203
vn 0.26616 0.95958 -0.09145
vn 0.26616 0.95958 -0.09145
vn -0 0 1
vn 0 0 1
vn -0 0 1
vn -0 -0 1
vn -0 0 1
vn -0 0 1
vn -0 -0 1
vt 0.07426 1
vt 0.22675 1
vt 0.49661 1
vt 0.68294 1
vt 0.89286 1
vt 0.75 1
vt 0.38482 1
vt 0.89286 0.5
vt 0.75 0.5
vt -0.10714 1
vt 0.03571 1
vt 0.03571 0.5
vt -0.10714 0.5
vt 0.17857 1
vt 0.17857 0.5
vt 0.32143 1
vt 0.32143 0.5
vt 0.46429 1
vt 0.46429 0.5
vt 0.60714 1
vt 0.60714 0.5
vt 0.89286 0
vt 0.75 0
vt 0.03571 0
vt -0.10714 0
vt 0.17857 0
vt 0.32143 0
vt 0.46429 0
vt 0.60714 0
vt 0.74616 0
vt 0.35921 0
vt 0.04735 0
vt 0.09328 0
usemtl mat0
f 2499/2219/6222 2500/2220/6223 2501/2221/6224
f 2501/2221/6224 2502/2222/6225 2503/2223/6226
f 2501/2221/6224 2503/2223/6226 2504/2224/6227
f 2499/2219/6222 2501/2221/6224 2504/2224/6227
f 2505/2225/6228 2499/2219/6222 2504/2224/6227
f 2504/2224/6229 2503/2223/6230 2506/2226/6231
f 2506/2226/6232 2507/2227/6233 2504/2224/6234
f 2508/2228/6235 2509/2229/6236 2510/2230/6237
f 2510/2230/6238 2511/2231/6239 2508/2228/6240
f 2509/2229/6241 2512/2232/6242 2513/2233/6241
f 2513/2233/6243 2510/2230/6244 2509/2229/6245
f 2512/2232/6246 2514/2234/6247 2515/2235/6248
f 2515/2235/6249 2513/2233/6250 2512/2232/6251
f 2514/2234/6252 2516/2236/6253 2517/2237/6254
f 2517/2237/6255 2515/2235/6256 2514/2234/6257
f 2516/2236/6258 2518/2238/6258 2519/2239/6259
f 2519/2239/6260 2517/2237/6261 2516/2236/6261
f 2518/2238/6262 2504/2224/6263 2507/2227/6264
f 2507/2227/6265 2519/2239/6266 2518/2238/6267
f 2507/2227/6268 2506/2226/6268 2520/2240/6269
f 2520/2240/6270 2521/2241/6271 2507/2227/6272
f 2511/2231/6273 2510/2230/6273 2522/2242/6274
f 2522/2242/6275 2523/2243/6276 2511/2231/6275
f 2510/2230/6277 2513/2233/6277 2524/2244/6278
f 2524/2244/6279 2522/2242/6280 2510/2230/6279
f 2513/2233/6281 2515/2235/6282 2525/2245/6283
f 2525/2245/6284 2524/2244/6285 2513/2233/6286
f 2515/2235/6287 2517/2237/6287 2526/2246/6288
f 2526/2246/6289 2525/2245/6290 2515/2235/6290
f 2517/2237/6291 2519/2239/6292 2527/2247/6293
f 2527/2247/6294 2526/2246/6295 2517/2237/6296
f 2519/2239/6297 2507/2227/6298 2521/2241/6298
f 2521/2241/6299 2527/2247/6300 2519/2239/6299
f 2521/2241/6301 2520/2240/6302 2528/2248/6303
f 2528/2248/6303 2529/2249/6304 2530/2250/6305
f 2528/2248/6303 2530/2250/6305 2531/2251/6306
f 2521/2241/6301 2528/2248/6303 2531/2251/6306
f 2527/2247/6307 2521/2241/6301 2531/2251/6306
# Vertices: 33, normals: 86, texture coordinates: 33, faces: 38

o obj35
v 0.56414761 -0.2040923 -0.34377632
v 0.5533204 -0.2040923 -0.331133
v 0.535958 -0.20409229 -0.33240901
v 0.52421724 -0.20409229 -0.34792743
v 0.52957397 -0.20409229 -0.36538681
v 0.54604599 -0.20409229 -0.37169228
v 0.56206493 -0.2040923 -0.36241581
v 0.53453481 -0.15132631 -0.35992784
v 0.54382558 -0.14699368 -0.36422451
v 0.52957397 -0.20409229 -0.36538681
v 0.52421724 -0.20409229 -0.34792743
v 0.53109085 -0.15111256 -0.34941834
v 0.53453481 -0.15132631 -0.35992784
v 0.535958 -0.20409229 -0.33240901
v 0.53608705 -0.14651343 -0.34060987
v 0.5533204 -0.2040923 -0.331133
v 0.54576118 -0.14099214 -0.3401354
v 0.56414761 -0.2040923 -0.34377632
v 0.55282842 -0.13870632 -0.3483522
v 0.56206493 -0.2040923 -0.36241581
v 0.55196701 -0.14137728 -0.35907286
v 0.53926522 -0.07903387 -0.35970522
v 0.54575755 -0.08451709 -0.3630778
v 0.5371901 -0.07964734 -0.35238551
v 0.53926522 -0.07903387 -0.35970522
v 0.54019444 -0.08501351 -0.34648374
v 0.54656287 -0.09155716 -0.34671828
v 0.5513942 -0.09454004 -0.35212332
v 0.55059387 -0.09108829 -0.35903033
v 0.54243112 -0.02768186 -0.35261857
v 0.54556638 -0.02768186 -0.3535242
v 0.53850551 -0.02768186 -0.34914375
v 0.54243112 -0.02768186 -0.35261857
v 0.54266898 -0.02768186 -0.34566207
v 0.54813515 -0.02768186 -0.34581194
v 0.5514124 -0.02768188 -0.34882002
v 0.54867674 -0.02768188 -0.35309555
v 0.53850551 -0.02768186 -0.34914375
v 0.54266898 -0.02768186 -0.34566207
v 0.54813515 -0.02768186 -0.34581194
v 0.5514124 -0.02768188 -0.34882002
v 0.54279686 -0.1051572 -0.34698362
v 0.54058356 -0.1023897 -0.34763333
v 0.54038733 -0.09903923 -0.34885778
v 0.54257379 -0.09743131 -0.34984754
v 0.54553554 -0.09710248 -0.35049335
v 0.54689778 -0.09983153 -0.34970802
v 0.54551518 -0.10338214 -0.34812997
v 0.54680185 -0.08335984 -0.33285939
v 0.54742181 -0.08735218 -0.33432266
v 0.54553554 -0.09710248 -0.35049335
v 0.54257379 -0.09743131 -0.34984754
v 0.54588696 -0.0821106 -0.3306413
v 0.54680185 -0.08335984 -0.33285939
v 0.54038733 -0.09903923 -0.34885778
v 0.545112 -0.0816616 -0.32785697
v 0.54058356 -0.1023897 -0.34763333
v 0.54513901 -0.08358278 -0.32679814
v 0.54279686 -0.1051572 -0.34698362
v 0.54637269 -0.08630708 -0.32681803
v 0.54551518 -0.10338214 -0.34812997
v 0.54699684 -0.08758972 -0.33070087
v 0.54961406 -0.06238289 -0.32098023
v 0.5501847 -0.06368518 -0.32059146
v 0.54826052 -0.06187807 -0.32093126
v 0.54961406 -0.06238289 -0.32098023
v 0.5472292 -0.06295802 -0.32034358
v 0.54718265 -0.06457361 -0.31972825
v 0.54842418 -0.06550829 -0.31959594
v 0.54990324 -0.06529408 -0.31993723
v 0.54826052 -0.06187807 -0.32093126
v 0.5472292 -0.06295802 -0.32034358
v 0.54718265 -0.06457361 -0.31972825
v 0.54842418 -0.06550829 -0.31959594
v 0.54214746 -0.13750864 -0.3483726
v 0.5388001 -0.13997182 -0.35061724
v 0.53824001 -0.14295388 -0.35395054
v 0.5411786 -0.14438499 -0.35611576
v 0.54531597 -0.14467766 -0.35718212
v 0.54746317 -0.14224871 -0.35476524
v 0.54581985 -0.13908852 -0.35083842
v 0.53880969 -0.12047236 -0.37938134
v 0.54082576 -0.12182432 -0.37495026
v 0.54531597 -0.14467766 -0.35718212
v 0.5411786 -0.14438499 -0.35611576
v 0.53670406 -0.11724264 -0.38090665
v 0.53880969 -0.12047236 -0.37938134
v 0.53824001 -0.14295388 -0.35395054
v 0.53478115 -0.11280193 -0.38171531
v 0.5388001 -0.13997182 -0.35061724
v 0.53488561 -0.11050483 -0.37984921
v 0.54214746 -0.13750864 -0.3483726
v 0.53708479 -0.10949986 -0.37724461
v 0.54581985 -0.13908852 -0.35083842
v 0.5392723 -0.11567061 -0.3752774
v 0.53711394 -0.07839377 -0.39472184
v 0.53802688 -0.07723469 -0.39354882
v 0.53516758 -0.07884307 -0.39489574
v 0.53711394 -0.07839377 -0.39472184
v 0.53380876 -0.07788188 -0.3935499
v 0.53388029 -0.07644391 -0.39190759
v 0.53570558 -0.07561203 -0.39127201
v 0.53776749 -0.07580268 -0.391855
v 0.53516758 -0.07884307 -0.39489574
v 0.53380876 -0.07788188 -0.3935499
v 0.53388029 -0.07644391 -0.39190759
v 0.53570558 -0.07561203 -0.39127201
vn -0 0 -1
vn -0 0 -1
vn -0 0 -1
vn -0 0 -1
vn -0 0 -1
vn -0 0 -1
vn -0 0 -1
vn -0.35451 0.92609 0.12914
vn -0.35451 0.92609 0.12914
vn -0.35451 0.92609 0.12914
vn -0.45504 0.88506 0.09806
vn -0.45504 0.88506 0.09806
vn -0.45504 0.88506 0.09806
vn -0.94967 0.29137 0.11501
vn -0.94967 0.29137 0.11501
vn -0.94967 0.29137 0.11501
vn -0.94258 0.31134 0.12083
vn -0.94258 0.31134 0.12083
vn -0.79443 -0.60104 0.08739
vn -0.79443 -0.60104 0.08739
vn -0.88984 -0.43801 0.12777
vn -0.88984 -0.43801 0.12777
vn -0.88984 -0.43801 0.12777
vn -0.07265 -0.98854 0.13233
vn -0.07265 -0.98854 0.13233
vn -0.07265 -0.98854 0.13233
vn -0.12813 -0.98181 0.14012
vn -0.12813 -0.98181 0.14012
vn 0.74792 -0.64049 0.1743
vn 0.74792 -0.64049 0.1743
vn 0.74792 -0.64049 0.1743
vn 0.71994 -0.6698 0.18181
vn 0.98041 0.10955 0.1637
vn 0.98041 0.10955 0.1637
vn 0.97972 0.1189 0.16128
vn 0.97972 0.1189 0.16128
vn 0.97972 0.1189 0.16128
vn 0.49678 0.85786 0.13151
vn 0.49678 0.85786 0.13151
vn 0.49678 0.85785 0.13151
vn 0.46916 0.87462 0.12216
vn -0.43143 0.90162 0.03101
vn -0.43143 0.90162 0.03101
vn -0.44064 0.89718 0.03009
vn -0.44064 0.89718 0.03009
vn -0.44064 0.89718 0.03009
vn -0.94767 0.31193 0.06793
vn -0.94767 0.31193 0.06793
vn -0.94767 0.31193 0.06793
vn -0.96152 0.26725 0.06374
vn -0.96152 0.26725 0.06374
vn -0.96152 0.26725 0.06374
vn -0.88723 -0.44987 0.10222
vn -0.88723 -0.44987 0.10222
vn -0.88723 -0.44987 0.10222
vn -0.85004 -0.51825 0.09406
vn -0.85004 -0.51825 0.09406
vn -0.12411 -0.98332 0.13295
vn -0.12411 -0.98332 0.13295
vn -0.12411 -0.98332 0.13295
vn 0.12484 -0.98844 0.08607
vn 0.12484 -0.98844 0.08607
vn 0.12484 -0.98844 0.08607
vn 0.74445 -0.66277 0.08077
vn 0.74445 -0.66277 0.08077
vn 0.76328 -0.64192 0.0731
vn 0.76328 -0.64192 0.0731
vn 0.76328 -0.64192 0.0731
vn 0.99585 0.08681 0.02727
vn 0.99585 0.08681 0.02727
vn 0.99435 0.1035 0.02345
vn 0.99435 0.1035 0.02345
vn 0.53523 0.84471 -0.00105
vn 0.53523 0.84471 -0.00105
vn 0.53523 0.84471 -0.00105
vn 0.65639 0.75419 0.01856
vn 0.65639 0.75419 0.01856
vn -0.35364 0.9234 0.14923
vn -0.35364 0.9234 0.14923
vn -0.274 0.94857 0.15853
vn -0.274 0.94857 0.15853
vn -0.274 0.94857 0.15853
vn -0.96217 0.26932 0.04116
vn -0.96217 0.26932 0.04116
vn -0.65602 0.74113 0.14272
vn -0.65602 0.74113 0.14272
vn -0.87902 -0.47577 0.03112
vn -0.87902 -0.47577 0.03112
vn -0.87902 -0.47577 0.03112
vn -0.64118 -0.76674 -0.0316
vn -0.64118 -0.76674 -0.0316
vn -0.64118 -0.76674 -0.0316
vn 0.02169 -0.99966 -0.01472
vn 0.02169 -0.99966 -0.01472
vn 0.02741 -0.9995 -0.01551
vn 0.02741 -0.9995 -0.01551
vn 0.02741 -0.9995 -0.01551
vn 0.73586 -0.6763 -0.03361
vn 0.73586 -0.6763 -0.03361
vn 0.73586 -0.6763 -0.03361
vn 0.67596 -0.73644 -0.02709
vn 0.67596 -0.73644 -0.02709
vn 0.99464 0.09574 0.03904
vn 0.99464 0.09574 0.03904
vn 0.84204 0.53877 0.02639
vn 0.84204 0.53877 0.02639
vn 0.84204 0.53877 0.02639
vn 0.72569 0.6781 0.11643
vn 0.72569 0.6781 0.11643
vn 0.72569 0.6781 0.11643
vn 0.13589 0.98602 0.0964
vn 0.13589 0.98602 0.0964
vn 0 -0 1
vn 0 0 1
vn 0 0 1
vn 0 0 1
vn 0 0 1
vn 1E-05 0 1
vn -0.16285 0.92359 -0.34707
vn -0.16286 0.92359 -0.34707
vn -0.16285 0.92359 -0.34707
vn -0.16285 0.92359 -0.34707
vn -0.16285 0.92359 -0.34707
vn -0.16285 0.92359 -0.34707
vn -0.16285 0.92359 -0.34707
vn 0.87894 0.33084 0.34353
vn 0.87894 0.33084 0.34353
vn 0.94965 0.21625 0.22673
vn 0.94965 0.21625 0.22673
vn 0.94965 0.21625 0.22673
vn -0.21456 0.58619 0.78125
vn -0.21456 0.58619 0.78125
vn -0.33663 0.56367 0.75429
vn -0.33663 0.56367 0.75429
vn -0.65356 0.38981 0.64877
vn -0.65356 0.38981 0.64877
vn -0.77711 0.30506 0.55049
vn -0.77711 0.30506 0.55049
vn -0.77711 0.30506 0.55049
vn -0.97967 -0.20001 0.01572
vn -0.97967 -0.20001 0.01572
vn -0.97967 -0.20001 0.01572
vn -0.98432 -0.15995 0.07432
vn -0.71397 -0.54151 -0.44386
vn -0.71397 -0.54151 -0.44386
vn -0.71397 -0.54151 -0.44386
vn -0.78857 -0.49803 -0.36073
vn -0.78857 -0.49803 -0.36073
vn -0.78857 -0.49803 -0.36073
vn 0.61123 -0.50226 -0.61166
vn 0.61123 -0.50226 -0.61166
vn 0.8356 -0.28871 -0.46736
vn 0.8356 -0.28871 -0.46736
vn 0.8356 -0.28871 -0.46736
vn 0.94018 -0.19473 -0.27955
vn 0.94018 -0.19473 -0.27955
vn 0.94018 -0.19473 -0.27955
vn 0.97399 -0.10098 -0.20283
vn 0.97399 -0.10098 -0.20283
vn 0.52936 0.76671 0.36322
vn 0.52936 0.76671 0.36322
vn 0.52936 0.76671 0.36322
vn 0.82728 0.52244 0.20653
vn 0.82728 0.52244 0.20653
vn 0.82728 0.52244 0.20653
vn -0.78647 0.51576 0.33979
vn -0.78647 0.51576 0.33979
vn -0.78647 0.51576 0.33979
vn 0.14489 0.86918 0.47279
vn 0.14489 0.86918 0.47279
vn 0.14489 0.86918 0.47279
vn -0.9291 0.29464 0.22353
vn -0.9291 0.29464 0.22353
vn -0.9291 0.29464 0.22353
vn -0.72 0.58892 0.3671
vn -0.72 0.58892 0.3671
vn -0.98977 -0.13035 0.05793
vn -0.98977 -0.13035 0.05793
vn -0.98977 -0.13035 0.05793
vn -0.99185 -0.10695 0.06931
vn -0.99185 -0.10695 0.06931
vn -0.99185 -0.10695 0.06931
vn -0.50979 -0.82704 -0.23689
vn -0.50979 -0.82704 -0.23689
vn -0.50979 -0.82704 -0.23689
vn -0.32127 -0.89835 -0.29958
vn -0.32127 -0.89835 -0.29958
vn -0.32127 -0.89835 -0.29958
vn 0.94491 -0.22912 -0.23379
vn 0.94491 -0.22912 -0.23379
vn 0.2579 -0.90455 -0.33953
vn 0.2579 -0.90455 -0.33953
vn 0.97923 -0.10347 -0.17434
vn 0.97923 -0.10347 -0.17434
vn 0.97923 -0.10347 -0.17434
vn 0.98706 -0.04947 -0.15255
vn 0.98706 -0.04947 -0.15255
vn 0.98706 -0.04947 -0.15255
vn 0.16286 -0.92359 0.34707
vn 0.16286 -0.92359 0.34708
vn 0.16286 -0.92359 0.34707
vn 0.16285 -0.92359 0.34707
vn 0.16286 -0.92359 0.34707
vn 0.16286 -0.92359 0.34707
vn 0.16285 -0.92359 0.34707
vn 0.11488 -0.65154 -0.74986
vn 0.11489 -0.65154 -0.74986
vn 0.11488 -0.65154 -0.74986
vn 0.11488 -0.65154 -0.74986
vn 0.11488 -0.65154 -0.74986
vn 0.11488 -0.65154 -0.74986
vn 0.11488 -0.65154 -0.74986
vn 0.83212 0.50167 -0.23642
vn 0.83212 0.50167 -0.23642
vn 0.87998 0.4483 -0.15707
vn 0.87998 0.4483 -0.15707
vn -0.22826 0.69984 -0.67684
vn -0.22826 0.69984 -0.67684
vn -0.22826 0.69984 -0.67684
vn -0.59102 0.50906 -0.62574
vn -0.59102 0.50906 -0.62574
vn -0.65178 0.51918 -0.55284
vn -0.84994 0.31168 -0.4248
vn -0.84994 0.31168 -0.4248
vn -0.84994 0.31168 -0.4248
vn -0.98849 -0.15024 0.01772
vn -0.98849 -0.15024 0.01772
vn -0.99532 -0.09199 -0.02947
vn -0.99532 -0.09199 -0.02947
vn -0.70123 -0.55594 0.44633
vn -0.70123 -0.55594 0.44633
vn -0.77168 -0.49981 0.39331
vn -0.77168 -0.49981 0.39331
vn -0.77168 -0.49981 0.39331
vn 0.59504 -0.46721 0.65395
vn 0.59504 -0.46721 0.65395
vn 0.89571 -0.21857 0.38721
vn 0.89571 -0.21857 0.38721
vn 0.89571 -0.21857 0.38721
vn 0.9218 -0.08059 0.3792
vn 0.9218 -0.08059 0.3792
vn 0.9218 -0.08059 0.3792
vn 0.96957 0.02658 0.24335
vn 0.96957 0.02658 0.24335
vn 0.96957 0.02658 0.24335
vn 0.88804 0.44232 -0.12547
vn 0.88804 0.44232 -0.12547
vn 0.88804 0.44232 -0.12547
vn 0.84865 0.505 -0.15737
vn 0.16391 0.92898 -0.33187
vn 0.16391 0.92898 -0.33187
vn 0.16391 0.92898 -0.33187
vn 0.15979 0.9295 -0.33242
vn 0.15979 0.9295 -0.33242
vn 0.15979 0.9295 -0.33242
vn -0.34313 0.88664 -0.31004
vn -0.34313 0.88664 -0.31004
vn -0.34313 0.88664 -0.31004
vn -0.76454 0.5952 -0.24743
vn -0.76454 0.5952 -0.24743
vn -0.76454 0.5952 -0.24743
vn -0.99792 -0.06416 -0.00674
vn -0.99792 -0.06416 -0.00674
vn -0.99792 -0.06416 -0.00674
vn -0.99858 -0.05232 -0.01008
vn -0.99858 -0.05232 -0.01008
vn -0.99858 -0.05232 -0.01008
vn -0.78546 -0.5825 0.20915
vn -0.78546 -0.5825 0.20915
vn -0.4299 -0.85503 0.29001
vn -0.4299 -0.85503 0.29001
vn -0.4299 -0.85503 0.29001
vn 0.2711 -0.88511 0.37827
vn 0.2711 -0.88511 0.37827
vn 0.28412 -0.88175 0.37655
vn 0.28412 -0.88175 0.37655
vn 0.86063 -0.44853 0.2411
vn 0.86063 -0.44853 0.2411
vn 0.99323 -0.08909 0.07453
vn 0.99323 -0.08909 0.07453
vn 0.99323 -0.08909 0.07453
vn -0.11488 0.65155 0.74986
vn -0.11489 0.65154 0.74986
vn -0.11489 0.65155 0.74986
vn -0.1149 0.65155 0.74985
vn -0.11488 0.65155 0.74986
vn -0.11488 0.65155 0.74986
vn -0.11489 0.65155 0.74986
vt 0.14885 1
vt 0.14324 1
vt 0.40627 1
vt 0.73988 1
vt 0.89286 1
vt 0.75 1
vt 0.41889 1
vt 0.89286 0.66667
vt 0.75 0.66667
vt -0.10714 1
vt 0.03571 1
vt 0.03571 0.66667
vt -0.10714 0.66667
vt 0.17857 1
vt 0.17857 0.66667
vt 0.32143 1
vt 0.32143 0.66667
vt 0.46429 1
vt 0.46429 0.66667
vt 0.60714 1
vt 0.60714 0.66667
vt 0.89286 0.33333
vt 0.75 0.33333
vt 0.03571 0.33333
vt -0.10714 0.33333
vt 0.17857 0.33333
vt 0.32143 0.33333
vt 0.46429 0.33333
vt 0.60714 0.33333
vt 0.89286 0
vt 0.75 0
vt 0.03571 0
vt -0.10714 0
vt 0.17857 0
vt 0.32143 0
vt 0.46429 0
vt 0.60714 0
vt 0.73988 0
vt 0.40627 0
vt 0.14324 0
vt 0.14885 0
vt 0.07426 1
vt 0.22675 1
vt 0.49661 1
vt 0.68294 1
vt 0.38482 1
vt 0.89286 0.5
vt 0.75 0.5
vt 0.03571 0.5
vt -0.10714 0.5
vt 0.17857 0.5
vt 0.32143 0.5
vt 0.46429 0.5
vt 0.60714 0.5
vt 0.74616 0
vt 0.35921 0
vt 0.04735 0
vt 0.09328 0
usemtl mat0
f 2532/2252/6308 2533/2253/6309 2534/2254/6310
f 2534/2254/6310 2535/2255/6311 2536/2256/6312
f 2534/2254/6310 2536/2256/6312 2537/2257/6313
f 2532/2252/6308 2534/2254/6310 2537/2257/6313
f 2538/2258/6314 2532/2252/6308 2537/2257/6313
f 2537/2257/6315 2536/2256/6316 2539/2259/6317
f 2539/2259/6318 2540/2260/6319 2537/2257/6320
f 2541/2261/6321 2542/2262/6322 2543/2263/6323
f 2543/2263/6324 2544/2264/6325 2541/2261/6324
f 2542/2262/6326 2545/2265/6326 2546/2266/6327
f 2546/2266/6328 2543/2263/6329 2542/2262/6330
f 2545/2265/6331 2547/2267/6332 2548/2268/6333
f 2548/2268/6334 2546/2266/6335 2545/2265/6335
f 2547/2267/6336 2549/2269/6337 2550/2270/6338
f 2550/2270/6339 2548/2268/6339 2547/2267/6339
f 2549/2269/6340 2551/2271/6340 2552/2272/6341
f 2552/2272/6342 2550/2270/6343 2549/2269/6344
f 2551/2271/6345 2537/2257/6346 2540/2260/6347
f 2540/2260/6348 2552/2272/6348 2551/2271/6348
f 2540/2260/6349 2539/2259/6349 2553/2273/6350
f 2553/2273/6351 2554/2274/6352 2540/2260/6353
f 2544/2264/6354 2543/2263/6355 2555/2275/6356
f 2555/2275/6357 2556/2276/6358 2544/2264/6359
f 2543/2263/6360 2546/2266/6361 2557/2277/6362
f 2557/2277/6363 2555/2275/6364 2543/2263/6363
f 2546/2266/6365 2548/2268/6366 2558/2278/6367
f 2558/2278/6368 2557/2277/6369 2546/2266/6370
f 2548/2268/6371 2550/2270/6371 2559/2279/6372
f 2559/2279/6373 2558/2278/6374 2548/2268/6375
f 2550/2270/6376 2552/2272/6376 2560/2280/6377
f 2560/2280/6378 2559/2279/6378 2550/2270/6379
f 2552/2272/6380 2540/2260/6381 2554/2274/6382
f 2554/2274/6383 2560/2280/6383 2552/2272/6384
f 2554/2274/6385 2553/2273/6386 2561/2281/6386
f 2561/2281/6387 2562/2282/6388 2554/2274/6389
f 2556/2276/6390 2555/2275/6390 2563/2283/6391
f 2563/2283/6392 2564/2284/6393 2556/2276/6393
f 2555/2275/6394 2557/2277/6395 2565/2285/6396
f 2565/2285/6397 2563/2283/6398 2555/2275/6399
f 2557/2277/6400 2558/2278/6401 2566/2286/6400
f 2566/2286/6402 2565/2285/6403 2557/2277/6404
f 2558/2278/6405 2559/2279/6406 2567/2287/6407
f 2567/2287/6408 2566/2286/6409 2558/2278/6408
f 2559/2279/6410 2560/2280/6410 2568/2288/6411
f 2568/2288/6412 2567/2287/6413 2559/2279/6414
f 2560/2280/6415 2554/2274/6416 2562/2282/6417
f 2562/2282/6418 2568/2288/6419 2560/2280/6418
f 2562/2282/6420 2561/2281/6421 2569/2289/6422
f 2569/2289/6422 2570/2290/6421 2571/2291/6423
f 2569/2289/6422 2571/2291/6423 2572/2292/6424
f 2562/2282/6420 2569/2289/6422 2572/2292/6424
f 2568/2288/6425 2562/2282/6420 2572/2292/6424
f 2573/2293/6426 2574/2294/6427 2575/2295/6428
f 2575/2295/6428 2576/2296/6429 2577/2256/6430
f 2575/2295/6428 2577/2256/6430 2578/2257/6431
f 2573/2293/6426 2575/2295/6428 2578/2257/6431
f 2579/2297/6432 2573/2293/6426 2578/2257/6431
f 2578/2257/6433 2577/2256/6434 2580/2298/6433
f 2580/2298/6435 2581/2299/6436 2578/2257/6437
f 2582/2261/6438 2583/2262/6438 2584/2300/6439
f 2584/2300/6440 2585/2301/6441 2582/2261/6440
f 2583/2262/6442 2586/2265/6443 2587/2302/6443
f 2587/2302/6444 2584/2300/6445 2583/2262/6446
f 2586/2265/6447 2588/2267/6448 2589/2303/6449
f 2589/2303/6450 2587/2302/6450 2586/2265/6450
f 2588/2267/6451 2590/2269/6452 2591/2304/6453
f 2591/2304/6454 2589/2303/6455 2588/2267/6456
f 2590/2269/6457 2592/2271/6458 2593/2305/6458
f 2593/2305/6459 2591/2304/6460 2590/2269/6461
f 2592/2271/6462 2578/2257/6463 2581/2299/6464
f 2581/2299/6465 2593/2305/6466 2592/2271/6466
f 2581/2299/6467 2580/2298/6468 2594/2281/6469
f 2594/2281/6470 2595/2282/6471 2581/2299/6472
f 2585/2301/6473 2584/2300/6474 2596/2283/6475
f 2596/2283/6476 2597/2284/6477 2585/2301/6478
f 2584/2300/6479 2587/2302/6480 2598/2285/6481
f 2598/2285/6482 2596/2283/6482 2584/2300/6483
f 2587/2302/6484 2589/2303/6485 2599/2286/6486
f 2599/2286/6487 2598/2285/6488 2587/2302/6489
f 2589/2303/6490 2591/2304/6491 2600/2287/6492
f 2600/2287/6493 2599/2286/6494 2589/2303/6495
f 2591/2304/6496 2593/2305/6497 2601/2288/6496
f 2601/2288/6498 2600/2287/6499 2591/2304/6499
f 2593/2305/6500 2581/2299/6501 2595/2282/6502
f 2595/2282/6503 2601/2288/6504 2593/2305/6505
f 2595/2282/6506 2594/2281/6507 2602/2306/6508
f 2602/2306/6508 2603/2307/6509 2604/2308/6510
f 2602/2306/6508 2604/2308/6510 2605/2309/6511
f 2595/2282/6506 2602/2306/6508 2605/2309/6511
f 2601/2288/6512 2595/2282/6506 2605/2309/6511
f 2606/2293/6513 2607/2294/6514 2608/2295/6515
f 2608/2295/6515 2609/2296/6516 2610/2256/6517
f 2608/2295/6515 2610/2256/6517 2611/2257/6518
f 2606/2293/6513 2608/2295/6515 2611/2257/6518
f 2612/2297/6519 2606/2293/6513 2611/2257/6518
f 2611/2257/6520 2610/2256/6521 2613/2298/6520
f 2613/2298/6522 2614/2299/6523 2611/2257/6523
f 2615/2261/6524 2616/2262/6525 2617/2300/6526
f 2617/2300/6527 2618/2301/6527 2615/2261/6528
f 2616/2262/6529 2619/2265/6529 2620/2302/6529
f 2620/2302/6530 2617/2300/6531 2616/2262/6532
f 2619/2265/6533 2621/2267/6533 2622/2303/6534
f 2622/2303/6535 2620/2302/6536 2619/2265/6536
f 2621/2267/6537 2623/2269/6537 2624/2304/6538
f 2624/2304/6539 2622/2303/6540 2621/2267/6541
f 2623/2269/6542 2625/2271/6542 2626/2305/6543
f 2626/2305/6544 2624/2304/6545 2623/2269/6546
f 2625/2271/6547 2611/2257/6548 2614/2299/6549
f 2614/2299/6550 2626/2305/6551 2625/2271/6552
f 2614/2299/6553 2613/2298/6554 2627/2281/6555
f 2627/2281/6556 2628/2282/6556 2614/2299/6556
f 2618/2301/6557 2617/2300/6558 2629/2283/6559
f 2629/2283/6560 2630/2284/6561 2618/2301/6562
f 2617/2300/6563 2620/2302/6564 2631/2285/6565
f 2631/2285/6566 2629/2283/6567 2617/2300/6568
f 2620/2302/6569 2622/2303/6570 2632/2286/6571
f 2632/2286/6572 2631/2285/6573 2620/2302/6574
f 2622/2303/6575 2624/2304/6575 2633/2287/6576
f 2633/2287/6577 2632/2286/6578 2622/2303/6579
f 2624/2304/6580 2626/2305/6581 2634/2288/6580
f 2634/2288/6582 2633/2287/6582 2624/2304/6583
f 2626/2305/6584 2614/2299/6584 2628/2282/6585
f 2628/2282/6586 2634/2288/6587 2626/2305/6588
f 2628/2282/6589 2627/2281/6590 2635/2306/6591
f 2635/2306/6591 2636/2307/6592 2637/2308/6593
f 2635/2306/6591 2637/2308/6593 2638/2309/6594
f 2628/2282/6589 2635/2306/6591 2638/2309/6594
f 2634/2288/6595 2628/2282/6589 2638/2309/6594
# Vertices: 107, normals: 288, texture coordinates: 58, faces: 128

o obj36
v 0.00445446 -0.19522766 -0.27375561
v -0.01049025 -0.19522766 -0.29127844
v -0.01035019 -0.19522766 -0.31249253
v 0.00646191 -0.19522766 -0.32267334
v 0.02836279 -0.19522766 -0.32475536
v 0.03707696 -0.19522766 -0.30747596
v 0.02525041 -0.19522766 -0.28499467
v 0.02359827 -0.13232484 -0.31822593
v 0.0324398 -0.13232484 -0.30153716
v 0.02836279 -0.19522766 -0.32475536
v 0.00646191 -0.19522766 -0.32267334
v 0.01044654 -0.13232484 -0.32060603
v 0.02359827 -0.13232484 -0.31822593
v -0.01035019 -0.19522766 -0.31249253
v -0.00230164 -0.13232484 -0.30939449
v -0.01049025 -0.19522766 -0.29127844
v -0.00390979 -0.13232484 -0.29352381
v 0.00445446 -0.19522766 -0.27375561
v 0.00854907 -0.13232484 -0.28494496
v 0.02525041 -0.19522766 -0.28499467
v 0.02172917 -0.13232484 -0.28962798
v 0.02034878 -0.06942202 -0.30876319
v 0.02392402 -0.06942202 -0.30051758
v 0.01064899 -0.06942202 -0.31195946
v 0.02034878 -0.06942202 -0.30876319
v 0.0025673 -0.06942202 -0.30512161
v 0.00146324 -0.06942201 -0.29489221
v 0.01013779 -0.06942201 -0.28897419
v 0.02109837 -0.06942201 -0.29033044
v 0.01064899 -0.06942202 -0.31195946
v 0.0025673 -0.06942202 -0.30512161
v 0.00146324 -0.06942201 -0.29489221
v 0.01013779 -0.06942201 -0.28897419
vn 0 0 -1
vn 0 0 -1
vn -0 0 -1
vn -0 0 -1
vn -0 0 -1
vn 0 0 -1
vn 0.8871 0.44737 0.11363
vn 0.8871 0.44737 0.11363
vn 0.87841 0.46537 0.10869
vn 0.87841 0.46537 0.10869
vn 0.87841 0.46537 0.10869
vn -0.09457 0.99477 0.03868
vn -0.09457 0.99477 0.03868
vn -0.09457 0.99477 0.03868
vn 0.1769 0.9775 0.11487
vn 0.1769 0.9775 0.11487
vn 0.1769 0.9775 0.11487
vn -0.51497 0.8504 0.10778
vn -0.51497 0.8504 0.10778
vn -0.65894 0.74926 0.06637
vn -0.99458 0.00657 0.10381
vn -0.99458 0.00657 0.10381
vn -0.99458 0.00657 0.10381
vn -0.98632 0.09994 0.13112
vn -0.98632 0.09994 0.13112
vn -0.98632 0.09994 0.13112
vn -0.75072 -0.64026 0.16276
vn -0.75072 -0.64026 0.16276
vn -0.56491 -0.82041 0.08838
vn -0.56491 -0.82041 0.08838
vn -0.56491 -0.82041 0.08838
vn 0.47348 -0.87609 0.09104
vn 0.47348 -0.87609 0.09104
vn 0.47348 -0.87609 0.09104
vn 0.3313 -0.93243 0.1443
vn 0.3313 -0.93243 0.1443
vn 0.3313 -0.93243 0.1443
vn 0.88481 -0.46547 0.02128
vn 0.88481 -0.46547 0.02128
vn 0.88481 -0.46547 0.02128
vn 0.74048 -0.66596 0.0905
vn 0.74048 -0.66596 0.0905
vn 0.87776 0.46503 0.1153
vn 0.87776 0.46503 0.1153
vn 0.87776 0.46503 0.1153
vn 0.90974 0.39446 0.12955
vn 0.17649 0.97521 0.13348
vn 0.17649 0.97521 0.13348
vn 0.30908 0.93798 0.15707
vn 0.30908 0.93798 0.15707
vn -0.65698 0.74703 0.1016
vn -0.65698 0.74703 0.1016
vn -0.65698 0.74703 0.1016
vn -0.64225 0.75908 0.10641
vn -0.64225 0.75908 0.10641
vn -0.64225 0.75908 0.10641
vn -0.99151 0.10047 0.08251
vn -0.99151 0.10047 0.08251
vn -0.99151 0.10047 0.08251
vn -0.99072 0.10693 0.08395
vn -0.99072 0.10693 0.08395
vn -0.99072 0.10693 0.08395
vn -0.56586 -0.82178 0.06693
vn -0.56586 -0.82178 0.06693
vn -0.56586 -0.82178 0.06693
vn -0.56234 -0.82427 0.06597
vn -0.56234 -0.82427 0.06597
vn -0.56234 -0.82427 0.06597
vn 0.33477 -0.9422 0.01388
vn 0.33477 -0.9422 0.01388
vn 0.12258 -0.99062 0.06036
vn 0.12258 -0.99062 0.06036
vn 0.12258 -0.99062 0.06036
vn 0.74055 -0.66602 0.08946
vn 0.74055 -0.66602 0.08946
vn 0.96354 -0.26726 0.01265
vn 0.96354 -0.26726 0.01265
vn 0.96354 -0.26726 0.01265
vn 0 0 1
vn 0 0 1
vn 0 0 1
vn -0 0 1
vn 0 0 1
vn 0 0 1
vn -0 0 1
vt 0.07426 1
vt 0.22675 1
vt 0.49661 1
vt 0.68294 1
vt 0.89286 1
vt 0.75 1
vt 0.38482 1
vt 0.89286 0.5
vt 0.75 0.5
vt -0.10714 1
vt 0.03571 1
vt 0.03571 0.5
vt -0.10714 0.5
vt 0.17857 1
vt 0.17857 0.5
vt 0.32143 1
vt 0.32143 0.5
vt 0.46429 1
vt 0.46429 0.5
vt 0.60714 1
vt 0.60714 0.5
vt 0.89286 0
vt 0.75 0
vt 0.03571 0
vt -0.10714 0
vt 0.17857 0
vt 0.32143 0
vt 0.46429 0
vt 0.60714 0
vt 0.74616 0
vt 0.35921 0
vt 0.04735 0
vt 0.09328 0
usemtl mat0
f 2639/2310/6596 2640/2311/6597 2641/2312/6598
f 2641/2312/6598 2642/2313/6599 2643/2314/6600
f 2641/2312/6598 2643/2314/6600 2644/2315/6601
f 2639/2310/6596 2641/2312/6598 2644/2315/6601
f 2645/2316/6597 2639/2310/6596 2644/2315/6601
f 2644/2315/6602 2643/2314/6602 2646/2317/6603
f 2646/2317/6604 2647/2318/6605 2644/2315/6606
f 2648/2319/6607 2649/2320/6608 2650/2321/6609
f 2650/2321/6610 2651/2322/6611 2648/2319/6612
f 2649/2320/6613 2652/2323/6614 2653/2324/6614
f 2653/2324/6615 2650/2321/6615 2649/2320/6615
f 2652/2323/6616 2654/2325/6617 2655/2326/6618
f 2655/2326/6619 2653/2324/6620 2652/2323/6621
f 2654/2325/6622 2656/2327/6623 2657/2328/6622
f 2657/2328/6624 2655/2326/6625 2654/2325/6626
f 2656/2327/6627 2658/2329/6628 2659/2330/6629
f 2659/2330/6630 2657/2328/6631 2656/2327/6632
f 2658/2329/6633 2644/2315/6634 2647/2318/6635
f 2647/2318/6636 2659/2330/6637 2658/2329/6636
f 2647/2318/6638 2646/2317/6639 2660/2331/6640
f 2660/2331/6641 2661/2332/6641 2647/2318/6641
f 2651/2322/6642 2650/2321/6642 2662/2333/6643
f 2662/2333/6644 2663/2334/6645 2651/2322/6645
f 2650/2321/6646 2653/2324/6647 2664/2335/6648
f 2664/2335/6649 2662/2333/6650 2650/2321/6651
f 2653/2324/6652 2655/2326/6653 2665/2336/6654
f 2665/2336/6655 2664/2335/6656 2653/2324/6657
f 2655/2326/6658 2657/2328/6659 2666/2337/6660
f 2666/2337/6661 2665/2336/6662 2655/2326/6663
f 2657/2328/6664 2659/2330/6665 2667/2338/6665
f 2667/2338/6666 2666/2337/6667 2657/2328/6668
f 2659/2330/6669 2647/2318/6670 2661/2332/6670
f 2661/2332/6671 2667/2338/6672 2659/2330/6673
f 2661/2332/6674 2660/2331/6675 2668/2339/6676
f 2668/2339/6676 2669/2340/6677 2670/2341/6678
f 2668/2339/6676 2670/2341/6678 2671/2342/6679
f 2661/2332/6674 2668/2339/6676 2671/2342/6679
f 2667/2338/6680 2661/2332/6674 2671/2342/6679
# Vertices: 33, normals: 85, texture coordinates: 33, faces: 38

o obj37
v 0.64477815 -0.18443876 0.26288304
v 0.63862463 -0.18443876 0.25197329
v 0.64399529 -0.18443876 0.24002483
v 0.65798988 -0.18443876 0.23571683
v 0.6689567 -0.18443876 0.24399791
v 0.66917601 -0.18443876 0.25726796
v 0.65849402 -0.18443876 0.26620746
v 0.66381997 -0.15292778 0.24610077
v 0.66446704 -0.15034041 0.25377601
v 0.6689567 -0.18443876 0.24399791
v 0.65798988 -0.18443876 0.23571683
v 0.6572751 -0.15280014 0.24096082
v 0.66381997 -0.15292778 0.24610077
v 0.64399529 -0.18443876 0.24002483
v 0.64976086 -0.15005362 0.24222665
v 0.63862463 -0.18443876 0.25197329
v 0.64693562 -0.14675639 0.24894507
v 0.64477815 -0.18443876 0.26288304
v 0.65092684 -0.14539134 0.25605696
v 0.65849402 -0.18443876 0.26620746
v 0.65872905 -0.14698639 0.25820693
v 0.66244513 -0.10975594 0.24938832
v 0.66315899 -0.11303043 0.25484697
v 0.65780346 -0.11012229 0.2460372
v 0.66244513 -0.10975594 0.24938832
v 0.65285715 -0.11332688 0.24664267
v 0.65138402 -0.11723464 0.25120611
v 0.65396249 -0.11901597 0.25601336
v 0.65905238 -0.11695464 0.25722505
v 0.65661942 -0.07908937 0.24980308
v 0.6564529 -0.07908937 0.25225307
v 0.6551727 -0.07908937 0.24613302
v 0.65661942 -0.07908937 0.24980308
v 0.6516393 -0.07908937 0.24818093
v 0.6503385 -0.07908937 0.25208461
v 0.65162207 -0.07908938 0.25517609
v 0.65534932 -0.07908938 0.25434208
v 0.6551727 -0.07908937 0.24613302
v 0.6516393 -0.07908937 0.24818093
v 0.6503385 -0.07908937 0.25208461
v 0.65162207 -0.07908938 0.25517609
vn 0 0 -1
vn 0 0 -1
vn 0 0 -1
vn 0 0 -1
vn 0 0 -1
vn 0 0 -1
vn 0.98667 0.01631 0.16193
vn 0.98667 0.01631 0.16193
vn 0.98454 0.12454 0.12321
vn 0.98454 0.12454 0.12321
vn 0.59629 0.78968 0.14436
vn 0.61233 0.77593 0.1516
vn 0.61233 0.77593 0.1516
vn -0.29243 0.94996 0.10986
vn -0.29243 0.94996 0.10986
vn -0.29243 0.94996 0.10986
vn -0.10674 0.98129 0.16023
vn -0.10674 0.98129 0.16023
vn -0.10674 0.98129 0.16023
vn -0.89946 0.40429 0.16589
vn -0.89946 0.40429 0.16589
vn -0.87375 0.45359 0.17555
vn -0.87375 0.45359 0.17555
vn -0.87375 0.45359 0.17555
vn -0.85011 -0.4795 0.21769
vn -0.85011 -0.4795 0.21769
vn -0.85011 -0.4795 0.21769
vn -0.86726 -0.44316 0.22689
vn -0.86726 -0.44316 0.22689
vn -0.23057 -0.95129 0.20466
vn -0.23057 -0.95129 0.20466
vn -0.23057 -0.95129 0.20466
vn -0.22166 -0.95404 0.20169
vn -0.22166 -0.95404 0.20169
vn -0.22166 -0.95404 0.20169
vn 0.633 -0.75639 0.16488
vn 0.633 -0.75639 0.16488
vn 0.633 -0.75639 0.16488
vn 0.65853 -0.73678 0.15326
vn 0.65853 -0.73678 0.15326
vn 0.99452 0.09701 0.03906
vn 0.99452 0.09701 0.03906
vn 0.99452 0.09701 0.03906
vn 0.99352 0.10719 0.03791
vn 0.99352 0.10719 0.03791
vn 0.99352 0.10719 0.03791
vn 0.61641 0.78277 0.08548
vn 0.61641 0.78277 0.08548
vn 0.5793 0.81116 0.08022
vn 0.5793 0.81116 0.08022
vn -0.11892 0.98457 0.12841
vn -0.11892 0.98457 0.12841
vn -0.11892 0.98457 0.12841
vn -0.19576 0.9735 0.11822
vn -0.19576 0.9735 0.11822
vn -0.87703 0.4506 0.16666
vn -0.87703 0.4506 0.16666
vn -0.96942 0.22027 0.10821
vn -0.96942 0.22027 0.10821
vn -0.96942 0.22027 0.10821
vn -0.87574 -0.47197 0.10157
vn -0.87574 -0.47197 0.10157
vn -0.87574 -0.47197 0.10157
vn -0.86291 -0.49692 0.09197
vn -0.86291 -0.49692 0.09197
vn -0.86291 -0.49692 0.09197
vn -0.25897 -0.96527 0.03435
vn -0.25897 -0.96527 0.03435
vn -0.24279 -0.96963 0.02955
vn -0.24279 -0.96963 0.02955
vn 0.61071 -0.79186 -0.00132
vn 0.61071 -0.79186 -0.00132
vn 0.61071 -0.79186 -0.00132
vn 0.48416 -0.87467 0.02338
vn 0.48416 -0.87467 0.02338
vn 0.98226 0.01639 0.18682
vn 0.98226 0.01639 0.18682
vn 0.98226 0.01639 0.18682
vn 0.97789 -0.06647 0.19829
vn 0.97789 -0.06647 0.19829
vn 0.58187 0.81163 0.05183
vn 0.58187 0.81163 0.05183
vn 0.58187 0.81163 0.05183
vn 0.91534 0.36082 0.17877
vn 0.91534 0.36082 0.17877
vn 0.91534 0.36082 0.17877
vn -0.14639 0.98845 0.0392
vn -0.14639 0.98845 0.0392
vn -0.14639 0.98845 0.0392
vn -0.50105 0.8645 -0.03981
vn -0.94673 0.3215 -0.01854
vn -0.94673 0.3215 -0.01854
vn -0.94853 0.31607 -0.01954
vn -0.94853 0.31607 -0.01954
vn -0.8869 -0.46002 -0.04234
vn -0.8869 -0.46002 -0.04234
vn -0.8869 -0.46002 -0.04234
vn -0.92302 -0.38323 -0.03412
vn -0.92302 -0.38323 -0.03412
vn -0.92302 -0.38323 -0.03412
vn -0.25011 -0.96697 0.04916
vn -0.25011 -0.96697 0.04916
vn -0.25011 -0.96697 0.04916
vn 0.21824 -0.97533 0.03325
vn 0.21824 -0.97533 0.03325
vn 0.38747 -0.91023 0.14612
vn 0.38747 -0.91023 0.14612
vn 0.38747 -0.91023 0.14612
vn 0.87769 -0.46367 0.12114
vn 0.87769 -0.46367 0.12114
vn 0.87769 -0.46367 0.12114
vn -0 -0 1
vn 0 0 1
vn -0 -0 1
vn 0 -0 1
vn 0 -0 1
vn 0 -0 1
vt 0.14885 1
vt 0.14324 1
vt 0.40627 1
vt 0.73988 1
vt 0.89286 1
vt 0.75 1
vt 0.41889 1
vt 0.89286 0.66667
vt 0.75 0.66667
vt -0.10714 1
vt 0.03571 1
vt 0.03571 0.66667
vt -0.10714 0.66667
vt 0.17857 1
vt 0.17857 0.66667
vt 0.32143 1
vt 0.32143 0.66667
vt 0.46429 1
vt 0.46429 0.66667
vt 0.60714 1
vt 0.60714 0.66667
vt 0.89286 0.33333
vt 0.75 0.33333
vt 0.03571 0.33333
vt -0.10714 0.33333
vt 0.17857 0.33333
vt 0.32143 0.33333
vt 0.46429 0.33333
vt 0.60714 0.33333
vt 0.89286 0
vt 0.75 0
vt 0.03571 0
vt -0.10714 0
vt 0.17857 0
vt 0.32143 0
vt 0.46429 0
vt 0.60714 0
vt 0.73988 0
vt 0.40627 0
vt 0.14324 0
vt 0.14885 0
usemtl mat0
f 2672/2343/6681 2673/2344/6682 2674/2345/6683
f 2674/2345/6683 2675/2346/6684 2676/2347/6685
f 2674/2345/6683 2676/2347/6685 2677/2348/6686
f 2672/2343/6681 2674/2345/6683 2677/2348/6686
f 2678/2349/6686 2672/2343/6681 2677/2348/6686
f 2677/2348/6687 2676/2347/6687 2679/2350/6688
f 2679/2350/6689 2680/2351/6690 2677/2348/6690
f 2681/2352/6691 2682/2353/6691 2683/2354/6691
f 2683/2354/6692 2684/2355/6692 2681/2352/6693
f 2682/2353/6694 2685/2356/6695 2686/2357/6696
f 2686/2357/6697 2683/2354/6698 2682/2353/6699
f 2685/2356/6700 2687/2358/6701 2688/2359/6701
f 2688/2359/6702 2686/2357/6703 2685/2356/6704
f 2687/2358/6705 2689/2360/6706 2690/2361/6707
f 2690/2361/6708 2688/2359/6709 2687/2358/6708
f 2689/2360/6710 2691/2362/6711 2692/2363/6712
f 2692/2363/6713 2690/2361/6714 2689/2360/6715
f 2691/2362/6716 2677/2348/6717 2680/2351/6718
f 2680/2351/6719 2692/2363/6720 2691/2362/6720
f 2680/2351/6721 2679/2350/6722 2693/2364/6723
f 2693/2364/6724 2694/2365/6725 2680/2351/6726
f 2684/2355/6727 2683/2354/6727 2695/2366/6728
f 2695/2366/6729 2696/2367/6730 2684/2355/6730
f 2683/2354/6731 2686/2357/6732 2697/2368/6733
f 2697/2368/6734 2695/2366/6734 2683/2354/6735
f 2686/2357/6736 2688/2359/6737 2698/2369/6736
f 2698/2369/6738 2697/2368/6739 2686/2357/6740
f 2688/2359/6741 2690/2361/6742 2699/2370/6743
f 2699/2370/6744 2698/2369/6745 2688/2359/6746
f 2690/2361/6747 2692/2363/6747 2700/2371/6748
f 2700/2371/6749 2699/2370/6749 2690/2361/6750
f 2692/2363/6751 2680/2351/6752 2694/2365/6753
f 2694/2365/6754 2700/2371/6755 2692/2363/6755
f 2694/2365/6756 2693/2364/6757 2701/2372/6758
f 2701/2372/6759 2702/2373/6759 2694/2365/6760
f 2696/2367/6761 2695/2366/6762 2703/2374/6763
f 2703/2374/6764 2704/2375/6765 2696/2367/6766
f 2695/2366/6767 2697/2368/6768 2705/2376/6769
f 2705/2376/6770 2703/2374/6770 2695/2366/6770
f 2697/2368/6771 2698/2369/6772 2706/2377/6771
f 2706/2377/6773 2705/2376/6774 2697/2368/6773
f 2698/2369/6775 2699/2370/6776 2707/2378/6777
f 2707/2378/6778 2706/2377/6779 2698/2369/6780
f 2699/2370/6781 2700/2371/6782 2708/2379/6783
f 2708/2379/6784 2707/2378/6785 2699/2370/6784
f 2700/2371/6786 2694/2365/6787 2702/2373/6788
f 2702/2373/6789 2708/2379/6790 2700/2371/6791
f 2702/2373/6792 2701/2372/6793 2709/2380/6794
f 2709/2380/6794 2710/2381/6793 2711/2382/6795
f 2709/2380/6794 2711/2382/6795 2712/2383/6796
f 2702/2373/6792 2709/2380/6794 2712/2383/6796
f 2708/2379/6797 2702/2373/6792 2712/2383/6796
# Vertices: 41, normals: 117, texture coordinates: 41, faces: 52

o obj38
v 0.03229892 -0.18497752 0.0153475
v 0.03878233 -0.18497752 0.02173379
v 0.03709549 -0.18497752 0.03070278
v 0.02793065 -0.18497752 0.03594478
v 0.01957056 -0.18497752 0.0324953
v 0.01707448 -0.18497752 0.02399588
v 0.02312652 -0.18497752 0.01575463
v 0.02147033 -0.14853041 0.03034211
v 0.01968347 -0.14853041 0.02390767
v 0.01957056 -0.18497752 0.0324953
v 0.02793065 -0.18497752 0.03594478
v 0.02819263 -0.14853041 0.03297377
v 0.02147033 -0.14853041 0.03034211
v 0.03709549 -0.18497752 0.03070278
v 0.03479598 -0.14853041 0.02954046
v 0.03878233 -0.18497752 0.02173379
v 0.03537166 -0.14853041 0.02270958
v 0.03229892 -0.18497752 0.0153475
v 0.03084839 -0.14853041 0.01786511
v 0.02312652 -0.18497752 0.01575463
v 0.02378146 -0.14853041 0.01825788
v 0.02519439 -0.1120833 0.02810802
v 0.02303065 -0.1120833 0.02433554
v 0.02837261 -0.1120833 0.02936461
v 0.02519439 -0.1120833 0.02810802
v 0.03166444 -0.1120833 0.02787263
v 0.03120596 -0.11208329 0.02413685
v 0.02920281 -0.11208329 0.02129842
v 0.02624447 -0.11208329 0.0217072
v 0.02686466 -0.07563619 0.02614608
v 0.02535607 -0.07563619 0.02426976
v 0.02920576 -0.07563619 0.02601215
v 0.02686466 -0.07563619 0.02614608
v 0.03095639 -0.07563619 0.02460694
v 0.03120335 -0.07563618 0.02323009
v 0.02926366 -0.0756362 0.02075332
v 0.02588223 -0.0756362 0.02177307
v 0.02920576 -0.07563619 0.02601215
v 0.03095639 -0.07563619 0.02460694
v 0.03120335 -0.07563618 0.02323009
v 0.02926366 -0.0756362 0.02075332
v 0.02216363 -0.15201866 0.02278429
v 0.02491249 -0.15064555 0.0208907
v 0.02774423 -0.14898319 0.0214123
v 0.02864749 -0.14818542 0.02424704
v 0.02832976 -0.14802227 0.02767631
v 0.02578299 -0.1493763 0.02861402
v 0.02309993 -0.15113795 0.02625885
v 0.01682316 -0.13729211 0.02355886
v 0.01532288 -0.14018369 0.02428925
v 0.02832976 -0.14802227 0.02767631
v 0.02864749 -0.14818542 0.02424704
v 0.01605484 -0.13474965 0.02194344
v 0.01682316 -0.13729211 0.02355886
v 0.02774423 -0.14898319 0.0214123
v 0.01350315 -0.13334455 0.02005897
v 0.02491249 -0.15064555 0.0208907
v 0.01124897 -0.13430012 0.01948054
v 0.02216363 -0.15201866 0.02278429
v 0.01113152 -0.13720419 0.02086181
v 0.02309993 -0.15113795 0.02625885
v 0.01284626 -0.13919824 0.0226473
v 0.00708281 -0.11528283 0.02265456
v 0.00588337 -0.11592896 0.02301204
v 0.007774 -0.11503237 0.02123282
v 0.00708281 -0.11528283 0.02265456
v 0.00707997 -0.11556819 0.01982433
v 0.00574273 -0.11636977 0.01941284
v 0.00471563 -0.11683351 0.0206122
v 0.00459863 -0.11672723 0.02233583
v 0.007774 -0.11503237 0.02123282
v 0.00707997 -0.11556819 0.01982433
v 0.00574273 -0.11636977 0.01941284
v 0.00471563 -0.11683351 0.0206122
v 0.02510587 -0.12450312 0.02856844
v 0.02459129 -0.12340598 0.0251686
v 0.02576195 -0.12402944 0.02211982
v 0.027971 -0.12612106 0.02163683
v 0.03023901 -0.12852512 0.02261876
v 0.03015394 -0.1289623 0.02561882
v 0.02776454 -0.12705154 0.02816615
v 0.04959577 -0.10962391 0.02725104
v 0.05027878 -0.11024395 0.02917752
v 0.03023901 -0.12852512 0.02261876
v 0.027971 -0.12612106 0.02163683
v 0.0478336 -0.10914781 0.02646119
v 0.04959577 -0.10962391 0.02725104
v 0.02576195 -0.12402944 0.02211982
v 0.04567607 -0.10895506 0.02694583
v 0.02459129 -0.12340598 0.0251686
v 0.04492328 -0.10921814 0.02834396
v 0.02510587 -0.12450312 0.02856844
v 0.04638236 -0.10979489 0.02967709
v 0.02776454 -0.12705154 0.02816615
v 0.04838331 -0.1101315 0.02981495
v 0.05591173 -0.09945374 0.02927373
v 0.05581377 -0.09959994 0.0306712
v 0.05513183 -0.09850713 0.02824537
v 0.05591173 -0.09945374 0.02927373
v 0.05396392 -0.0974459 0.02875766
v 0.05329746 -0.09703432 0.0301671
v 0.05382808 -0.09779313 0.03152766
v 0.05498027 -0.09900529 0.03197379
v 0.05513183 -0.09850713 0.02824537
v 0.05396392 -0.0974459 0.02875766
v 0.05329746 -0.09703432 0.0301671
v 0.05382808 -0.09779313 0.03152766
vn -0 -0 -1
vn -0 -0 -1
vn -0 -0 -1
vn -0 -0 -1
vn -0 -0 -1
vn -0 -0 -1
vn -0 -0 -1
vn -0.95736 -0.28115 0.06651
vn -0.95736 -0.28115 0.06651
vn -0.96121 -0.26693 0.06945
vn -0.96121 -0.26693 0.06945
vn -0.38026 -0.9216 0.07786
vn -0.38026 -0.9216 0.07786
vn -0.38026 -0.9216 0.07786
vn -0.36355 -0.92865 0.07381
vn -0.36355 -0.92865 0.07381
vn 0.49563 -0.86653 0.0589
vn 0.49563 -0.86653 0.0589
vn 0.49563 -0.86653 0.0589
vn 0.46021 -0.88514 0.06884
vn 0.46021 -0.88514 0.06884
vn 0.46021 -0.88514 0.06884
vn 0.97907 -0.18414 0.08669
vn 0.97907 -0.18414 0.08669
vn 0.97907 -0.18414 0.08669
vn 0.99433 -0.0838 0.06541
vn 0.99433 -0.0838 0.06541
vn 0.69967 0.71031 0.07691
vn 0.69967 0.71031 0.07691
vn 0.72819 0.67991 0.08635
vn 0.72819 0.67991 0.08635
vn 0.72819 0.67991 0.08635
vn -0.04424 0.99662 0.06924
vn -0.04424 0.99662 0.06924
vn -0.04424 0.99662 0.06924
vn -0.05537 0.99624 0.06661
vn -0.05537 0.99624 0.06661
vn -0.05537 0.99624 0.06661
vn -0.80474 0.59097 0.05618
vn -0.80474 0.59097 0.05618
vn -0.80474 0.59097 0.05618
vn -0.80827 0.58626 0.05479
vn -0.80827 0.58626 0.05479
vn -0.95724 -0.26583 0.1141
vn -0.95724 -0.26583 0.1141
vn -0.86509 -0.49618 0.07362
vn -0.86509 -0.49618 0.07362
vn -0.36294 -0.9271 0.0936
vn -0.36294 -0.9271 0.0936
vn -0.36294 -0.9271 0.0936
vn -0.36605 -0.92582 0.09415
vn -0.36605 -0.92582 0.09415
vn -0.36605 -0.92582 0.09415
vn 0.45983 -0.8844 0.07998
vn 0.45983 -0.8844 0.07998
vn 0.45983 -0.8844 0.07998
vn 0.41122 -0.9073 0.08781
vn 0.41122 -0.9073 0.08781
vn 0.41122 -0.9073 0.08781
vn 0.99043 -0.08347 0.10993
vn 0.99043 -0.08347 0.10993
vn 0.99043 -0.08347 0.10993
vn 0.98942 0.12143 0.07945
vn 0.98942 0.12143 0.07945
vn 0.98942 0.12143 0.07945
vn 0.72749 0.67925 0.09683
vn 0.72749 0.67925 0.09683
vn 0.72749 0.67925 0.09683
vn 0.81159 0.57276 0.11519
vn 0.81159 0.57276 0.11519
vn -0.05523 0.99368 0.09777
vn -0.05523 0.99368 0.09777
vn -0.13636 0.98685 0.0868
vn -0.13636 0.98685 0.0868
vn -0.13636 0.98685 0.0868
vn -0.80682 0.58522 0.08097
vn -0.80682 0.58522 0.08097
vn -0.62885 0.76893 0.11527
vn -0.62885 0.76893 0.11527
vn -0.62885 0.76893 0.11527
vn -0.86553 -0.49643 0.06639
vn -0.86553 -0.49643 0.06639
vn -0.86553 -0.49643 0.06639
vn -0.77833 -0.62579 0.05079
vn -0.77833 -0.62579 0.05079
vn -0.77833 -0.62579 0.05079
vn -0.36607 -0.92588 0.09353
vn -0.36607 -0.92588 0.09353
vn -0.36607 -0.92588 0.09353
vn 0.05704 -0.99707 0.05106
vn 0.05704 -0.99707 0.05106
vn 0.05704 -0.99707 0.05106
vn 0.41117 -0.90718 0.08927
vn 0.41117 -0.90718 0.08927
vn 0.41117 -0.90718 0.08927
vn 0.62494 -0.77856 0.05733
vn 0.62494 -0.77856 0.05733
vn 0.62494 -0.77856 0.05733
vn 0.99255 0.12181 -0.00296
vn 0.99255 0.12181 -0.00296
vn 0.99255 0.12181 -0.00296
vn 0.98369 -0.17644 0.03492
vn 0.98369 -0.17644 0.03492
vn 0.81699 0.57657 -0.00999
vn 0.81699 0.57657 -0.00999
vn 0.78721 0.6165 -0.01528
vn 0.78721 0.6165 -0.01528
vn 0.78721 0.6165 -0.01528
vn -0.13688 0.99059 0.00043
vn -0.13688 0.99059 0.00043
vn -0.2887 0.95732 -0.01384
vn -0.2887 0.95732 -0.01384
vn -0.63259 0.77351 0.03897
vn -0.63259 0.77351 0.03897
vn -0.63259 0.77351 0.03897
vn -0.97846 0.2062 -0.00935
vn -0.97846 0.2062 -0.00935
vn -0.97846 0.2062 -0.00935
vn 0 0 1
vn 0 0 1
vn -0 0 1
vn 1E-05 -1E-05 1
vn -0 -0 1
vn -0 0 1
vn -0 0 1
vn 0.4924 -0.08682 -0.86603
vn 0.4924 -0.08682 -0.86603
vn 0.4924 -0.08682 -0.86603
vn 0.4924 -0.08682 -0.86603
vn 0.4924 -0.08682 -0.86603
vn 0.4924 -0.08682 -0.86603
vn 0.49241 -0.08682 -0.86602
vn 0.09327 -0.892 0.44231
vn 0.09327 -0.892 0.44231
vn 0.09327 -0.892 0.44231
vn -0.12425 -0.94482 0.30312
vn -0.12425 -0.94482 0.30312
vn -0.12425 -0.94482 0.30312
vn 0.72622 -0.03462 0.68659
vn 0.72622 -0.03462 0.68659
vn 0.72622 -0.03462 0.68659
vn 0.25471 -0.77952 0.57226
vn 0.25471 -0.77952 0.57226
vn 0.25471 -0.77952 0.57226
vn 0.69704 0.39122 0.6009
vn 0.69704 0.39122 0.6009
vn 0.69704 0.39122 0.6009
vn 0.67146 0.50445 0.54284
vn 0.15546 0.98682 0.04482
vn 0.15546 0.98682 0.04482
vn 0.15546 0.98682 0.04482
vn 0.20591 0.9731 0.1033
vn 0.20591 0.9731 0.1033
vn 0.20591 0.9731 0.1033
vn -0.38085 0.83731 -0.39227
vn -0.38085 0.83731 -0.39227
vn -0.38085 0.83731 -0.39227
vn -0.37458 0.8431 -0.38585
vn -0.37458 0.8431 -0.38585
vn -0.37458 0.8431 -0.38585
vn -0.76119 -0.34441 -0.54952
vn -0.76119 -0.34441 -0.54952
vn -0.80361 -0.12096 -0.58274
vn -0.80361 -0.12096 -0.58274
vn -0.80361 -0.12096 -0.58274
vn -0.54507 -0.80249 -0.24269
vn -0.54507 -0.80249 -0.24269
vn -0.54507 -0.80249 -0.24269
vn -0.60705 -0.73645 -0.29856
vn -0.60705 -0.73645 -0.29856
vn 0.21292 -0.96784 0.13399
vn 0.21292 -0.96784 0.13399
vn 0.21292 -0.96784 0.13399
vn 0.2156 -0.96713 0.13484
vn 0.2156 -0.96713 0.13484
vn 0.2156 -0.96713 0.13484
vn 0.90499 -0.17785 0.38648
vn 0.90499 -0.17785 0.38648
vn 0.90499 -0.17785 0.38648
vn 0.80583 -0.4579 0.37544
vn 0.80583 -0.4579 0.37544
vn 0.80583 -0.4579 0.37544
vn 0.65649 0.71914 0.22772
vn 0.65649 0.71914 0.22772
vn 0.65649 0.71914 0.22772
vn 0.79764 0.51343 0.31649
vn 0.79764 0.51343 0.31649
vn 0.79764 0.51343 0.31649
vn 0.22226 0.97285 0.06458
vn 0.22226 0.97285 0.06458
vn 0.22226 0.97285 0.06458
vn 0.25036 0.96503 0.07773
vn 0.25036 0.96503 0.07773
vn 0.25036 0.96503 0.07773
vn -0.76844 0.58938 -0.24925
vn -0.76844 0.58938 -0.24925
vn -0.76844 0.58938 -0.24925
vn -0.6984 0.68201 -0.21705
vn -0.6984 0.68201 -0.21705
vn -0.6984 0.68201 -0.21705
vn -0.83284 -0.46566 -0.29923
vn -0.83284 -0.46566 -0.29923
vn -0.83284 -0.46566 -0.29923
vn -0.95263 0.04613 -0.3006
vn -0.95263 0.04613 -0.3006
vn -0.95263 0.04613 -0.3006
vn -0.5939 -0.78179 -0.18997
vn -0.5939 -0.78179 -0.18997
vn -0.39583 -0.90869 -0.13269
vn -0.39583 -0.90869 -0.13269
vn -0.39583 -0.90869 -0.13269
vn -0.4924 0.08682 0.86603
vn -0.4924 0.08683 0.86602
vn -0.4924 0.08683 0.86603
vn -0.4924 0.08683 0.86603
vn -0.4924 0.08683 0.86603
vn -0.4924 0.08682 0.86603
vn -0.4924 0.08682 0.86603
vn -0.69636 0.12279 -0.70711
vn -0.69637 0.12279 -0.70711
vn -0.69636 0.12279 -0.70711
vn -0.69636 0.12279 -0.70711
vn -0.69636 0.12279 -0.70711
vn -0.69636 0.12279 -0.70711
vn -0.69636 0.12279 -0.70711
vn 0.70629 0.08243 -0.70311
vn 0.70629 0.08243 -0.70311
vn 0.70629 0.08243 -0.70311
vn 0.65405 0.43179 -0.62111
vn 0.65405 0.43179 -0.62111
vn 0.31005 0.94607 -0.09392
vn 0.31005 0.94607 -0.09392
vn 0.36931 0.91652 -0.1536
vn 0.36931 0.91652 -0.1536
vn 0.36931 0.91652 -0.1536
vn 0.03621 0.96466 0.261
vn 0.03621 0.96466 0.261
vn -0.15957 0.88462 0.43817
vn -0.15957 0.88462 0.43817
vn -0.15957 0.88462 0.43817
vn -0.49768 0.3531 0.79223
vn -0.49768 0.3531 0.79223
vn -0.49768 0.3531 0.79223
vn -0.57177 0.15631 0.80538
vn -0.57177 0.15631 0.80538
vn -0.54823 -0.33085 0.76811
vn -0.54823 -0.33085 0.76811
vn -0.46541 -0.72749 0.50414
vn 0.02648 -0.99131 -0.12886
vn 0.02648 -0.99131 -0.12886
vn 0.02648 -0.99131 -0.12886
vn -0.06546 -0.99767 0.01949
vn -0.06546 -0.99767 0.01949
vn 0.3707 -0.75424 -0.54195
vn 0.3707 -0.75424 -0.54195
vn 0.3707 -0.75424 -0.54195
vn 0.2684 -0.87079 -0.41193
vn 0.2684 -0.87079 -0.41193
vn 0.2684 -0.87079 -0.41193
vn 0.80603 0.41999 -0.41704
vn 0.80603 0.41999 -0.41704
vn 0.80603 0.41999 -0.41704
vn 0.88634 -0.01371 -0.46283
vn 0.88634 -0.01371 -0.46283
vn 0.88634 -0.01371 -0.46283
vn 0.38213 0.91775 -0.10821
vn 0.38213 0.91775 -0.10821
vn 0.38213 0.91775 -0.10821
vn 0.64258 0.72241 -0.25538
vn -0.18619 0.94111 0.28223
vn -0.18619 0.94111 0.28223
vn -0.18619 0.94111 0.28223
vn -0.16706 0.94728 0.27342
vn -0.16706 0.94728 0.27342
vn -0.16706 0.94728 0.27342
vn -0.76335 0.30373 0.57012
vn -0.76335 0.30373 0.57012
vn -0.76335 0.30373 0.57012
vn -0.67323 0.48207 0.56069
vn -0.67323 0.48207 0.56069
vn -0.59638 -0.76196 0.2525
vn -0.59638 -0.76196 0.2525
vn -0.59638 -0.76196 0.2525
vn -0.73592 -0.52527 0.42721
vn -0.73592 -0.52527 0.42721
vn -0.73592 -0.52527 0.42721
vn -0.09106 -0.98632 -0.13738
vn -0.09106 -0.98632 -0.13738
vn -0.31508 -0.94778 0.04933
vn -0.31508 -0.94778 0.04933
vn -0.31508 -0.94778 0.04933
vn 0.29107 -0.91489 -0.27975
vn 0.61814 -0.61756 -0.48633
vn 0.61814 -0.61756 -0.48633
vn 0.69636 -0.12279 0.70711
vn 0.69637 -0.12278 0.70711
vn 0.69637 -0.12279 0.70711
vn 0.69637 -0.12279 0.7071
vn 0.69637 -0.12279 0.7071
vn 0.69637 -0.12279 0.70711
vn 0.69637 -0.12279 0.70711
vt 0.14539 1
vt 0.14425 1
vt 0.42214 1
vt 0.76566 1
vt 0.89286 1
vt 0.75 1
vt 0.38873 1
vt 0.89286 0.66667
vt 0.75 0.66667
vt -0.10714 1
vt 0.03571 1
vt 0.03571 0.66667
vt -0.10714 0.66667
vt 0.17857 1
vt 0.17857 0.66667
vt 0.32143 1
vt 0.32143 0.66667
vt 0.46429 1
vt 0.46429 0.66667
vt 0.60714 1
vt 0.60714 0.66667
vt 0.89286 0.33333
vt 0.75 0.33333
vt 0.03571 0.33333
vt -0.10714 0.33333
vt 0.17857 0.33333
vt 0.32143 0.33333
vt 0.46429 0.33333
vt 0.60714 0.33333
vt 0.89286 0
vt 0.75 0
vt 0.03571 0
vt -0.10714 0
vt 0.17857 0
vt 0.32143 0
vt 0.46429 0
vt 0.60714 0
vt 0.73317 0
vt 0.38668 0
vt 0.11422 0
vt 0.12003 0
vt 0.07426 1
vt 0.22675 1
vt 0.49661 1
vt 0.68294 1
vt 0.38482 1
vt 0.89286 0.5
vt 0.75 0.5
vt 0.03571 0.5
vt -0.10714 0.5
vt 0.17857 0.5
vt 0.32143 0.5
vt 0.46429 0.5
vt 0.60714 0.5
vt 0.74616 0
vt 0.35921 0
vt 0.04735 0
vt 0.09328 0
usemtl mat0
f 2713/2384/6798 2714/2385/6799 2715/2386/6800
f 2715/2386/6800 2716/2387/6801 2717/2388/6802
f 2715/2386/6800 2717/2388/6802 2718/2389/6803
f 2713/2384/6798 2715/2386/6800 2718/2389/6803
f 2719/2390/6804 2713/2384/6798 2718/2389/6803
f 2718/2389/6805 2717/2388/6805 2720/2391/6806
f 2720/2391/6807 2721/2392/6808 2718/2389/6807
f 2722/2393/6809 2723/2394/6810 2724/2395/6811
f 2724/2395/6812 2725/2396/6813 2722/2393/6813
f 2723/2394/6814 2726/2397/6815 2727/2398/6816
f 2727/2398/6817 2724/2395/6818 2723/2394/6819
f 2726/2397/6820 2728/2399/6821 2729/2400/6822
f 2729/2400/6823 2727/2398/6824 2726/2397/6824
f 2728/2399/6825 2730/2401/6826 2731/2402/6826
f 2731/2402/6827 2729/2400/6828 2728/2399/6829
f 2730/2401/6830 2732/2403/6831 2733/2404/6832
f 2733/2404/6833 2731/2402/6834 2730/2401/6835
f 2732/2403/6836 2718/2389/6837 2721/2392/6838
f 2721/2392/6839 2733/2404/6840 2732/2403/6839
f 2721/2392/6841 2720/2391/6842 2734/2405/6841
f 2734/2405/6843 2735/2406/6843 2721/2392/6844
f 2725/2396/6845 2724/2395/6846 2736/2407/6847
f 2736/2407/6848 2737/2408/6849 2725/2396/6850
f 2724/2395/6851 2727/2398/6852 2738/2409/6853
f 2738/2409/6854 2736/2407/6855 2724/2395/6856
f 2727/2398/6857 2729/2400/6858 2739/2410/6859
f 2739/2410/6860 2738/2409/6861 2727/2398/6862
f 2729/2400/6863 2731/2402/6864 2740/2411/6865
f 2740/2411/6866 2739/2410/6867 2729/2400/6867
f 2731/2402/6868 2733/2404/6868 2741/2412/6869
f 2741/2412/6870 2740/2411/6871 2731/2402/6872
f 2733/2404/6873 2721/2392/6874 2735/2406/6874
f 2735/2406/6875 2741/2412/6876 2733/2404/6877
f 2735/2406/6878 2734/2405/6879 2742/2413/6880
f 2742/2413/6881 2743/2414/6882 2735/2406/6883
f 2737/2408/6884 2736/2407/6885 2744/2415/6886
f 2744/2415/6887 2745/2416/6888 2737/2408/6889
f 2736/2407/6890 2738/2409/6891 2746/2417/6892
f 2746/2417/6893 2744/2415/6894 2736/2407/6895
f 2738/2409/6896 2739/2410/6897 2747/2418/6898
f 2747/2418/6899 2746/2417/6900 2738/2409/6899
f 2739/2410/6901 2740/2411/6902 2748/2419/6901
f 2748/2419/6903 2747/2418/6904 2739/2410/6905
f 2740/2411/6906 2741/2412/6906 2749/2420/6907
f 2749/2420/6908 2748/2419/6909 2740/2411/6909
f 2741/2412/6910 2735/2406/6911 2743/2414/6912
f 2743/2414/6913 2749/2420/6914 2741/2412/6915
f 2743/2414/6916 2742/2413/6917 2750/2421/6918
f 2750/2421/6918 2751/2422/6919 2752/2423/6920
f 2750/2421/6918 2752/2423/6920 2753/2424/6921
f 2743/2414/6916 2750/2421/6918 2753/2424/6921
f 2749/2420/6922 2743/2414/6916 2753/2424/6921
f 2754/2425/6923 2755/2426/6924 2756/2427/6925
f 2756/2427/6925 2757/2428/6926 2758/2388/6927
f 2756/2427/6925 2758/2388/6927 2759/2389/6928
f 2754/2425/6923 2756/2427/6925 2759/2389/6928
f 2760/2429/6929 2754/2425/6923 2759/2389/6928
f 2759/2389/6930 2758/2388/6931 2761/2430/6932
f 2761/2430/6933 2762/2431/6934 2759/2389/6935
f 2763/2393/6936 2764/2394/6937 2765/2432/6938
f 2765/2432/6939 2766/2433/6940 2763/2393/6941
f 2764/2394/6942 2767/2397/6943 2768/2434/6944
f 2768/2434/6945 2765/2432/6945 2764/2394/6945
f 2767/2397/6946 2769/2399/6947 2770/2435/6948
f 2770/2435/6949 2768/2434/6950 2767/2397/6951
f 2769/2399/6952 2771/2401/6953 2772/2436/6954
f 2772/2436/6955 2770/2435/6956 2769/2399/6957
f 2771/2401/6958 2773/2403/6958 2774/2437/6959
f 2774/2437/6960 2772/2436/6961 2771/2401/6962
f 2773/2403/6963 2759/2389/6964 2762/2431/6965
f 2762/2431/6966 2774/2437/6967 2773/2403/6966
f 2762/2431/6968 2761/2430/6969 2775/2413/6970
f 2775/2413/6971 2776/2414/6972 2762/2431/6973
f 2766/2433/6974 2765/2432/6975 2777/2415/6976
f 2777/2415/6977 2778/2416/6978 2766/2433/6979
f 2765/2432/6980 2768/2434/6981 2779/2417/6982
f 2779/2417/6983 2777/2415/6984 2765/2432/6985
f 2768/2434/6986 2770/2435/6987 2780/2418/6988
f 2780/2418/6989 2779/2417/6990 2768/2434/6991
f 2770/2435/6992 2772/2436/6993 2781/2419/6994
f 2781/2419/6995 2780/2418/6996 2770/2435/6997
f 2772/2436/6998 2774/2437/6999 2782/2420/7000
f 2782/2420/7001 2781/2419/7002 2772/2436/7003
f 2774/2437/7004 2762/2431/7005 2776/2414/7004
f 2776/2414/7006 2782/2420/7007 2774/2437/7008
f 2776/2414/7009 2775/2413/7010 2783/2438/7011
f 2783/2438/7011 2784/2439/7012 2785/2440/7013
f 2783/2438/7011 2785/2440/7013 2786/2441/7014
f 2776/2414/7009 2783/2438/7011 2786/2441/7014
f 2782/2420/7015 2776/2414/7009 2786/2441/7014
f 2787/2425/7016 2788/2426/7017 2789/2427/7018
f 2789/2427/7018 2790/2428/7019 2791/2388/7020
f 2789/2427/7018 2791/2388/7020 2792/2389/7021
f 2787/2425/7016 2789/2427/7018 2792/2389/7021
f 2793/2429/7022 2787/2425/7016 2792/2389/7021
f 2792/2389/7023 2791/2388/7024 2794/2430/7025
f 2794/2430/7026 2795/2431/7026 2792/2389/7027
f 2796/2393/7028 2797/2394/7029 2798/2432/7029
f 2798/2432/7030 2799/2433/7031 2796/2393/7032
f 2797/2394/7033 2800/2397/7033 2801/2434/7034
f 2801/2434/7035 2798/2432/7036 2797/2394/7037
f 2800/2397/7038 2802/2399/7039 2803/2435/7040
f 2803/2435/7041 2801/2434/7042 2800/2397/7041
f 2802/2399/7043 2804/2401/7044 2805/2436/7044
f 2805/2436/7045 2803/2435/7045 2802/2399/7045
f 2804/2401/7046 2806/2403/7047 2807/2437/7048
f 2807/2437/7049 2805/2436/7050 2804/2401/7050
f 2806/2403/7051 2792/2389/7052 2795/2431/7053
f 2795/2431/7054 2807/2437/7055 2806/2403/7056
f 2795/2431/7057 2794/2430/7058 2808/2413/7059
f 2808/2413/7060 2809/2414/7061 2795/2431/7062
f 2799/2433/7063 2798/2432/7064 2810/2415/7065
f 2810/2415/7066 2811/2416/7066 2799/2433/7066
f 2798/2432/7067 2801/2434/7068 2812/2417/7069
f 2812/2417/7070 2810/2415/7071 2798/2432/7072
f 2801/2434/7073 2803/2435/7074 2813/2418/7075
f 2813/2418/7076 2812/2417/7076 2801/2434/7077
f 2803/2435/7078 2805/2436/7079 2814/2419/7080
f 2814/2419/7081 2813/2418/7082 2803/2435/7083
f 2805/2436/7084 2807/2437/7085 2815/2420/7084
f 2815/2420/7086 2814/2419/7087 2805/2436/7088
f 2807/2437/7089 2795/2431/7089 2809/2414/7089
f 2809/2414/7090 2815/2420/7091 2807/2437/7091
f 2809/2414/7092 2808/2413/7093 2816/2438/7094
f 2816/2438/7094 2817/2439/7095 2818/2440/7096
f 2816/2438/7094 2818/2440/7096 2819/2441/7097
f 2809/2414/7092 2816/2438/7094 2819/2441/7097
f 2815/2420/7098 2809/2414/7092 2819/2441/7097
# Vertices: 107, normals: 301, texture coordinates: 58, faces: 128

o obj39
v -0.60066664 -0.18578148 0.09394684
v -0.60756932 -0.18578148 0.10291718
v -0.62078318 -0.18578148 0.10297063
v -0.60327993 -0.18578148 0.08317256
v -0.62822406 -0.18578148 0.09430496
v -0.62519325 -0.18578148 0.08332587
v -0.61499675 -0.18578148 0.07802729
v -0.60616294 -0.1401661 0.08470959
v -0.60407316 -0.1401661 0.09280188
v -0.60066664 -0.18578148 0.09394684
v -0.60407316 -0.1401661 0.09280188
v -0.60971247 -0.1401661 0.09986092
v -0.60756932 -0.18578148 0.10291718
v -0.61901814 -0.1401661 0.10027186
v -0.62078318 -0.18578148 0.10297063
v -0.6239167 -0.1401661 0.09322828
v -0.62822406 -0.18578148 0.09430496
v -0.6220456 -0.1401661 0.08514694
v -0.62519325 -0.18578148 0.08332587
v -0.61414014 -0.1401661 0.08115034
v -0.61499675 -0.18578148 0.07802729
v -0.60849073 -0.09455072 0.08637443
v -0.60847178 -0.09455072 0.09302852
v -0.60847178 -0.09455072 0.09302852
v -0.61172181 -0.09455072 0.09712501
v -0.61722509 -0.09455072 0.09766638
v -0.61947555 -0.09455071 0.09236547
v -0.61899271 -0.09455071 0.08707191
v -0.61476 -0.09455071 0.08535037
v -0.6112063 -0.04893536 0.08814733
v -0.61024357 -0.04893536 0.09258988
v -0.61024357 -0.04893536 0.09258988
v -0.61112087 -0.04893536 0.09966204
v -0.62083658 -0.04893536 0.09206808
v -0.62130483 -0.04893534 0.09129017
v -0.62045064 -0.04893536 0.08567139
v -0.61387542 -0.04893536 0.08517259
v -0.62130483 -0.04893534 0.09129017
v -0.62083658 -0.04893536 0.09206808
v -0.61112087 -0.04893536 0.09966204
v -0.62045064 -0.04893536 0.08567139
v -0.62102777 -0.14097252 0.09211411
v -0.61918401 -0.13796372 0.08963056
v -0.61648743 -0.13534595 0.08877168
v -0.6190582 -0.14151968 0.09531256
v -0.61331073 -0.13456566 0.09134361
v -0.61174093 -0.13593879 0.09535062
v -0.61487434 -0.13912827 0.09657832
v -0.63284187 -0.11682608 0.10712551
v -0.63345114 -0.11580982 0.10383125
v -0.62102777 -0.14097252 0.09211411
v -0.63345114 -0.11580982 0.10383125
v -0.63159715 -0.11502947 0.10126597
v -0.61918401 -0.13796372 0.08963056
v -0.62813748 -0.11471354 0.10018576
v -0.61648743 -0.13534595 0.08877168
v -0.62592315 -0.11514474 0.1015534
v -0.61331073 -0.13456566 0.09134361
v -0.6269017 -0.11609005 0.10464144
v -0.61174093 -0.13593879 0.09535062
v -0.62962897 -0.11664177 0.10647693
v -0.61487434 -0.13912827 0.09657832
v -0.64370855 -0.10477122 0.11684601
v -0.64468922 -0.10458824 0.11539262
v -0.64468922 -0.10458824 0.11539262
v -0.64448743 -0.1034035 0.11378997
v -0.64290099 -0.10207533 0.11361438
v -0.64129664 -0.10156021 0.11472499
v -0.64102035 -0.10250991 0.1165317
v -0.64199001 -0.10402698 0.11773626
v -0.64129664 -0.10156021 0.11472499
v -0.64290099 -0.10207533 0.11361438
v -0.64448743 -0.1034035 0.11378997
v -0.64102035 -0.10250991 0.1165317
v -0.61317609 -0.11636158 0.09420485
v -0.61566642 -0.11656578 0.09068678
v -0.6164613 -0.11756423 0.08704903
v -0.60982892 -0.11805623 0.0936275
v -0.61371847 -0.11964476 0.08471166
v -0.60955407 -0.12136327 0.0850439
v -0.60839461 -0.12026102 0.0893958
v -0.6035472 -0.10173966 0.08436569
v -0.60563038 -0.09812071 0.08451289
v -0.61317609 -0.11636158 0.09420485
v -0.60563038 -0.09812071 0.08451289
v -0.6058085 -0.0949387 0.08228117
v -0.61566642 -0.11656578 0.09068678
v -0.60422205 -0.09318015 0.07864187
v -0.6164613 -0.11756423 0.08704903
v -0.60214077 -0.09437608 0.07660431
v -0.61371847 -0.11964476 0.08471166
v -0.6011491 -0.09801067 0.07802793
v -0.60955407 -0.12136327 0.0850439
v -0.60189035 -0.10050633 0.08103623
v -0.60839461 -0.12026102 0.0893958
v -0.59176582 -0.07619521 0.07510297
v -0.59328955 -0.07538654 0.0754661
v -0.59328955 -0.07538654 0.0754661
v -0.59492842 -0.07507308 0.07435764
v -0.59505757 -0.07574368 0.0723967
v -0.59386566 -0.07674689 0.07111388
v -0.59200189 -0.07732728 0.0717711
v -0.59079647 -0.07719429 0.07356609
v -0.59386566 -0.07674689 0.07111388
v -0.59505757 -0.07574368 0.0723967
v -0.59492842 -0.07507308 0.07435764
v -0.59200189 -0.07732728 0.0717711
vn 0 -0 -1
vn 0 -0 -1
vn 0 -0 -1
vn 0 -0 -1
vn 0 -0 -1
vn 0 -0 -1
vn 0.9659 0.24944 0.06945
vn 0.9659 0.24944 0.06945
vn 0.9659 0.24944 0.06945
vn 0.96967 0.23519 0.06651
vn 0.96967 0.23519 0.06651
vn 0.96967 0.23519 0.06651
vn 0.77917 -0.62246 0.07381
vn 0.77917 -0.62246 0.07381
vn 0.79011 -0.60799 0.07786
vn 0.79011 -0.60799 0.07786
vn 0.04401 -0.99666 0.06884
vn 0.04401 -0.99666 0.06884
vn 0.04401 -0.99666 0.06884
vn 0.00404 -0.99826 0.0589
vn 0.00404 -0.99826 0.0589
vn -0.81922 -0.56974 0.06541
vn -0.81922 -0.56974 0.06541
vn -0.81922 -0.56974 0.06541
vn -0.75583 -0.649 0.08669
vn -0.75583 -0.649 0.08669
vn -0.75583 -0.649 0.08669
vn -0.97059 0.22472 0.08635
vn -0.97059 0.22472 0.08635
vn -0.96109 0.26531 0.07691
vn -0.96109 0.26531 0.07691
vn -0.45017 0.89046 0.06661
vn -0.45017 0.89046 0.06661
vn -0.46 0.88522 0.06924
vn -0.46 0.88522 0.06924
vn 0.40685 0.91185 0.05479
vn 0.40685 0.91185 0.05479
vn 0.40144 0.91416 0.05618
vn 0.40144 0.91416 0.05618
vn 0.40144 0.91416 0.05618
vn 0.99869 0.00284 0.05107
vn 0.99869 0.00284 0.05107
vn 0.96393 0.24893 0.09419
vn 0.96393 0.24893 0.09419
vn 0.78135 -0.6199 0.07226
vn 0.78135 -0.6199 0.07226
vn 0.78135 -0.6199 0.07226
vn 0.77929 -0.62255 0.07167
vn 0.77929 -0.62255 0.07167
vn 0.77929 -0.62255 0.07167
vn 0.0977 -0.99316 0.06387
vn 0.0977 -0.99316 0.06387
vn 0.0977 -0.99316 0.06387
vn 0.04405 -0.9975 0.05524
vn 0.04405 -0.9975 0.05524
vn 0.04405 -0.9975 0.05524
vn -0.91891 -0.39012 0.0584
vn -0.91891 -0.39012 0.0584
vn -0.81762 -0.56863 0.09036
vn -0.81762 -0.56863 0.09036
vn -0.81762 -0.56863 0.09036
vn -0.99138 0.09043 0.09481
vn -0.99138 0.09043 0.09481
vn -0.99138 0.09043 0.09481
vn -0.97152 0.22494 0.07451
vn -0.97152 0.22494 0.07451
vn -0.37598 0.9244 0.06417
vn -0.37598 0.9244 0.06417
vn -0.37598 0.9244 0.06417
vn -0.44987 0.88987 0.07582
vn -0.44987 0.88987 0.07582
vn 0.16052 0.98267 0.09266
vn 0.16052 0.98267 0.09266
vn 0.16052 0.98267 0.09266
vn 0.40686 0.91189 0.05404
vn 0.40686 0.91189 0.05404
vn 0.40686 0.91189 0.05404
vn 0.97517 0.21133 0.06627
vn 0.97517 0.21133 0.06627
vn 0.97517 0.21133 0.06627
vn 0.99924 0.00285 0.03879
vn 0.99924 0.00285 0.03879
vn 0.99924 0.00285 0.03879
vn 0.99161 -0.12301 0.0397
vn 0.99161 -0.12301 0.0397
vn 0.99161 -0.12301 0.0397
vn 0.78261 -0.6209 -0.04484
vn 0.78261 -0.6209 -0.04484
vn 0.78261 -0.6209 -0.04484
vn -0.61543 -0.78738 -0.03568
vn -0.61543 -0.78738 -0.03568
vn -0.61543 -0.78738 -0.03568
vn 0.09708 -0.98691 0.12881
vn 0.09708 -0.98691 0.12881
vn 0.09708 -0.98691 0.12881
vn -0.85675 -0.51571 -0.00454
vn -0.85675 -0.51571 -0.00454
vn -0.85675 -0.51571 -0.00454
vn -0.92013 -0.39063 -0.02769
vn -0.92013 -0.39063 -0.02769
vn -0.92013 -0.39063 -0.02769
vn -0.98772 0.15016 -0.04315
vn -0.99527 0.09078 -0.0346
vn -0.99527 0.09078 -0.0346
vn -0.0756 0.99659 -0.03301
vn -0.0756 0.99659 -0.03301
vn -0.37675 0.92631 0.0037
vn -0.37675 0.92631 0.0037
vn -0.37675 0.92631 0.0037
vn 0.7442 0.66774 -0.01703
vn 0.7442 0.66774 -0.01703
vn 0.7442 0.66774 -0.01703
vn 0.16102 0.98579 0.0479
vn 0.16102 0.98579 0.0479
vn 0.16102 0.98579 0.0479
vn -0 -0 1
vn -3E-05 -4E-05 1
vn 0 -0 1
vn 0 0 1
vn 0 0 1
vn 0.54167 0.45452 -0.70711
vn 0.54167 0.45452 -0.70711
vn 0.54167 0.45452 -0.70711
vn 0.54167 0.45452 -0.70711
vn 0.54168 0.45452 -0.70711
vn 0.54168 0.45452 -0.70711
vn 0.54167 0.45452 -0.70711
vn -0.87116 -0.00968 -0.4909
vn -0.87116 -0.00968 -0.4909
vn -0.87116 -0.00968 -0.4909
vn -0.75276 -0.37045 -0.54416
vn -0.75276 -0.37045 -0.54416
vn -0.78969 0.6038 -0.10872
vn -0.78969 0.6038 -0.10872
vn -0.78969 0.6038 -0.10872
vn -0.75374 0.65266 -0.07684
vn -0.75374 0.65266 -0.07684
vn -0.75374 0.65266 -0.07684
vn -0.30925 0.9051 0.29181
vn -0.30925 0.9051 0.29181
vn -0.47326 0.85637 0.20653
vn -0.47326 0.85637 0.20653
vn -0.47326 0.85637 0.20653
vn 0.49679 0.60958 0.61774
vn 0.49679 0.60958 0.61774
vn 0.49679 0.60958 0.61774
vn 0.39869 0.67935 0.61606
vn 0.85427 -0.37947 0.35529
vn 0.85427 -0.37947 0.35529
vn 0.85427 -0.37947 0.35529
vn 0.77178 0.08648 0.62998
vn 0.77178 0.08648 0.62998
vn 0.55341 -0.83225 0.03314
vn 0.55341 -0.83225 0.03314
vn 0.55341 -0.83225 0.03314
vn 0.44761 -0.88889 -0.09759
vn 0.44761 -0.88889 -0.09759
vn 0.44761 -0.88889 -0.09759
vn 0.20537 -0.93829 -0.27828
vn 0.20537 -0.93829 -0.27828
vn -0.0198 -0.89757 -0.44043
vn -0.0198 -0.89757 -0.44043
vn -0.0198 -0.89757 -0.44043
vn -0.57911 -0.29508 -0.75997
vn -0.57911 -0.29508 -0.75997
vn -0.73982 0.06961 -0.66919
vn -0.73982 0.06961 -0.66919
vn -0.82015 0.40329 -0.40585
vn -0.82015 0.40329 -0.40585
vn -0.76713 0.61246 -0.19079
vn -0.76713 0.61246 -0.19079
vn -0.76713 0.61246 -0.19079
vn -0.42581 0.8109 0.40141
vn -0.42581 0.8109 0.40141
vn -0.42581 0.8109 0.40141
vn -0.29855 0.80731 0.50904
vn -0.29855 0.80731 0.50904
vn 0.1495 0.58551 0.79676
vn 0.1495 0.58551 0.79676
vn 0.1495 0.58551 0.79676
vn 0.40111 0.38777 0.82991
vn 0.40111 0.38777 0.82991
vn 0.40111 0.38777 0.82991
vn 0.74442 -0.21793 0.63115
vn 0.74442 -0.21793 0.63115
vn 0.74442 -0.21793 0.63115
vn 0.78757 -0.39449 0.4734
vn 0.78757 -0.39449 0.4734
vn 0.78757 -0.39449 0.4734
vn 0.70075 -0.70463 0.11159
vn 0.70075 -0.70463 0.11159
vn 0.70075 -0.70463 0.11159
vn 0.57306 -0.80444 -0.15647
vn 0.57306 -0.80444 -0.15647
vn 0.57306 -0.80444 -0.15647
vn -0.06569 -0.7116 -0.69951
vn -0.06569 -0.7116 -0.69951
vn 0.19882 -0.84271 -0.50031
vn 0.19882 -0.84271 -0.50031
vn 0.19882 -0.84271 -0.50031
vn -0.54168 -0.45452 0.70711
vn -0.54168 -0.45452 0.70711
vn -0.54168 -0.45452 0.70711
vn -0.54168 -0.45452 0.70711
vn -0.54167 -0.45452 0.70711
vn -0.54168 -0.45452 0.70711
vn -0.54168 -0.45452 0.70711
vn -0.38302 -0.32139 -0.86603
vn -0.38302 -0.32139 -0.86603
vn -0.38302 -0.32139 -0.86603
vn -0.38302 -0.32139 -0.86603
vn -0.38302 -0.3214 -0.86602
vn -0.38302 -0.32139 -0.86603
vn -0.38302 -0.32139 -0.86603
vn 0.51603 -0.8149 0.2639
vn 0.51603 -0.8149 0.2639
vn 0.51603 -0.8149 0.2639
vn 0.32292 -0.88461 0.33644
vn 0.32292 -0.88461 0.33644
vn -0.28666 -0.79182 0.5393
vn -0.28666 -0.79182 0.5393
vn -0.28666 -0.79182 0.5393
vn -0.7152 -0.47659 0.51123
vn -0.7152 -0.47659 0.51123
vn -0.91484 0.24292 0.32258
vn -0.91484 0.24292 0.32258
vn -0.91484 0.24292 0.32258
vn -0.88266 -0.06511 0.46549
vn -0.88266 -0.06511 0.46549
vn -0.88266 -0.06511 0.46549
vn -0.67213 0.73569 0.08372
vn -0.67213 0.73569 0.08372
vn -0.63032 0.7753 0.04005
vn -0.63032 0.7753 0.04005
vn -0.63032 0.7753 0.04005
vn 0.09065 0.93544 -0.34167
vn 0.09065 0.93544 -0.34167
vn -0.03697 0.96065 -0.27531
vn 0.93257 0.06482 -0.35512
vn 0.93257 0.06482 -0.35512
vn 0.91797 0.15175 -0.36646
vn 0.91797 0.15175 -0.36646
vn 0.91797 0.15175 -0.36646
vn 0.906 -0.40362 -0.1275
vn 0.906 -0.40362 -0.1275
vn 0.906 -0.40362 -0.1275
vn 0.9146 -0.38083 -0.13594
vn 0.9146 -0.38082 -0.13594
vn 0.9146 -0.38082 -0.13594
vn 0.32117 -0.92809 0.18841
vn 0.32117 -0.92809 0.18841
vn 0.35979 -0.91746 0.16979
vn 0.35979 -0.91746 0.16979
vn -0.40803 -0.75035 0.52008
vn -0.40803 -0.75035 0.52008
vn -0.40803 -0.75035 0.52008
vn -0.38383 -0.76597 0.51573
vn -0.38383 -0.76596 0.51573
vn -0.88858 0.09495 0.44879
vn -0.88858 0.09495 0.44879
vn -0.88858 0.09495 0.44879
vn -0.89513 0.19696 0.39993
vn -0.89513 0.19696 0.39993
vn -0.89513 0.19696 0.39993
vn -0.68701 0.71924 0.10348
vn -0.68701 0.71924 0.10348
vn -0.67135 0.73615 0.08586
vn -0.67135 0.73615 0.08586
vn 0.20169 0.90428 -0.3763
vn 0.20169 0.90428 -0.3763
vn 0.20169 0.90428 -0.3763
vn 0.11663 0.93516 -0.33447
vn 0.11663 0.93516 -0.33447
vn 0.74768 0.46714 -0.47197
vn 0.74768 0.46714 -0.47197
vn 0.74768 0.46714 -0.47197
vn 0.86608 0.17505 -0.46825
vn 0.86608 0.17505 -0.46825
vn 0.86608 0.17505 -0.46825
vn 0.77694 -0.60447 -0.17604
vn 0.77694 -0.60447 -0.17604
vn 0.89526 -0.33795 -0.29036
vn 0.89526 -0.33795 -0.29036
vn 0.89526 -0.33795 -0.29036
vn 0.38302 0.32139 0.86603
vn 0.38302 0.32139 0.86603
vn 0.38302 0.32139 0.86603
vn 0.38302 0.32139 0.86603
vn 0.38302 0.3214 0.86602
vn 0.38302 0.32139 0.86603
vn 0.38303 0.32139 0.86603
vt 0.89286 1
vt 0.76566 1
vt 0.42214 1
vt 0.75 1
vt 0.14425 1
vt 0.14539 1
vt 0.38873 1
vt 0.75 0.66667
vt 0.89286 0.66667
vt -0.10714 1
vt -0.10714 0.66667
vt 0.03571 0.66667
vt 0.03571 1
vt 0.17857 0.66667
vt 0.17857 1
vt 0.32143 0.66667
vt 0.32143 1
vt 0.46429 0.66667
vt 0.46429 1
vt 0.60714 0.66667
vt 0.60714 1
vt 0.75 0.33333
vt 0.89286 0.33333
vt -0.10714 0.33333
vt 0.03571 0.33333
vt 0.17857 0.33333
vt 0.32143 0.33333
vt 0.46429 0.33333
vt 0.60714 0.33333
vt 0.75 0
vt 0.89286 0
vt -0.10714 0
vt 0.03571 0
vt 0.17857 0
vt 0.32143 0
vt 0.46429 0
vt 0.60714 0
vt 0.11422 0
vt 0.38668 0
vt 0.73317 0
vt 0.12003 0
vt 0.68294 1
vt 0.49661 1
vt 0.22675 1
vt 0.07426 1
vt 0.38482 1
vt 0.75 0.5
vt 0.89286 0.5
vt -0.10714 0.5
vt 0.03571 0.5
vt 0.17857 0.5
vt 0.32143 0.5
vt 0.46429 0.5
vt 0.60714 0.5
vt 0.04735 0
vt 0.35921 0
vt 0.74616 0
vt 0.09328 0
usemtl mat0
f 2820/2442/7099 2821/2443/7100 2822/2444/7099
f 2823/2445/7101 2820/2442/7099 2822/2444/7099
f 2822/2444/7099 2824/2446/7102 2825/2447/7103
f 2823/2445/7101 2822/2444/7099 2825/2447/7103
f 2826/2448/7104 2823/2445/7101 2825/2447/7103
f 2823/2445/7105 2827/2449/7106 2828/2450/7107
f 2828/2450/7108 2820/2442/7109 2823/2445/7110
f 2829/2451/7111 2830/2452/7112 2831/2453/7112
f 2831/2453/7113 2832/2454/7114 2829/2451/7114
f 2832/2454/7115 2831/2453/7116 2833/2455/7117
f 2833/2455/7118 2834/2456/7119 2832/2454/7119
f 2834/2456/7120 2833/2455/7121 2835/2457/7122
f 2835/2457/7123 2836/2458/7124 2834/2456/7125
f 2836/2458/7126 2835/2457/7127 2837/2459/7126
f 2837/2459/7128 2838/2460/7128 2836/2458/7129
f 2838/2460/7130 2837/2459/7131 2839/2461/7130
f 2839/2461/7132 2840/2462/7132 2838/2460/7133
f 2840/2462/7134 2839/2461/7135 2827/2449/7135
f 2827/2449/7136 2823/2445/7137 2840/2462/7138
f 2827/2449/7139 2841/2463/7140 2842/2464/7139
f 2842/2464/7141 2828/2450/7141 2827/2449/7142
f 2830/2452/7143 2843/2465/7144 2844/2466/7145
f 2844/2466/7146 2831/2453/7147 2830/2452/7148
f 2831/2453/7149 2844/2466/7150 2845/2467/7151
f 2845/2467/7152 2833/2455/7153 2831/2453/7154
f 2833/2455/7155 2845/2467/7156 2846/2468/7155
f 2846/2468/7157 2835/2457/7158 2833/2455/7159
f 2835/2457/7160 2846/2468/7161 2847/2469/7162
f 2847/2469/7163 2837/2459/7164 2835/2457/7163
f 2837/2459/7165 2847/2469/7166 2848/2470/7167
f 2848/2470/7168 2839/2461/7169 2837/2459/7168
f 2839/2461/7170 2848/2470/7171 2841/2463/7172
f 2841/2463/7173 2827/2449/7174 2839/2461/7175
f 2841/2463/7176 2849/2471/7177 2850/2472/7178
f 2850/2472/7179 2842/2464/7180 2841/2463/7181
f 2843/2465/7182 2851/2473/7183 2852/2474/7184
f 2852/2474/7185 2844/2466/7186 2843/2465/7187
f 2844/2466/7188 2852/2474/7189 2853/2475/7190
f 2853/2475/7191 2845/2467/7192 2844/2466/7193
f 2845/2467/7194 2853/2475/7195 2854/2476/7196
f 2854/2476/7197 2846/2468/7198 2845/2467/7199
f 2846/2468/7200 2854/2476/7200 2855/2477/7200
f 2855/2477/7201 2847/2469/7202 2846/2468/7202
f 2847/2469/7203 2855/2477/7204 2856/2478/7204
f 2856/2478/7205 2848/2470/7206 2847/2469/7207
f 2848/2470/7208 2856/2478/7209 2849/2471/7210
f 2849/2471/7211 2841/2463/7212 2848/2470/7213
f 2857/2479/7214 2858/2480/7215 2859/2481/7216
f 2860/2482/7217 2857/2479/7214 2859/2481/7216
f 2859/2481/7216 2850/2472/7218 2849/2471/7218
f 2860/2482/7217 2859/2481/7216 2849/2471/7218
f 2856/2478/7218 2860/2482/7217 2849/2471/7218
f 2861/2442/7219 2862/2483/7220 2863/2484/7221
f 2864/2445/7222 2861/2442/7219 2863/2484/7221
f 2863/2484/7221 2865/2485/7223 2866/2486/7224
f 2864/2445/7222 2863/2484/7221 2866/2486/7224
f 2867/2487/7225 2864/2445/7222 2866/2486/7224
f 2864/2445/7226 2868/2488/7227 2869/2489/7228
f 2869/2489/7229 2861/2442/7230 2864/2445/7229
f 2870/2451/7231 2871/2490/7232 2872/2491/7233
f 2872/2491/7234 2873/2454/7235 2870/2451/7236
f 2873/2454/7237 2872/2491/7238 2874/2492/7238
f 2874/2492/7239 2875/2456/7240 2873/2454/7241
f 2875/2456/7242 2874/2492/7243 2876/2493/7244
f 2876/2493/7245 2877/2458/7245 2875/2456/7245
f 2877/2458/7246 2876/2493/7247 2878/2494/7248
f 2878/2494/7249 2879/2460/7250 2877/2458/7249
f 2879/2460/7251 2878/2494/7252 2880/2495/7253
f 2880/2495/7254 2881/2462/7255 2879/2460/7256
f 2881/2462/7257 2880/2495/7258 2868/2488/7258
f 2868/2488/7259 2864/2445/7260 2881/2462/7261
f 2868/2488/7262 2882/2471/7263 2883/2472/7262
f 2883/2472/7264 2869/2489/7264 2868/2488/7265
f 2871/2490/7266 2884/2473/7266 2885/2474/7267
f 2885/2474/7268 2872/2491/7269 2871/2490/7270
f 2872/2491/7271 2885/2474/7272 2886/2475/7273
f 2886/2475/7274 2874/2492/7275 2872/2491/7274
f 2874/2492/7276 2886/2475/7277 2887/2476/7278
f 2887/2476/7279 2876/2493/7280 2874/2492/7281
f 2876/2493/7282 2887/2476/7283 2888/2477/7284
f 2888/2477/7285 2878/2494/7286 2876/2493/7287
f 2878/2494/7288 2888/2477/7289 2889/2478/7290
f 2889/2478/7291 2880/2495/7292 2878/2494/7293
f 2880/2495/7294 2889/2478/7295 2882/2471/7294
f 2882/2471/7296 2868/2488/7297 2880/2495/7298
f 2890/2496/7299 2891/2497/7300 2892/2498/7301
f 2893/2499/7302 2890/2496/7299 2892/2498/7301
f 2892/2498/7301 2883/2472/7303 2882/2471/7304
f 2893/2499/7302 2892/2498/7301 2882/2471/7304
f 2889/2478/7305 2893/2499/7302 2882/2471/7304
f 2894/2442/7306 2895/2483/7307 2896/2484/7308
f 2897/2445/7309 2894/2442/7306 2896/2484/7308
f 2896/2484/7308 2898/2485/7310 2899/2486/7311
f 2897/2445/7309 2896/2484/7308 2899/2486/7311
f 2900/2487/7312 2897/2445/7309 2899/2486/7311
f 2897/2445/7313 2901/2488/7314 2902/2489/7315
f 2902/2489/7316 2894/2442/7317 2897/2445/7316
f 2903/2451/7318 2904/2490/7319 2905/2491/7320
f 2905/2491/7321 2906/2454/7321 2903/2451/7322
f 2906/2454/7323 2905/2491/7324 2907/2492/7325
f 2907/2492/7326 2908/2456/7327 2906/2454/7328
f 2908/2456/7329 2907/2492/7330 2909/2493/7329
f 2909/2493/7331 2910/2458/7332 2908/2456/7333
f 2910/2458/7334 2909/2493/7335 2911/2494/7335
f 2911/2494/7336 2912/2460/7336 2910/2458/7336
f 2912/2460/7337 2911/2494/7338 2913/2495/7338
f 2913/2495/7339 2914/2462/7340 2912/2460/7341
f 2914/2462/7342 2913/2495/7343 2901/2488/7344
f 2901/2488/7345 2897/2445/7346 2914/2462/7347
f 2901/2488/7348 2915/2471/7348 2916/2472/7349
f 2916/2472/7350 2902/2489/7351 2901/2488/7350
f 2904/2490/7352 2917/2473/7353 2918/2474/7354
f 2918/2474/7355 2905/2491/7355 2904/2490/7356
f 2905/2491/7357 2918/2474/7358 2919/2475/7359
f 2919/2475/7360 2907/2492/7361 2905/2491/7362
f 2907/2492/7363 2919/2475/7364 2920/2476/7364
f 2920/2476/7365 2909/2493/7366 2907/2492/7366
f 2909/2493/7367 2920/2476/7368 2921/2477/7369
f 2921/2477/7370 2911/2494/7371 2909/2493/7371
f 2911/2494/7372 2921/2477/7373 2922/2478/7374
f 2922/2478/7375 2913/2495/7376 2911/2494/7377
f 2913/2495/7378 2922/2478/7378 2915/2471/7379
f 2915/2471/7380 2901/2488/7381 2913/2495/7382
f 2923/2496/7383 2924/2497/7384 2925/2498/7385
f 2926/2499/7386 2923/2496/7383 2925/2498/7385
f 2925/2498/7385 2916/2472/7387 2915/2471/7388
f 2926/2499/7386 2925/2498/7385 2915/2471/7388
f 2922/2478/7389 2926/2499/7386 2915/2471/7388
# Vertices: 107, normals: 291, texture coordinates: 58, faces: 128

o obj40
v 0.6525412 -0.12535634 0.2486115
v 0.65357022 -0.12370363 0.24721369
v 0.65448653 -0.12170279 0.24739006
v 0.65462367 -0.12074256 0.24919083
v 0.65431808 -0.12054619 0.25145127
v 0.65341219 -0.12217593 0.25221238
v 0.65265219 -0.1242963 0.25082863
v 0.64152331 -0.11233932 0.24780837
v 0.64239843 -0.11472348 0.24862333
v 0.65431808 -0.12054619 0.25145127
v 0.65462367 -0.12074256 0.24919083
v 0.64019037 -0.11159329 0.24659061
v 0.64152331 -0.11233932 0.24780837
v 0.65448653 -0.12170279 0.24739006
v 0.63842104 -0.11132516 0.24532606
v 0.65357022 -0.12370363 0.24721369
v 0.63766539 -0.11247245 0.24507266
v 0.6525412 -0.12535634 0.2486115
v 0.63736195 -0.11409936 0.2459501
v 0.65265219 -0.1242963 0.25082863
v 0.63994685 -0.11486533 0.24739073
v 0.63239988 -0.09981223 0.24673964
v 0.63197812 -0.10058993 0.24704307
v 0.6327136 -0.09951077 0.24576995
v 0.63239988 -0.09981223 0.24673964
v 0.63256348 -0.1001557 0.24488946
v 0.63214036 -0.1011205 0.24469819
v 0.63172728 -0.10167867 0.24554201
v 0.63158795 -0.10155075 0.24667568
v 0.6327136 -0.09951077 0.24576995
v 0.63256348 -0.1001557 0.24488946
v 0.63214036 -0.1011205 0.24469819
v 0.63172728 -0.10167867 0.24554201
vn 0.89254 -0.15738 -0.42262
vn 0.89254 -0.15738 -0.42262
vn 0.89254 -0.15738 -0.42262
vn 0.89254 -0.15738 -0.42262
vn 0.89254 -0.15738 -0.42262
vn 0.89254 -0.15738 -0.42262
vn 0.89254 -0.15738 -0.42262
vn 0.00993 -0.90812 0.41859
vn 0.00993 -0.90812 0.41859
vn 0.00993 -0.90812 0.41859
vn -0.1198 -0.95206 0.28147
vn -0.1198 -0.95206 0.28147
vn -0.1198 -0.95206 0.28147
vn 0.53552 0.00097 0.84452
vn 0.53552 0.00097 0.84452
vn 0.53552 0.00097 0.84452
vn 0.5582 0.10694 0.82278
vn 0.5582 0.10694 0.82278
vn 0.5582 0.10694 0.82278
vn 0.52812 0.43052 0.73195
vn 0.52812 0.43052 0.73195
vn 0.52812 0.43052 0.73195
vn 0.50899 0.57666 0.63906
vn 0.50899 0.57666 0.63906
vn 0.14711 0.98892 0.0198
vn 0.14711 0.98892 0.0198
vn 0.18605 0.97808 0.09349
vn 0.18605 0.97808 0.09349
vn 0.18605 0.97808 0.09349
vn -0.25056 0.81048 -0.52947
vn -0.25056 0.81048 -0.52947
vn -0.19112 0.87838 -0.43809
vn -0.19112 0.87838 -0.43809
vn -0.19112 0.87838 -0.43809
vn -0.6166 -0.3645 -0.69781
vn -0.6166 -0.3645 -0.69781
vn -0.52444 -0.64623 -0.55439
vn -0.52444 -0.64623 -0.55439
vn -0.49334 -0.79874 -0.34443
vn -0.49334 -0.79874 -0.34443
vn -0.49334 -0.79874 -0.34443
vn -0.42294 -0.87026 -0.25254
vn -0.42294 -0.87026 -0.25254
vn -0.42294 -0.87026 -0.25254
vn 0.51965 -0.73183 0.4409
vn 0.51965 -0.73183 0.4409
vn 0.20543 -0.94431 0.25704
vn 0.20543 -0.94431 0.25704
vn 0.20543 -0.94431 0.25704
vn 0.72931 0.54447 0.41432
vn 0.72931 0.54447 0.41432
vn 0.72931 0.54447 0.41432
vn 0.7213 -0.40748 0.56008
vn 0.7213 -0.40748 0.56008
vn 0.5861 0.7612 0.27761
vn 0.5861 0.7612 0.27761
vn 0.76976 0.45739 0.44527
vn 0.76976 0.45739 0.44527
vn 0.21582 0.97371 0.07292
vn 0.21582 0.97371 0.07292
vn 0.2384 0.96724 0.08721
vn 0.2384 0.96724 0.08721
vn 0.2384 0.96724 0.08721
vn -0.5931 0.74965 -0.29369
vn -0.5931 0.74965 -0.29369
vn -0.71566 0.5937 -0.3679
vn -0.71566 0.5937 -0.3679
vn -0.71566 0.5937 -0.3679
vn -0.53003 -0.79686 -0.28996
vn -0.53003 -0.79686 -0.28996
vn -0.90795 0.06487 -0.41403
vn -0.90795 0.06487 -0.41403
vn -0.90795 0.06487 -0.41403
vn -0.42833 -0.87699 -0.21774
vn -0.42833 -0.87699 -0.21774
vn -0.42833 -0.87699 -0.21774
vn -0.38148 -0.90444 -0.19092
vn -0.38148 -0.90444 -0.19092
vn -0.89254 0.15738 0.42262
vn -0.89254 0.15737 0.42263
vn -0.89254 0.15738 0.42262
vn -0.89254 0.15738 0.42262
vn -0.89254 0.15738 0.42262
vn -0.89254 0.15738 0.42262
vn -0.89254 0.15738 0.42262
vt 0.07426 1
vt 0.22675 1
vt 0.49661 1
vt 0.68294 1
vt 0.89286 1
vt 0.75 1
vt 0.38482 1
vt 0.89286 0.5
vt 0.75 0.5
vt -0.10714 1
vt 0.03571 1
vt 0.03571 0.5
vt -0.10714 0.5
vt 0.17857 1
vt 0.17857 0.5
vt 0.32143 1
vt 0.32143 0.5
vt 0.46429 1
vt 0.46429 0.5
vt 0.60714 1
vt 0.60714 0.5
vt 0.89286 0
vt 0.75 0
vt 0.03571 0
vt -0.10714 0
vt 0.17857 0
vt 0.32143 0
vt 0.46429 0
vt 0.60714 0
vt 0.74616 0
vt 0.35921 0
vt 0.04735 0
vt 0.09328 0
usemtl mat0
f 2927/2500/7390 2928/2501/7391 2929/2502/7392
f 2929/2502/7392 2930/2503/7393 2931/2504/7394
f 2929/2502/7392 2931/2504/7394 2932/2505/7395
f 2927/2500/7390 2929/2502/7392 2932/2505/7395
f 2933/2506/7396 2927/2500/7390 2932/2505/7395
f 2932/2505/7397 2931/2504/7398 2934/2507/7399
f 2934/2507/7400 2935/2508/7401 2932/2505/7402
f 2936/2509/7403 2937/2510/7404 2938/2511/7405
f 2938/2511/7406 2939/2512/7407 2936/2509/7408
f 2937/2510/7409 2940/2513/7410 2941/2514/7411
f 2941/2514/7412 2938/2511/7413 2937/2510/7413
f 2940/2513/7414 2942/2515/7415 2943/2516/7414
f 2943/2516/7416 2941/2514/7417 2940/2513/7418
f 2942/2515/7419 2944/2517/7420 2945/2518/7420
f 2945/2518/7421 2943/2516/7422 2942/2515/7423
f 2944/2517/7424 2946/2519/7425 2947/2520/7424
f 2947/2520/7426 2945/2518/7426 2944/2517/7427
f 2946/2519/7428 2932/2505/7429 2935/2508/7430
f 2935/2508/7431 2947/2520/7432 2946/2519/7433
f 2935/2508/7434 2934/2507/7435 2948/2521/7434
f 2948/2521/7436 2949/2522/7437 2935/2508/7438
f 2939/2512/7439 2938/2511/7440 2950/2523/7441
f 2950/2523/7442 2951/2524/7443 2939/2512/7442
f 2938/2511/7444 2941/2514/7445 2952/2525/7444
f 2952/2525/7446 2950/2523/7447 2938/2511/7447
f 2941/2514/7448 2943/2516/7448 2953/2526/7449
f 2953/2526/7450 2952/2525/7451 2941/2514/7452
f 2943/2516/7453 2945/2518/7454 2954/2527/7454
f 2954/2527/7455 2953/2526/7456 2943/2516/7457
f 2945/2518/7458 2947/2520/7459 2955/2528/7458
f 2955/2528/7460 2954/2527/7461 2945/2518/7462
f 2947/2520/7463 2935/2508/7464 2949/2522/7465
f 2949/2522/7466 2955/2528/7467 2947/2520/7466
f 2949/2522/7468 2948/2521/7469 2956/2529/7470
f 2956/2529/7470 2957/2530/7471 2958/2531/7472
f 2956/2529/7470 2958/2531/7472 2959/2532/7473
f 2949/2522/7468 2956/2529/7470 2959/2532/7473
f 2955/2528/7474 2949/2522/7468 2959/2532/7473
# Vertices: 33, normals: 85, texture coordinates: 33, faces: 38

o obj41
v -0.17170273 -0.18499912 0.26735967
v -0.17383359 -0.18499911 0.27303614
v -0.17993542 -0.18499911 0.27476241
v -0.18588739 -0.18499911 0.27091339
v -0.18622898 -0.18499911 0.26426998
v -0.18137642 -0.18499911 0.26005962
v -0.17473773 -0.18499911 0.26123914
v -0.18318834 -0.16457924 0.26585425
v -0.181019 -0.16290256 0.26369858
v -0.18622898 -0.18499911 0.26426998
v -0.18588739 -0.18499911 0.27091339
v -0.18308132 -0.16449652 0.26915673
v -0.18318834 -0.16457924 0.26585425
v -0.17993542 -0.18499911 0.27476241
v -0.18077854 -0.16271671 0.27111918
v -0.17383359 -0.18499911 0.27303614
v -0.17801403 -0.16058003 0.27026383
v -0.17170273 -0.18499912 0.26735967
v -0.17686953 -0.15969544 0.26723479
v -0.17473773 -0.18499911 0.26123914
v -0.17820686 -0.16072907 0.26431298
v -0.18217664 -0.13660284 0.26582483
v -0.17991291 -0.1387248 0.26335867
v -0.18192337 -0.13684025 0.26929687
v -0.18217664 -0.13660284 0.26582483
v -0.17970797 -0.1389169 0.27136431
v -0.17700641 -0.14144922 0.27026682
v -0.17577494 -0.14260357 0.26718669
v -0.1772 -0.14126777 0.2643421
v -0.18023751 -0.11673017 0.26703858
v -0.17927719 -0.11673017 0.266338
v -0.18114828 -0.11673017 0.26871701
v -0.18023751 -0.11673017 0.26703858
v -0.17928944 -0.11673017 0.26939004
v -0.17743714 -0.11673017 0.26865776
v -0.17669014 -0.11673017 0.26721986
v -0.17815916 -0.11673017 0.26609723
v -0.18114828 -0.11673017 0.26871701
v -0.17928944 -0.11673017 0.26939004
v -0.17743714 -0.11673017 0.26865776
v -0.17669014 -0.11673017 0.26721986
vn -0 -0 -1
vn -0 -0 -1
vn -0 -0 -1
vn -0 -0 -1
vn -0 -0 -1
vn -0 -0 -1
vn -0 -0 -1
vn -0.64751 0.74627 0.15432
vn -0.74494 0.65623 0.12012
vn -0.74494 0.65623 0.12012
vn -0.98889 -0.05085 0.1397
vn -0.98889 -0.05085 0.1397
vn -0.98901 -0.02842 0.14507
vn -0.98901 -0.02842 0.14507
vn -0.98901 -0.02842 0.14507
vn -0.53936 -0.83405 0.11596
vn -0.53936 -0.83405 0.11596
vn -0.53936 -0.83405 0.11596
vn -0.70773 -0.68907 0.1559
vn -0.70773 -0.68907 0.1559
vn -0.70773 -0.68907 0.1559
vn 0.26898 -0.95076 0.15399
vn 0.26898 -0.95076 0.15399
vn 0.26898 -0.95076 0.15399
vn 0.17267 -0.97101 0.1653
vn 0.17267 -0.97101 0.1653
vn 0.17267 -0.97101 0.1653
vn 0.91926 -0.34508 0.18941
vn 0.91926 -0.34508 0.18941
vn 0.89628 -0.39661 0.19847
vn 0.89628 -0.39661 0.19847
vn 0.89628 -0.39661 0.19847
vn 0.88106 0.43689 0.18127
vn 0.88106 0.43689 0.18127
vn 0.88106 0.43689 0.18127
vn 0.87022 0.46037 0.17542
vn 0.87022 0.46037 0.17542
vn 0.17276 0.97232 0.15733
vn 0.17276 0.97232 0.15733
vn 0.17276 0.97232 0.15733
vn 0.1069 0.98437 0.13995
vn -0.71434 0.69935 0.0251
vn -0.71434 0.69935 0.0251
vn -0.71434 0.69935 0.0251
vn -0.72631 0.68697 0.02357
vn -0.72631 0.68697 0.02357
vn -0.72631 0.68697 0.02357
vn -0.99864 -0.03132 0.04165
vn -0.99864 -0.03132 0.04165
vn -0.99652 -0.07516 0.03612
vn -0.99652 -0.07516 0.03612
vn -0.6582 -0.75253 0.02186
vn -0.6582 -0.75253 0.02186
vn -0.6582 -0.75253 0.02186
vn -0.66981 -0.74214 0.02428
vn -0.66981 -0.74214 0.02428
vn -0.66981 -0.74214 0.02428
vn 0.30703 -0.95156 -0.01632
vn 0.35555 -0.93431 -0.02562
vn 0.35555 -0.93431 -0.02562
vn 0.35555 -0.93431 -0.02562
vn 0.93941 -0.33766 -0.05921
vn 0.93941 -0.33766 -0.05921
vn 0.93941 -0.33766 -0.05921
vn 0.92103 -0.38644 -0.04857
vn 0.92103 -0.38644 -0.04857
vn 0.92103 -0.38644 -0.04857
vn 0.91444 0.40202 -0.04671
vn 0.91444 0.40202 -0.04671
vn 0.91444 0.40202 -0.04671
vn 0.88146 0.46871 -0.05777
vn 0.88146 0.46871 -0.05777
vn 0.88146 0.46871 -0.05777
vn 0.23124 0.9726 -0.02425
vn 0.23124 0.97259 -0.02425
vn 0.23124 0.97259 -0.02425
vn 0.32784 0.9446 -0.01555
vn 0.32784 0.9446 -0.01555
vn 0.32784 0.9446 -0.01555
vn -0.68287 0.7221 0.11074
vn -0.68287 0.7221 0.11074
vn -0.5847 0.80149 0.12547
vn -0.5847 0.80149 0.12547
vn -0.99632 -0.07545 0.04058
vn -0.99632 -0.07545 0.04058
vn -0.99632 -0.07545 0.04058
vn -0.87319 0.47382 0.11414
vn -0.87319 0.47382 0.11414
vn -0.87319 0.47382 0.11414
vn -0.63889 -0.76511 0.08013
vn -0.63889 -0.76511 0.08013
vn -0.63889 -0.76511 0.08013
vn -0.34017 -0.9395 0.0402
vn -0.34017 -0.9395 0.0402
vn -0.34017 -0.9395 0.0402
vn 0.42813 -0.90129 0.06613
vn 0.3666 -0.9273 0.0756
vn 0.3666 -0.9273 0.0756
vn 0.3666 -0.9273 0.0756
vn 0.93219 -0.36052 0.03251
vn 0.93219 -0.36052 0.03251
vn 0.93219 -0.36052 0.03251
vn 0.88648 -0.46053 0.04542
vn 0.88648 -0.46053 0.04542
vn 0.90414 0.42217 0.06554
vn 0.90414 0.42217 0.06554
vn 0.60704 0.79435 0.02249
vn 0.60704 0.79435 0.02249
vn 0.60704 0.79435 0.02249
vn 0.42763 0.89733 0.10919
vn 0.42763 0.89733 0.10919
vn 0.42763 0.89733 0.10919
vn -0.21013 0.97573 0.06158
vn -0.21013 0.97573 0.06158
vn -0.21013 0.97573 0.06158
vn 0 0 1
vn 0 0 1
vn 0 0 1
vn -0 0 1
vn 0 0 1
vn 1E-05 1E-05 1
vt 0.14885 1
vt 0.14324 1
vt 0.40627 1
vt 0.73988 1
vt 0.89286 1
vt 0.75 1
vt 0.41889 1
vt 0.89286 0.66667
vt 0.75 0.66667
vt -0.10714 1
vt 0.03571 1
vt 0.03571 0.66667
vt -0.10714 0.66667
vt 0.17857 1
vt 0.17857 0.66667
vt 0.32143 1
vt 0.32143 0.66667
vt 0.46429 1
vt 0.46429 0.66667
vt 0.60714 1
vt 0.60714 0.66667
vt 0.89286 0.33333
vt 0.75 0.33333
vt 0.03571 0.33333
vt -0.10714 0.33333
vt 0.17857 0.33333
vt 0.32143 0.33333
vt 0.46429 0.33333
vt 0.60714 0.33333
vt 0.89286 0
vt 0.75 0
vt 0.03571 0
vt -0.10714 0
vt 0.17857 0
vt 0.32143 0
vt 0.46429 0
vt 0.60714 0
vt 0.73988 0
vt 0.40627 0
vt 0.14324 0
vt 0.14885 0
usemtl mat0
f 2960/2533/7475 2961/2534/7476 2962/2535/7477
f 2962/2535/7477 2963/2536/7478 2964/2537/7479
f 2962/2535/7477 2964/2537/7479 2965/2538/7480
f 2960/2533/7475 2962/2535/7477 2965/2538/7480
f 2966/2539/7481 2960/2533/7475 2965/2538/7480
f 2965/2538/7482 2964/2537/7482 2967/2540/7482
f 2967/2540/7483 2968/2541/7484 2965/2538/7483
f 2969/2542/7485 2970/2543/7486 2971/2544/7485
f 2971/2544/7487 2972/2545/7488 2969/2542/7489
f 2970/2543/7490 2973/2546/7491 2974/2547/7492
f 2974/2547/7493 2971/2544/7494 2970/2543/7495
f 2973/2546/7496 2975/2548/7497 2976/2549/7498
f 2976/2549/7499 2974/2547/7500 2973/2546/7501
f 2975/2548/7502 2977/2550/7502 2978/2551/7503
f 2978/2551/7504 2976/2549/7505 2975/2548/7506
f 2977/2550/7507 2979/2552/7508 2980/2553/7509
f 2980/2553/7510 2978/2551/7510 2977/2550/7511
f 2979/2552/7512 2965/2538/7513 2968/2541/7514
f 2968/2541/7515 2980/2553/7515 2979/2552/7515
f 2968/2541/7516 2967/2540/7517 2981/2554/7518
f 2981/2554/7519 2982/2555/7520 2968/2541/7521
f 2972/2545/7522 2971/2544/7523 2983/2556/7522
f 2983/2556/7524 2984/2557/7525 2972/2545/7525
f 2971/2544/7526 2974/2547/7527 2985/2558/7528
f 2985/2558/7529 2983/2556/7530 2971/2544/7531
f 2974/2547/7532 2976/2549/7532 2986/2559/7532
f 2986/2559/7533 2985/2558/7534 2974/2547/7535
f 2976/2549/7536 2978/2551/7537 2987/2560/7538
f 2987/2560/7539 2986/2559/7540 2976/2549/7541
f 2978/2551/7542 2980/2553/7543 2988/2561/7544
f 2988/2561/7545 2987/2560/7546 2978/2551/7547
f 2980/2553/7548 2968/2541/7549 2982/2555/7550
f 2982/2555/7551 2988/2561/7552 2980/2553/7553
f 2982/2555/7554 2981/2554/7555 2989/2562/7555
f 2989/2562/7556 2990/2563/7557 2982/2555/7556
f 2984/2557/7558 2983/2556/7559 2991/2564/7560
f 2991/2564/7561 2992/2565/7562 2984/2557/7563
f 2983/2556/7564 2985/2558/7565 2993/2566/7566
f 2993/2566/7567 2991/2564/7568 2983/2556/7569
f 2985/2558/7570 2986/2559/7570 2994/2567/7570
f 2994/2567/7571 2993/2566/7572 2985/2558/7573
f 2986/2559/7574 2987/2560/7575 2995/2568/7576
f 2995/2568/7577 2994/2567/7578 2986/2559/7578
f 2987/2560/7579 2988/2561/7580 2996/2569/7579
f 2996/2569/7581 2995/2568/7582 2987/2560/7583
f 2988/2561/7584 2982/2555/7585 2990/2563/7586
f 2990/2563/7587 2996/2569/7588 2988/2561/7589
f 2990/2563/7590 2989/2562/7591 2997/2570/7592
f 2997/2570/7592 2998/2571/7591 2999/2572/7593
f 2997/2570/7592 2999/2572/7593 3000/2573/7594
f 2990/2563/7590 2997/2570/7592 3000/2573/7594
f 2996/2569/7595 2990/2563/7590 3000/2573/7594
# Vertices: 41, normals: 121, texture coordinates: 41, faces: 52

o obj42
v 0.30887297 -0.20440027 -0.41435263
v 0.29959216 -0.20440027 -0.42255963
v 0.29967914 -0.20440026 -0.43249548
v 0.31011962 -0.20440026 -0.43726377
v 0.3237203 -0.20440026 -0.43823891
v 0.32913188 -0.20440026 -0.43014591
v 0.32178747 -0.20440027 -0.41961657
v 0.32076148 -0.1592588 -0.43518078
v 0.32625216 -0.1592588 -0.42736441
v 0.3237203 -0.20440026 -0.43823891
v 0.31011962 -0.20440026 -0.43726377
v 0.31259412 -0.1592588 -0.43629552
v 0.32076148 -0.1592588 -0.43518078
v 0.29967914 -0.20440026 -0.43249548
v 0.30467737 -0.1592588 -0.43104448
v 0.29959216 -0.20440027 -0.42255963
v 0.30367869 -0.1592588 -0.42361127
v 0.30887297 -0.20440027 -0.41435263
v 0.31141577 -0.1592588 -0.41959328
v 0.32178747 -0.20440027 -0.41961657
v 0.31960075 -0.1592588 -0.42178662
v 0.31874351 -0.11411733 -0.4307488
v 0.32096377 -0.11411733 -0.42688688
v 0.31271984 -0.11411733 -0.43224581
v 0.31874351 -0.11411733 -0.4307488
v 0.30770103 -0.11411733 -0.42904323
v 0.3070154 -0.11411732 -0.42425218
v 0.31240239 -0.11411732 -0.42148041
v 0.31920902 -0.11411732 -0.42211562
v 0.31271984 -0.11411733 -0.43224581
v 0.30770103 -0.11411733 -0.42904323
v 0.3070154 -0.11411732 -0.42425218
v 0.31240239 -0.11411732 -0.42148041
vn 0 0 -1
vn 0 0 -1
vn 0 0 -1
vn -0 0 -1
vn -0 0 -1
vn -0 0 -1
vn 0 0 -1
vn 0.82777 0.55351 0.09175
vn 0.82777 0.55351 0.09175
vn 0.82777 0.55351 0.09175
vn 0.81516 0.57262 0.08729
vn 0.81516 0.57262 0.08729
vn 0.81516 0.57262 0.08729
vn -0.07149 0.99712 0.02531
vn -0.07149 0.99712 0.02531
vn 0.13484 0.98797 0.07577
vn 0.13484 0.98797 0.07577
vn -0.41426 0.90706 0.07502
vn -0.41426 0.90706 0.07502
vn -0.55211 0.83238 0.04812
vn -0.55211 0.83238 0.04812
vn -0.55211 0.83238 0.04812
vn -0.99591 0.00872 0.08995
vn -0.99591 0.00872 0.08995
vn -0.98471 0.1323 0.11328
vn -0.98471 0.1323 0.11328
vn -0.98471 0.1323 0.11328
vn -0.65738 -0.7434 0.12333
vn -0.65738 -0.7434 0.12333
vn -0.45998 -0.88574 0.06228
vn -0.45998 -0.88574 0.06228
vn 0.37671 -0.92421 0.06268
vn 0.37671 -0.92421 0.06268
vn 0.25762 -0.96136 0.0971
vn 0.25762 -0.96136 0.0971
vn 0.82007 -0.57201 0.01707
vn 0.82007 -0.57201 0.01707
vn 0.82007 -0.57201 0.01707
vn 0.64108 -0.76447 0.06781
vn 0.64108 -0.76447 0.06781
vn 0.64108 -0.76447 0.06781
vn 0.81477 0.57234 0.09262
vn 0.81477 0.57234 0.09262
vn 0.81477 0.57234 0.09262
vn 0.86203 0.49559 0.10623
vn 0.86203 0.49559 0.10623
vn 0.13471 0.98696 0.08817
vn 0.13471 0.98696 0.08817
vn 0.23984 0.96507 0.10547
vn 0.23984 0.96507 0.10547
vn -0.55124 0.83108 0.07377
vn -0.55124 0.83108 0.07377
vn -0.53633 0.8405 0.0769
vn -0.53633 0.8405 0.0769
vn -0.53633 0.8405 0.0769
vn -0.98858 0.13282 0.07119
vn -0.98858 0.13282 0.07119
vn -0.98732 0.14129 0.0724
vn -0.98732 0.14129 0.0724
vn -0.98732 0.14129 0.0724
vn -0.46036 -0.88648 0.04712
vn -0.46036 -0.88648 0.04712
vn -0.46036 -0.88648 0.04712
vn -0.45703 -0.88824 0.04639
vn -0.45703 -0.88824 0.04639
vn 0.25883 -0.96588 0.00929
vn 0.25883 -0.96588 0.00929
vn 0.09285 -0.99489 0.03956
vn 0.64111 -0.76451 0.06702
vn 0.64111 -0.76451 0.06702
vn 0.64111 -0.76451 0.06702
vn 0.93849 -0.34515 0.01066
vn 0.93849 -0.34515 0.01066
vn 0 0 1
vn 0 0 1
vn 0 0 1
vn -0 0 1
vn -0 0 1
vn 0 0 1
vn -0 0 1
vt 0.07426 1
vt 0.22675 1
vt 0.49661 1
vt 0.68294 1
vt 0.89286 1
vt 0.75 1
vt 0.38482 1
vt 0.89286 0.5
vt 0.75 0.5
vt -0.10714 1
vt 0.03571 1
vt 0.03571 0.5
vt -0.10714 0.5
vt 0.17857 1
vt 0.17857 0.5
vt 0.32143 1
vt 0.32143 0.5
vt 0.46429 1
vt 0.46429 0.5
vt 0.60714 1
vt 0.60714 0.5
vt 0.89286 0
vt 0.75 0
vt 0.03571 0
vt -0.10714 0
vt 0.17857 0
vt 0.32143 0
vt 0.46429 0
vt 0.60714 0
vt 0.74616 0
vt 0.35921 0
vt 0.04735 0
vt 0.09328 0
usemtl mat0
f 3001/2574/7596 3002/2575/7597 3003/2576/7598
f 3003/2576/7598 3004/2577/7599 3005/2578/7600
f 3003/2576/7598 3005/2578/7600 3006/2579/7601
f 3001/2574/7596 3003/2576/7598 3006/2579/7601
f 3007/2580/7602 3001/2574/7596 3006/2579/7601
f 3006/2579/7603 3005/2578/7604 3008/2581/7605
f 3008/2581/7606 3009/2582/7607 3006/2579/7608
f 3010/2583/7609 3011/2584/7609 3012/2585/7610
f 3012/2585/7611 3013/2586/7612 3010/2583/7611
f 3011/2584/7613 3014/2587/7614 3015/2588/7614
f 3015/2588/7615 3012/2585/7616 3011/2584/7617
f 3014/2587/7618 3016/2589/7618 3017/2590/7619
f 3017/2590/7620 3015/2588/7621 3014/2587/7622
f 3016/2589/7623 3018/2591/7624 3019/2592/7624
f 3019/2592/7625 3017/2590/7626 3016/2589/7625
f 3018/2591/7627 3020/2593/7628 3021/2594/7627
f 3021/2594/7629 3019/2592/7630 3018/2591/7630
f 3020/2593/7631 3006/2579/7632 3009/2582/7633
f 3009/2582/7634 3021/2594/7635 3020/2593/7636
f 3009/2582/7637 3008/2581/7638 3022/2595/7639
f 3022/2595/7640 3023/2596/7641 3009/2582/7641
f 3013/2586/7642 3012/2585/7643 3024/2597/7642
f 3024/2597/7644 3025/2598/7645 3013/2586/7644
f 3012/2585/7646 3015/2588/7646 3026/2599/7647
f 3026/2599/7648 3024/2597/7649 3012/2585/7650
f 3015/2588/7651 3017/2590/7652 3027/2600/7651
f 3027/2600/7653 3026/2599/7654 3015/2588/7655
f 3017/2590/7656 3019/2592/7657 3028/2601/7658
f 3028/2601/7659 3027/2600/7660 3017/2590/7659
f 3019/2592/7661 3021/2594/7662 3029/2602/7662
f 3029/2602/7663 3028/2601/7663 3019/2592/7663
f 3021/2594/7664 3009/2582/7665 3023/2596/7666
f 3023/2596/7667 3029/2602/7668 3021/2594/7668
f 3023/2596/7669 3022/2595/7670 3030/2603/7671
f 3030/2603/7671 3031/2604/7672 3032/2605/7673
f 3030/2603/7671 3032/2605/7673 3033/2606/7674
f 3023/2596/7669 3030/2603/7671 3033/2606/7674
f 3029/2602/7675 3023/2596/7669 3033/2606/7674
# Vertices: 33, normals: 80, texture coordinates: 33, faces: 38

o obj43
v 0.46873413 -0.15249272 0.15662414
v 0.46778255 -0.16303801 0.15861139
v 0.46741661 -0.16304037 0.15724316
v 0.46737763 -0.16308224 0.15873269
v 0.46778255 -0.16303801 0.15861139
v 0.46701169 -0.1630846 0.15736447
v 0.46737763 -0.16308224 0.15873269
v 0.46741661 -0.16304037 0.15724316
v 0.46701169 -0.1630846 0.15736447
v 0.46778255 -0.16303801 0.15861139
v 0.47009341 -0.17772729 0.15829866
v 0.46741661 -0.16304037 0.15724316
v 0.46936153 -0.17773202 0.15556221
v 0.46928356 -0.17781576 0.15854126
v 0.46778255 -0.16303801 0.15861139
v 0.46737763 -0.16308224 0.15873269
v 0.47009341 -0.17772729 0.15829866
v 0.46701169 -0.1630846 0.15736447
v 0.46928356 -0.17781576 0.15854126
v 0.46737763 -0.16308224 0.15873269
v 0.46855168 -0.17782049 0.15580482
v 0.46741661 -0.16304037 0.15724316
v 0.46855168 -0.17782049 0.15580482
v 0.46701169 -0.1630846 0.15736447
v 0.46936153 -0.17773202 0.15556221
v 0.47009341 -0.17772729 0.15829866
v 0.47074741 -0.18410274 0.15829652
v 0.46936153 -0.17773202 0.15556221
v 0.46964959 -0.18410984 0.15419185
v 0.46928356 -0.17781576 0.15854126
v 0.47074741 -0.18410274 0.15829652
v 0.47009341 -0.17772729 0.15829866
v 0.46953264 -0.18423544 0.15866043
v 0.46855168 -0.17782049 0.15580482
v 0.46953264 -0.18423544 0.15866043
v 0.46928356 -0.17781576 0.15854126
v 0.46843482 -0.18424254 0.15455576
v 0.46936153 -0.17773202 0.15556221
v 0.46964959 -0.18410984 0.15419185
v 0.46855168 -0.17782049 0.15580482
v 0.46843482 -0.18424254 0.15455576
v 0.47074741 -0.18410274 0.15829652
v 0.46962035 -0.18414124 0.15530899
v 0.46964959 -0.18410984 0.15419185
v 0.47016926 -0.1841377 0.15736133
v 0.46953264 -0.18423544 0.15866043
v 0.46956188 -0.18420404 0.15754328
v 0.47074741 -0.18410274 0.15829652
v 0.47016926 -0.1841377 0.15736133
v 0.46843482 -0.18424254 0.15455576
v 0.46956188 -0.18420404 0.15754328
v 0.46953264 -0.18423544 0.15866043
v 0.46901297 -0.18420759 0.15549095
v 0.46843482 -0.18424254 0.15455576
v 0.46962035 -0.18414124 0.15530899
v 0.46901297 -0.18420759 0.15549095
v 0.46964959 -0.18410984 0.15419185
v 0.46959111 -0.18417264 0.15642614
v 0.46962035 -0.18414124 0.15530899
v 0.47016926 -0.1841377 0.15736133
v 0.46956188 -0.18420404 0.15754328
v 0.46959111 -0.18417264 0.15642614
v 0.46962035 -0.18414124 0.15530899
v 0.45762124 -0.16913886 0.1456652
v 0.46125245 -0.16611512 0.14467234
v 0.45535487 -0.16837068 0.14658026
v 0.45434647 -0.16895288 0.14543233
v 0.45535487 -0.16837068 0.14658026
v 0.45434647 -0.16895288 0.14543233
v 0.46125245 -0.16611512 0.14467234
v 0.45661284 -0.16972106 0.14451727
v 0.45762124 -0.16913886 0.1456652
v 0.45661284 -0.16972106 0.14451727
v 0.45535487 -0.16837068 0.14658026
v 0.452635 -0.17599385 0.14642301
v 0.45762124 -0.16913886 0.1456652
v 0.45455898 -0.17760249 0.14458874
v 0.45434647 -0.16895288 0.14543233
v 0.452635 -0.17599385 0.14642301
v 0.45535487 -0.16837068 0.14658026
v 0.4516074 -0.17515273 0.14549149
v 0.45376817 -0.1761367 0.1440056
v 0.45434647 -0.16895288 0.14543233
v 0.45661284 -0.16972106 0.14451727
v 0.4516074 -0.17515273 0.14549149
v 0.45762124 -0.16913886 0.1456652
v 0.45455898 -0.17760249 0.14458874
v 0.45661284 -0.16972106 0.14451727
v 0.45376817 -0.1761367 0.1440056
v 0.452635 -0.17599385 0.14642301
v 0.4508087 -0.18417015 0.14858199
v 0.45455898 -0.17760249 0.14458874
v 0.45385725 -0.18444636 0.14594094
v 0.4516074 -0.17515273 0.14549149
v 0.4491042 -0.18416438 0.14625537
v 0.452635 -0.17599385 0.14642301
v 0.4508087 -0.18417015 0.14858199
v 0.45376817 -0.1761367 0.1440056
v 0.4491042 -0.18416438 0.14625537
v 0.4516074 -0.17515273 0.14549149
v 0.45281039 -0.18427248 0.14304209
v 0.45281039 -0.18427248 0.14304209
v 0.45376817 -0.1761367 0.1440056
v 0.45455898 -0.17760249 0.14458874
v 0.45385725 -0.18444636 0.14594094
v 0.45281039 -0.18427248 0.14304209
v 0.45385725 -0.18444636 0.14594094
v -0.06617166 -0.15122137 0.22275125
v -0.06752737 -0.14068851 0.22300932
v -0.06374929 -0.15019554 0.22332707
v -0.06374929 -0.15019554 0.22332707
v -0.06338552 -0.1499476 0.22412808
v -0.06533029 -0.15127473 0.22446127
v -0.06338552 -0.1499476 0.22412808
v -0.06617166 -0.15122137 0.22275125
v -0.06533029 -0.15127473 0.22446127
v -0.06374929 -0.15019554 0.22332707
v -0.06317056 -0.16939017 0.21810232
v -0.06617166 -0.15122137 0.22275125
v -0.06636551 -0.1684034 0.21972538
v -0.06338552 -0.1499476 0.22412808
v -0.06201626 -0.16923998 0.21959309
v -0.06374929 -0.15019554 0.22332707
v -0.06317056 -0.16939017 0.21810232
v -0.06533029 -0.15127473 0.22446127
v -0.06201626 -0.16923998 0.21959309
v -0.06338552 -0.1499476 0.22412808
v -0.06623379 -0.16862039 0.22081605
v -0.06617166 -0.15122137 0.22275125
v -0.06623379 -0.16862039 0.22081605
v -0.06533029 -0.15127473 0.22446127
v -0.06636551 -0.1684034 0.21972538
v -0.06317056 -0.16939017 0.21810232
v -0.06739639 -0.18587833 0.22054397
v -0.06636551 -0.1684034 0.21972538
v -0.06287332 -0.18555626 0.21925524
v -0.06201626 -0.16923998 0.21959309
v -0.06287332 -0.18555626 0.21925524
v -0.06317056 -0.16939017 0.21810232
v -0.06221859 -0.18554953 0.2225539
v -0.06623379 -0.16862039 0.22081605
v -0.06771865 -0.18567557 0.22412327
v -0.06201626 -0.16923998 0.21959309
v -0.06221859 -0.18554953 0.2225539
v -0.06636551 -0.1684034 0.21972538
v -0.06739639 -0.18587833 0.22054397
v -0.06623379 -0.16862039 0.22081605
v -0.06771865 -0.18567557 0.22412327
v -0.06771865 -0.18567557 0.22412327
v -0.06739639 -0.18587833 0.22054397
v -0.08040744 -0.16460861 0.20153112
v -0.08112369 -0.15853822 0.20187702
v -0.07897305 -0.16401739 0.20149036
v -0.07897305 -0.16401739 0.20149036
v -0.07865103 -0.1638745 0.20188204
v -0.07968399 -0.16463936 0.20235758
v -0.07865103 -0.1638745 0.20188204
v -0.08040744 -0.16460861 0.20153112
v -0.07968399 -0.16463936 0.20235758
v -0.07897305 -0.16401739 0.20149036
v -0.0794302 -0.17507981 0.19849546
v -0.08040744 -0.16460861 0.20153112
v -0.0809667 -0.17451111 0.19987559
v -0.07865103 -0.1638745 0.20188204
v -0.07856528 -0.17499325 0.19915319
v -0.07897305 -0.16401739 0.20149036
v -0.0794302 -0.17507981 0.19849546
v -0.07968399 -0.16463936 0.20235758
v -0.07856528 -0.17499325 0.19915319
v -0.07865103 -0.1638745 0.20188204
v -0.08073074 -0.17463617 0.20046308
v -0.08040744 -0.16460861 0.20153112
v -0.08073074 -0.17463617 0.20046308
v -0.07968399 -0.16463936 0.20235758
v -0.0809667 -0.17451111 0.19987559
v -0.0794302 -0.17507981 0.19849546
v -0.08141849 -0.18458241 0.20048507
v -0.0809667 -0.17451111 0.19987559
v -0.07909274 -0.18439679 0.19909296
v -0.07856528 -0.17499325 0.19915319
v -0.07909274 -0.18439679 0.19909296
v -0.0794302 -0.17507981 0.19849546
v -0.07823623 -0.18439292 0.20083163
v -0.08073074 -0.17463617 0.20046308
v -0.08106399 -0.18446556 0.20252569
v -0.07856528 -0.17499325 0.19915319
v -0.07823623 -0.18439292 0.20083163
v -0.0809667 -0.17451111 0.19987559
v -0.08141849 -0.18458241 0.20048507
v -0.08073074 -0.17463617 0.20046308
v -0.08106399 -0.18446556 0.20252569
v -0.08141849 -0.18458241 0.20048507
v -0.08106399 -0.18446556 0.20252569
v -0.05135415 -0.16434903 0.2260429
v -0.05152078 -0.15812062 0.22670018
v -0.05059481 -0.16374243 0.22508389
v -0.05059481 -0.16374243 0.22508389
v -0.05016262 -0.16359581 0.22508819
v -0.05041799 -0.16438058 0.22602333
v -0.05016262 -0.16359581 0.22508819
v -0.05135415 -0.16434903 0.2260429
v -0.05041799 -0.16438058 0.22602333
v -0.05059481 -0.16374243 0.22508389
v -0.05280105 -0.17509282 0.2237413
v -0.05135415 -0.16434903 0.2260429
v -0.05274172 -0.17450931 0.22550094
v -0.05016262 -0.16359581 0.22508819
v -0.05189761 -0.175004 0.22353689
v -0.05059481 -0.16374243 0.22508389
v -0.05280105 -0.17509282 0.2237413
v -0.05041799 -0.16438058 0.22602333
v -0.05189761 -0.175004 0.22353689
v -0.05016262 -0.16359581 0.22508819
v -0.05222872 -0.17463763 0.22566877
v -0.05135415 -0.16434903 0.2260429
v -0.05222872 -0.17463763 0.22566877
v -0.05041799 -0.16438058 0.22602333
v -0.05274172 -0.17450931 0.22550094
v -0.05280105 -0.17509282 0.2237413
v -0.05259127 -0.18484279 0.22612997
v -0.05274172 -0.17450931 0.22550094
v -0.05222598 -0.18465234 0.22384837
v -0.05189761 -0.175004 0.22353689
v -0.05222598 -0.18465234 0.22384837
v -0.05280105 -0.17509282 0.2237413
v -0.05062118 -0.18464836 0.22424174
v -0.05222872 -0.17463763 0.22566877
v -0.05062118 -0.18464836 0.22424174
v -0.05189761 -0.175004 0.22353689
v -0.05106442 -0.1847229 0.22701663
v -0.05274172 -0.17450931 0.22550094
v -0.05259127 -0.18484279 0.22612997
v -0.05222872 -0.17463763 0.22566877
v -0.05106442 -0.1847229 0.22701663
v -0.05259127 -0.18484279 0.22612997
v -0.05106442 -0.1847229 0.22701663
v -0.01122899 -0.1399338 0.05485104
v -0.01003114 -0.12593615 0.05623988
v -0.01217586 -0.13857052 0.05168054
v -0.01217586 -0.13857052 0.05168054
v -0.01149568 -0.13824102 0.05072957
v -0.00982002 -0.14000471 0.05274638
v -0.01149568 -0.13824102 0.05072957
v -0.01122899 -0.1399338 0.05485104
v -0.00982002 -0.14000471 0.05274638
v -0.01217586 -0.13857052 0.05168054
v -0.01857366 -0.16407921 0.05448616
v -0.01122899 -0.1399338 0.05485104
v -0.01458269 -0.16276786 0.05708473
v -0.01149568 -0.13824102 0.05072957
v -0.01762484 -0.16387962 0.05216711
v -0.01217586 -0.13857052 0.05168054
v -0.01857366 -0.16407921 0.05448616
v -0.01762484 -0.16387962 0.05216711
v -0.00982002 -0.14000471 0.05274638
v -0.01341497 -0.16305622 0.05620842
v -0.01149568 -0.13824102 0.05072957
v -0.01122899 -0.1399338 0.05485104
v -0.01458269 -0.16276786 0.05708473
v -0.00982002 -0.14000471 0.05274638
v -0.01341497 -0.16305622 0.05620842
v -0.01857366 -0.16407921 0.05448616
v -0.01295552 -0.18599115 0.05772728
v -0.01458269 -0.16276786 0.05708473
v -0.0174442 -0.18556314 0.05337794
v -0.01762484 -0.16387962 0.05216711
v -0.0174442 -0.18556314 0.05337794
v -0.01857366 -0.16407921 0.05448616
v -0.01408284 -0.18555419 0.0504325
v -0.01341497 -0.16305622 0.05620842
v -0.01408284 -0.18555419 0.0504325
v -0.01762484 -0.16387962 0.05216711
v -0.00862196 -0.1857217 0.05571974
v -0.01458269 -0.16276786 0.05708473
v -0.01295552 -0.18599115 0.05772728
v -0.01341497 -0.16305622 0.05620842
v -0.00862196 -0.1857217 0.05571974
v -0.00862196 -0.1857217 0.05571974
v -0.01295552 -0.18599115 0.05772728
v -0.00596083 -0.15889189 0.03891068
v -0.00698766 -0.15091443 0.03910612
v -0.00412618 -0.15811494 0.03934677
v -0.00412618 -0.15811494 0.03934677
v -0.00385063 -0.15792715 0.03995347
v -0.00532356 -0.1589323 0.04020581
v -0.00385063 -0.15792715 0.03995347
v -0.00596083 -0.15889189 0.03891068
v -0.00532356 -0.1589323 0.04020581
v -0.00412618 -0.15811494 0.03934677
v -0.00368782 -0.1726527 0.03538962
v -0.00596083 -0.15889189 0.03891068
v -0.00610762 -0.17190534 0.03661891
v -0.00385063 -0.15792715 0.03995347
v -0.00281361 -0.17253895 0.03651872
v -0.00412618 -0.15811494 0.03934677
v -0.00368782 -0.1726527 0.03538962
v -0.00532356 -0.1589323 0.04020581
v -0.00281361 -0.17253895 0.03651872
v -0.00385063 -0.15792715 0.03995347
v -0.00600789 -0.17206969 0.03744497
v -0.00596083 -0.15889189 0.03891068
v -0.00600789 -0.17206969 0.03744497
v -0.00532356 -0.1589323 0.04020581
v -0.00610762 -0.17190534 0.03661891
v -0.00368782 -0.1726527 0.03538962
v -0.00688844 -0.18514063 0.03723892
v -0.00610762 -0.17190534 0.03661891
v -0.00346272 -0.1848967 0.03626284
v -0.00281361 -0.17253895 0.03651872
v -0.00346272 -0.1848967 0.03626284
v -0.00368782 -0.1726527 0.03538962
v -0.00296678 -0.1848916 0.03876122
v -0.00600789 -0.17206969 0.03744497
v -0.00713246 -0.18498707 0.03994982
v -0.00281361 -0.17253895 0.03651872
v -0.00296678 -0.1848916 0.03876122
v -0.00610762 -0.17190534 0.03661891
v -0.00688844 -0.18514063 0.03723892
v -0.00600789 -0.17206969 0.03744497
v -0.00713246 -0.18498707 0.03994982
v -0.00713246 -0.18498707 0.03994982
v -0.00688844 -0.18514063 0.03723892
v -0.0003391 -0.15249272 0.02461858
v -0.0012907 -0.16303801 0.0266058
v -0.00165663 -0.16304037 0.02523759
v -0.00169563 -0.16308224 0.0267271
v -0.0012907 -0.16303801 0.0266058
v -0.0020616 -0.1630846 0.02535888
v -0.00169563 -0.16308224 0.0267271
v -0.00165663 -0.16304037 0.02523759
v -0.0020616 -0.1630846 0.02535888
v -0.0012907 -0.16303801 0.0266058
v 0.00102016 -0.17772729 0.02629307
v -0.00165663 -0.16304037 0.02523759
v 0.00028825 -0.17773202 0.02355663
v 0.00021028 -0.17781575 0.0265357
v -0.0012907 -0.16303801 0.0266058
v -0.00169563 -0.16308224 0.0267271
v 0.00102016 -0.17772729 0.02629307
v -0.0020616 -0.1630846 0.02535888
v 0.00021028 -0.17781575 0.0265357
v -0.00169563 -0.16308224 0.0267271
v -0.00052156 -0.17782048 0.02379925
v -0.00165663 -0.16304037 0.02523759
v -0.00052156 -0.17782048 0.02379925
v -0.0020616 -0.1630846 0.02535888
v 0.00028825 -0.17773202 0.02355663
v 0.00102016 -0.17772729 0.02629307
v 0.00167418 -0.18410274 0.02629095
v 0.00028825 -0.17773202 0.02355663
v 0.00057631 -0.18410984 0.02218627
v 0.00021028 -0.17781575 0.0265357
v 0.00167418 -0.18410274 0.02629095
v 0.00102016 -0.17772729 0.02629307
v 0.0004594 -0.18423544 0.02665484
v -0.00052156 -0.17782048 0.02379925
v 0.0004594 -0.18423544 0.02665484
v 0.00021028 -0.17781575 0.0265357
v -0.00063844 -0.18424253 0.02255019
v 0.00028825 -0.17773202 0.02355663
v 0.00057631 -0.18410984 0.02218627
v -0.00052156 -0.17782048 0.02379925
v -0.00063844 -0.18424253 0.02255019
v 0.00167418 -0.18410274 0.02629095
v 0.0005471 -0.18414124 0.02330343
v 0.00057631 -0.18410984 0.02218627
v 0.00109599 -0.18413769 0.02535575
v 0.0004594 -0.18423544 0.02665484
v 0.0004886 -0.18420403 0.02553771
v 0.00167418 -0.18410274 0.02629095
v 0.00109599 -0.18413769 0.02535575
v -0.00063844 -0.18424253 0.02255019
v 0.0004886 -0.18420403 0.02553771
v 0.0004594 -0.18423544 0.02665484
v -6.032E-05 -0.18420759 0.02348537
v -0.00063844 -0.18424253 0.02255019
v 0.0005471 -0.18414124 0.02330343
v -6.032E-05 -0.18420759 0.02348537
v 0.00057631 -0.18410984 0.02218627
v 0.00051787 -0.18417264 0.02442059
v 0.0005471 -0.18414124 0.02330343
v 0.00109599 -0.18413769 0.02535575
v 0.0004886 -0.18420403 0.02553771
v 0.00051787 -0.18417264 0.02442059
v 0.0005471 -0.18414124 0.02330343
v 0.00687944 -0.16464486 0.02736056
v 0.00422447 -0.17015547 0.0233772
v 0.00540129 -0.16845958 0.02642876
v 0.00687944 -0.16464486 0.02736056
v 0.00476469 -0.17026153 0.02277969
v 0.00422447 -0.17015547 0.0233772
v 0.00476469 -0.17026153 0.02277969
v 0.00667766 -0.16906301 0.02549125
v 0.00667766 -0.16906301 0.02549125
v 0.00540129 -0.16845958 0.02642876
v 0.00422447 -0.17015547 0.0233772
v 0.00176942 -0.17751849 0.02687811
v 0.00540129 -0.16845958 0.02642876
v 0.00021046 -0.17740474 0.02494851
v 0.00126518 -0.17653293 0.02397164
v 0.00422447 -0.17015547 0.0233772
v 0.00476469 -0.17026153 0.02277969
v 0.00021046 -0.17740474 0.02494851
v 0.00667766 -0.16906301 0.02549125
v 0.00126518 -0.17653293 0.02397164
v 0.00476469 -0.17026153 0.02277969
v 0.00260417 -0.1775528 0.02633695
v 0.00540129 -0.16845958 0.02642876
v 0.00260417 -0.1775528 0.02633695
v 0.00667766 -0.16906301 0.02549125
v 0.00176942 -0.17751849 0.02687811
v 0.00021046 -0.17740474 0.02494851
v 0.00221059 -0.184746 0.02587934
v 0.00176942 -0.17751849 0.02687811
v -0.00024101 -0.18445972 0.02249303
v 0.00126518 -0.17653293 0.02397164
v 0.00231529 -0.18445373 0.02094326
v 0.00021046 -0.17740474 0.02494851
v -0.00024101 -0.18445972 0.02249303
v 0.00529829 -0.18456578 0.02506029
v 0.00126518 -0.17653293 0.02397164
v 0.00260417 -0.1775528 0.02633695
v 0.00231529 -0.18445373 0.02094326
v 0.00176942 -0.17751849 0.02687811
v 0.00221059 -0.184746 0.02587934
v 0.00260417 -0.1775528 0.02633695
v 0.00529829 -0.18456578 0.02506029
v 0.00529829 -0.18456578 0.02506029
v 0.00221059 -0.184746 0.02587934
v 0.00673531 -0.15249272 0.04716955
v 0.0045385 -0.16303801 0.0473391
v 0.00554042 -0.16304037 0.04633807
v 0.00423097 -0.16308224 0.04704907
v 0.0045385 -0.16303801 0.0473391
v 0.0052329 -0.1630846 0.04604803
v 0.00423097 -0.16308224 0.04704907
v 0.00554042 -0.16304037 0.04633807
v 0.0052329 -0.1630846 0.04604803
v 0.0045385 -0.16303801 0.0473391
v 0.00596477 -0.17772729 0.04918399
v 0.00554042 -0.16304037 0.04633807
v 0.00796864 -0.17773202 0.04718193
v 0.00423097 -0.16308224 0.04704907
v 0.00596477 -0.17772729 0.04918399
v 0.0045385 -0.16303801 0.0473391
v 0.00534972 -0.17781575 0.04860393
v 0.0052329 -0.1630846 0.04604803
v 0.00534972 -0.17781575 0.04860393
v 0.00423097 -0.16308224 0.04704907
v 0.00735362 -0.17782048 0.0466019
v 0.00554042 -0.16304037 0.04633807
v 0.00735362 -0.17782048 0.0466019
v 0.0052329 -0.1630846 0.04604803
v 0.00796864 -0.17773202 0.04718193
v 0.00596477 -0.17772729 0.04918399
v 0.00663982 -0.18410984 0.04539109
v 0.00796864 -0.17773202 0.04718193
v 0.00363399 -0.18410274 0.04839416
v 0.00534972 -0.17781575 0.04860393
v 0.00363399 -0.18410274 0.04839416
v 0.00596477 -0.17772729 0.04918399
v 0.00271144 -0.18423544 0.04752409
v 0.00735362 -0.17782048 0.0466019
v 0.00571727 -0.18424254 0.04452101
v 0.00534972 -0.17781575 0.04860393
v 0.00271144 -0.18423544 0.04752409
v 0.00796864 -0.17773202 0.04718193
v 0.00663982 -0.18410984 0.04539109
v 0.00735362 -0.17782048 0.0466019
v 0.00571727 -0.18424254 0.04452101
v 0.00363399 -0.18410274 0.04839416
v 0.00565773 -0.18414124 0.04592434
v 0.00663982 -0.18410984 0.04539109
v 0.00415483 -0.18413769 0.04742587
v 0.00363399 -0.18410274 0.04839416
v 0.00369353 -0.18420404 0.04699085
v 0.00415483 -0.18413769 0.04742587
v 0.00271144 -0.18423544 0.04752409
v 0.00571727 -0.18424254 0.04452101
v 0.00369353 -0.18420404 0.04699085
v 0.00271144 -0.18423544 0.04752409
v 0.00519646 -0.18420759 0.0454893
v 0.00663982 -0.18410984 0.04539109
v 0.00565773 -0.18414124 0.04592434
v 0.00571727 -0.18424254 0.04452101
v 0.00519646 -0.18420759 0.0454893
v 0.00467561 -0.18417264 0.04645758
v 0.00565773 -0.18414124 0.04592434
v 0.00415483 -0.18413769 0.04742587
v 0.00369353 -0.18420404 0.04699085
v 0.00467561 -0.18417264 0.04645758
v 0.00565773 -0.18414124 0.04592434
v 0.05308917 -0.15889189 -0.0025103
v 0.05377184 -0.15091443 -0.00171876
v 0.05254955 -0.15811494 -0.0043172
v 0.05254955 -0.15811494 -0.0043172
v 0.05293719 -0.15792715 -0.00485917
v 0.05389218 -0.1589323 -0.00370976
v 0.05293719 -0.15792715 -0.00485917
v 0.05308917 -0.15889189 -0.0025103
v 0.05389218 -0.1589323 -0.00370976
v 0.05254955 -0.15811494 -0.0043172
v 0.04890337 -0.1726527 -0.00271823
v 0.05308917 -0.15889189 -0.0025103
v 0.05117785 -0.17190534 -0.00123729
v 0.05293719 -0.15792715 -0.00485917
v 0.04944408 -0.17253895 -0.0040399
v 0.05254955 -0.15811494 -0.0043172
v 0.04890337 -0.1726527 -0.00271823
v 0.04944408 -0.17253895 -0.0040399
v 0.05389218 -0.1589323 -0.00370976
v 0.05184335 -0.17206969 -0.00173669
v 0.05293719 -0.15792715 -0.00485917
v 0.05308917 -0.15889189 -0.0025103
v 0.05117785 -0.17190534 -0.00123729
v 0.05389218 -0.1589323 -0.00370976
v 0.05184335 -0.17206969 -0.00173669
v 0.04890337 -0.1726527 -0.00271823
v 0.05210519 -0.18514063 -0.00087108
v 0.05117785 -0.17190534 -0.00123729
v 0.04954702 -0.1848967 -0.00334981
v 0.04944408 -0.17253895 -0.0040399
v 0.04954702 -0.1848967 -0.00334981
v 0.04890337 -0.1726527 -0.00271823
v 0.05146273 -0.1848916 -0.00502849
v 0.05184335 -0.17206969 -0.00173669
v 0.05146273 -0.1848916 -0.00502849
v 0.04944408 -0.17253895 -0.0040399
v 0.05457495 -0.18498707 -0.00201521
v 0.05117785 -0.17190534 -0.00123729
v 0.05210519 -0.18514063 -0.00087108
v 0.05184335 -0.17206969 -0.00173669
v 0.05457495 -0.18498707 -0.00201521
v 0.05457495 -0.18498707 -0.00201521
v 0.05210519 -0.18514063 -0.00087108
v 0.05639312 -0.15249272 -0.0163432
v 0.05511093 -0.16303801 -0.01455139
v 0.05498812 -0.16304037 -0.01596239
v 0.0546911 -0.16308224 -0.01450224
v 0.05511093 -0.16303801 -0.01455139
v 0.05456829 -0.1630846 -0.01591322
v 0.0546911 -0.16308224 -0.01450224
v 0.05498812 -0.16304037 -0.01596239
v 0.05456829 -0.1630846 -0.01591322
v 0.05511093 -0.16303801 -0.01455139
v 0.05744094 -0.17772729 -0.0144581
v 0.05498812 -0.16304037 -0.01596239
v 0.05719537 -0.17773202 -0.01728006
v 0.05660131 -0.17781575 -0.01435979
v 0.05511093 -0.16303801 -0.01455139
v 0.0546911 -0.16308224 -0.01450224
v 0.05744094 -0.17772729 -0.0144581
v 0.05456829 -0.1630846 -0.01591322
v 0.05660131 -0.17781575 -0.01435979
v 0.0546911 -0.16308224 -0.01450224
v 0.05635571 -0.17782048 -0.01718178
v 0.05498812 -0.16304037 -0.01596239
v 0.05635571 -0.17782048 -0.01718178
v 0.05456829 -0.1630846 -0.01591322
v 0.05719537 -0.17773202 -0.01728006
v 0.05744094 -0.17772729 -0.0144581
v 0.05496935 -0.18410984 -0.01741327
v 0.05719537 -0.17773202 -0.01728006
v 0.05533773 -0.18410274 -0.01318031
v 0.05660131 -0.17781575 -0.01435979
v 0.05533773 -0.18410274 -0.01318031
v 0.05744094 -0.17772729 -0.0144581
v 0.05407821 -0.18423544 -0.01303288
v 0.05635571 -0.17782048 -0.01718178
v 0.05370986 -0.18424254 -0.01726582
v 0.05660131 -0.17781575 -0.01435979
v 0.05407821 -0.18423544 -0.01303288
v 0.05719537 -0.17773202 -0.01728006
v 0.05496935 -0.18410984 -0.01741327
v 0.05635571 -0.17782048 -0.01718178
v 0.05370986 -0.18424254 -0.01726582
v 0.05533773 -0.18410274 -0.01318031
v 0.05474658 -0.18414124 -0.01631818
v 0.05496935 -0.18410984 -0.01741327
v 0.05493078 -0.18413769 -0.01420171
v 0.05407821 -0.18423544 -0.01303288
v 0.05430102 -0.18420404 -0.01412797
v 0.05533773 -0.18410274 -0.01318031
v 0.05493078 -0.18413769 -0.01420171
v 0.05370986 -0.18424254 -0.01726582
v 0.05430102 -0.18420404 -0.01412797
v 0.05407821 -0.18423544 -0.01303288
v 0.05411682 -0.18420759 -0.01624445
v 0.05370986 -0.18424254 -0.01726582
v 0.05496935 -0.18410984 -0.01741327
v 0.05474658 -0.18414124 -0.01631818
v 0.05411682 -0.18420759 -0.01624445
v 0.0545238 -0.18417264 -0.01522307
v 0.05474658 -0.18414124 -0.01631818
v 0.05493078 -0.18413769 -0.01420171
v 0.05430102 -0.18420404 -0.01412797
v 0.0545238 -0.18417264 -0.01522307
v 0.05474658 -0.18414124 -0.01631818
v 0.06538943 -0.1399338 -0.01308644
v 0.06599328 -0.12593615 -0.01481822
v 0.06311712 -0.13857052 -0.01068118
v 0.06195346 -0.13824102 -0.01079474
v 0.06311712 -0.13857052 -0.01068118
v 0.06286221 -0.14000471 -0.01325435
v 0.06195346 -0.13824102 -0.01079474
v 0.06538943 -0.1399338 -0.01308644
v 0.06286221 -0.14000471 -0.01325435
v 0.06311712 -0.13857052 -0.01068118
v 0.06874572 -0.16407921 -0.00654338
v 0.06538943 -0.1399338 -0.01308644
v 0.0690007 -0.16276786 -0.0112989
v 0.06195346 -0.13824102 -0.01079474
v 0.06626297 -0.16387962 -0.00620549
v 0.06311712 -0.13857052 -0.01068118
v 0.06874572 -0.16407921 -0.00654338
v 0.06286221 -0.14000471 -0.01325435
v 0.06626297 -0.16387962 -0.00620549
v 0.06195346 -0.13824102 -0.01079474
v 0.06765792 -0.16305622 -0.01187204
v 0.06538943 -0.1399338 -0.01308644
v 0.06765792 -0.16305622 -0.01187204
v 0.06286221 -0.14000471 -0.01325435
v 0.0690007 -0.16276786 -0.0112989
v 0.06874572 -0.16407921 -0.00654338
v 0.06874359 -0.18599115 -0.01302934
v 0.0690007 -0.16276786 -0.0112989
v 0.06722131 -0.18556314 -0.00696734
v 0.06626297 -0.16387962 -0.00620549
v 0.06722131 -0.18556314 -0.00696734
v 0.06874572 -0.16407921 -0.00654338
v 0.06298974 -0.18555419 -0.00840567
v 0.06765792 -0.16305622 -0.01187204
v 0.06298974 -0.18555419 -0.00840567
v 0.06626297 -0.16387962 -0.00620549
v 0.06483822 -0.1857217 -0.01577853
v 0.0690007 -0.16276786 -0.0112989
v 0.06874359 -0.18599115 -0.01302934
v 0.06765792 -0.16305622 -0.01187204
v 0.06483822 -0.1857217 -0.01577853
v 0.06483822 -0.1857217 -0.01577853
v 0.06874359 -0.18599115 -0.01302934
v 0.13142084 -0.15249272 -0.10597644
v 0.129228 -0.16303801 -0.10619092
v 0.13038856 -0.16304037 -0.10700278
v 0.12897553 -0.16308224 -0.10652997
v 0.129228 -0.16303801 -0.10619092
v 0.13013608 -0.1630846 -0.1073418
v 0.12897553 -0.16308224 -0.10652997
v 0.13038856 -0.16304037 -0.10700278
v 0.13013608 -0.1630846 -0.1073418
v 0.129228 -0.16303801 -0.10619092
v 0.13031223 -0.17772729 -0.1041264
v 0.13038856 -0.16304037 -0.10700278
v 0.13263331 -0.17773202 -0.10575009
v 0.12897553 -0.16308224 -0.10652997
v 0.13031223 -0.17772729 -0.1041264
v 0.129228 -0.16303801 -0.10619092
v 0.12980729 -0.17781575 -0.10480444
v 0.13013608 -0.1630846 -0.1073418
v 0.12980729 -0.17781575 -0.10480444
v 0.12897553 -0.16308224 -0.10652997
v 0.13212836 -0.17782048 -0.1064281
v 0.13038856 -0.16304037 -0.10700278
v 0.13263331 -0.17773202 -0.10575009
v 0.13013608 -0.1630846 -0.1073418
v 0.13212836 -0.17782048 -0.1064281
v 0.13031223 -0.17772729 -0.1041264
v 0.13163569 -0.18410984 -0.10774448
v 0.13263331 -0.17773202 -0.10575009
v 0.128154 -0.18410274 -0.10530896
v 0.12980729 -0.17781575 -0.10480444
v 0.128154 -0.18410274 -0.10530896
v 0.13031223 -0.17772729 -0.1041264
v 0.12739658 -0.18423544 -0.10632602
v 0.13212836 -0.17782048 -0.1064281
v 0.13087824 -0.18424254 -0.10876151
v 0.12980729 -0.17781575 -0.10480444
v 0.12739658 -0.18423544 -0.10632602
v 0.13263331 -0.17773202 -0.10575009
v 0.13163569 -0.18410984 -0.10774448
v 0.13212836 -0.17782048 -0.1064281
v 0.13087824 -0.18424254 -0.10876151
v 0.128154 -0.18410274 -0.10530896
v 0.1305759 -0.18414124 -0.10738986
v 0.13163569 -0.18410984 -0.10774448
v 0.12883506 -0.18413769 -0.10617212
v 0.128154 -0.18410274 -0.10530896
v 0.12739658 -0.18423544 -0.10632602
v 0.12845634 -0.18420404 -0.10668063
v 0.12883506 -0.18413769 -0.10617212
v 0.13087824 -0.18424254 -0.10876151
v 0.12845634 -0.18420404 -0.10668063
v 0.12739658 -0.18423544 -0.10632602
v 0.13019718 -0.18420759 -0.10789838
v 0.13163569 -0.18410984 -0.10774448
v 0.1305759 -0.18414124 -0.10738986
v 0.13087824 -0.18424254 -0.10876151
v 0.13019718 -0.18420759 -0.10789838
v 0.12951612 -0.18417264 -0.10703525
v 0.1305759 -0.18414124 -0.10738986
v 0.12883506 -0.18413769 -0.10617212
v 0.12845634 -0.18420404 -0.10668063
v 0.12951612 -0.18417264 -0.10703525
v 0.1305759 -0.18414124 -0.10738986
v 0.14639781 -0.1399338 -0.07935441
v 0.14511863 -0.12593615 -0.07804008
v 0.14947373 -0.13857052 -0.080574
v 0.14947373 -0.13857052 -0.080574
v 0.15048036 -0.13824102 -0.07997932
v 0.14861723 -0.14000471 -0.07813421
v 0.15048036 -0.13824102 -0.07997932
v 0.14639781 -0.1399338 -0.07935441
v 0.14861723 -0.14000471 -0.07813421
v 0.14947373 -0.13857052 -0.080574
v 0.14612116 -0.16407921 -0.08670289
v 0.14639781 -0.1399338 -0.07935441
v 0.14388032 -0.16276786 -0.08250067
v 0.15048036 -0.13824102 -0.07997932
v 0.14851408 -0.16387962 -0.08595987
v 0.14947373 -0.13857052 -0.080574
v 0.14612116 -0.16407921 -0.08670289
v 0.14851408 -0.16387962 -0.08595987
v 0.14861723 -0.14000471 -0.07813421
v 0.14485508 -0.16305622 -0.08141375
v 0.15048036 -0.13824102 -0.07997932
v 0.14639781 -0.1399338 -0.07935441
v 0.14388032 -0.16276786 -0.08250067
v 0.14861723 -0.14000471 -0.07813421
v 0.14485508 -0.16305622 -0.08141375
v 0.14612116 -0.16407921 -0.08670289
v 0.14338203 -0.18599115 -0.0808237
v 0.14388032 -0.16276786 -0.08250067
v 0.14732362 -0.18556314 -0.08567437
v 0.14851408 -0.16387962 -0.08595987
v 0.14732362 -0.18556314 -0.08567437
v 0.14612116 -0.16407921 -0.08670289
v 0.15055079 -0.18555419 -0.08258252
v 0.14485508 -0.16305622 -0.08141375
v 0.15055079 -0.18555419 -0.08258252
v 0.14851408 -0.16387962 -0.08595987
v 0.14575962 -0.1857217 -0.07668162
v 0.14388032 -0.16276786 -0.08250067
v 0.14338203 -0.18599115 -0.0808237
v 0.14485508 -0.16305622 -0.08141375
v 0.14575962 -0.1857217 -0.07668162
v 0.14338203 -0.18599115 -0.0808237
v 0.14575962 -0.1857217 -0.07668162
v 0.14781144 -0.15249272 -0.10845578
v 0.14835987 -0.16303801 -0.10632181
v 0.14720008 -0.16304037 -0.1071347
v 0.14812763 -0.16308224 -0.10596863
v 0.14835987 -0.16303801 -0.10632181
v 0.14696784 -0.1630846 -0.10678149
v 0.14812763 -0.16308224 -0.10596863
v 0.14720008 -0.16304037 -0.1071347
v 0.14696784 -0.1630846 -0.10678149
v 0.14835987 -0.16303801 -0.10632181
v 0.14760948 -0.17773202 -0.10967255
v 0.14720008 -0.16304037 -0.1071347
v 0.14992909 -0.17772729 -0.10804675
v 0.14812763 -0.16308224 -0.10596863
v 0.14992909 -0.17772729 -0.10804675
v 0.14835987 -0.16303801 -0.10632181
v 0.14946464 -0.17781575 -0.10734033
v 0.14696784 -0.1630846 -0.10678149
v 0.14714503 -0.17782048 -0.10896616
v 0.14812763 -0.16308224 -0.10596863
v 0.14946464 -0.17781575 -0.10734033
v 0.14720008 -0.16304037 -0.1071347
v 0.14714503 -0.17782048 -0.10896616
v 0.14696784 -0.1630846 -0.10678149
v 0.14760948 -0.17773202 -0.10967255
v 0.14992909 -0.17772729 -0.10804675
v 0.14955595 -0.18410274 -0.10561426
v 0.14760948 -0.17773202 -0.10967255
v 0.14607652 -0.18410984 -0.10805295
v 0.14946464 -0.17781575 -0.10734033
v 0.14955595 -0.18410274 -0.10561426
v 0.14992909 -0.17772729 -0.10804675
v 0.14885932 -0.18423544 -0.10455463
v 0.14714503 -0.17782048 -0.10896616
v 0.14885932 -0.18423544 -0.10455463
v 0.14946464 -0.17781575 -0.10734033
v 0.14537989 -0.18424254 -0.10699335
v 0.14760948 -0.17773202 -0.10967255
v 0.14607652 -0.18410984 -0.10805295
v 0.14714503 -0.17782048 -0.10896616
v 0.14537989 -0.18424254 -0.10699335
v 0.14955595 -0.18410274 -0.10561426
v 0.14677226 -0.18414124 -0.10717837
v 0.14607652 -0.18410984 -0.10805295
v 0.14851197 -0.18413769 -0.10595901
v 0.14955595 -0.18410274 -0.10561426
v 0.14885932 -0.18423544 -0.10455463
v 0.14816365 -0.18420404 -0.1054292
v 0.14851197 -0.18413769 -0.10595901
v 0.14537989 -0.18424254 -0.10699335
v 0.14816365 -0.18420404 -0.1054292
v 0.14885932 -0.18423544 -0.10455463
v 0.1464239 -0.18420759 -0.10664856
v 0.14677226 -0.18414124 -0.10717837
v 0.14537989 -0.18424254 -0.10699335
v 0.14607652 -0.18410984 -0.10805295
v 0.1464239 -0.18420759 -0.10664856
v 0.14746794 -0.18417264 -0.1063038
v 0.14677226 -0.18414124 -0.10717837
v 0.14851197 -0.18413769 -0.10595901
v 0.14816365 -0.18420404 -0.1054292
v 0.14746794 -0.18417264 -0.1063038
v 0.14677226 -0.18414124 -0.10717837
v 0.17627455 -0.16006682 -0.04321933
v 0.16785481 -0.15942817 -0.03892939
v 0.17613991 -0.1591234 -0.04093351
v 0.17613991 -0.1591234 -0.04093351
v 0.17590837 -0.16000894 -0.04054935
v 0.17590837 -0.16000894 -0.04054935
v 0.17513441 -0.16047586 -0.04269146
v 0.16785481 -0.15942817 -0.03892939
v 0.17627455 -0.16006682 -0.04321933
v 0.17513441 -0.16047586 -0.04269146
v 0.17613991 -0.1591234 -0.04093351
v 0.18461464 -0.17692765 -0.04420876
v 0.17627455 -0.16006682 -0.04321933
v 0.18263448 -0.17602017 -0.04684316
v 0.18461464 -0.17692765 -0.04420876
v 0.17590837 -0.16000894 -0.04054935
v 0.18344878 -0.17678953 -0.04292528
v 0.17613991 -0.1591234 -0.04093351
v 0.17513441 -0.16047586 -0.04269146
v 0.18344878 -0.17678953 -0.04292528
v 0.17590837 -0.16000894 -0.04054935
v 0.18166768 -0.17621973 -0.0465497
v 0.17627455 -0.16006682 -0.04321933
v 0.18166768 -0.17621973 -0.0465497
v 0.17513441 -0.16047586 -0.04269146
v 0.18263448 -0.17602017 -0.04684316
v 0.18461464 -0.17692765 -0.04420876
v 0.1834695 -0.18497025 -0.04855098
v 0.18263448 -0.17602017 -0.04684316
v 0.18535896 -0.18467406 -0.04466028
v 0.18344878 -0.17678953 -0.04292528
v 0.182476 -0.18466786 -0.04354049
v 0.18461464 -0.17692765 -0.04420876
v 0.18535896 -0.18467406 -0.04466028
v 0.18166768 -0.17621973 -0.0465497
v 0.182476 -0.18466786 -0.04354049
v 0.18344878 -0.17678953 -0.04292528
v 0.18017632 -0.18478379 -0.0482712
v 0.18263448 -0.17602017 -0.04684316
v 0.1834695 -0.18497025 -0.04855098
v 0.18166768 -0.17621973 -0.0465497
v 0.18017632 -0.18478379 -0.0482712
v 0.1834695 -0.18497025 -0.04855098
v 0.18017632 -0.18478379 -0.0482712
v 0.19187807 -0.16954278 -0.04738161
v 0.19540895 -0.16651903 -0.04868715
v 0.18970012 -0.16877459 -0.04627248
v 0.18859548 -0.16935679 -0.04732818
v 0.18970012 -0.16877459 -0.04627248
v 0.18859548 -0.16935679 -0.04732818
v 0.19540895 -0.16651903 -0.04868715
v 0.19077352 -0.17012497 -0.04843728
v 0.19187807 -0.16954278 -0.04738161
v 0.19077352 -0.17012497 -0.04843728
v 0.18970012 -0.16877459 -0.04627248
v 0.18697688 -0.17639777 -0.0461921
v 0.19187807 -0.16954278 -0.04738161
v 0.18873366 -0.1780064 -0.04818706
v 0.18859548 -0.16935679 -0.04732818
v 0.18697688 -0.17639777 -0.0461921
v 0.18970012 -0.16877459 -0.04627248
v 0.185872 -0.17555664 -0.04703051
v 0.18789507 -0.17654062 -0.04869906
v 0.18859548 -0.16935679 -0.04732818
v 0.19077352 -0.17012497 -0.04843728
v 0.185872 -0.17555664 -0.04703051
v 0.19187807 -0.16954278 -0.04738161
v 0.18873366 -0.1780064 -0.04818706
v 0.19077352 -0.17012497 -0.04843728
v 0.18789507 -0.17654062 -0.04869906
v 0.18697688 -0.17639777 -0.0461921
v 0.18534572 -0.18457406 -0.04388216
v 0.18873366 -0.1780064 -0.04818706
v 0.18815248 -0.18485028 -0.04677886
v 0.185872 -0.17555664 -0.04703051
v 0.1834449 -0.18456829 -0.04605137
v 0.18697688 -0.17639777 -0.0461921
v 0.18534572 -0.18457406 -0.04388216
v 0.18789507 -0.17654062 -0.04869906
v 0.1834449 -0.18456829 -0.04605137
v 0.185872 -0.17555664 -0.04703051
v 0.18685695 -0.18467639 -0.04957543
v 0.18685695 -0.18467639 -0.04957543
v 0.18789507 -0.17654062 -0.04869906
v 0.18873366 -0.1780064 -0.04818706
v 0.18815248 -0.18485028 -0.04677886
v 0.18685695 -0.18467639 -0.04957543
v 0.18815248 -0.18485028 -0.04677886
v 0.17975218 -0.15448105 -0.05374074
v 0.17500041 -0.14504708 -0.05933324
v 0.18195851 -0.15356224 -0.05341607
v 0.18195851 -0.15356224 -0.05341607
v 0.18234563 -0.15334017 -0.05272974
v 0.18234563 -0.15334017 -0.05272974
v 0.18063643 -0.15452884 -0.05228065
v 0.18063643 -0.15452884 -0.05228065
v 0.17975218 -0.15448105 -0.05374074
v 0.18195851 -0.15356224 -0.05341607
v 0.1841808 -0.16987047 -0.0483741
v 0.17975218 -0.15448105 -0.05374074
v 0.18690477 -0.17075428 -0.05007172
v 0.18234563 -0.15334017 -0.05272974
v 0.1880511 -0.17061976 -0.04883162
v 0.18195851 -0.15356224 -0.05341607
v 0.18690477 -0.17075428 -0.05007172
v 0.18438344 -0.17006482 -0.04741124
v 0.18234563 -0.15334017 -0.05272974
v 0.18063643 -0.15452884 -0.05228065
v 0.1880511 -0.17061976 -0.04883162
v 0.17975218 -0.15448105 -0.05374074
v 0.1841808 -0.16987047 -0.0483741
v 0.18063643 -0.15452884 -0.05228065
v 0.18438344 -0.17006482 -0.04741124
v 0.18559065 -0.18523376 -0.05184452
v 0.1841808 -0.16987047 -0.0483741
v 0.18690477 -0.17075428 -0.05007172
v 0.18165544 -0.18552223 -0.05034156
v 0.1880511 -0.17061976 -0.04883162
v 0.18643236 -0.18522773 -0.04895235
v 0.18690477 -0.17075428 -0.05007172
v 0.18559065 -0.18523376 -0.05184452
v 0.18438344 -0.17006482 -0.04741124
v 0.18643236 -0.18522773 -0.04895235
v 0.1880511 -0.17061976 -0.04883162
v 0.18164738 -0.18534063 -0.0471227
v 0.1841808 -0.16987047 -0.0483741
v 0.18165544 -0.18552223 -0.05034156
v 0.18438344 -0.17006482 -0.04741124
v 0.18164738 -0.18534063 -0.0471227
v 0.18164738 -0.18534063 -0.0471227
v 0.18165544 -0.18552223 -0.05034156
v 0.44609587 -0.15448105 0.1382735
v 0.4418496 -0.14504708 0.13228813
v 0.44826548 -0.15356224 0.13878924
v 0.44859133 -0.15334017 0.13950669
v 0.44826548 -0.15356224 0.13878924
v 0.44684949 -0.15452884 0.13980512
v 0.44859133 -0.15334017 0.13950669
v 0.44684949 -0.15452884 0.13980512
v 0.44609587 -0.15448105 0.1382735
v 0.44826548 -0.15356224 0.13878924
v 0.45003989 -0.16987047 0.14400569
v 0.44609587 -0.15448105 0.1382735
v 0.45290149 -0.17075428 0.14255197
v 0.44859133 -0.15334017 0.13950669
v 0.45290149 -0.17075428 0.14255197
v 0.44826548 -0.15356224 0.13878924
v 0.45393534 -0.17061976 0.14388723
v 0.45015786 -0.17006482 0.14498257
v 0.44859133 -0.15334017 0.13950669
v 0.44684949 -0.15452884 0.13980512
v 0.45393534 -0.17061976 0.14388723
v 0.44609587 -0.15448105 0.1382735
v 0.45003989 -0.16987047 0.14400569
v 0.44684949 -0.15452884 0.13980512
v 0.45015786 -0.17006482 0.14498257
v 0.45290149 -0.17075428 0.14255197
v 0.44769563 -0.18552223 0.14182564
v 0.45003989 -0.16987047 0.14400569
v 0.45174684 -0.18523376 0.14067136
v 0.45393534 -0.17061976 0.14388723
v 0.45233329 -0.18522773 0.14362589
v 0.45290149 -0.17075428 0.14255197
v 0.45174684 -0.18523376 0.14067136
v 0.45015786 -0.17006482 0.14498257
v 0.45233329 -0.18522773 0.14362589
v 0.45393534 -0.17061976 0.14388723
v 0.44740704 -0.18534063 0.14503152
v 0.45003989 -0.16987047 0.14400569
v 0.44769563 -0.18552223 0.14182564
v 0.45015786 -0.17006482 0.14498257
v 0.44740704 -0.18534063 0.14503152
v 0.44740704 -0.18534063 0.14503152
v 0.44769563 -0.18552223 0.14182564
v 0.44171435 -0.1596629 0.14845178
v 0.43295271 -0.15902426 0.15199157
v 0.44138097 -0.15871949 0.15071717
v 0.44138097 -0.15871949 0.15071717
v 0.44111683 -0.15960502 0.15107969
v 0.44111683 -0.15960502 0.15107969
v 0.44053253 -0.16007195 0.14887828
v 0.43295271 -0.15902426 0.15199157
v 0.44171435 -0.1596629 0.14845178
v 0.44053253 -0.16007195 0.14887828
v 0.44138097 -0.15871949 0.15071717
v 0.45010893 -0.17652374 0.14819299
v 0.44171435 -0.1596629 0.14845178
v 0.44836587 -0.17561625 0.14539604
v 0.45010893 -0.17652374 0.14819299
v 0.44111683 -0.15960502 0.15107969
v 0.44883564 -0.17638562 0.14936999
v 0.44138097 -0.15871949 0.15071717
v 0.44053253 -0.16007195 0.14887828
v 0.44883564 -0.17638562 0.14936999
v 0.44111683 -0.15960502 0.15107969
v 0.4473772 -0.17581581 0.14560412
v 0.44171435 -0.1596629 0.14845178
v 0.4473772 -0.17581581 0.14560412
v 0.44053253 -0.16007195 0.14887828
v 0.44836587 -0.17561625 0.14539604
v 0.45010893 -0.17652374 0.14819299
v 0.44934656 -0.18456634 0.14376749
v 0.44836587 -0.17561625 0.14539604
v 0.45088978 -0.18427014 0.14780807
v 0.44883564 -0.17638562 0.14936999
v 0.44792016 -0.18426395 0.14867233
v 0.45010893 -0.17652374 0.14819299
v 0.45088978 -0.18427014 0.14780807
v 0.4473772 -0.17581581 0.14560412
v 0.44792016 -0.18426395 0.14867233
v 0.44883564 -0.17638562 0.14936999
v 0.44604153 -0.18437987 0.14375919
v 0.44836587 -0.17561625 0.14539604
v 0.44934656 -0.18456634 0.14376749
v 0.4473772 -0.17581581 0.14560412
v 0.44604153 -0.18437987 0.14375919
v 0.44934656 -0.18456634 0.14376749
v 0.44604153 -0.18437987 0.14375919
v 0.47595285 -0.16432396 0.15936608
v 0.47329788 -0.16983456 0.15538274
v 0.47447471 -0.16813867 0.1584343
v 0.47595285 -0.16432396 0.15936608
v 0.47383813 -0.16994063 0.15478523
v 0.47329788 -0.16983456 0.15538274
v 0.47383813 -0.16994063 0.15478523
v 0.47575108 -0.1687421 0.15749679
v 0.47575108 -0.1687421 0.15749679
v 0.47447471 -0.16813867 0.1584343
v 0.47329788 -0.16983456 0.15538274
v 0.47084285 -0.17719759 0.15888364
v 0.47447471 -0.16813867 0.1584343
v 0.46928391 -0.17708383 0.15695406
v 0.47033856 -0.17621203 0.15597718
v 0.47329788 -0.16983456 0.15538274
v 0.47383813 -0.16994063 0.15478523
v 0.46928391 -0.17708383 0.15695406
v 0.47575108 -0.1687421 0.15749679
v 0.47033856 -0.17621203 0.15597718
v 0.47383813 -0.16994063 0.15478523
v 0.4716776 -0.17723189 0.15834249
v 0.47447471 -0.16813867 0.1584343
v 0.4716776 -0.17723189 0.15834249
v 0.47575108 -0.1687421 0.15749679
v 0.47084285 -0.17719759 0.15888364
v 0.46928391 -0.17708383 0.15695406
v 0.47128399 -0.1844251 0.15788488
v 0.47084285 -0.17719759 0.15888364
v 0.4688324 -0.18413881 0.15449857
v 0.47033856 -0.17621203 0.15597718
v 0.4713887 -0.18413282 0.15294878
v 0.46928391 -0.17708383 0.15695406
v 0.4688324 -0.18413881 0.15449857
v 0.47437172 -0.18424487 0.15706583
v 0.47033856 -0.17621203 0.15597718
v 0.4716776 -0.17723189 0.15834249
v 0.4713887 -0.18413282 0.15294878
v 0.47084285 -0.17719759 0.15888364
v 0.47128399 -0.1844251 0.15788488
v 0.4716776 -0.17723189 0.15834249
v 0.47437172 -0.18424487 0.15706583
v 0.47437172 -0.18424487 0.15706583
v 0.47128399 -0.1844251 0.15788488
v 0.53805344 -0.16095949 0.11324584
v 0.5378998 -0.15364336 0.11419205
v 0.53900475 -0.16024695 0.11180155
v 0.53961401 -0.16007473 0.11175439
v 0.53900475 -0.16024695 0.11180155
v 0.53936949 -0.16099656 0.1131029
v 0.53961401 -0.16007473 0.11175439
v 0.53805344 -0.16095949 0.11324584
v 0.53936949 -0.16099656 0.1131029
v 0.53900475 -0.16024695 0.11180155
v 0.535732 -0.17357954 0.11018256
v 0.53805344 -0.16095949 0.11324584
v 0.53603238 -0.17289414 0.1126535
v 0.53961401 -0.16007473 0.11175439
v 0.53697928 -0.17347522 0.10978331
v 0.53900475 -0.16024695 0.11180155
v 0.535732 -0.17357954 0.11018256
v 0.53936949 -0.16099656 0.1131029
v 0.53697928 -0.17347522 0.10978331
v 0.53961401 -0.16007473 0.11175439
v 0.53677556 -0.17304486 0.11282664
v 0.53805344 -0.16095949 0.11324584
v 0.53677556 -0.17304486 0.11282664
v 0.53936949 -0.16099656 0.1131029
v 0.53603238 -0.17289414 0.1126535
v 0.535732 -0.17357954 0.11018256
v 0.53632178 -0.18503223 0.11352088
v 0.53603238 -0.17289414 0.1126535
v 0.53655515 -0.18480852 0.11026243
v 0.53697928 -0.17347522 0.10978331
v 0.53655515 -0.18480852 0.11026243
v 0.535732 -0.17357954 0.11018256
v 0.53886378 -0.18480384 0.11061873
v 0.53677556 -0.17304486 0.11282664
v 0.53886378 -0.18480384 0.11061873
v 0.53697928 -0.17347522 0.10978331
v 0.53858149 -0.18489139 0.11458151
v 0.53603238 -0.17289414 0.1126535
v 0.53632178 -0.18503223 0.11352088
v 0.53677556 -0.17304486 0.11282664
v 0.53858149 -0.18489139 0.11458151
v 0.53858149 -0.18489139 0.11458151
v 0.53632178 -0.18503223 0.11352088
v 0.54873741 -0.16729208 0.12511556
v 0.54815484 -0.16211702 0.12546253
v 0.54995255 -0.16678806 0.12497436
v 0.54995255 -0.16678806 0.12497436
v 0.55025513 -0.16666624 0.12528305
v 0.54941324 -0.16731829 0.12576368
v 0.55025513 -0.16666624 0.12528305
v 0.54873741 -0.16729208 0.12511556
v 0.54941324 -0.16731829 0.12576368
v 0.54995255 -0.16678806 0.12497436
v 0.54934178 -0.17621887 0.12246487
v 0.54873741 -0.16729208 0.12511556
v 0.54813945 -0.17573404 0.12375111
v 0.55025513 -0.16666624 0.12528305
v 0.55012522 -0.17614507 0.12295919
v 0.54995255 -0.16678806 0.12497436
v 0.54934178 -0.17621887 0.12246487
v 0.54941324 -0.16731829 0.12576368
v 0.55012522 -0.17614507 0.12295919
v 0.55025513 -0.16666624 0.12528305
v 0.54838353 -0.17584066 0.12423253
v 0.54873741 -0.16729208 0.12511556
v 0.54838353 -0.17584066 0.12423253
v 0.54941324 -0.16731829 0.12576368
v 0.54813945 -0.17573404 0.12375111
v 0.54934178 -0.17621887 0.12246487
v 0.54780103 -0.18431992 0.12430229
v 0.54813945 -0.17573404 0.12375111
v 0.54967276 -0.18416167 0.12294721
v 0.55012522 -0.17614507 0.12295919
v 0.54967276 -0.18416167 0.12294721
v 0.54934178 -0.17621887 0.12246487
v 0.55052938 -0.18415837 0.12436017
v 0.54838353 -0.17584066 0.12423253
v 0.54825375 -0.1842203 0.12600899
v 0.55012522 -0.17614507 0.12295919
v 0.55052938 -0.18415837 0.12436017
v 0.54813945 -0.17573404 0.12375111
v 0.54780103 -0.18431992 0.12430229
v 0.54838353 -0.17584066 0.12423253
v 0.54825375 -0.1842203 0.12600899
v 0.54780103 -0.18431992 0.12430229
v 0.54825375 -0.1842203 0.12600899
v 0.56826983 -0.15805222 0.12723987
v 0.56720414 -0.16681677 0.1287291
v 0.56710209 -0.16681873 0.12755639
v 0.5668552 -0.16685353 0.12876995
v 0.56720414 -0.16681677 0.1287291
v 0.56675315 -0.1668555 0.12759724
v 0.5668552 -0.16685353 0.12876995
v 0.56710209 -0.16681873 0.12755639
v 0.56675315 -0.1668555 0.12759724
v 0.56720414 -0.16681677 0.1287291
v 0.56914072 -0.17902554 0.12880665
v 0.56710209 -0.16681873 0.12755639
v 0.56893662 -0.17902947 0.12646121
v 0.56844285 -0.17909906 0.12888834
v 0.56720414 -0.16681677 0.1287291
v 0.5668552 -0.16685353 0.12876995
v 0.56914072 -0.17902554 0.12880665
v 0.56675315 -0.1668555 0.12759724
v 0.56844285 -0.17909906 0.12888834
v 0.5668552 -0.16685353 0.12876995
v 0.56823874 -0.17910299 0.12654291
v 0.56710209 -0.16681873 0.12755639
v 0.56823874 -0.17910299 0.12654291
v 0.56675315 -0.1668555 0.12759724
v 0.56893662 -0.17902947 0.12646121
v 0.56914072 -0.17902554 0.12880665
v 0.56708649 -0.18433029 0.1263505
v 0.56893662 -0.17902947 0.12646121
v 0.56739266 -0.18432439 0.12986866
v 0.56844285 -0.17909906 0.12888834
v 0.56739266 -0.18432439 0.12986866
v 0.56914072 -0.17902554 0.12880665
v 0.56634583 -0.18443468 0.12999119
v 0.56823874 -0.17910299 0.12654291
v 0.56603966 -0.18444058 0.12647305
v 0.56844285 -0.17909906 0.12888834
v 0.56634583 -0.18443468 0.12999119
v 0.56893662 -0.17902947 0.12646121
v 0.56708649 -0.18433029 0.1263505
v 0.56823874 -0.17910299 0.12654291
v 0.56603966 -0.18444058 0.12647305
v 0.56739266 -0.18432439 0.12986866
v 0.56690133 -0.18435639 0.12726068
v 0.56708649 -0.18433029 0.1263505
v 0.5670544 -0.18435344 0.12901975
v 0.56634583 -0.18443468 0.12999119
v 0.566531 -0.18440858 0.12908102
v 0.56739266 -0.18432439 0.12986866
v 0.5670544 -0.18435344 0.12901975
v 0.56603966 -0.18444058 0.12647305
v 0.566531 -0.18440858 0.12908102
v 0.56634583 -0.18443468 0.12999119
v 0.56637792 -0.18441153 0.12732195
v 0.56603966 -0.18444058 0.12647305
v 0.56708649 -0.18433029 0.1263505
v 0.56690133 -0.18435639 0.12726068
v 0.56637792 -0.18441153 0.12732195
v 0.56671616 -0.18438249 0.12817085
v 0.56690133 -0.18435639 0.12726068
v 0.5670544 -0.18435344 0.12901975
v 0.566531 -0.18440858 0.12908102
v 0.56671616 -0.18438249 0.12817085
v 0.56690133 -0.18435639 0.12726068
v 0.58050649 -0.15557653 0.13148337
v 0.5814177 -0.16797899 0.1290575
v 0.5819867 -0.16798177 0.13062305
v 0.58187969 -0.16803101 0.12887387
v 0.5814177 -0.16797899 0.1290575
v 0.58244869 -0.16803379 0.13043942
v 0.58187969 -0.16803101 0.12887387
v 0.5819867 -0.16798177 0.13062305
v 0.58244869 -0.16803379 0.13043942
v 0.5814177 -0.16797899 0.1290575
v 0.57869988 -0.17681043 0.13028456
v 0.5819867 -0.16798177 0.13062305
v 0.57756188 -0.17680487 0.12715346
v 0.57848586 -0.17690891 0.12678619
v 0.5814177 -0.16797899 0.1290575
v 0.58187969 -0.16803101 0.12887387
v 0.57756188 -0.17680487 0.12715346
v 0.58244869 -0.16803379 0.13043942
v 0.57962386 -0.17691447 0.1299173
v 0.58187969 -0.16803101 0.12887387
v 0.57848586 -0.17690891 0.12678619
v 0.5819867 -0.16798177 0.13062305
v 0.57962386 -0.17691447 0.1299173
v 0.58244869 -0.16803379 0.13043942
v 0.57869988 -0.17681043 0.13028456
v 0.57756188 -0.17680487 0.12715346
v 0.58126929 -0.18431147 0.12975828
v 0.57869988 -0.17681043 0.13028456
v 0.57956229 -0.18430312 0.12506162
v 0.57848586 -0.17690891 0.12678619
v 0.57956229 -0.18430312 0.12506162
v 0.57756188 -0.17680487 0.12715346
v 0.58094825 -0.18445919 0.12451073
v 0.57962386 -0.17691447 0.1299173
v 0.58265525 -0.18446754 0.12920738
v 0.57848586 -0.17690891 0.12678619
v 0.58094825 -0.18445919 0.12451073
v 0.57869988 -0.17681043 0.13028456
v 0.58126929 -0.18431147 0.12975828
v 0.57962386 -0.17691447 0.1299173
v 0.58265525 -0.18446754 0.12920738
v 0.57956229 -0.18430312 0.12506162
v 0.58118903 -0.1843484 0.12844639
v 0.58126929 -0.18431147 0.12975828
v 0.58033553 -0.18434423 0.12609806
v 0.57956229 -0.18430312 0.12506162
v 0.58102851 -0.18442226 0.12582261
v 0.58033553 -0.18434423 0.12609806
v 0.58094825 -0.18445919 0.12451073
v 0.58265525 -0.18446754 0.12920738
v 0.58102851 -0.18442226 0.12582261
v 0.58094825 -0.18445919 0.12451073
v 0.58188201 -0.18442644 0.12817095
v 0.58188201 -0.18442644 0.12817095
v 0.58265525 -0.18446754 0.12920738
v 0.58118903 -0.1843484 0.12844639
v 0.58126929 -0.18431147 0.12975828
v 0.58110877 -0.18438533 0.1271345
v 0.58118903 -0.1843484 0.12844639
v 0.58033553 -0.18434423 0.12609806
v 0.58102851 -0.18442226 0.12582261
v 0.58110877 -0.18438533 0.1271345
v 0.58118903 -0.1843484 0.12844639
v 0.57694608 -0.16729201 0.11884895
v 0.57950283 -0.16922054 0.12143058
v 0.57771667 -0.16997187 0.12179815
v 0.57950283 -0.16922054 0.12143058
v 0.57694608 -0.16729201 0.11884895
v 0.57999227 -0.16903895 0.12184969
v 0.5788045 -0.17001095 0.12267281
v 0.57999227 -0.16903895 0.12184969
v 0.57771667 -0.16997187 0.12179815
v 0.5788045 -0.17001095 0.12267281
v 0.57927275 -0.17161896 0.12399914
v 0.57950283 -0.16922054 0.12143058
v 0.58089111 -0.17234167 0.12193285
v 0.57771667 -0.16997187 0.12179815
v 0.57999227 -0.16903895 0.12184969
v 0.58089111 -0.17234167 0.12193285
v 0.57950283 -0.16922054 0.12143058
v 0.58211875 -0.17223167 0.12256514
v 0.57969776 -0.17177788 0.12468235
v 0.57999227 -0.16903895 0.12184969
v 0.5788045 -0.17001095 0.12267281
v 0.58211875 -0.17223167 0.12256514
v 0.57771667 -0.16997187 0.12179815
v 0.57927275 -0.17161896 0.12399914
v 0.5788045 -0.17001095 0.12267281
v 0.57969776 -0.17177788 0.12468235
v 0.58206422 -0.18443249 0.12362883
v 0.57927275 -0.17161896 0.12399914
v 0.58089111 -0.17234167 0.12193285
v 0.57946075 -0.18466838 0.1258843
v 0.58211875 -0.17223167 0.12256514
v 0.58206422 -0.18443249 0.12362883
v 0.58089111 -0.17234167 0.12193285
v 0.58351988 -0.18442756 0.12561577
v 0.57969776 -0.17177788 0.12468235
v 0.58035477 -0.18451988 0.12835993
v 0.58211875 -0.17223167 0.12256514
v 0.58351988 -0.18442756 0.12561577
v 0.57927275 -0.17161896 0.12399914
v 0.57946075 -0.18466838 0.1258843
v 0.57969776 -0.17177788 0.12468235
v 0.58035477 -0.18451988 0.12835993
v 0.57946075 -0.18466838 0.1258843
v 0.58035477 -0.18451988 0.12835993
v 0.58401053 -0.14712614 0.12400608
v 0.58331422 -0.1595286 0.12650213
v 0.58261094 -0.15953138 0.12499212
v 0.58287 -0.15958062 0.12672533
v 0.58331422 -0.1595286 0.12650213
v 0.58216672 -0.1595834 0.12521533
v 0.58287 -0.15958062 0.12672533
v 0.58261094 -0.15953138 0.12499212
v 0.58216672 -0.1595834 0.12521533
v 0.58331422 -0.1595286 0.12650213
v 0.5859269 -0.17680487 0.12566797
v 0.58261094 -0.15953138 0.12499212
v 0.58452033 -0.17681043 0.12264796
v 0.58503844 -0.17690891 0.12611436
v 0.58331422 -0.1595286 0.12650213
v 0.58287 -0.15958062 0.12672533
v 0.5859269 -0.17680487 0.12566797
v 0.58216672 -0.1595834 0.12521533
v 0.58503844 -0.17690891 0.12611436
v 0.58287 -0.15958062 0.12672533
v 0.58363187 -0.17691447 0.12309436
v 0.58261094 -0.15953138 0.12499212
v 0.58452033 -0.17681043 0.12264796
v 0.58216672 -0.1595834 0.12521533
v 0.58363187 -0.17691447 0.12309436
v 0.5859269 -0.17680487 0.12566797
v 0.58200657 -0.18431147 0.12339618
v 0.58452033 -0.17681043 0.12264796
v 0.58411642 -0.18430312 0.12792619
v 0.58503844 -0.17690891 0.12611436
v 0.58411642 -0.18430312 0.12792619
v 0.5859269 -0.17680487 0.12566797
v 0.58278374 -0.18445919 0.12859579
v 0.58363187 -0.17691447 0.12309436
v 0.5806739 -0.18446754 0.12406577
v 0.58503844 -0.17690891 0.12611436
v 0.58278374 -0.18445919 0.12859579
v 0.58452033 -0.17681043 0.12264796
v 0.58200657 -0.18431147 0.12339618
v 0.58363187 -0.17691447 0.12309436
v 0.5806739 -0.18446754 0.12406577
v 0.58411642 -0.18430312 0.12792619
v 0.58220087 -0.1843484 0.12469608
v 0.58200657 -0.18431147 0.12339618
v 0.58325579 -0.18434423 0.12696109
v 0.58325579 -0.18434423 0.12696109
v 0.58411642 -0.18430312 0.12792619
v 0.58258944 -0.18442226 0.12729589
v 0.58278374 -0.18445919 0.12859579
v 0.5806739 -0.18446754 0.12406577
v 0.58258944 -0.18442226 0.12729589
v 0.58278374 -0.18445919 0.12859579
v 0.58153452 -0.18442644 0.12503088
v 0.58220087 -0.1843484 0.12469608
v 0.5806739 -0.18446754 0.12406577
v 0.58200657 -0.18431147 0.12339618
v 0.58153452 -0.18442644 0.12503088
v 0.58239516 -0.18438533 0.12599598
v 0.58220087 -0.1843484 0.12469608
v 0.58325579 -0.18434423 0.12696109
v 0.58258944 -0.18442226 0.12729589
v 0.58239516 -0.18438533 0.12599598
v 0.58220087 -0.1843484 0.12469608
v 0.59228987 -0.15532758 0.1084594
v 0.59112858 -0.14630543 0.10868044
v 0.59436478 -0.15444888 0.10895262
v 0.59436478 -0.15444888 0.10895262
v 0.5946764 -0.1542365 0.10963876
v 0.59301059 -0.15537329 0.10992416
v 0.5946764 -0.1542365 0.10963876
v 0.59228987 -0.15532758 0.1084594
v 0.59301059 -0.15537329 0.10992416
v 0.59436478 -0.15444888 0.10895262
v 0.59486053 -0.17089046 0.10447725
v 0.59228987 -0.15532758 0.1084594
v 0.59212385 -0.17004523 0.10586752
v 0.5946764 -0.1542365 0.10963876
v 0.59584925 -0.17076181 0.10575422
v 0.59436478 -0.15444888 0.10895262
v 0.59486053 -0.17089046 0.10447725
v 0.59301059 -0.15537329 0.10992416
v 0.59584925 -0.17076181 0.10575422
v 0.5946764 -0.1542365 0.10963876
v 0.59223667 -0.17023109 0.10680175
v 0.59228987 -0.15532758 0.1084594
v 0.59223667 -0.17023109 0.10680175
v 0.59301059 -0.15537329 0.10992416
v 0.59212385 -0.17004523 0.10586752
v 0.59486053 -0.17089046 0.10447725
v 0.59124078 -0.18501376 0.10656871
v 0.59212385 -0.17004523 0.10586752
v 0.59511514 -0.18473788 0.10546483
v 0.59584925 -0.17076181 0.10575422
v 0.59511514 -0.18473788 0.10546483
v 0.59486053 -0.17089046 0.10447725
v 0.595676 -0.18473212 0.10829037
v 0.59223667 -0.17023109 0.10680175
v 0.59096479 -0.18484009 0.10963465
v 0.59584925 -0.17076181 0.10575422
v 0.595676 -0.18473212 0.10829037
v 0.59212385 -0.17004523 0.10586752
v 0.59124078 -0.18501376 0.10656871
v 0.59223667 -0.17023109 0.10680175
v 0.59096479 -0.18484009 0.10963465
v 0.59096479 -0.18484009 0.10963465
v 0.59124078 -0.18501376 0.10656871
v 0.59714938 -0.16832875 0.100975
v 0.59769486 -0.16486212 0.09421283
v 0.59512536 -0.16745005 0.10030282
v 0.59512536 -0.16745005 0.10030282
v 0.59487472 -0.16723767 0.09959213
v 0.59487472 -0.16723767 0.09959213
v 0.59769486 -0.16486212 0.09421283
v 0.59655906 -0.16837446 0.099453
v 0.59655906 -0.16837446 0.099453
v 0.59714938 -0.16832875 0.100975
v 0.59512536 -0.16745005 0.10030282
v 0.59621304 -0.17604264 0.10470905
v 0.59714938 -0.16832875 0.100975
v 0.59336559 -0.17688787 0.10585551
v 0.59487472 -0.16723767 0.09959213
v 0.59249192 -0.17675922 0.10449722
v 0.59512536 -0.16745005 0.10030282
v 0.59336559 -0.17688787 0.10585551
v 0.59655906 -0.16837446 0.099453
v 0.59249192 -0.17675922 0.10449722
v 0.59487472 -0.16723767 0.09959213
v 0.59618206 -0.17622851 0.10376854
v 0.59714938 -0.16832875 0.100975
v 0.59618206 -0.17622851 0.10376854
v 0.59655906 -0.16837446 0.099453
v 0.59621304 -0.17604264 0.10470905
v 0.59336559 -0.17688787 0.10585551
v 0.59657067 -0.18501375 0.10578422
v 0.59621304 -0.17604264 0.10470905
v 0.59261485 -0.18473788 0.10654624
v 0.59249192 -0.17675922 0.10449722
v 0.59230239 -0.1847321 0.10368256
v 0.59336559 -0.17688787 0.10585551
v 0.59261485 -0.18473788 0.10654624
v 0.59618206 -0.17622851 0.10376854
v 0.59711283 -0.18484009 0.102754
v 0.59249192 -0.17675922 0.10449722
v 0.59230239 -0.1847321 0.10368256
v 0.59621304 -0.17604264 0.10470905
v 0.59657067 -0.18501375 0.10578422
v 0.59618206 -0.17622851 0.10376854
v 0.59711283 -0.18484009 0.102754
v 0.59657067 -0.18501375 0.10578422
v 0.59711283 -0.18484009 0.102754
v 0.71243089 -0.16858405 0.03930145
v 0.71190562 -0.16340899 0.03887268
v 0.7129792 -0.16808003 0.04039501
v 0.7129792 -0.16808003 0.04039501
v 0.71279259 -0.16795821 0.04078493
v 0.71205302 -0.16861027 0.04015818
v 0.71279259 -0.16795821 0.04078493
v 0.71243089 -0.16858405 0.03930145
v 0.71205302 -0.16861027 0.04015818
v 0.7129792 -0.16808003 0.04039501
v 0.71512846 -0.17751084 0.03896278
v 0.71243089 -0.16858405 0.03930145
v 0.71350856 -0.17702602 0.03827287
v 0.71279259 -0.16795821 0.04078493
v 0.7149319 -0.17743704 0.03986804
v 0.7129792 -0.16808003 0.04039501
v 0.71512846 -0.17751084 0.03896278
v 0.71205302 -0.16861027 0.04015818
v 0.7149319 -0.17743704 0.03986804
v 0.71279259 -0.16795821 0.04078493
v 0.71313965 -0.17713263 0.0386669
v 0.71350856 -0.17702602 0.03827287
v 0.71205302 -0.16861027 0.04015818
v 0.71243089 -0.16858405 0.03930145
v 0.71313965 -0.17713263 0.0386669
v 0.71512846 -0.17751084 0.03896278
v 0.71287488 -0.18561189 0.03814338
v 0.71350856 -0.17702602 0.03827287
v 0.71478841 -0.18545364 0.03943878
v 0.7149319 -0.17743704 0.03986804
v 0.71478841 -0.18545364 0.03943878
v 0.71512846 -0.17751084 0.03896278
v 0.71375363 -0.18545034 0.04072699
v 0.71313965 -0.17713263 0.0386669
v 0.71375363 -0.18545034 0.04072699
v 0.7149319 -0.17743704 0.03986804
v 0.71142595 -0.18551227 0.03915252
v 0.71350856 -0.17702602 0.03827287
v 0.71287488 -0.18561189 0.03814338
v 0.71313965 -0.17713263 0.0386669
v 0.71142595 -0.18551227 0.03915252
v 0.71142595 -0.18551227 0.03915252
v 0.71287488 -0.18561189 0.03814338
v 0.71538911 -0.16225145 0.02464693
v 0.71444743 -0.15493532 0.02482618
v 0.71707167 -0.16153891 0.0250469
v 0.71707167 -0.16153891 0.0250469
v 0.71732439 -0.16136669 0.02560328
v 0.71597356 -0.16228851 0.02583471
v 0.71732439 -0.16136669 0.02560328
v 0.71538911 -0.16225145 0.02464693
v 0.71597356 -0.16228851 0.02583471
v 0.71707167 -0.16153891 0.0250469
v 0.71747368 -0.1748715 0.02141778
v 0.71538911 -0.16225145 0.02464693
v 0.7152545 -0.1741861 0.02254516
v 0.71732439 -0.16136669 0.02560328
v 0.71827545 -0.17476718 0.0224533
v 0.71707167 -0.16153891 0.0250469
v 0.71747368 -0.1748715 0.02141778
v 0.71597356 -0.16228851 0.02583471
v 0.71827545 -0.17476718 0.0224533
v 0.71732439 -0.16136669 0.02560328
v 0.71534599 -0.17433682 0.02330273
v 0.71538911 -0.16225145 0.02464693
v 0.71534599 -0.17433682 0.02330273
v 0.71597356 -0.16228851 0.02583471
v 0.7152545 -0.1741861 0.02254516
v 0.71747368 -0.1748715 0.02141778
v 0.71453841 -0.18632418 0.02311378
v 0.7152545 -0.1741861 0.02254516
v 0.71768016 -0.18610047 0.02221859
v 0.71827545 -0.17476718 0.0224533
v 0.71768016 -0.18610047 0.02221859
v 0.71747368 -0.1748715 0.02141778
v 0.71813495 -0.1860958 0.02450988
v 0.71534599 -0.17433682 0.02330273
v 0.7143146 -0.18618335 0.02559995
v 0.71827545 -0.17476718 0.0224533
v 0.71813495 -0.1860958 0.02450988
v 0.7152545 -0.1741861 0.02254516
v 0.71453841 -0.18632418 0.02311378
v 0.71534599 -0.17433682 0.02330273
v 0.7143146 -0.18618335 0.02559995
v 0.7143146 -0.18618335 0.02559995
v 0.71453841 -0.18632418 0.02311378
v 0.726511 -0.15934418 0.03645521
v 0.72468517 -0.16810873 0.03659612
v 0.72551793 -0.16811069 0.03576412
v 0.72442961 -0.16814549 0.03635507
v 0.72468517 -0.16810873 0.03659612
v 0.72526235 -0.16814745 0.03552308
v 0.72442961 -0.16814549 0.03635507
v 0.72551793 -0.16811069 0.03576412
v 0.72526235 -0.16814745 0.03552308
v 0.72468517 -0.16810873 0.03659612
v 0.72587059 -0.18031749 0.03812947
v 0.72551793 -0.16811069 0.03576412
v 0.72753609 -0.18032142 0.0364655
v 0.72442961 -0.16814549 0.03635507
v 0.72587059 -0.18031749 0.03812947
v 0.72468517 -0.16810873 0.03659612
v 0.72535942 -0.18039102 0.03764738
v 0.72526235 -0.16814745 0.03552308
v 0.72535942 -0.18039102 0.03764738
v 0.72442961 -0.16814549 0.03635507
v 0.72702492 -0.18039495 0.03598339
v 0.72551793 -0.16811069 0.03576412
v 0.72702492 -0.18039495 0.03598339
v 0.72526235 -0.16814745 0.03552308
v 0.72753609 -0.18032142 0.0364655
v 0.72587059 -0.18031749 0.03812947
v 0.72643169 -0.18562225 0.03497705
v 0.72753609 -0.18032142 0.0364655
v 0.7239334 -0.18561634 0.03747302
v 0.72535942 -0.18039102 0.03764738
v 0.7239334 -0.18561634 0.03747302
v 0.72587059 -0.18031749 0.03812947
v 0.72316664 -0.18572663 0.03674987
v 0.72702492 -0.18039495 0.03598339
v 0.7256649 -0.18573254 0.03425392
v 0.72535942 -0.18039102 0.03764738
v 0.72316664 -0.18572663 0.03674987
v 0.72753609 -0.18032142 0.0364655
v 0.72643169 -0.18562225 0.03497705
v 0.72702492 -0.18039495 0.03598339
v 0.7256649 -0.18573254 0.03425392
v 0.7239334 -0.18561634 0.03747302
v 0.7256154 -0.18564834 0.03542026
v 0.72643169 -0.18562225 0.03497705
v 0.72436629 -0.1856454 0.03666825
v 0.7239334 -0.18561634 0.03747302
v 0.7239829 -0.18570054 0.03630667
v 0.72436629 -0.1856454 0.03666825
v 0.72316664 -0.18572663 0.03674987
v 0.7256649 -0.18573254 0.03425392
v 0.7239829 -0.18570054 0.03630667
v 0.72316664 -0.18572663 0.03674987
v 0.72523204 -0.18570349 0.03505869
v 0.72643169 -0.18562225 0.03497705
v 0.7256154 -0.18564834 0.03542026
v 0.7256649 -0.18573254 0.03425392
v 0.72523204 -0.18570349 0.03505869
v 0.72479918 -0.18567444 0.03586345
v 0.7256154 -0.18564834 0.03542026
v 0.72436629 -0.1856454 0.03666825
v 0.7239829 -0.18570054 0.03630667
v 0.72479918 -0.18567444 0.03586345
v 0.7256154 -0.18564834 0.03542026
v 0.62515883 -0.14731656 0.25679766
v 0.62446252 -0.15971902 0.25929372
v 0.62375923 -0.1597218 0.25778371
v 0.62401829 -0.15977103 0.25951691
v 0.62446252 -0.15971902 0.25929372
v 0.623315 -0.15977382 0.25800691
v 0.62401829 -0.15977103 0.25951691
v 0.62375923 -0.1597218 0.25778371
v 0.623315 -0.15977382 0.25800691
v 0.62446252 -0.15971902 0.25929372
v 0.62707519 -0.17699529 0.25845955
v 0.62375923 -0.1597218 0.25778371
v 0.62566862 -0.17700085 0.25543955
v 0.62618674 -0.17709933 0.25890595
v 0.62446252 -0.15971902 0.25929372
v 0.62401829 -0.15977103 0.25951691
v 0.62707519 -0.17699529 0.25845955
v 0.623315 -0.15977382 0.25800691
v 0.62618674 -0.17709933 0.25890595
v 0.62401829 -0.15977103 0.25951691
v 0.62478017 -0.17710489 0.25588593
v 0.62375923 -0.1597218 0.25778371
v 0.62566862 -0.17700085 0.25543955
v 0.623315 -0.15977382 0.25800691
v 0.62478017 -0.17710489 0.25588593
v 0.62707519 -0.17699529 0.25845955
v 0.62315486 -0.18450189 0.25618776
v 0.62566862 -0.17700085 0.25543955
v 0.62526471 -0.18449354 0.26071778
v 0.62618674 -0.17709933 0.25890595
v 0.62526471 -0.18449354 0.26071778
v 0.62707519 -0.17699529 0.25845955
v 0.62393202 -0.18464961 0.26138736
v 0.62478017 -0.17710489 0.25588593
v 0.62182219 -0.18465796 0.25685735
v 0.62618674 -0.17709933 0.25890595
v 0.62393202 -0.18464961 0.26138736
v 0.62566862 -0.17700085 0.25543955
v 0.62315486 -0.18450189 0.25618776
v 0.62478017 -0.17710489 0.25588593
v 0.62182219 -0.18465796 0.25685735
v 0.62526471 -0.18449354 0.26071778
v 0.62334917 -0.18453882 0.25748766
v 0.62315486 -0.18450189 0.25618776
v 0.62440407 -0.18453465 0.25975266
v 0.62440407 -0.18453465 0.25975266
v 0.62526471 -0.18449354 0.26071778
v 0.62373773 -0.18461268 0.26008746
v 0.62393202 -0.18464961 0.26138736
v 0.62182219 -0.18465796 0.25685735
v 0.62373773 -0.18461268 0.26008746
v 0.62393202 -0.18464961 0.26138736
v 0.62268283 -0.18461685 0.25782246
v 0.62334917 -0.18453882 0.25748766
v 0.62182219 -0.18465796 0.25685735
v 0.62315486 -0.18450189 0.25618776
v 0.62268283 -0.18461685 0.25782246
v 0.62354346 -0.18457575 0.25878755
v 0.62334917 -0.18453882 0.25748766
v 0.62440407 -0.18453465 0.25975266
v 0.62373773 -0.18461268 0.26008746
v 0.62354346 -0.18457575 0.25878755
v 0.62334917 -0.18453882 0.25748766
v 0.62165469 -0.15576695 0.2642749
v 0.62256589 -0.16816941 0.26184902
v 0.6231349 -0.16817219 0.26341458
v 0.62302789 -0.16822143 0.2616654
v 0.62256589 -0.16816941 0.26184902
v 0.62359688 -0.16822421 0.26323094
v 0.62302789 -0.16822143 0.2616654
v 0.6231349 -0.16817219 0.26341458
v 0.62359688 -0.16822421 0.26323094
v 0.62256589 -0.16816941 0.26184902
v 0.61984808 -0.17700085 0.26307608
v 0.6231349 -0.16817219 0.26341458
v 0.61871008 -0.17699529 0.25994498
v 0.61963406 -0.17709933 0.25957771
v 0.62256589 -0.16816941 0.26184902
v 0.62302789 -0.16822143 0.2616654
v 0.61871008 -0.17699529 0.25994498
v 0.62359688 -0.16822421 0.26323094
v 0.62077206 -0.17710489 0.26270882
v 0.62302789 -0.16822143 0.2616654
v 0.61963406 -0.17709933 0.25957771
v 0.6231349 -0.16817219 0.26341458
v 0.62077206 -0.17710489 0.26270882
v 0.62359688 -0.16822421 0.26323094
v 0.61984808 -0.17700085 0.26307608
v 0.61871008 -0.17699529 0.25994498
v 0.62241746 -0.18450189 0.2625498
v 0.61984808 -0.17700085 0.26307608
v 0.62071048 -0.18449354 0.25785314
v 0.61963406 -0.17709933 0.25957771
v 0.62071048 -0.18449354 0.25785314
v 0.61871008 -0.17699529 0.25994498
v 0.62209645 -0.18464961 0.25730225
v 0.62077206 -0.17710489 0.26270882
v 0.62380345 -0.18465796 0.26199891
v 0.61963406 -0.17709933 0.25957771
v 0.62209645 -0.18464961 0.25730225
v 0.61984808 -0.17700085 0.26307608
v 0.62241746 -0.18450189 0.2625498
v 0.62077206 -0.17710489 0.26270882
v 0.62380345 -0.18465796 0.26199891
v 0.62071048 -0.18449354 0.25785314
v 0.62233723 -0.18453882 0.26123792
v 0.62241746 -0.18450189 0.2625498
v 0.62148372 -0.18453465 0.25888958
v 0.62071048 -0.18449354 0.25785314
v 0.62217671 -0.18461268 0.25861414
v 0.62148372 -0.18453465 0.25888958
v 0.62209645 -0.18464961 0.25730225
v 0.62380345 -0.18465796 0.26199891
v 0.62217671 -0.18461268 0.25861414
v 0.62209645 -0.18464961 0.25730225
v 0.6230302 -0.18461685 0.26096247
v 0.6230302 -0.18461685 0.26096247
v 0.62380345 -0.18465796 0.26199891
v 0.62233723 -0.18453882 0.26123792
v 0.62241746 -0.18450189 0.2625498
v 0.62225697 -0.18457575 0.25992603
v 0.62233723 -0.18453882 0.26123792
v 0.62148372 -0.18453465 0.25888958
v 0.62217671 -0.18461268 0.25861414
v 0.62225697 -0.18457575 0.25992603
v 0.62233723 -0.18453882 0.26123792
v 0.61809427 -0.16748244 0.25164046
v 0.62065101 -0.16941098 0.25422211
v 0.61886487 -0.1701623 0.25458968
v 0.62065101 -0.16941098 0.25422211
v 0.61809427 -0.16748244 0.25164046
v 0.62114046 -0.16922938 0.25464121
v 0.6199527 -0.17020138 0.25546433
v 0.62114046 -0.16922938 0.25464121
v 0.61886487 -0.1701623 0.25458968
v 0.6199527 -0.17020138 0.25546433
v 0.62042093 -0.17180939 0.25679067
v 0.62065101 -0.16941098 0.25422211
v 0.62203931 -0.17253211 0.25472438
v 0.61886487 -0.1701623 0.25458968
v 0.62114046 -0.16922938 0.25464121
v 0.62203931 -0.17253211 0.25472438
v 0.62065101 -0.16941098 0.25422211
v 0.62326694 -0.1724221 0.25535667
v 0.62084596 -0.17196832 0.25747388
v 0.62114046 -0.16922938 0.25464121
v 0.6199527 -0.17020138 0.25546433
v 0.62326694 -0.1724221 0.25535667
v 0.61886487 -0.1701623 0.25458968
v 0.62042093 -0.17180939 0.25679067
v 0.6199527 -0.17020138 0.25546433
v 0.62084596 -0.17196832 0.25747388
v 0.62321242 -0.18462292 0.25642034
v 0.62042093 -0.17180939 0.25679067
v 0.62203931 -0.17253211 0.25472438
v 0.62060895 -0.18485882 0.25867582
v 0.62326694 -0.1724221 0.25535667
v 0.62321242 -0.18462292 0.25642034
v 0.62203931 -0.17253211 0.25472438
v 0.62466809 -0.18461799 0.2584073
v 0.62084596 -0.17196832 0.25747388
v 0.62150296 -0.18471031 0.26115145
v 0.62326694 -0.1724221 0.25535667
v 0.62466809 -0.18461799 0.2584073
v 0.62042093 -0.17180939 0.25679067
v 0.62060895 -0.18485882 0.25867582
v 0.62084596 -0.17196832 0.25747388
v 0.62150296 -0.18471031 0.26115145
v 0.62060895 -0.18485882 0.25867582
v 0.62150296 -0.18471031 0.26115145
v -0.35536385 -0.15448105 0.34414067
v -0.3550602 -0.14504708 0.34294243
v -0.35674818 -0.15356224 0.34588899
v -0.35753615 -0.15334017 0.34588112
v -0.35674818 -0.15356224 0.34588899
v -0.35707051 -0.15452884 0.34417635
v -0.35753615 -0.15334017 0.34588112
v -0.35536385 -0.15448105 0.34414067
v -0.35707051 -0.15452884 0.34417635
v -0.35674818 -0.15356224 0.34588899
v -0.35272615 -0.17075428 0.3483365
v -0.35536385 -0.15448105 0.34414067
v -0.3528343 -0.16987047 0.34512865
v -0.35753615 -0.15334017 0.34588112
v -0.35437318 -0.17061976 0.34870925
v -0.35674818 -0.15356224 0.34588899
v -0.35272615 -0.17075428 0.3483365
v -0.35707051 -0.15452884 0.34417635
v -0.35437318 -0.17061976 0.34870925
v -0.35753615 -0.15334017 0.34588112
v -0.35376948 -0.17006482 0.34482271
v -0.35536385 -0.15448105 0.34414067
v -0.35376948 -0.17006482 0.34482271
v -0.35707051 -0.15452884 0.34417635
v -0.3528343 -0.16987047 0.34512865
v -0.35272615 -0.17075428 0.3483365
v -0.35310847 -0.18552223 0.34398195
v -0.3528343 -0.16987047 0.34512865
v -0.35377449 -0.18523376 0.3481414
v -0.35437318 -0.17061976 0.34870925
v -0.35377449 -0.18523376 0.3481414
v -0.35272615 -0.17075428 0.3483365
v -0.35670009 -0.18522773 0.34742427
v -0.35376948 -0.17006482 0.34482271
v -0.35670009 -0.18522773 0.34742427
v -0.35437318 -0.17061976 0.34870925
v -0.35589204 -0.18534063 0.34236549
v -0.3528343 -0.16987047 0.34512865
v -0.35310847 -0.18552223 0.34398195
v -0.35376948 -0.17006482 0.34482271
v -0.35589204 -0.18534063 0.34236549
v -0.35589204 -0.18534063 0.34236549
v -0.35310847 -0.18552223 0.34398195
v -0.33833442 -0.15954591 0.33899651
v -0.34280195 -0.16809061 0.34007729
v -0.33968452 -0.16645441 0.34056606
v -0.34296956 -0.16867281 0.33855861
v -0.34280195 -0.16809061 0.34007729
v -0.34296956 -0.16867281 0.33855861
v -0.33985212 -0.16703661 0.33904741
v -0.33985212 -0.16703661 0.33904741
v -0.33968452 -0.16645441 0.34056606
v -0.34205226 -0.17642352 0.33817119
v -0.33968452 -0.16645441 0.34056606
v -0.34280195 -0.16809061 0.34007729
v -0.33942408 -0.17803215 0.33777214
v -0.34296956 -0.16867281 0.33855861
v -0.34205226 -0.17642352 0.33817119
v -0.34280195 -0.16809061 0.34007729
v -0.34235969 -0.17558239 0.33681871
v -0.33985212 -0.16703661 0.33904741
v -0.33973738 -0.17656636 0.3368409
v -0.34296956 -0.16867281 0.33855861
v -0.34235969 -0.17558239 0.33681871
v -0.33968452 -0.16645441 0.34056606
v -0.33973738 -0.17656636 0.3368409
v -0.33985212 -0.16703661 0.33904741
v -0.33942408 -0.17803215 0.33777214
v -0.34205226 -0.17642352 0.33817119
v -0.3443528 -0.18464372 0.34099693
v -0.33942408 -0.17803215 0.33777214
v -0.34034077 -0.18491994 0.34058211
v -0.34235969 -0.17558239 0.33681871
v -0.34441462 -0.18463795 0.33811345
v -0.34205226 -0.17642352 0.33817119
v -0.3443528 -0.18464372 0.34099693
v -0.33973738 -0.17656636 0.3368409
v -0.34441462 -0.18463795 0.33811345
v -0.34235969 -0.17558239 0.33681871
v -0.3395356 -0.18474605 0.33760707
v -0.3395356 -0.18474605 0.33760707
v -0.33973738 -0.17656636 0.3368409
v -0.33942408 -0.17803215 0.33777214
v -0.34034077 -0.18491994 0.34058211
v -0.34034077 -0.18491994 0.34058211
v -0.3395356 -0.18474605 0.33760707
v -0.34525496 -0.15316739 0.37547881
v -0.34641243 -0.14348078 0.37495812
v -0.34373384 -0.15222398 0.37719039
v -0.3438824 -0.15199596 0.37798574
v -0.34373384 -0.15222398 0.37719039
v -0.34552315 -0.15321647 0.3772109
v -0.3438824 -0.15199596 0.37798574
v -0.34525496 -0.15316739 0.37547881
v -0.34552315 -0.15321647 0.3772109
v -0.34373384 -0.15222398 0.37719039
v -0.34054182 -0.16987645 0.37355965
v -0.34525496 -0.15316739 0.37547881
v -0.34380488 -0.16896897 0.37309707
v -0.3438824 -0.15199596 0.37798574
v -0.34045869 -0.16973832 0.37529162
v -0.34373384 -0.15222398 0.37719039
v -0.34054182 -0.16987645 0.37355965
v -0.34552315 -0.15321647 0.3772109
v -0.34045869 -0.16973832 0.37529162
v -0.3438824 -0.15199596 0.37798574
v -0.34428096 -0.16916852 0.37398821
v -0.34525496 -0.15316739 0.37547881
v -0.34428096 -0.16916852 0.37398821
v -0.34552315 -0.15321647 0.3772109
v -0.34380488 -0.16896897 0.37309707
v -0.34054182 -0.16987645 0.37355965
v -0.34501332 -0.1850399 0.37316994
v -0.34380488 -0.16896897 0.37309707
v -0.3409261 -0.1847437 0.37458504
v -0.34045869 -0.16973832 0.37529162
v -0.3409261 -0.1847437 0.37458504
v -0.34054182 -0.16987645 0.37355965
v -0.34217286 -0.18473751 0.37741543
v -0.34428096 -0.16916852 0.37398821
v -0.34217286 -0.18473751 0.37741543
v -0.34045869 -0.16973832 0.37529162
v -0.34714412 -0.18485343 0.37569643
v -0.34380488 -0.16896897 0.37309707
v -0.34501332 -0.1850399 0.37316994
v -0.34428096 -0.16916852 0.37398821
v -0.34714412 -0.18485343 0.37569643
v -0.34714412 -0.18485343 0.37569643
v -0.34501332 -0.1850399 0.37316994
v -0.31564252 -0.15508323 0.35644664
v -0.31533997 -0.16386238 0.3517163
v -0.3166656 -0.16216649 0.35470626
v -0.31453535 -0.16396844 0.3516758
v -0.31533997 -0.16386238 0.3517163
v -0.31510017 -0.16276992 0.35494582
v -0.31453535 -0.16396844 0.3516758
v -0.31510017 -0.16276992 0.35494582
v -0.3166656 -0.16216649 0.35470626
v -0.31533997 -0.16386238 0.3517163
v -0.31775703 -0.17123192 0.35283855
v -0.3166656 -0.16216649 0.35470626
v -0.31749494 -0.17111817 0.35037178
v -0.31605842 -0.17024636 0.35042677
v -0.31533997 -0.16386238 0.3517163
v -0.31453535 -0.16396844 0.3516758
v -0.31749494 -0.17111817 0.35037178
v -0.31510017 -0.16276992 0.35494582
v -0.31678419 -0.17126622 0.35304613
v -0.31453535 -0.16396844 0.3516758
v -0.31605842 -0.17024636 0.35042677
v -0.3166656 -0.16216649 0.35470626
v -0.31775703 -0.17123192 0.35283855
v -0.31510017 -0.16276992 0.35494582
v -0.31678419 -0.17126622 0.35304613
v -0.31749494 -0.17111817 0.35037178
v -0.31663239 -0.18453824 0.34946327
v -0.31775703 -0.17123192 0.35283855
v -0.31729334 -0.18482453 0.35359127
v -0.31605842 -0.17024636 0.35042677
v -0.31372895 -0.18453225 0.35017497
v -0.31749494 -0.17111817 0.35037178
v -0.31663239 -0.18453824 0.34946327
v -0.31678419 -0.17126622 0.35304613
v -0.31372895 -0.18453225 0.35017497
v -0.31605842 -0.17024636 0.35042677
v -0.31453083 -0.1846443 0.35519554
v -0.31775703 -0.17123192 0.35283855
v -0.31729334 -0.18482453 0.35359127
v -0.31678419 -0.17126622 0.35304613
v -0.31453083 -0.1846443 0.35519554
v -0.31729334 -0.18482453 0.35359127
v -0.31453083 -0.1846443 0.35519554
v -0.32236945 -0.15249272 0.37822784
v -0.32426618 -0.16303801 0.37710665
v -0.32287129 -0.16304037 0.37686135
v -0.32435175 -0.16308224 0.37669271
v -0.32426618 -0.16303801 0.37710665
v -0.3229568 -0.1630846 0.37644741
v -0.32435175 -0.16308224 0.37669271
v -0.32287129 -0.16304037 0.37686135
v -0.3229568 -0.1630846 0.37644741
v -0.32426618 -0.16303801 0.37710665
v -0.32415608 -0.17772729 0.37943593
v -0.32287129 -0.16304037 0.37686135
v -0.32136622 -0.17773202 0.37894536
v -0.3243271 -0.17781575 0.37860808
v -0.32426618 -0.16303801 0.37710665
v -0.32435175 -0.16308224 0.37669271
v -0.32415608 -0.17772729 0.37943593
v -0.3229568 -0.1630846 0.37644741
v -0.3243271 -0.17781575 0.37860808
v -0.32435175 -0.16308224 0.37669271
v -0.3215373 -0.17782048 0.37811745
v -0.32287129 -0.16304037 0.37686135
v -0.3215373 -0.17782048 0.37811745
v -0.3229568 -0.1630846 0.37644741
v -0.32136622 -0.17773202 0.37894536
v -0.32415608 -0.17772729 0.37943593
v -0.32142756 -0.18410984 0.37671621
v -0.32136622 -0.17773202 0.37894536
v -0.32561225 -0.18410274 0.37745208
v -0.3243271 -0.17781575 0.37860808
v -0.32561225 -0.18410274 0.37745208
v -0.32415608 -0.17772729 0.37943593
v -0.32586891 -0.18423544 0.3762102
v -0.3215373 -0.17782048 0.37811745
v -0.32168415 -0.18424254 0.37547433
v -0.3243271 -0.17781575 0.37860808
v -0.32586891 -0.18423544 0.3762102
v -0.32136622 -0.17773202 0.37894536
v -0.32142756 -0.18410984 0.37671621
v -0.3215373 -0.17782048 0.37811745
v -0.32168415 -0.18424254 0.37547433
v -0.32561225 -0.18410274 0.37745208
v -0.32253791 -0.18414124 0.37658971
v -0.32142756 -0.18410984 0.37671621
v -0.32463026 -0.18413769 0.37695763
v -0.32463026 -0.18413769 0.37695763
v -0.32561225 -0.18410274 0.37745208
v -0.32475862 -0.18420404 0.37633669
v -0.32586891 -0.18423544 0.3762102
v -0.32168415 -0.18424254 0.37547433
v -0.32475862 -0.18420404 0.37633669
v -0.32586891 -0.18423544 0.3762102
v -0.32266621 -0.18420759 0.37596877
v -0.32253791 -0.18414124 0.37658971
v -0.32168415 -0.18424254 0.37547433
v -0.32142756 -0.18410984 0.37671621
v -0.32266621 -0.18420759 0.37596877
v -0.32364826 -0.18417264 0.37646325
v -0.32253791 -0.18414124 0.37658971
v -0.32463026 -0.18413769 0.37695763
v -0.32475862 -0.18420404 0.37633669
v -0.32364826 -0.18417264 0.37646325
v -0.32253791 -0.18414124 0.37658971
v -0.18435198 -0.15366035 0.22326416
v -0.18628197 -0.16345454 0.2239443
v -0.18562377 -0.16345674 0.22280545
v -0.18662761 -0.16349562 0.22375805
v -0.18628197 -0.16345454 0.2239443
v -0.18596929 -0.16349782 0.22261917
v -0.18662761 -0.16349562 0.22375805
v -0.18562377 -0.16345674 0.22280545
v -0.18596929 -0.16349782 0.22261917
v -0.18628197 -0.16345454 0.2239443
v -0.18324248 -0.17710197 0.22297879
v -0.18562377 -0.16345674 0.22280545
v -0.18455901 -0.17709757 0.22525659
v -0.18662761 -0.16349562 0.22375805
v -0.18455901 -0.17709757 0.22525659
v -0.18628197 -0.16345454 0.2239443
v -0.18525017 -0.17717973 0.22488406
v -0.18596929 -0.16349782 0.22261917
v -0.1839337 -0.17718413 0.22260626
v -0.18662761 -0.16349562 0.22375805
v -0.18525017 -0.17717973 0.22488406
v -0.18562377 -0.16345674 0.22280545
v -0.1839337 -0.17718413 0.22260626
v -0.18596929 -0.16349782 0.22261917
v -0.18324248 -0.17710197 0.22297879
v -0.18455901 -0.17709757 0.22525659
v -0.18683989 -0.18301893 0.22510827
v -0.18324248 -0.17710197 0.22297879
v -0.1848651 -0.18302552 0.22169158
v -0.18525017 -0.17717973 0.22488406
v -0.18683989 -0.18301893 0.22510827
v -0.18455901 -0.17709757 0.22525659
v -0.18787663 -0.18314217 0.2245495
v -0.1839337 -0.17718413 0.22260626
v -0.18787663 -0.18314217 0.2245495
v -0.18525017 -0.17717973 0.22488406
v -0.1859019 -0.18314877 0.22113278
v -0.18324248 -0.17710197 0.22297879
v -0.1848651 -0.18302552 0.22169158
v -0.1839337 -0.17718413 0.22260626
v -0.1859019 -0.18314877 0.22113278
v -0.18683989 -0.18301893 0.22510827
v -0.18561797 -0.18305469 0.22240606
v -0.1848651 -0.18302552 0.22169158
v -0.18660539 -0.18305139 0.22411444
v -0.18712377 -0.18311301 0.22383499
v -0.18683989 -0.18301893 0.22510827
v -0.18787663 -0.18314217 0.2245495
v -0.18660539 -0.18305139 0.22411444
v -0.1859019 -0.18314877 0.22113278
v -0.18712377 -0.18311301 0.22383499
v -0.18787663 -0.18314217 0.2245495
v -0.1861364 -0.18311631 0.22212664
v -0.1861364 -0.18311631 0.22212664
v -0.1859019 -0.18314877 0.22113278
v -0.18561797 -0.18305469 0.22240606
v -0.1848651 -0.18302552 0.22169158
v -0.1863709 -0.18308385 0.22312054
v -0.18561797 -0.18305469 0.22240606
v -0.18660539 -0.18305139 0.22411444
v -0.18712377 -0.18311301 0.22383499
v -0.1863709 -0.18308385 0.22312054
v -0.18561797 -0.18305469 0.22240606
v -0.16632829 -0.15552622 0.21018523
v -0.16489616 -0.16532041 0.21164697
v -0.16620653 -0.16532261 0.21153176
v -0.16491893 -0.16536149 0.21203893
v -0.16489616 -0.16532041 0.21164697
v -0.16622929 -0.16536369 0.2119237
v -0.16491893 -0.16536149 0.21203893
v -0.16620653 -0.16532261 0.21153176
v -0.16622929 -0.16536369 0.2119237
v -0.16489616 -0.16532041 0.21164697
v -0.16443498 -0.17896344 0.20953082
v -0.16620653 -0.16532261 0.21153176
v -0.16705577 -0.17896784 0.20930035
v -0.16448051 -0.17904561 0.21031472
v -0.16489616 -0.16532041 0.21164697
v -0.16491893 -0.16536149 0.21203893
v -0.16443498 -0.17896344 0.20953082
v -0.16622929 -0.16536369 0.2119237
v -0.16448051 -0.17904561 0.21031472
v -0.16491893 -0.16536149 0.21203893
v -0.16710124 -0.17905 0.21008422
v -0.16620653 -0.16532261 0.21153176
v -0.16710124 -0.17905 0.21008422
v -0.16622929 -0.16536369 0.2119237
v -0.16705577 -0.17896784 0.20930035
v -0.16443498 -0.17896344 0.20953082
v -0.1675366 -0.18489139 0.2113149
v -0.16705577 -0.17896784 0.20930035
v -0.16360551 -0.1848848 0.21166067
v -0.16448051 -0.17904561 0.21031472
v -0.16360551 -0.1848848 0.21166067
v -0.16443498 -0.17896344 0.20953082
v -0.16367375 -0.18500804 0.21283648
v -0.16710124 -0.17905 0.21008422
v -0.1676049 -0.18501464 0.21249072
v -0.16448051 -0.17904561 0.21031472
v -0.16367375 -0.18500804 0.21283648
v -0.16705577 -0.17896784 0.20930035
v -0.1675366 -0.18489139 0.2113149
v -0.16710124 -0.17905 0.21008422
v -0.1676049 -0.18501464 0.21249072
v -0.16360551 -0.1848848 0.21166067
v -0.16657084 -0.18492056 0.21169534
v -0.1675366 -0.18489139 0.2113149
v -0.16460539 -0.18491726 0.21186819
v -0.16463951 -0.18497888 0.21245608
v -0.16360551 -0.1848848 0.21166067
v -0.16367375 -0.18500804 0.21283648
v -0.16460539 -0.18491726 0.21186819
v -0.1676049 -0.18501464 0.21249072
v -0.16463951 -0.18497888 0.21245608
v -0.16367375 -0.18500804 0.21283648
v -0.16660502 -0.18498218 0.2122832
v -0.16660502 -0.18498218 0.2122832
v -0.1676049 -0.18501464 0.21249072
v -0.16657084 -0.18492056 0.21169534
v -0.1675366 -0.18489139 0.2113149
v -0.16560521 -0.18494972 0.21207571
v -0.16657084 -0.18492056 0.21169534
v -0.16460539 -0.18491726 0.21186819
v -0.16463951 -0.18497888 0.21245608
v -0.16560521 -0.18494972 0.21207571
v -0.16657084 -0.18492056 0.21169534
v -0.16068669 -0.15975371 0.25798177
v -0.16938511 -0.15911506 0.25428937
v -0.16252433 -0.1588103 0.25934789
v -0.16252433 -0.1588103 0.25934789
v -0.16296745 -0.15969583 0.25941748
v -0.1618239 -0.16016275 0.25744766
v -0.16296745 -0.15969583 0.25941748
v -0.16938511 -0.15911506 0.25428937
v -0.16068669 -0.15975371 0.25798177
v -0.1618239 -0.16016275 0.25744766
v -0.16252433 -0.1588103 0.25934789
v -0.15382261 -0.17570706 0.26052437
v -0.16068669 -0.15975371 0.25798177
v -0.15456785 -0.17661455 0.26373462
v -0.15456785 -0.17661455 0.26373462
v -0.16296745 -0.15969583 0.25941748
v -0.15630046 -0.17647642 0.26366654
v -0.16252433 -0.1588103 0.25934789
v -0.15466886 -0.17590662 0.2599724
v -0.16296745 -0.15969583 0.25941748
v -0.1618239 -0.16016275 0.25744766
v -0.15630046 -0.17647642 0.26366654
v -0.16068669 -0.15975371 0.25798177
v -0.15466886 -0.17590662 0.2599724
v -0.1618239 -0.16016275 0.25744766
v -0.15382261 -0.17570706 0.26052437
v -0.15456785 -0.17661455 0.26373462
v -0.15197758 -0.18465715 0.26006627
v -0.15382261 -0.17570706 0.26052437
v -0.15374351 -0.18436095 0.26401459
v -0.15630046 -0.17647642 0.26366654
v -0.15645451 -0.18435476 0.26252591
v -0.15456785 -0.17661455 0.26373462
v -0.15374351 -0.18436095 0.26401459
v -0.15466886 -0.17590662 0.2599724
v -0.15645451 -0.18435476 0.26252591
v -0.15630046 -0.17647642 0.26366654
v -0.15430876 -0.18447068 0.25772339
v -0.15382261 -0.17570706 0.26052437
v -0.15430876 -0.18447068 0.25772339
v -0.15466886 -0.17590662 0.2599724
v -0.15197758 -0.18465715 0.26006627
v -0.15430876 -0.18447068 0.25772339
v -0.15197758 -0.18465715 0.26006627
v -0.15039146 -0.15448105 0.25388274
v -0.14916172 -0.14504708 0.24664789
v -0.14922196 -0.15356224 0.2557816
v -0.14949888 -0.15334017 0.2565193
v -0.14922196 -0.15356224 0.2557816
v -0.14949888 -0.15334017 0.2565193
v -0.15094157 -0.15452884 0.25549866
v -0.15094157 -0.15452884 0.25549866
v -0.15039146 -0.15448105 0.25388274
v -0.14922196 -0.15356224 0.2557816
v -0.14860447 -0.17075428 0.26172038
v -0.15039146 -0.15448105 0.25388274
v -0.15165586 -0.16987047 0.26072486
v -0.14949888 -0.15334017 0.2565193
v -0.14860447 -0.17075428 0.26172038
v -0.14922196 -0.15356224 0.2557816
v -0.14881755 -0.17061976 0.2633956
v -0.15094157 -0.15452884 0.25549866
v -0.14881755 -0.17061976 0.2633956
v -0.14949888 -0.15334017 0.2565193
v -0.15226322 -0.17006482 0.26149904
v -0.15039146 -0.15448105 0.25388274
v -0.15165586 -0.16987047 0.26072486
v -0.15094157 -0.15452884 0.25549866
v -0.15226322 -0.17006482 0.26149904
v -0.14860447 -0.17075428 0.26172038
v -0.15177201 -0.18552223 0.2575257
v -0.15165586 -0.16987047 0.26072486
v -0.14809117 -0.18523376 0.25957416
v -0.14881755 -0.17061976 0.2633956
v -0.1497656 -0.18522773 0.262078
v -0.14860447 -0.17075428 0.26172038
v -0.14809117 -0.18523376 0.25957416
v -0.15226322 -0.17006482 0.26149904
v -0.1497656 -0.18522773 0.262078
v -0.14881755 -0.17061976 0.2633956
v -0.15424296 -0.18534063 0.25958855
v -0.15165586 -0.16987047 0.26072486
v -0.15177201 -0.18552223 0.2575257
v -0.15226322 -0.17006482 0.26149904
v -0.15424296 -0.18534063 0.25958855
v -0.15424296 -0.18534063 0.25958855
v -0.15177201 -0.18552223 0.2575257
v -0.14746842 -0.16922967 0.26725922
v -0.14419871 -0.16620592 0.2691248
v -0.14971806 -0.16846148 0.2663037
v -0.14961936 -0.16904368 0.26477896
v -0.14971806 -0.16846148 0.2663037
v -0.14961936 -0.16904368 0.26477896
v -0.14419871 -0.16620592 0.2691248
v -0.14736973 -0.16981186 0.26573447
v -0.14736973 -0.16981186 0.26573447
v -0.14746842 -0.16922967 0.26725922
v -0.14971806 -0.16846148 0.2663037
v -0.15153007 -0.17608466 0.26426927
v -0.14746842 -0.16922967 0.26725922
v -0.1488726 -0.17769329 0.26433272
v -0.14961936 -0.16904368 0.26477896
v -0.15153007 -0.17608466 0.26426927
v -0.14971806 -0.16846148 0.2663037
v -0.15159806 -0.17524353 0.26288397
v -0.14736973 -0.16981186 0.26573447
v -0.15159806 -0.17524353 0.26288397
v -0.14961936 -0.16904368 0.26477896
v -0.14901939 -0.17622751 0.26336119
v -0.14746842 -0.16922967 0.26725922
v -0.1488726 -0.17769329 0.26433272
v -0.14736973 -0.16981186 0.26573447
v -0.14901939 -0.17622751 0.26336119
v -0.15153007 -0.17608466 0.26426927
v -0.15434806 -0.18426095 0.26450453
v -0.1488726 -0.17769329 0.26433272
v -0.15032493 -0.18453717 0.26479267
v -0.15159806 -0.17524353 0.26288397
v -0.15390824 -0.18425518 0.26165409
v -0.15153007 -0.17608466 0.26426927
v -0.15434806 -0.18426095 0.26450453
v -0.14901939 -0.17622751 0.26336119
v -0.15390824 -0.18425518 0.26165409
v -0.15159806 -0.17524353 0.26288397
v -0.14901536 -0.18436329 0.26200263
v -0.14901536 -0.18436329 0.26200263
v -0.1488726 -0.17769329 0.26433272
v -0.15032493 -0.18453717 0.26479267
v -0.14901939 -0.17622751 0.26336119
v -0.15032493 -0.18453717 0.26479267
v -0.14901536 -0.18436329 0.26200263
v -0.20041539 -0.15249272 0.28072703
v -0.20208861 -0.16303801 0.27929352
v -0.20067229 -0.16304037 0.27929419
v -0.202101 -0.16308224 0.27887098
v -0.20208861 -0.16303801 0.27929352
v -0.20068474 -0.1630846 0.27887162
v -0.202101 -0.16308224 0.27887098
v -0.20067229 -0.16304037 0.27929419
v -0.20068474 -0.1630846 0.27887162
v -0.20208861 -0.16303801 0.27929352
v -0.20238463 -0.17772729 0.28160657
v -0.20067229 -0.16304037 0.27929419
v -0.19955205 -0.17773202 0.28160785
v -0.20240935 -0.17781575 0.28076154
v -0.20208861 -0.16303801 0.27929352
v -0.202101 -0.16308224 0.27887098
v -0.20238463 -0.17772729 0.28160657
v -0.20068474 -0.1630846 0.27887162
v -0.20240935 -0.17781575 0.28076154
v -0.202101 -0.16308224 0.27887098
v -0.19957677 -0.17782048 0.28076279
v -0.20067229 -0.16304037 0.27929419
v -0.19957677 -0.17782048 0.28076279
v -0.20068474 -0.1630846 0.27887162
v -0.19955205 -0.17773202 0.28160785
v -0.20238463 -0.17772729 0.28160657
v -0.19922533 -0.18410984 0.27940189
v -0.19955205 -0.17773202 0.28160785
v -0.20347423 -0.18410274 0.2794
v -0.20240935 -0.17781575 0.28076154
v -0.20347423 -0.18410274 0.2794
v -0.20238463 -0.17772729 0.28160657
v -0.20351134 -0.18423544 0.27813242
v -0.19957677 -0.17782048 0.28076279
v -0.19926238 -0.18424254 0.27813434
v -0.20240935 -0.17781575 0.28076154
v -0.20351134 -0.18423544 0.27813242
v -0.19955205 -0.17773202 0.28160785
v -0.19922533 -0.18410984 0.27940189
v -0.19957677 -0.17782048 0.28076279
v -0.19926238 -0.18424254 0.27813434
v -0.20347423 -0.18410274 0.2794
v -0.2002968 -0.18414124 0.27908454
v -0.19922533 -0.18410984 0.27940189
v -0.20242131 -0.18413769 0.27908356
v -0.20242131 -0.18413769 0.27908356
v -0.20347423 -0.18410274 0.2794
v -0.20243987 -0.18420404 0.2784498
v -0.20351134 -0.18423544 0.27813242
v -0.19926238 -0.18424254 0.27813434
v -0.20243987 -0.18420404 0.2784498
v -0.20351134 -0.18423544 0.27813242
v -0.20031536 -0.18420759 0.27845075
v -0.2002968 -0.18414124 0.27908454
v -0.19926238 -0.18424254 0.27813434
v -0.19922533 -0.18410984 0.27940189
v -0.20031536 -0.18420759 0.27845075
v -0.20136834 -0.18417264 0.27876716
v -0.2002968 -0.18414124 0.27908454
v -0.20242131 -0.18413769 0.27908356
v -0.20243987 -0.18420404 0.2784498
v -0.20136834 -0.18417264 0.27876716
v -0.2002968 -0.18414124 0.27908454
v -0.21456243 -0.15249272 0.29288862
v -0.21675921 -0.16303801 0.29305817
v -0.21575725 -0.16304037 0.29205714
v -0.2170667 -0.16308224 0.29276813
v -0.21675921 -0.16303801 0.29305817
v -0.21606475 -0.1630846 0.29176713
v -0.2170667 -0.16308224 0.29276813
v -0.21575725 -0.16304037 0.29205714
v -0.21606475 -0.1630846 0.29176713
v -0.21675921 -0.16303801 0.29305817
v -0.21533294 -0.17772729 0.29490308
v -0.21575725 -0.16304037 0.29205714
v -0.21332903 -0.17773202 0.29290101
v -0.2170667 -0.16308224 0.29276813
v -0.21533294 -0.17772729 0.29490308
v -0.21675921 -0.16303801 0.29305817
v -0.21594793 -0.17781575 0.29432301
v -0.21606475 -0.1630846 0.29176713
v -0.21594793 -0.17781575 0.29432301
v -0.2170667 -0.16308224 0.29276813
v -0.21394408 -0.17782048 0.29232096
v -0.21575725 -0.16304037 0.29205714
v -0.21394408 -0.17782048 0.29232096
v -0.21606475 -0.1630846 0.29176713
v -0.21332903 -0.17773202 0.29290101
v -0.21533294 -0.17772729 0.29490308
v -0.21465789 -0.18410984 0.29111011
v -0.21332903 -0.17773202 0.29290101
v -0.21766375 -0.18410274 0.29411323
v -0.21594793 -0.17781575 0.29432301
v -0.21766375 -0.18410274 0.29411323
v -0.21533294 -0.17772729 0.29490308
v -0.21858623 -0.18423544 0.29324314
v -0.21394408 -0.17782048 0.29232096
v -0.21558037 -0.18424254 0.29024009
v -0.21594793 -0.17781575 0.29432301
v -0.21858623 -0.18423544 0.29324314
v -0.21332903 -0.17773202 0.29290101
v -0.21465789 -0.18410984 0.29111011
v -0.21394408 -0.17782048 0.29232096
v -0.21558037 -0.18424254 0.29024009
v -0.21766375 -0.18410274 0.29411323
v -0.21563994 -0.18414124 0.29164338
v -0.21465789 -0.18410984 0.29111011
v -0.21714294 -0.18413769 0.2931449
v -0.21766375 -0.18410274 0.29411323
v -0.21760418 -0.18420404 0.29270991
v -0.21714294 -0.18413769 0.2931449
v -0.21858623 -0.18423544 0.29324314
v -0.21558037 -0.18424254 0.29024009
v -0.21760418 -0.18420404 0.29270991
v -0.21858623 -0.18423544 0.29324314
v -0.21610119 -0.18420759 0.29120838
v -0.21465789 -0.18410984 0.29111011
v -0.21563994 -0.18414124 0.29164338
v -0.21558037 -0.18424254 0.29024009
v -0.21610119 -0.18420759 0.29120838
v -0.21662212 -0.18417264 0.29217664
v -0.21563994 -0.18414124 0.29164338
v -0.21714294 -0.18413769 0.2931449
v -0.21760418 -0.18420404 0.29270991
v -0.21662212 -0.18417264 0.29217664
v -0.21563994 -0.18414124 0.29164338
v -0.21585625 -0.15515573 0.27019529
v -0.21743731 -0.16494992 0.27149457
v -0.21720824 -0.16495211 0.27019922
v -0.21782574 -0.164991 0.27143775
v -0.21743731 -0.16494992 0.27149457
v -0.21759673 -0.16499319 0.27014237
v -0.21782574 -0.164991 0.27143775
v -0.21720824 -0.16495211 0.27019922
v -0.21759673 -0.16499319 0.27014237
v -0.21743731 -0.16494992 0.27149457
v -0.21536938 -0.17859295 0.27213837
v -0.21720824 -0.16495211 0.27019922
v -0.21491131 -0.17859734 0.26954767
v -0.21614629 -0.17867511 0.27202469
v -0.21743731 -0.16494992 0.27149457
v -0.21782574 -0.164991 0.27143775
v -0.21536938 -0.17859295 0.27213837
v -0.21759673 -0.16499319 0.27014237
v -0.21614629 -0.17867511 0.27202469
v -0.21782574 -0.164991 0.27143775
v -0.21568828 -0.1786795 0.26943402
v -0.21720824 -0.16495211 0.27019922
v -0.21568828 -0.1786795 0.26943402
v -0.21759673 -0.16499319 0.27014237
v -0.21491131 -0.17859734 0.26954767
v -0.21536938 -0.17859295 0.27213837
v -0.21756341 -0.1845143 0.27277912
v -0.21491131 -0.17859734 0.26954767
v -0.21687633 -0.1845209 0.26889304
v -0.21614629 -0.17867511 0.27202469
v -0.21756341 -0.1845143 0.27277912
v -0.21536938 -0.17859295 0.27213837
v -0.21872875 -0.18463755 0.27260862
v -0.21568828 -0.1786795 0.26943402
v -0.21872875 -0.18463755 0.27260862
v -0.21614629 -0.17867511 0.27202469
v -0.21804168 -0.18464414 0.26872257
v -0.21491131 -0.17859734 0.26954767
v -0.21687633 -0.1845209 0.26889304
v -0.21568828 -0.1786795 0.26943402
v -0.21804168 -0.18464414 0.26872257
v -0.21687633 -0.1845209 0.26889304
v -0.21756341 -0.1845143 0.27277912
v -0.21733941 -0.18455006 0.26982193
v -0.21768297 -0.18454677 0.27176496
v -0.21826568 -0.18460839 0.27167975
v -0.21756341 -0.1845143 0.27277912
v -0.21872875 -0.18463755 0.27260862
v -0.21768297 -0.18454677 0.27176496
v -0.21804168 -0.18464414 0.26872257
v -0.21826568 -0.18460839 0.27167975
v -0.21872875 -0.18463755 0.27260862
v -0.21792211 -0.18461168 0.26973676
v -0.21733941 -0.18455006 0.26982193
v -0.21792211 -0.18461168 0.26973676
v -0.21804168 -0.18464414 0.26872257
v -0.21687633 -0.1845209 0.26889304
v -0.21780254 -0.18457922 0.27075086
v -0.21733941 -0.18455006 0.26982193
v -0.21768297 -0.18454677 0.27176496
v -0.21826568 -0.18460839 0.27167975
v -0.21780254 -0.18457922 0.27075086
v -0.21733941 -0.18455006 0.26982193
v -0.22569134 -0.15729449 0.27591562
v -0.22648876 -0.14880193 0.27513956
v -0.22495141 -0.15646737 0.2777818
v -0.22495141 -0.15646737 0.2777818
v -0.22531225 -0.15626746 0.27839255
v -0.22643169 -0.15733751 0.27726221
v -0.22531225 -0.15626746 0.27839255
v -0.22569134 -0.15729449 0.27591562
v -0.22643169 -0.15733751 0.27726221
v -0.22495141 -0.15646737 0.2777818
v -0.22123296 -0.17194383 0.27574781
v -0.22569134 -0.15729449 0.27591562
v -0.22378252 -0.17114821 0.27438825
v -0.22531225 -0.15626746 0.27839255
v -0.22168377 -0.17182273 0.27719965
v -0.22495141 -0.15646737 0.2777818
v -0.22123296 -0.17194383 0.27574781
v -0.22168377 -0.17182273 0.27719965
v -0.22643169 -0.15733751 0.27726221
v -0.22444195 -0.17132317 0.27497962
v -0.22531225 -0.15626746 0.27839255
v -0.22569134 -0.15729449 0.27591562
v -0.22378252 -0.17114821 0.27438825
v -0.22643169 -0.15733751 0.27726221
v -0.22444195 -0.17132317 0.27497962
v -0.22123296 -0.17194383 0.27574781
v -0.22479992 -0.1852381 0.27408591
v -0.22378252 -0.17114821 0.27438825
v -0.22185699 -0.18497842 0.27647733
v -0.22168377 -0.17182273 0.27719965
v -0.22185699 -0.18497842 0.27647733
v -0.22123296 -0.17194383 0.27574781
v -0.22373284 -0.18497298 0.27843534
v -0.22444195 -0.17132317 0.27497962
v -0.22373284 -0.18497298 0.27843534
v -0.22168377 -0.17182273 0.27719965
v -0.22731304 -0.18507461 0.27552842
v -0.22378252 -0.17114821 0.27438825
v -0.22479992 -0.1852381 0.27408591
v -0.22444195 -0.17132317 0.27497962
v -0.22731304 -0.18507461 0.27552842
v -0.22479992 -0.1852381 0.27408591
v -0.22731304 -0.18507461 0.27552842
v -0.23201232 -0.15398811 0.30062437
v -0.23110168 -0.1645334 0.30263075
v -0.232385 -0.16453576 0.30203156
v -0.23126904 -0.16457763 0.3030189
v -0.23110168 -0.1645334 0.30263075
v -0.23255242 -0.16457999 0.30241975
v -0.23126904 -0.16457763 0.3030189
v -0.232385 -0.16453576 0.30203156
v -0.23255242 -0.16457999 0.30241975
v -0.23110168 -0.1645334 0.30263075
v -0.23242254 -0.17922741 0.29946116
v -0.232385 -0.16453576 0.30203156
v -0.22985589 -0.17922268 0.30065952
v -0.23019061 -0.17931114 0.30143583
v -0.23110168 -0.1645334 0.30263075
v -0.23126904 -0.16457763 0.3030189
v -0.22985589 -0.17922268 0.30065952
v -0.23255242 -0.16457999 0.30241975
v -0.23275726 -0.17931587 0.30023753
v -0.23126904 -0.16457763 0.3030189
v -0.23019061 -0.17931114 0.30143583
v -0.232385 -0.16453576 0.30203156
v -0.23275726 -0.17931587 0.30023753
v -0.23255242 -0.16457999 0.30241975
v -0.23242254 -0.17922741 0.29946116
v -0.22985589 -0.17922268 0.30065952
v -0.2298009 -0.18559813 0.30311985
v -0.23242254 -0.17922741 0.29946116
v -0.23365093 -0.18560523 0.3013224
v -0.23019061 -0.17931114 0.30143583
v -0.2298009 -0.18559813 0.30311985
v -0.22985589 -0.17922268 0.30065952
v -0.23030297 -0.18573083 0.30428431
v -0.23275726 -0.17931587 0.30023753
v -0.23030297 -0.18573083 0.30428431
v -0.23019061 -0.17931114 0.30143583
v -0.23415301 -0.18573793 0.30248689
v -0.23242254 -0.17922741 0.29946116
v -0.23365093 -0.18560523 0.3013224
v -0.23275726 -0.17931587 0.30023753
v -0.23415301 -0.18573793 0.30248689
v -0.2298009 -0.18559813 0.30311985
v -0.2328139 -0.18563663 0.30206291
v -0.23365093 -0.18560523 0.3013224
v -0.23088891 -0.18563308 0.30296159
v -0.2298009 -0.18559813 0.30311985
v -0.23030297 -0.18573083 0.30428431
v -0.23114001 -0.18569943 0.30354383
v -0.23088891 -0.18563308 0.30296159
v -0.23415301 -0.18573793 0.30248689
v -0.23114001 -0.18569943 0.30354383
v -0.23030297 -0.18573083 0.30428431
v -0.233065 -0.18570298 0.30264509
v -0.23365093 -0.18560523 0.3013224
v -0.2328139 -0.18563663 0.30206291
v -0.23415301 -0.18573793 0.30248689
v -0.233065 -0.18570298 0.30264509
v -0.23197698 -0.18566803 0.30280335
v -0.2328139 -0.18563663 0.30206291
v -0.23088891 -0.18563308 0.30296159
v -0.23114001 -0.18569943 0.30354383
v -0.23197698 -0.18566803 0.30280335
v -0.2328139 -0.18563663 0.30206291
v -0.23047503 -0.15729449 0.29020197
v -0.23156811 -0.14880193 0.29041001
v -0.2285219 -0.15646737 0.29066624
v -0.2285219 -0.15646737 0.29066624
v -0.22822857 -0.15626746 0.29131208
v -0.22979656 -0.15733751 0.29158073
v -0.22822857 -0.15626746 0.29131208
v -0.23047503 -0.15729449 0.29020197
v -0.22979656 -0.15733751 0.29158073
v -0.2285219 -0.15646737 0.29066624
v -0.22805523 -0.17194383 0.28645356
v -0.23047503 -0.15729449 0.29020197
v -0.23063128 -0.17114821 0.28776224
v -0.22822857 -0.15626746 0.29131208
v -0.22712457 -0.17182273 0.28765558
v -0.2285219 -0.15646737 0.29066624
v -0.22805523 -0.17194383 0.28645356
v -0.22979656 -0.15733751 0.29158073
v -0.22712457 -0.17182273 0.28765558
v -0.22822857 -0.15626746 0.29131208
v -0.23052508 -0.17132317 0.28864164
v -0.23047503 -0.15729449 0.29020197
v -0.23052508 -0.17132317 0.28864164
v -0.22979656 -0.15733751 0.29158073
v -0.23063128 -0.17114821 0.28776224
v -0.22805523 -0.17194383 0.28645356
v -0.23146246 -0.1852381 0.28842228
v -0.23063128 -0.17114821 0.28776224
v -0.22781548 -0.18497842 0.28738318
v -0.22712457 -0.17182273 0.28765558
v -0.22781548 -0.18497842 0.28738318
v -0.22805523 -0.17194383 0.28645356
v -0.22728765 -0.18497298 0.29004285
v -0.23052508 -0.17132317 0.28864164
v -0.23172228 -0.18507461 0.29130823
v -0.22712457 -0.17182273 0.28765558
v -0.22728765 -0.18497298 0.29004285
v -0.23063128 -0.17114821 0.28776224
v -0.23146246 -0.1852381 0.28842228
v -0.23052508 -0.17132317 0.28864164
v -0.23172228 -0.18507461 0.29130823
v -0.23172228 -0.18507461 0.29130823
v -0.23146246 -0.1852381 0.28842228
vn 0.95731 0.25581 -0.13459
vn 0.95731 0.25581 -0.13459
vn 0.95731 0.25581 -0.13459
vn 0.26793 -0.95089 0.15502
vn 0.26793 -0.95089 0.15502
vn 0.26793 -0.95089 0.15502
vn -0.95163 -0.25422 0.17252
vn -0.95163 -0.25422 0.17252
vn -0.95163 -0.25422 0.17252
vn -0.28484 0.95835 -0.02066
vn -0.28484 0.95835 -0.02066
vn 0.95422 0.25548 0.15555
vn 0.95422 0.25548 0.15555
vn 0.95422 0.25548 0.15555
vn 0.28445 -0.95838 0.02434
vn 0.28445 -0.95838 0.02434
vn -0.95813 -0.25648 -0.12728
vn -0.95813 -0.25648 -0.12728
vn -0.95813 -0.25648 -0.12728
vn -0.2933 0.95344 0.07026
vn -0.2933 0.95344 0.07026
vn -0.2933 0.95344 0.07026
vn -0.2933 0.95344 0.07026
vn 0.96129 0.25727 0.0987
vn 0.96129 0.25727 0.0987
vn 0.96129 0.25727 0.0987
vn 0.96129 0.25727 0.0987
vn 0.28396 -0.9584 0.02881
vn 0.28396 -0.9584 0.02881
vn 0.28396 -0.9584 0.02881
vn 0.28396 -0.9584 0.02881
vn -0.96552 -0.25829 -0.03267
vn -0.96552 -0.25829 -0.03267
vn -0.30061 0.93516 0.18735
vn -0.30061 0.93516 0.18735
vn 0.10106 0.02531 -0.99456
vn 0.10106 0.02531 -0.99456
vn 0.10106 0.02531 -0.99456
vn 0.10106 0.02531 -0.99456
vn 0.10106 0.02531 -0.99456
vn 0.10106 0.02531 -0.99456
vn 0.10106 0.02531 -0.99456
vn 0.10106 0.02531 -0.99456
vn 0.10105 0.02531 -0.99456
vn 0.34189 -0.93398 -0.10389
vn 0.34189 -0.93398 -0.10389
vn 0.34189 -0.93398 -0.10389
vn -0.38868 0.12176 0.91329
vn -0.38868 0.12176 0.91329
vn -0.24466 0.90282 0.35362
vn -0.24466 0.90282 0.35362
vn -0.24466 0.90282 0.35362
vn 0.61046 0.14097 -0.7794
vn 0.61046 0.14097 -0.7794
vn 0.44185 -0.86831 -0.22541
vn 0.44185 -0.86831 -0.22541
vn 0.44185 -0.86831 -0.22541
vn -0.67332 -0.69175 0.261
vn -0.67332 -0.69175 0.261
vn -0.67332 -0.69175 0.261
vn -0.40082 0.8919 0.2094
vn -0.40082 0.8919 0.2094
vn -0.40082 0.8919 0.2094
vn -0.40082 0.8919 0.2094
vn 0.63746 0.75082 -0.17293
vn 0.63746 0.75082 -0.17293
vn 0.63746 0.75082 -0.17293
vn 0.63746 0.75082 -0.17293
vn 0.67966 -0.73134 0.05657
vn 0.67966 -0.73134 0.05657
vn 0.67966 -0.73134 0.05657
vn -0.6959 -0.6582 0.28722
vn -0.6959 -0.6582 0.28722
vn -0.6959 -0.6582 0.28722
vn -0.60475 0.78553 0.13121
vn -0.60475 0.78553 0.13121
vn -0.60475 0.78553 0.13121
vn -0.60475 0.78553 0.13121
vn 0.85731 0.50333 -0.10804
vn 0.85731 0.50333 -0.10804
vn 0.85731 0.50333 -0.10804
vn 0.85731 0.50333 -0.10804
vn -0.05942 0.00303 -0.99823
vn -0.05942 0.00303 -0.99823
vn -0.05942 0.00303 -0.99823
vn 0.21047 0.97627 0.05101
vn 0.21047 0.97627 0.05101
vn 0.82495 0.47124 0.31208
vn 0.82495 0.47124 0.31208
vn 0.82495 0.47124 0.31208
vn 0.06717 -0.98652 0.14925
vn 0.06717 -0.98652 0.14925
vn -0.89173 -0.43484 -0.12543
vn -0.89173 -0.43484 -0.12543
vn -0.18041 0.95964 0.21575
vn -0.18041 0.95964 0.21575
vn -0.18041 0.95964 0.21575
vn 0.80445 0.56482 0.18395
vn 0.80445 0.56482 0.18395
vn 0.80445 0.56482 0.18395
vn 0.80445 0.56482 0.18395
vn 0.26182 -0.94263 -0.20713
vn 0.26182 -0.94263 -0.20713
vn 0.26182 -0.94263 -0.20713
vn -0.94508 -0.3252 -0.03279
vn -0.94508 -0.3252 -0.03279
vn -0.94508 -0.3252 -0.03279
vn -0.35613 0.93326 -0.04693
vn -0.35613 0.93326 -0.04693
vn -0.35613 0.93326 -0.04693
vn 0.93513 0.35184 -0.04183
vn 0.93513 0.35184 -0.04183
vn 0.28012 -0.94593 0.16354
vn 0.28012 -0.94593 0.16354
vn -0.99688 0.04047 0.06779
vn -0.99688 0.04047 0.06779
vn -0.99688 0.04047 0.06779
vn 0.05257 -0.02786 -0.99823
vn 0.05257 -0.02786 -0.99823
vn 0.05257 -0.02786 -0.99823
vn 0.05257 -0.02786 -0.99823
vn -0.04937 0.99748 0.05101
vn -0.04937 0.99748 0.05101
vn 0.67486 0.6687 0.31208
vn 0.67486 0.6687 0.31208
vn 0.32018 -0.93553 0.14924
vn 0.32018 -0.93553 0.14924
vn -0.74881 -0.65081 -0.12544
vn -0.74881 -0.65081 -0.12544
vn -0.42263 0.88025 0.21575
vn -0.42263 0.88025 0.21575
vn -0.42263 0.88025 0.21575
vn 0.63087 0.75377 0.18394
vn 0.63087 0.75377 0.18394
vn 0.63087 0.75377 0.18394
vn 0.63087 0.75377 0.18394
vn 0.49685 -0.84275 -0.20714
vn 0.49685 -0.84275 -0.20714
vn 0.49685 -0.84275 -0.20714
vn 0.49685 -0.84275 -0.20714
vn -0.82872 -0.5587 -0.03279
vn -0.82872 -0.5587 -0.03279
vn -0.58554 0.80928 -0.04693
vn -0.58554 0.80928 -0.04693
vn -0.58554 0.80928 -0.04693
vn 0.81221 0.58187 -0.04183
vn 0.81221 0.58187 -0.04183
vn 0.81221 0.58187 -0.04183
vn 0.81221 0.58187 -0.04183
vn 0.51539 -0.84121 0.16354
vn 0.51539 -0.84121 0.16354
vn 0.51539 -0.84121 0.16354
vn -0.97339 -0.2189 0.06779
vn -0.97339 -0.2189 0.06779
vn -0.97339 -0.2189 0.06779
vn 0.05799 -0.01331 -0.99823
vn 0.05799 -0.01331 -0.99823
vn 0.05799 -0.01331 -0.99823
vn 0.05799 -0.01331 -0.99823
vn -0.79617 0.60358 0.0424
vn -0.79617 0.60358 0.0424
vn -0.07974 0.96142 0.26328
vn -0.07974 0.96142 0.26328
vn 0.92569 -0.35723 0.12445
vn 0.92569 -0.35723 0.12445
vn 0.01727 -0.99438 -0.10447
vn 0.01727 -0.99438 -0.10447
vn 0.01727 -0.99438 -0.10447
vn -0.95287 0.24381 0.18056
vn -0.95287 0.24381 0.18056
vn -0.95287 0.24381 0.18056
vn -0.17284 0.97289 0.15364
vn -0.17284 0.97289 0.15364
vn -0.17284 0.97289 0.15364
vn 0.97144 -0.16213 -0.17325
vn 0.97144 -0.16213 -0.17325
vn 0.97144 -0.16213 -0.17325
vn -0.10471 -0.99413 -0.02725
vn -0.10471 -0.99413 -0.02725
vn -0.99667 0.07167 -0.039
vn -0.99667 0.07167 -0.039
vn -0.99667 0.07167 -0.039
vn 0.07636 0.99647 -0.03477
vn 0.07636 0.99647 -0.03477
vn 0.07636 0.99647 -0.03477
vn 0.97975 -0.1465 0.13645
vn 0.97975 -0.1465 0.13645
vn 0.97975 -0.1465 0.13645
vn -0.4583 -0.88701 0.05637
vn -0.4583 -0.88701 0.05637
vn -0.4583 -0.88701 0.05637
vn -0.4583 -0.88701 0.05637
vn 0.05709 0.04314 -0.99744
vn 0.05709 0.04314 -0.99744
vn 0.05709 0.04314 -0.99744
vn -0.95071 -0.30586 0.05101
vn -0.95071 -0.30586 0.05101
vn -0.82059 0.47879 0.31208
vn -0.82059 0.47879 0.31208
vn -0.82059 0.47879 0.31208
vn 0.82077 0.55142 0.14924
vn 0.82246 -0.55482 -0.12543
vn 0.82246 -0.55482 -0.12543
vn -0.74087 -0.63606 0.21575
vn -0.74087 -0.63606 0.21575
vn -0.74087 -0.63606 0.21575
vn -0.74087 -0.63606 0.21575
vn -0.89137 0.41428 0.18394
vn -0.89137 0.41428 0.18394
vn -0.89137 0.41428 0.18394
vn 0.68543 0.69805 -0.20713
vn 0.68543 0.69805 -0.20713
vn 0.75418 -0.65585 -0.0328
vn 0.75418 -0.65585 -0.0328
vn -0.63016 -0.77505 -0.04693
vn -0.63016 -0.77505 -0.04693
vn -0.63016 -0.77505 -0.04693
vn -0.77226 0.63393 -0.04183
vn -0.77226 0.63393 -0.04183
vn 0.67914 0.71555 0.16354
vn 0.67914 0.71555 0.16354
vn 0.67914 0.71555 0.16354
vn 0.67914 0.71555 0.16354
vn 0.4634 -0.88355 0.0678
vn 0.4634 -0.88355 0.0678
vn 0.4634 -0.88355 0.0678
vn -0.00216 0.05946 -0.99823
vn -0.00216 0.05946 -0.99823
vn 0.21046 0.97627 0.05101
vn 0.21046 0.97627 0.05101
vn 0.82494 0.47126 0.31208
vn 0.82494 0.47126 0.31208
vn 0.06716 -0.98652 0.14924
vn 0.06716 -0.98652 0.14924
vn -0.89172 -0.43486 -0.12543
vn -0.89172 -0.43486 -0.12543
vn -0.18041 0.95964 0.21575
vn -0.18041 0.95964 0.21575
vn -0.18041 0.95964 0.21575
vn 0.80446 0.56481 0.18394
vn 0.80446 0.56481 0.18394
vn 0.80446 0.56481 0.18394
vn 0.26182 -0.94263 -0.20713
vn 0.26182 -0.94263 -0.20713
vn 0.26182 -0.94263 -0.20713
vn 0.26182 -0.94263 -0.20713
vn -0.94508 -0.3252 -0.0328
vn -0.94508 -0.3252 -0.0328
vn -0.94508 -0.3252 -0.0328
vn -0.94508 -0.3252 -0.0328
vn -0.35614 0.93326 -0.04693
vn -0.35614 0.93326 -0.04693
vn -0.35614 0.93326 -0.04693
vn -0.35614 0.93326 -0.04693
vn 0.93513 0.35184 -0.04183
vn 0.93513 0.35184 -0.04183
vn 0.93513 0.35184 -0.04183
vn 0.28012 -0.94593 0.16354
vn 0.28012 -0.94593 0.16354
vn 0.28012 -0.94593 0.16354
vn -0.99688 0.04046 0.06779
vn -0.99688 0.04046 0.06779
vn -0.99688 0.04046 0.06779
vn 0.05257 -0.02786 -0.99823
vn 0.05257 -0.02786 -0.99823
vn 0.05257 -0.02786 -0.99823
vn 0.05257 -0.02786 -0.99823
vn 0.95731 0.25581 -0.13459
vn 0.95731 0.25581 -0.13459
vn 0.26793 -0.95089 0.15501
vn 0.26793 -0.95089 0.15501
vn -0.95163 -0.25424 0.17253
vn -0.95163 -0.25424 0.17253
vn -0.95163 -0.25424 0.17253
vn -0.28478 0.95837 -0.02067
vn -0.28478 0.95837 -0.02067
vn 0.95422 0.25549 0.15555
vn 0.95422 0.25549 0.15555
vn 0.95422 0.25549 0.15555
vn 0.28446 -0.95838 0.02435
vn 0.28446 -0.95838 0.02435
vn 0.28446 -0.95838 0.02435
vn 0.28446 -0.95838 0.02435
vn -0.95813 -0.25648 -0.12728
vn -0.95813 -0.25648 -0.12728
vn -0.95813 -0.25648 -0.12728
vn -0.29329 0.95344 0.07026
vn -0.29329 0.95344 0.07026
vn -0.29329 0.95344 0.07026
vn 0.96128 0.25728 0.0987
vn 0.96128 0.25728 0.0987
vn 0.96128 0.25728 0.0987
vn 0.96128 0.25728 0.0987
vn 0.28396 -0.9584 0.02881
vn 0.28396 -0.9584 0.02881
vn 0.28396 -0.9584 0.02881
vn 0.28396 -0.9584 0.02881
vn -0.96552 -0.25829 -0.03267
vn -0.96552 -0.25829 -0.03267
vn -0.30063 0.93516 0.18735
vn -0.30063 0.93516 0.18735
vn -0.30063 0.93516 0.18735
vn -0.30063 0.93516 0.18735
vn 0.10106 0.02531 -0.99456
vn 0.10106 0.02531 -0.99456
vn 0.10106 0.02531 -0.99456
vn 0.10106 0.02531 -0.99456
vn 0.10106 0.02531 -0.99456
vn 0.10106 0.02531 -0.99456
vn 0.10106 0.02531 -0.99456
vn 0.10106 0.02531 -0.99456
vn 0.10105 0.02531 -0.99456
vn -0.93089 -0.18343 0.3159
vn -0.93089 -0.18343 0.3159
vn -0.93089 -0.18343 0.3159
vn -0.50092 0.5687 0.65243
vn -0.50092 0.5687 0.65243
vn 0.74386 0.62703 0.23132
vn 0.74386 0.62703 0.23132
vn 0.74386 0.62703 0.23132
vn 0.431 -0.8238 -0.36823
vn 0.431 -0.8238 -0.36823
vn 0.431 -0.8238 -0.36823
vn -0.84061 -0.32376 0.43422
vn -0.84061 -0.32376 0.43422
vn -0.84061 -0.32376 0.43422
vn -0.7392 0.60966 0.28618
vn -0.7392 0.60966 0.28618
vn -0.7392 0.60966 0.28618
vn 0.75766 0.46935 -0.4535
vn 0.75766 0.46935 -0.4535
vn 0.75766 0.46935 -0.4535
vn 0.52994 -0.83053 -0.1714
vn 0.52994 -0.83053 -0.1714
vn -0.79532 -0.58934 -0.14196
vn -0.79532 -0.58934 -0.14196
vn -0.79532 -0.58934 -0.14196
vn -0.5952 0.76197 0.25523
vn -0.5952 0.76197 0.25523
vn 0.80856 0.47955 0.34097
vn 0.80856 0.47955 0.34097
vn 0.80856 0.47955 0.34097
vn 0.80856 0.47955 0.34097
vn 0.32922 -0.94104 -0.07788
vn 0.32922 -0.94104 -0.07788
vn 0.0082 0.05893 -0.99823
vn 0.0082 0.05893 -0.99823
vn 0.0082 0.05893 -0.99823
vn 0.0082 0.05893 -0.99823
vn 0.7002 -0.70114 -0.13459
vn 0.7002 -0.70114 -0.13459
vn 0.7002 -0.70114 -0.13459
vn -0.68953 -0.70748 0.15502
vn -0.68953 -0.70748 0.15502
vn -0.69599 0.69701 0.17253
vn -0.69599 0.69701 0.17253
vn 0.68755 0.72585 -0.02067
vn 0.68755 0.72585 -0.02067
vn 0.69837 -0.69863 0.15555
vn 0.69837 -0.69863 0.15555
vn 0.69837 -0.69863 0.15555
vn -0.68776 -0.72553 0.02434
vn -0.68776 -0.72553 0.02434
vn -0.68776 -0.72553 0.02434
vn -0.70118 0.70153 -0.12728
vn -0.70118 0.70153 -0.12728
vn 0.67905 0.73072 0.07026
vn 0.67905 0.73072 0.07026
vn 0.67905 0.73072 0.07026
vn 0.66756 -0.66894 -0.32692
vn 0.66756 -0.66894 -0.32692
vn -0.68918 -0.70566 0.16453
vn -0.68918 -0.70566 0.16453
vn -0.65365 0.65515 0.37883
vn -0.65365 0.65515 0.37883
vn -0.65365 0.65515 0.37883
vn 0.67988 0.73057 0.06349
vn 0.07245 -0.07487 -0.99456
vn 0.07245 -0.07487 -0.99456
vn 0.07245 -0.07487 -0.99456
vn 0.07245 -0.07487 -0.99456
vn 0.07245 -0.07486 -0.99456
vn 0.07244 -0.07487 -0.99456
vn 0.07245 -0.07487 -0.99456
vn 0.07245 -0.07487 -0.99456
vn 0.07244 -0.07486 -0.99456
vn -0.95071 -0.30585 0.05101
vn -0.95071 -0.30585 0.05101
vn -0.8206 0.47878 0.31207
vn -0.8206 0.47878 0.31207
vn 0.82077 0.55142 0.14925
vn 0.82245 -0.55484 -0.12543
vn 0.82245 -0.55484 -0.12543
vn 0.82245 -0.55484 -0.12543
vn -0.74087 -0.63606 0.21575
vn -0.74087 -0.63606 0.21575
vn -0.74087 -0.63606 0.21575
vn -0.89138 0.41426 0.18395
vn -0.89138 0.41426 0.18395
vn -0.89138 0.41426 0.18395
vn 0.68543 0.69805 -0.20713
vn 0.68543 0.69805 -0.20713
vn 0.68543 0.69805 -0.20713
vn 0.68543 0.69805 -0.20713
vn 0.75417 -0.65586 -0.0328
vn 0.75417 -0.65586 -0.0328
vn 0.75417 -0.65586 -0.0328
vn -0.63016 -0.77505 -0.04693
vn -0.63016 -0.77505 -0.04693
vn -0.63016 -0.77505 -0.04693
vn -0.77227 0.63392 -0.04183
vn -0.77227 0.63392 -0.04183
vn -0.77227 0.63392 -0.04183
vn -0.77227 0.63392 -0.04183
vn 0.67914 0.71555 0.16354
vn 0.67914 0.71555 0.16354
vn 0.67914 0.71555 0.16354
vn 0.67914 0.71555 0.16354
vn 0.4634 -0.88355 0.0678
vn 0.4634 -0.88355 0.0678
vn 0.4634 -0.88355 0.0678
vn -0.00216 0.05946 -0.99823
vn -0.00216 0.05946 -0.99823
vn 0.98719 0.08569 -0.13459
vn 0.98719 0.08569 -0.13459
vn 0.98719 0.08569 -0.13459
vn 0.09874 -0.98297 0.15502
vn 0.09874 -0.98297 0.15502
vn 0.09874 -0.98297 0.15502
vn -0.98132 -0.08512 0.17252
vn -0.98132 -0.08512 0.17252
vn -0.98132 -0.08512 0.17252
vn -0.11414 0.99325 -0.02066
vn -0.11414 0.99325 -0.02066
vn 0.98409 0.0859 0.15555
vn 0.98409 0.0859 0.15555
vn 0.98409 0.0859 0.15555
vn 0.11372 -0.99321 0.02435
vn 0.11372 -0.99321 0.02435
vn 0.11372 -0.99321 0.02435
vn -0.98811 -0.08621 -0.12728
vn -0.98811 -0.08621 -0.12728
vn -0.12329 0.98988 0.07026
vn -0.12329 0.98988 0.07026
vn -0.12329 0.98988 0.07026
vn 0.94154 0.08139 -0.32692
vn 0.94154 0.08139 -0.32692
vn 0.94154 0.08139 -0.32692
vn 0.94154 0.08139 -0.32692
vn 0.09757 -0.98153 0.16453
vn 0.09757 -0.98153 0.16453
vn 0.09757 -0.98153 0.16453
vn -0.92203 -0.0796 0.37883
vn -0.92203 -0.0796 0.37883
vn -0.92203 -0.0796 0.37883
vn -0.92203 -0.0796 0.37883
vn -0.12263 0.99042 0.06348
vn -0.12263 0.99042 0.06348
vn -0.12263 0.99042 0.06348
vn 0.10392 0.00737 -0.99456
vn 0.10392 0.00738 -0.99456
vn 0.10392 0.00737 -0.99456
vn 0.10392 0.00738 -0.99456
vn 0.10392 0.00737 -0.99456
vn 0.10392 0.00737 -0.99456
vn 0.10392 0.00737 -0.99456
vn 0.10392 0.00738 -0.99456
vn 0.10391 0.00738 -0.99456
vn 0.74024 -0.67041 0.05101
vn 0.74024 -0.67041 0.05101
vn 0.74024 -0.67041 0.05101
vn -0.00434 -0.95005 0.31208
vn -0.00434 -0.95005 0.31208
vn -0.88793 0.43509 0.14925
vn -0.88793 0.43509 0.14925
vn 0.06927 0.98968 -0.12543
vn 0.06927 0.98968 -0.12543
vn 0.92127 -0.32358 0.21575
vn 0.92127 -0.32358 0.21575
vn 0.08693 -0.97908 0.18395
vn 0.08693 -0.97908 0.18395
vn -0.94725 0.24457 -0.20713
vn -0.94725 0.24457 -0.20713
vn -0.94725 0.24457 -0.20713
vn -0.94725 0.24457 -0.20713
vn 0.1909 0.98106 -0.0328
vn 0.1909 0.98106 -0.0328
vn 0.1909 0.98106 -0.0328
vn 0.1909 0.98106 -0.0328
vn 0.98629 -0.15821 -0.04693
vn 0.98629 -0.15821 -0.04693
vn 0.98629 -0.15821 -0.04693
vn 0.98629 -0.15821 -0.04693
vn -0.16286 -0.98576 -0.04183
vn -0.16286 -0.98576 -0.04183
vn -0.16286 -0.98576 -0.04183
vn -0.95926 0.23038 0.16354
vn -0.95926 0.23038 0.16354
vn -0.95926 0.23038 0.16354
vn -0.95926 0.23038 0.16354
vn 0.53348 0.84309 0.0678
vn 0.53348 0.84309 0.0678
vn 0.53348 0.84309 0.0678
vn 0.53348 0.84309 0.0678
vn -0.05042 -0.0316 -0.99823
vn -0.05042 -0.0316 -0.99823
vn -0.05042 -0.0316 -0.99823
vn 0.56781 -0.81208 -0.13459
vn 0.56781 -0.81208 -0.13459
vn 0.56781 -0.81208 -0.13459
vn -0.80194 -0.57694 0.15503
vn -0.80194 -0.57694 0.15503
vn -0.56437 0.8073 0.17252
vn -0.56437 0.8073 0.17252
vn -0.56437 0.8073 0.17252
vn 0.80315 0.59542 -0.02067
vn 0.80315 0.59542 -0.02067
vn 0.80315 0.59542 -0.02067
vn 0.56645 -0.80929 0.15555
vn 0.56645 -0.80929 0.15555
vn 0.56645 -0.80929 0.15555
vn -0.80332 -0.59505 0.02434
vn -0.80332 -0.59505 0.02434
vn -0.80332 -0.59505 0.02434
vn -0.56871 0.81263 -0.12728
vn -0.56871 0.81263 -0.12728
vn -0.56871 0.81263 -0.12728
vn 0.79563 0.6017 0.07026
vn 0.79563 0.6017 0.07026
vn 0.79563 0.6017 0.07026
vn 0.79563 0.6017 0.07026
vn 0.54126 -0.7747 -0.32692
vn 0.54126 -0.7747 -0.32692
vn 0.54126 -0.7747 -0.32692
vn 0.54126 -0.7747 -0.32692
vn -0.80126 -0.57524 0.16455
vn -0.80126 -0.57524 0.16455
vn -0.52996 0.7587 0.37883
vn -0.52996 0.7587 0.37883
vn -0.52996 0.7587 0.37883
vn -0.52996 0.7587 0.37883
vn 0.79641 0.60142 0.06349
vn 0.79641 0.60142 0.06349
vn 0.79641 0.60142 0.06349
vn 0.05835 -0.08631 -0.99456
vn 0.05835 -0.08631 -0.99456
vn 0.05835 -0.08631 -0.99456
vn 0.05835 -0.08631 -0.99456
vn 0.05835 -0.08631 -0.99456
vn 0.05835 -0.08631 -0.99456
vn 0.05835 -0.08631 -0.99456
vn 0.05835 -0.08631 -0.99456
vn 0.05835 -0.08631 -0.99456
vn -0.38756 0.92043 0.05101
vn -0.38756 0.92043 0.05101
vn 0.40544 0.8592 0.31208
vn 0.40544 0.8592 0.31208
vn 0.62086 -0.76958 0.14925
vn 0.62086 -0.76958 0.14925
vn -0.48104 -0.86768 -0.12543
vn -0.48104 -0.86768 -0.12543
vn -0.48104 -0.86768 -0.12543
vn -0.69821 0.68261 0.21575
vn -0.69821 0.68261 0.21575
vn -0.69821 0.68261 0.21575
vn -0.69821 0.68261 0.21575
vn 0.335 0.92409 0.18395
vn 0.335 0.92409 0.18395
vn 0.335 0.92409 0.18395
vn 0.335 0.92409 0.18395
vn 0.75514 -0.62198 -0.20713
vn 0.75514 -0.62198 -0.20713
vn -0.58763 -0.80846 -0.0328
vn -0.58763 -0.80846 -0.0328
vn -0.58763 -0.80846 -0.0328
vn -0.58763 -0.80846 -0.0328
vn -0.82702 0.56021 -0.04693
vn -0.82702 0.56021 -0.04693
vn -0.82702 0.56021 -0.04693
vn -0.82702 0.56021 -0.04693
vn 0.5642 0.82458 -0.04183
vn 0.5642 0.82458 -0.04183
vn 0.77202 -0.61419 0.16354
vn 0.77202 -0.61419 0.16354
vn 0.77202 -0.61419 0.16354
vn 0.77202 -0.61419 0.16354
vn -0.8398 -0.53865 0.0678
vn -0.8398 -0.53865 0.0678
vn -0.8398 -0.53865 0.0678
vn 0.05905 0.00733 -0.99823
vn 0.05905 0.00733 -0.99823
vn 0.05905 0.00733 -0.99823
vn 0.56892 0.81131 -0.13459
vn 0.56892 0.81131 -0.13459
vn 0.81642 -0.55626 0.15503
vn -0.56557 -0.80645 0.17252
vn -0.56557 -0.80645 0.17252
vn -0.8342 0.55108 -0.02067
vn -0.8342 0.55108 -0.02067
vn 0.56675 0.80907 0.15555
vn 0.56675 0.80907 0.15555
vn 0.56675 0.80907 0.15555
vn 0.83392 -0.55135 0.02434
vn 0.83392 -0.55135 0.02434
vn -0.56911 -0.81235 -0.12728
vn -0.56911 -0.81235 -0.12728
vn -0.56911 -0.81235 -0.12728
vn -0.56911 -0.81235 -0.12728
vn -0.83752 0.54187 0.07026
vn -0.83752 0.54187 0.07026
vn 0.54286 0.77358 -0.32692
vn 0.54286 0.77358 -0.32692
vn 0.54286 0.77358 -0.32692
vn 0.54286 0.77358 -0.32692
vn 0.81462 -0.55617 0.16453
vn 0.81462 -0.55617 0.16453
vn 0.81462 -0.55617 0.16453
vn -0.53169 -0.75749 0.37883
vn -0.53169 -0.75749 0.37883
vn -0.53169 -0.75749 0.37883
vn -0.83753 0.54269 0.06349
vn -0.83753 0.54269 0.06349
vn -0.83753 0.54269 0.06349
vn 0.06115 0.08435 -0.99456
vn 0.06115 0.08435 -0.99456
vn 0.06115 0.08435 -0.99456
vn 0.06115 0.08435 -0.99456
vn 0.06115 0.08434 -0.99456
vn 0.06115 0.08435 -0.99456
vn 0.06115 0.08435 -0.99456
vn 0.06115 0.08435 -0.99456
vn 0.06114 0.08434 -0.99456
vn -0.12671 0.3848 0.91426
vn -0.12671 0.3848 0.91426
vn 0.20895 -0.91591 0.3427
vn 0.20895 -0.91591 0.3427
vn -0.02569 -0.22175 -0.97476
vn -0.02569 -0.22175 -0.97476
vn -0.44617 0.88987 0.09524
vn -0.44617 0.88987 0.09524
vn -0.44617 0.88987 0.09524
vn 0.84194 0.31898 0.43518
vn 0.84194 0.31898 0.43518
vn 0.84194 0.31898 0.43518
vn 0.69991 -0.68182 0.2127
vn 0.69991 -0.68182 0.2127
vn 0.69991 -0.68182 0.2127
vn -0.8292 -0.35977 -0.42777
vn -0.8292 -0.35977 -0.42777
vn -0.8292 -0.35977 -0.42777
vn -0.37846 0.9234 0.06402
vn -0.37846 0.9234 0.06402
vn -0.37846 0.9234 0.06402
vn 0.85693 0.49461 0.14503
vn 0.85693 0.49461 0.14503
vn 0.85693 0.49461 0.14503
vn 0.50757 -0.85907 -0.06607
vn 0.50757 -0.85907 -0.06607
vn -0.89472 -0.44088 0.07143
vn -0.89472 -0.44088 0.07143
vn -0.89472 -0.44088 0.07143
vn -0.13139 0.97192 0.19523
vn -0.13139 0.97192 0.19523
vn -0.13139 0.97192 0.19523
vn -0.13139 0.97192 0.19523
vn -0.01831 -0.05661 -0.99823
vn -0.01831 -0.05661 -0.99823
vn -0.01831 -0.05661 -0.99823
vn -0.01831 -0.05661 -0.99823
vn 0.42199 -0.90062 -0.10392
vn 0.42199 -0.90062 -0.10392
vn -0.39781 0.08741 0.91329
vn -0.39781 0.08741 0.91329
vn -0.39781 0.08741 0.91329
vn -0.32241 0.87807 0.35361
vn -0.32241 0.87807 0.35361
vn -0.32241 0.87807 0.35361
vn 0.59586 0.19362 -0.7794
vn 0.59586 0.19362 -0.7794
vn 0.51585 -0.82649 -0.22541
vn 0.51585 -0.82649 -0.22541
vn 0.51585 -0.82649 -0.22541
vn -0.61047 -0.74781 0.261
vn -0.61047 -0.74781 0.261
vn -0.61047 -0.74781 0.261
vn -0.47703 0.85358 0.2094
vn -0.47703 0.85358 0.2094
vn -0.47703 0.85358 0.2094
vn -0.47703 0.85358 0.2094
vn 0.56961 0.80352 -0.17293
vn 0.56961 0.80352 -0.17293
vn 0.56961 0.80352 -0.17293
vn 0.74081 -0.66932 0.05657
vn 0.74081 -0.66932 0.05657
vn 0.74081 -0.66932 0.05657
vn -0.63588 -0.71635 0.28722
vn -0.63588 -0.71635 0.28722
vn -0.67091 0.72984 0.13121
vn 0.81018 0.57613 -0.10804
vn 0.81018 0.57613 -0.10804
vn 0.81018 0.57613 -0.10804
vn 0.81018 0.57613 -0.10804
vn -0.05946 -0.00216 -0.99823
vn -0.05946 -0.00216 -0.99823
vn -0.05946 -0.00216 -0.99823
vn -0.05946 -0.00216 -0.99823
vn 0.28678 0.88048 -0.37751
vn 0.28678 0.88048 -0.37751
vn 0.28678 0.88048 -0.37751
vn 0.79607 0.53843 0.27635
vn 0.79607 0.53843 0.27635
vn 0.79607 0.53843 0.27635
vn -0.15018 -0.83394 0.53102
vn -0.15018 -0.83394 0.53102
vn -0.85042 -0.51092 -0.12547
vn -0.25234 0.91423 -0.31703
vn -0.25234 0.91423 -0.31703
vn -0.25234 0.91423 -0.31703
vn -0.25234 0.91423 -0.31703
vn 0.76853 0.63117 0.10487
vn 0.76853 0.63117 0.10487
vn 0.76853 0.63117 0.10487
vn 0.2769 -0.90545 0.32168
vn 0.2769 -0.90545 0.32168
vn 0.2769 -0.90545 0.32168
vn 0.2769 -0.90545 0.32168
vn -0.91098 -0.39773 -0.10919
vn -0.91098 -0.39773 -0.10919
vn -0.91098 -0.39773 -0.10919
vn -0.41538 0.89474 0.164
vn -0.41538 0.89474 0.164
vn -0.41538 0.89474 0.164
vn -0.41538 0.89474 0.164
vn 0.90019 0.43095 -0.06271
vn 0.90019 0.43095 -0.06271
vn 0.90019 0.43095 -0.06271
vn 0.90019 0.43095 -0.06271
vn 0.35636 -0.93318 -0.04669
vn 0.35636 -0.93318 -0.04669
vn 0.35636 -0.93318 -0.04669
vn 0.35636 -0.93318 -0.04669
vn -0.98519 -0.04635 0.16509
vn -0.98519 -0.04635 0.16509
vn 0.0548 -0.02317 -0.99823
vn 0.0548 -0.02317 -0.99823
vn 0.0548 -0.02317 -0.99823
vn 0.0548 -0.02317 -0.99823
vn 0.36243 0.85214 -0.3775
vn 0.36243 0.85214 -0.3775
vn 0.36243 0.85214 -0.3775
vn 0.83996 0.46702 0.27633
vn 0.83996 0.46702 0.27633
vn 0.83996 0.46702 0.27633
vn -0.22229 -0.81768 0.53102
vn -0.22229 -0.81768 0.53102
vn -0.89172 -0.43485 -0.12548
vn -0.89172 -0.43485 -0.12548
vn -0.89172 -0.43485 -0.12548
vn -0.17169 0.93274 -0.31703
vn -0.17169 0.93274 -0.31703
vn -0.17169 0.93274 -0.31703
vn -0.17169 0.93274 -0.31703
vn 0.82061 0.56178 0.10487
vn 0.82061 0.56178 0.10487
vn 0.82061 0.56178 0.10487
vn 0.19694 -0.92614 0.32168
vn 0.19694 -0.92614 0.32168
vn 0.19694 -0.92614 0.32168
vn 0.19694 -0.92614 0.32168
vn -0.94218 -0.31682 -0.10919
vn -0.94218 -0.31682 -0.10919
vn -0.94218 -0.31682 -0.10919
vn -0.94218 -0.31682 -0.10919
vn -0.33581 0.92754 0.164
vn -0.33581 0.92754 0.164
vn 0.93433 0.35085 -0.06271
vn 0.93433 0.35085 -0.06271
vn 0.27368 -0.96069 -0.04669
vn 0.27368 -0.96069 -0.04669
vn 0.27368 -0.96069 -0.04669
vn -0.98548 0.0397 0.16509
vn -0.98548 0.0397 0.16509
vn -0.98548 0.0397 0.16509
vn 0.05257 -0.02786 -0.99823
vn 0.05257 -0.02786 -0.99823
vn 0.05257 -0.02786 -0.99823
vn 0.05257 -0.02786 -0.99823
vn -0.09269 0.39438 0.91426
vn -0.09269 0.39438 0.91426
vn 0.12832 -0.93064 0.34271
vn 0.12832 -0.93064 0.34271
vn 0.12832 -0.93064 0.34271
vn -0.04492 -0.21867 -0.97476
vn -0.04492 -0.21867 -0.97476
vn -0.36691 0.92537 0.09524
vn -0.36691 0.92537 0.09524
vn -0.36691 0.92537 0.09524
vn 0.86654 0.24439 0.43518
vn 0.86654 0.24439 0.43518
vn 0.86654 0.24439 0.43518
vn 0.86654 0.24439 0.43518
vn 0.63783 -0.74023 0.2127
vn 0.63783 -0.74023 0.2127
vn 0.63783 -0.74023 0.2127
vn 0.63783 -0.74023 0.2127
vn -0.8574 -0.28613 -0.42777
vn -0.8574 -0.28613 -0.42777
vn -0.85741 -0.28613 -0.42777
vn -0.29654 0.95287 0.06402
vn -0.29654 0.95287 0.06402
vn 0.89678 0.41805 0.14503
vn 0.89677 0.41805 0.14503
vn 0.43076 -0.90004 -0.06607
vn 0.43076 -0.90004 -0.06607
vn 0.43076 -0.90004 -0.06607
vn 0.43076 -0.90004 -0.06607
vn -0.92974 -0.36122 0.07144
vn -0.92974 -0.36122 0.07144
vn -0.92974 -0.36122 0.07144
vn -0.04618 0.97967 0.19523
vn -0.04618 0.97967 0.19523
vn -0.04618 0.97967 0.19523
vn -0.04618 0.97967 0.19523
vn -0.02317 -0.0548 -0.99823
vn -0.93089 -0.18344 0.3159
vn -0.93089 -0.18344 0.3159
vn -0.50091 0.56871 0.65243
vn -0.50091 0.56871 0.65243
vn 0.74386 0.62702 0.23132
vn 0.74386 0.62702 0.23132
vn 0.431 -0.8238 -0.36823
vn 0.431 -0.8238 -0.36823
vn 0.431 -0.8238 -0.36823
vn -0.84061 -0.32377 0.43422
vn -0.84061 -0.32377 0.43422
vn -0.84061 -0.32377 0.43422
vn -0.84061 -0.32377 0.43422
vn -0.73921 0.60964 0.28619
vn -0.73921 0.60964 0.28619
vn 0.75766 0.46936 -0.4535
vn 0.75766 0.46936 -0.4535
vn 0.52994 -0.83054 -0.1714
vn 0.52994 -0.83054 -0.1714
vn 0.52994 -0.83054 -0.1714
vn -0.79532 -0.58934 -0.14196
vn -0.79532 -0.58934 -0.14196
vn -0.79532 -0.58934 -0.14196
vn -0.59521 0.76196 0.25523
vn -0.59521 0.76196 0.25523
vn -0.59521 0.76196 0.25523
vn 0.80856 0.47956 0.34097
vn 0.80856 0.47956 0.34097
vn 0.80856 0.47956 0.34097
vn 0.80856 0.47956 0.34097
vn 0.32922 -0.94104 -0.07788
vn 0.32922 -0.94104 -0.07788
vn 0.32922 -0.94104 -0.07788
vn 0.0082 0.05893 -0.99823
vn 0.0082 0.05893 -0.99823
vn 0.0082 0.05893 -0.99823
vn -0.84541 0.53168 0.05101
vn -0.84541 0.53168 0.05101
vn -0.84541 0.53168 0.05101
vn -0.16069 0.93637 0.31208
vn -0.16069 0.93637 0.31208
vn 0.95 -0.27429 0.14925
vn 0.95 -0.27429 0.14925
vn 0.10363 -0.98667 -0.12543
vn 0.10363 -0.98667 -0.12543
vn 0.10363 -0.98667 -0.12543
vn -0.96347 0.15869 0.21575
vn -0.96347 0.15869 0.21575
vn -0.96347 0.15869 0.21575
vn -0.96347 0.15869 0.21575
vn -0.25562 0.94912 0.18395
vn -0.25562 0.94912 0.18395
vn 0.97533 -0.07637 -0.20713
vn 0.97533 -0.07637 -0.20713
vn 0.97533 -0.07637 -0.20713
vn 0.97533 -0.07637 -0.20713
vn -0.01765 -0.99931 -0.0328
vn -0.01765 -0.99931 -0.0328
vn -0.01765 -0.99931 -0.0328
vn -0.99878 -0.01546 -0.04693
vn -0.99878 -0.01546 -0.04693
vn -0.99878 -0.01546 -0.04693
vn -0.01079 0.99907 -0.04183
vn -0.01079 0.99907 -0.04183
vn 0.98469 -0.06031 0.16354
vn 0.98469 -0.06031 0.16354
vn -0.37897 -0.92292 0.0678
vn -0.37897 -0.92292 0.0678
vn -0.37897 -0.92292 0.0678
vn 0.04416 0.03987 -0.99823
vn 0.04416 0.03987 -0.99823
vn 0.04416 0.03987 -0.99823
vn -0.13613 0.98938 0.05101
vn -0.13613 0.98938 0.05101
vn -0.13613 0.98938 0.05101
vn 0.614 0.72499 0.31208
vn 0.614 0.72499 0.31208
vn 0.40052 -0.90405 0.14925
vn 0.40052 -0.90405 0.14925
vn -0.68922 -0.71361 -0.12543
vn -0.68922 -0.71361 -0.12543
vn -0.49774 0.84006 0.21575
vn -0.49774 0.84006 0.21575
vn -0.49774 0.84006 0.21575
vn 0.56276 0.80589 0.18395
vn 0.56276 0.80589 0.18395
vn 0.56276 0.80589 0.18395
vn 0.56276 0.80589 0.18395
vn 0.56843 -0.79623 -0.20713
vn 0.56843 -0.79623 -0.20713
vn -0.77686 -0.62882 -0.0328
vn -0.77686 -0.62882 -0.0328
vn -0.77686 -0.62882 -0.0328
vn -0.65385 0.75517 -0.04693
vn -0.65385 0.75517 -0.04693
vn -0.65385 0.75517 -0.04693
vn 0.7584 0.65045 -0.04183
vn 0.7584 0.65045 -0.04183
vn 0.7584 0.65045 -0.04183
vn 0.58675 -0.79308 0.16354
vn 0.58675 -0.79308 0.16354
vn 0.58675 -0.79308 0.16354
vn 0.58675 -0.79308 0.16354
vn -0.9506 -0.30293 0.0678
vn -0.9506 -0.30293 0.0678
vn 0.05893 -0.0082 -0.99823
vn 0.05893 -0.0082 -0.99823
vn 0.05893 -0.0082 -0.99823
vn 0.98719 0.08569 -0.13459
vn 0.98719 0.08569 -0.13459
vn 0.98719 0.08569 -0.13459
vn 0.09872 -0.98297 0.15502
vn 0.09872 -0.98297 0.15502
vn -0.98132 -0.08511 0.17252
vn -0.98132 -0.08511 0.17252
vn -0.98132 -0.08511 0.17252
vn -0.11411 0.99325 -0.02066
vn -0.11411 0.99325 -0.02066
vn -0.11411 0.99325 -0.02066
vn 0.98409 0.0859 0.15555
vn 0.98409 0.0859 0.15555
vn 0.98409 0.0859 0.15555
vn 0.1137 -0.99322 0.02434
vn 0.1137 -0.99322 0.02434
vn 0.1137 -0.99322 0.02434
vn -0.98811 -0.0862 -0.12728
vn -0.98811 -0.0862 -0.12728
vn -0.98811 -0.0862 -0.12728
vn -0.98811 -0.0862 -0.12728
vn -0.12329 0.98988 0.07026
vn -0.12329 0.98988 0.07026
vn 0.94154 0.08139 -0.32692
vn 0.94154 0.08139 -0.32692
vn 0.94154 0.08139 -0.32692
vn 0.09756 -0.98153 0.16454
vn 0.09756 -0.98153 0.16454
vn -0.92203 -0.0796 0.37883
vn -0.92203 -0.0796 0.37883
vn -0.92203 -0.0796 0.37883
vn -0.92203 -0.0796 0.37883
vn -0.12263 0.99042 0.06349
vn 0.10392 0.00737 -0.99456
vn 0.10392 0.00737 -0.99456
vn 0.10392 0.00737 -0.99456
vn 0.10392 0.00737 -0.99456
vn 0.10392 0.00737 -0.99456
vn 0.10392 0.00737 -0.99456
vn 0.10392 0.00737 -0.99456
vn 0.10392 0.00738 -0.99456
vn 0.10392 0.00738 -0.99456
vn -0.93137 -0.33827 -0.13459
vn -0.34978 0.92392 0.15502
vn -0.34978 0.92392 0.15502
vn -0.34978 0.92392 0.15502
vn 0.92586 0.3362 0.17252
vn 0.92586 0.3362 0.17252
vn 0.92586 0.3362 0.17252
vn 0.36728 -0.92988 -0.02066
vn 0.36728 -0.92988 -0.02066
vn -0.89053 -0.32423 0.3191
vn -0.89053 -0.32423 0.3191
vn -0.89053 -0.32423 0.3191
vn -0.89053 -0.32423 0.3191
vn -0.31634 0.88937 0.33007
vn -0.31634 0.88937 0.33007
vn 0.90517 0.32946 -0.26855
vn 0.90517 0.32946 -0.26855
vn 0.90517 0.32946 -0.26855
vn 0.90517 0.32946 -0.26855
vn 0.3482 -0.92278 -0.16501
vn 0.3482 -0.92278 -0.16501
vn 0.3482 -0.92278 -0.16501
vn -0.88839 -0.3223 -0.32692
vn -0.88839 -0.3223 -0.32692
vn -0.88839 -0.3223 -0.32692
vn -0.34828 0.92284 0.16453
vn -0.34828 0.92284 0.16453
vn -0.34828 0.92284 0.16453
vn 0.87001 0.31553 0.37883
vn 0.87001 0.31553 0.37883
vn 0.37479 -0.92493 0.06349
vn 0.37479 -0.92493 0.06349
vn 0.37479 -0.92493 0.06349
vn -0.09847 -0.03402 -0.99456
vn -0.09847 -0.03402 -0.99456
vn -0.09847 -0.03402 -0.99456
vn -0.09847 -0.03402 -0.99456
vn -0.09847 -0.03402 -0.99456
vn -0.09847 -0.03402 -0.99456
vn -0.09847 -0.03402 -0.99456
vn -0.09847 -0.03402 -0.99456
vn -0.09847 -0.03402 -0.99456
vn 0.15743 0.68633 -0.71004
vn 0.15743 0.68633 -0.71004
vn 0.66837 0.737 -0.1005
vn 0.66837 0.737 -0.1005
vn -0.18426 -0.62747 0.75652
vn -0.18426 -0.62747 0.75652
vn -0.50197 -0.6498 0.57077
vn -0.50197 -0.6498 0.57077
vn -0.44632 0.63177 -0.63377
vn -0.44632 0.63177 -0.63377
vn -0.44632 0.63177 -0.63377
vn -0.44632 0.63177 -0.63377
vn 0.50432 0.85573 0.1157
vn 0.50432 0.85573 0.1157
vn 0.50432 0.85573 0.1157
vn 0.50432 0.85573 0.1157
vn 0.43843 -0.64789 0.62291
vn 0.43843 -0.64789 0.62291
vn 0.43843 -0.64789 0.62291
vn 0.43843 -0.64789 0.62291
vn -0.64374 -0.67172 0.3666
vn -0.64374 -0.67172 0.3666
vn -0.64374 -0.67172 0.3666
vn -0.64374 -0.67172 0.3666
vn -0.71628 0.68437 -0.13627
vn -0.71628 0.68437 -0.13627
vn -0.71629 0.68437 -0.13627
vn 0.69845 0.71268 -0.06525
vn 0.69845 0.71268 -0.06525
vn 0.69845 0.71267 -0.06525
vn 0.64502 -0.72273 0.24822
vn 0.64502 -0.72273 0.24822
vn 0.64502 -0.72273 0.24822
vn 0.64502 -0.72273 0.24822
vn -0.92143 -0.38494 0.05283
vn -0.92143 -0.38494 0.05283
vn -0.92143 -0.38494 0.05283
vn -0.92143 -0.38494 0.05283
vn 0.05942 -0.00303 -0.99823
vn 0.05942 -0.00303 -0.99823
vn 0.89835 0.41816 -0.13459
vn 0.89835 0.41816 -0.13459
vn 0.89835 0.41816 -0.13459
vn 0.42898 -0.88991 0.15502
vn 0.42898 -0.88991 0.15502
vn 0.42898 -0.88991 0.15502
vn -0.89303 -0.41561 0.17252
vn -0.89303 -0.41561 0.17252
vn -0.89303 -0.41561 0.17252
vn -0.44694 0.89433 -0.02066
vn -0.44694 0.89433 -0.02066
vn -0.44694 0.89433 -0.02066
vn 0.89536 0.4173 0.15555
vn 0.89536 0.4173 0.15555
vn 0.89536 0.4173 0.15555
vn 0.44655 -0.89443 0.02434
vn 0.44655 -0.89443 0.02434
vn 0.44655 -0.89443 0.02434
vn 0.44655 -0.89443 0.02434
vn -0.89904 -0.41896 -0.12728
vn -0.89904 -0.41896 -0.12728
vn -0.89904 -0.41896 -0.12728
vn -0.45441 0.88802 0.07026
vn -0.45441 0.88802 0.07026
vn -0.45441 0.88802 0.07026
vn 0.85692 0.39851 -0.32692
vn 0.85692 0.39851 -0.32692
vn 0.85692 0.39851 -0.32692
vn 0.85692 0.39851 -0.32692
vn 0.42739 -0.88897 0.16454
vn 0.42739 -0.88897 0.16454
vn -0.8392 -0.39016 0.37883
vn -0.8392 -0.39016 0.37883
vn -0.8392 -0.39016 0.37883
vn -0.45398 0.88875 0.06349
vn -0.45398 0.88875 0.06349
vn -0.45398 0.88875 0.06349
vn 0.09513 0.04247 -0.99456
vn 0.09513 0.04248 -0.99456
vn 0.09513 0.04247 -0.99456
vn 0.09514 0.04247 -0.99456
vn 0.09513 0.04247 -0.99456
vn 0.09513 0.04247 -0.99456
vn 0.09513 0.04247 -0.99456
vn 0.09513 0.04247 -0.99456
vn 0.09513 0.04247 -0.99456
vn 0.21047 0.97627 0.05101
vn 0.21047 0.97627 0.05101
vn 0.21047 0.97627 0.05101
vn 0.82494 0.47126 0.31208
vn 0.82494 0.47126 0.31208
vn 0.82494 0.47126 0.31208
vn 0.06717 -0.98652 0.14925
vn 0.06717 -0.98652 0.14925
vn -0.89173 -0.43485 -0.12543
vn -0.89173 -0.43485 -0.12543
vn -0.18041 0.95964 0.21575
vn -0.18041 0.95964 0.21575
vn -0.18041 0.95964 0.21575
vn -0.18041 0.95964 0.21575
vn 0.80445 0.56482 0.18395
vn 0.80445 0.56482 0.18395
vn 0.26182 -0.94263 -0.20713
vn 0.26182 -0.94263 -0.20713
vn 0.26182 -0.94263 -0.20713
vn -0.94507 -0.3252 -0.0328
vn -0.94507 -0.3252 -0.0328
vn -0.94507 -0.3252 -0.0328
vn -0.35613 0.93326 -0.04693
vn -0.35613 0.93326 -0.04693
vn -0.35613 0.93326 -0.04693
vn -0.35613 0.93326 -0.04693
vn 0.93512 0.35184 -0.04183
vn 0.93512 0.35184 -0.04183
vn 0.28012 -0.94593 0.16354
vn 0.28012 -0.94593 0.16354
vn 0.28012 -0.94593 0.16354
vn 0.28012 -0.94593 0.16354
vn -0.99688 0.04046 0.0678
vn -0.99688 0.04046 0.0678
vn -0.99688 0.04046 0.0678
vn 0.05257 -0.02786 -0.99823
vn 0.05257 -0.02786 -0.99823
vn 0.05257 -0.02786 -0.99823
vn 0.05257 -0.02786 -0.99823
vn 0.22114 -0.45897 0.86049
vn 0.22114 -0.45897 0.86049
vn 0.22114 -0.45897 0.86049
vn -0.15159 -0.33172 0.93112
vn -0.15159 -0.33172 0.93112
vn -0.15159 -0.33172 0.93112
vn -0.49636 0.55501 -0.66752
vn -0.49636 0.55501 -0.66752
vn 0.73003 0.26422 -0.63027
vn 0.73003 0.26422 -0.63027
vn 0.08902 -0.88167 0.46339
vn -0.76002 -0.48442 0.43326
vn -0.76002 -0.48442 0.43326
vn -0.76002 -0.48442 0.43326
vn -0.19117 0.87929 -0.43624
vn -0.19117 0.87929 -0.43624
vn 0.95508 0.22257 -0.19565
vn 0.95508 0.22257 -0.19565
vn 0.95508 0.22257 -0.19565
vn 0.95508 0.22257 -0.19565
vn 0.26153 -0.96054 0.09473
vn 0.26153 -0.96054 0.09473
vn 0.26153 -0.96054 0.09473
vn 0.26153 -0.96054 0.09473
vn -0.96082 -0.27168 0.05497
vn -0.96082 -0.27168 0.05497
vn -0.96082 -0.27168 0.05497
vn -0.19515 0.97577 0.0989
vn -0.19515 0.97577 0.0989
vn -0.19515 0.97577 0.0989
vn 0.9892 -0.12712 0.07292
vn 0.9892 -0.12712 0.07292
vn 0.9892 -0.12712 0.07292
vn 0.9892 -0.12712 0.07292
vn -0.04995 0.03234 -0.99823
vn -0.04995 0.03234 -0.99823
vn -0.04995 0.03234 -0.99823
vn 0.88315 0.46632 0.051
vn 0.88315 0.46632 0.051
vn 0.88315 0.46632 0.051
vn 0.89125 -0.32905 0.31208
vn 0.89125 -0.32905 0.31208
vn -0.71256 -0.68555 0.14924
vn -0.71256 -0.68555 0.14924
vn -0.90631 0.40357 -0.12543
vn -0.90631 0.40357 -0.12543
vn -0.90631 0.40357 -0.12543
vn 0.61916 0.75505 0.21575
vn 0.61916 0.75505 0.21575
vn 0.61916 0.75505 0.21575
vn 0.61916 0.75505 0.21575
vn 0.94976 -0.25321 0.18394
vn 0.94976 -0.25321 0.18394
vn -0.5538 -0.80647 -0.20713
vn -0.5538 -0.80647 -0.20713
vn -0.5538 -0.80647 -0.20713
vn -0.8566 0.51493 -0.0328
vn -0.8566 0.51493 -0.0328
vn 0.486 0.8727 -0.04693
vn 0.486 0.8727 -0.04693
vn 0.486 0.8727 -0.04693
vn 0.87061 -0.4902 -0.04183
vn 0.87061 -0.4902 -0.04183
vn 0.87061 -0.4902 -0.04183
vn 0.87061 -0.4902 -0.04183
vn -0.54457 -0.82261 0.16354
vn -0.54457 -0.82261 0.16354
vn -0.60979 0.78966 0.0678
vn -0.60979 0.78966 0.0678
vn -0.60979 0.78966 0.0678
vn 0.01245 -0.05818 -0.99823
vn 0.01245 -0.05818 -0.99823
vn 0.01245 -0.05818 -0.99823
vn 0.01245 -0.05818 -0.99823
vn 0.21047 0.97627 0.05101
vn 0.21047 0.97627 0.05101
vn 0.21047 0.97627 0.05101
vn 0.82492 0.47129 0.31207
vn 0.82492 0.47129 0.31207
vn 0.06717 -0.98652 0.14925
vn 0.06717 -0.98652 0.14925
vn -0.89172 -0.43486 -0.12543
vn -0.89172 -0.43486 -0.12543
vn -0.89172 -0.43486 -0.12543
vn -0.18041 0.95964 0.21575
vn -0.18041 0.95964 0.21575
vn -0.18041 0.95964 0.21575
vn -0.18041 0.95964 0.21575
vn 0.80445 0.56483 0.18395
vn 0.80445 0.56483 0.18395
vn 0.80445 0.56483 0.18395
vn 0.26182 -0.94263 -0.20713
vn 0.26182 -0.94263 -0.20713
vn 0.26182 -0.94263 -0.20713
vn -0.94507 -0.32521 -0.0328
vn -0.94507 -0.32521 -0.0328
vn -0.94507 -0.32521 -0.0328
vn -0.94507 -0.32521 -0.0328
vn -0.35614 0.93325 -0.04693
vn -0.35614 0.93325 -0.04693
vn -0.35614 0.93325 -0.04693
vn -0.35614 0.93325 -0.04693
vn 0.93513 0.35183 -0.04183
vn 0.93513 0.35183 -0.04183
vn 0.93513 0.35183 -0.04183
vn 0.93513 0.35183 -0.04183
vn 0.28011 -0.94593 0.16354
vn 0.28011 -0.94593 0.16354
vn -0.99688 0.04045 0.0678
vn -0.99688 0.04045 0.0678
vn -0.99688 0.04045 0.0678
vn 0.05257 -0.02786 -0.99823
vn 0.05257 -0.02786 -0.99823
vn 0.05257 -0.02786 -0.99823
vn 0.05257 -0.02786 -0.99823
vn 0.70019 -0.70116 -0.13459
vn 0.70019 -0.70116 -0.13459
vn 0.70019 -0.70116 -0.13459
vn -0.68957 -0.70744 0.15502
vn -0.68957 -0.70744 0.15502
vn -0.68957 -0.70744 0.15502
vn -0.69599 0.69702 0.17252
vn -0.69599 0.69702 0.17252
vn -0.69599 0.69702 0.17252
vn 0.68753 0.72586 -0.02066
vn 0.68753 0.72586 -0.02066
vn 0.69836 -0.69864 0.15555
vn 0.69836 -0.69864 0.15555
vn -0.68777 -0.72552 0.02434
vn -0.68777 -0.72552 0.02434
vn -0.68777 -0.72552 0.02434
vn -0.70119 0.70152 -0.12728
vn -0.70119 0.70152 -0.12728
vn -0.70119 0.70152 -0.12728
vn 0.67906 0.73072 0.07026
vn 0.67906 0.73072 0.07026
vn 0.67906 0.73072 0.07026
vn 0.66756 -0.66895 -0.32692
vn 0.66756 -0.66895 -0.32692
vn 0.66756 -0.66895 -0.32692
vn -0.68919 -0.70566 0.16454
vn -0.68919 -0.70566 0.16454
vn -0.65365 0.65515 0.37883
vn -0.65365 0.65515 0.37883
vn -0.65365 0.65515 0.37883
vn -0.65365 0.65515 0.37883
vn 0.67987 0.73058 0.06349
vn 0.67987 0.73058 0.06349
vn 0.67987 0.73058 0.06349
vn 0.67987 0.73058 0.06349
vn 0.07245 -0.07487 -0.99456
vn 0.07245 -0.07487 -0.99456
vn 0.07245 -0.07487 -0.99456
vn 0.07245 -0.07487 -0.99456
vn 0.07244 -0.07487 -0.99456
vn 0.07244 -0.07487 -0.99456
vn 0.07245 -0.07487 -0.99456
vn 0.07245 -0.07487 -0.99456
vn 0.07245 -0.07487 -0.99456
vn 0.89835 0.41816 -0.13459
vn 0.89835 0.41816 -0.13459
vn 0.89835 0.41816 -0.13459
vn 0.42896 -0.88992 0.15502
vn 0.42896 -0.88992 0.15502
vn -0.89303 -0.41562 0.17252
vn -0.89303 -0.41562 0.17252
vn -0.44693 0.89433 -0.02066
vn -0.44693 0.89433 -0.02066
vn 0.89536 0.4173 0.15555
vn 0.89536 0.4173 0.15555
vn 0.89536 0.4173 0.15555
vn 0.44654 -0.89443 0.02434
vn 0.44654 -0.89443 0.02434
vn 0.44654 -0.89443 0.02434
vn 0.44654 -0.89443 0.02434
vn -0.89904 -0.41896 -0.12728
vn -0.89904 -0.41896 -0.12728
vn -0.89904 -0.41896 -0.12728
vn -0.89904 -0.41896 -0.12728
vn -0.4544 0.88802 0.07026
vn -0.4544 0.88802 0.07026
vn -0.4544 0.88802 0.07026
vn 0.85692 0.39851 -0.32692
vn 0.85692 0.39851 -0.32692
vn 0.85692 0.39851 -0.32692
vn 0.85692 0.39851 -0.32692
vn 0.42738 -0.88897 0.16454
vn 0.42738 -0.88897 0.16454
vn 0.42738 -0.88897 0.16454
vn -0.8392 -0.39016 0.37883
vn -0.8392 -0.39016 0.37883
vn -0.8392 -0.39016 0.37883
vn -0.45398 0.88875 0.06349
vn -0.45398 0.88875 0.06349
vn -0.45398 0.88875 0.06349
vn -0.45398 0.88875 0.06349
vn 0.09514 0.04247 -0.99456
vn 0.09514 0.04248 -0.99456
vn 0.09513 0.04247 -0.99456
vn 0.09514 0.04247 -0.99456
vn 0.09513 0.04247 -0.99456
vn 0.09513 0.04247 -0.99456
vn 0.09513 0.04247 -0.99456
vn 0.09513 0.04247 -0.99456
vn 0.09513 0.04247 -0.99456
vn -0.93137 -0.33828 -0.13459
vn -0.93137 -0.33828 -0.13459
vn -0.93137 -0.33828 -0.13459
vn -0.34976 0.92392 0.15502
vn -0.34976 0.92392 0.15502
vn -0.34976 0.92392 0.15502
vn 0.92586 0.33619 0.17252
vn 0.92586 0.33619 0.17252
vn 0.92586 0.33619 0.17252
vn 0.36729 -0.92988 -0.02066
vn 0.36729 -0.92988 -0.02066
vn -0.89053 -0.32423 0.3191
vn -0.89053 -0.32423 0.3191
vn -0.89053 -0.32423 0.3191
vn -0.31633 0.88937 0.33007
vn -0.31633 0.88937 0.33007
vn -0.31633 0.88937 0.33007
vn 0.90517 0.32946 -0.26855
vn 0.90517 0.32946 -0.26855
vn 0.90517 0.32946 -0.26855
vn 0.34821 -0.92278 -0.16501
vn 0.34821 -0.92278 -0.16501
vn 0.34821 -0.92278 -0.16501
vn -0.88839 -0.3223 -0.32692
vn -0.88839 -0.3223 -0.32692
vn -0.88839 -0.3223 -0.32692
vn -0.34828 0.92284 0.16454
vn -0.34828 0.92284 0.16454
vn -0.34828 0.92284 0.16454
vn 0.87001 0.31553 0.37883
vn 0.87001 0.31553 0.37883
vn 0.87001 0.31553 0.37883
vn 0.37479 -0.92494 0.06348
vn 0.37479 -0.92494 0.06348
vn -0.09847 -0.03402 -0.99456
vn -0.09847 -0.03402 -0.99456
vn -0.09847 -0.03402 -0.99456
vn -0.09847 -0.03402 -0.99456
vn -0.09847 -0.03402 -0.99456
vn -0.09847 -0.03402 -0.99456
vn -0.09847 -0.03402 -0.99456
vn -0.09847 -0.03402 -0.99456
vn -0.09847 -0.03402 -0.99456
vn 0.15743 0.68633 -0.71004
vn 0.15743 0.68633 -0.71004
vn 0.66838 0.737 -0.10049
vn -0.18426 -0.62747 0.75652
vn -0.18426 -0.62747 0.75652
vn -0.18426 -0.62747 0.75652
vn -0.50196 -0.64981 0.57078
vn -0.50196 -0.64981 0.57078
vn -0.44632 0.63177 -0.63377
vn -0.44632 0.63177 -0.63377
vn -0.44632 0.63177 -0.63377
vn -0.44632 0.63177 -0.63377
vn 0.50433 0.85573 0.11571
vn 0.50433 0.85573 0.11571
vn 0.50433 0.85573 0.11571
vn 0.50433 0.85573 0.11571
vn 0.43843 -0.64788 0.62291
vn 0.43843 -0.64788 0.62291
vn -0.64372 -0.67172 0.36661
vn -0.64372 -0.67172 0.36661
vn -0.64372 -0.67172 0.36661
vn -0.71628 0.68437 -0.13627
vn -0.71628 0.68437 -0.13627
vn -0.71628 0.68437 -0.13627
vn -0.71628 0.68437 -0.13627
vn 0.69845 0.71267 -0.06525
vn 0.64502 -0.72273 0.24822
vn 0.64502 -0.72273 0.24822
vn 0.64502 -0.72273 0.24822
vn 0.64502 -0.72273 0.24822
vn -0.92143 -0.38494 0.05283
vn -0.92143 -0.38494 0.05283
vn -0.92143 -0.38494 0.05283
vn -0.92143 -0.38494 0.05283
vn 0.05942 -0.00303 -0.99823
vn 0.05942 -0.00303 -0.99823
vn 0.05942 -0.00303 -0.99823
vn 0.05942 -0.00303 -0.99823
vn 0.79585 -0.60335 0.05102
vn 0.79585 -0.60335 0.05102
vn 0.79585 -0.60335 0.05102
vn 0.07849 -0.94681 0.31207
vn 0.07849 -0.94681 0.31207
vn -0.92248 0.35603 0.14925
vn -0.92248 0.35603 0.14925
vn -0.92248 0.35603 0.14925
vn -0.01722 0.99195 -0.12544
vn -0.01722 0.99195 -0.12544
vn 0.94597 -0.24206 0.21574
vn 0.94597 -0.24206 0.21574
vn 0.94597 -0.24206 0.21574
vn 0.17195 -0.96778 0.18395
vn 0.17195 -0.96778 0.18395
vn 0.17195 -0.96778 0.18395
vn -0.96496 0.16107 -0.20713
vn -0.96496 0.16107 -0.20713
vn -0.96496 0.16107 -0.20713
vn -0.96496 0.16107 -0.20713
vn 0.10469 0.99396 -0.03279
vn 0.10469 0.99396 -0.03279
vn 0.10469 0.99396 -0.03279
vn 0.99633 -0.07165 -0.04692
vn 0.99633 -0.07165 -0.04692
vn 0.99633 -0.07165 -0.04692
vn 0.99633 -0.07165 -0.04692
vn -0.07632 -0.99621 -0.04183
vn -0.07632 -0.99621 -0.04183
vn -0.07632 -0.99621 -0.04183
vn -0.97569 0.1459 0.16354
vn -0.97569 0.1459 0.16354
vn -0.97569 0.1459 0.16354
vn -0.97569 0.1459 0.16354
vn 0.45798 0.88638 0.0678
vn 0.45798 0.88638 0.0678
vn 0.45798 0.88638 0.0678
vn 0.45798 0.88638 0.0678
vn -0.04747 -0.03587 -0.99823
vn -0.04747 -0.03587 -0.99823
vn -0.04747 -0.03587 -0.99823
vn -0.04747 -0.03587 -0.99823
vn -0.28349 -0.92169 0.2648
vn -0.28349 -0.92169 0.2648
vn -0.88753 0.07625 0.45439
vn -0.88753 0.07625 0.45439
vn -0.88753 0.07625 0.45439
vn 0.17646 0.98339 -0.04244
vn 0.17646 0.98339 -0.04244
vn 0.17646 0.98339 -0.04244
vn 0.97954 0.03194 -0.19868
vn 0.97954 0.03194 -0.19868
vn -0.01409 -0.973 -0.2304
vn -0.01409 -0.973 -0.2304
vn -0.98075 -0.15112 -0.12363
vn -0.98075 -0.15112 -0.12363
vn -0.98075 -0.15112 -0.12363
vn 0.0596 0.97005 0.2355
vn 0.0596 0.97005 0.2355
vn 0.0596 0.97005 0.2355
vn 0.0596 0.97005 0.2355
vn 0.98337 0.17203 0.05823
vn 0.98337 0.17203 0.05823
vn 0.98337 0.17203 0.05823
vn 0.98337 0.17203 0.05823
vn 0.20059 -0.93111 0.30462
vn 0.20059 -0.93111 0.30462
vn 0.20059 -0.93111 0.30462
vn 0.20059 -0.93111 0.30462
vn -0.95217 -0.13756 0.27286
vn -0.95217 -0.13756 0.27286
vn -0.07994 0.99073 -0.10987
vn -0.07994 0.99073 -0.10987
vn -0.07994 0.99073 -0.10987
vn 0.99295 -0.1169 -0.01937
vn 0.99295 -0.1169 -0.01937
vn 0.99295 -0.1169 -0.01937
vn -0.04694 0.03657 -0.99823
vn -0.04694 0.03657 -0.99823
vn -0.04694 0.03657 -0.99823
vn 0.73237 0.67899 0.05101
vn 0.73237 0.67899 0.05101
vn 0.73237 0.67899 0.05101
vn 0.94604 -0.08723 0.3121
vn 0.94604 -0.08723 0.3121
vn 0.94604 -0.08723 0.3121
vn -0.51084 -0.84663 0.14924
vn -0.51084 -0.84663 0.14924
vn -0.97988 0.15527 -0.12543
vn -0.97988 0.15527 -0.12543
vn -0.97988 0.15527 -0.12543
vn 0.40264 0.88957 0.21575
vn 0.40264 0.88957 0.21575
vn 0.40264 0.88957 0.21575
vn 0.98294 0.0012 0.18394
vn 0.98294 0.0012 0.18394
vn 0.98294 0.0012 0.18394
vn 0.98294 0.0012 0.18394
vn -0.3262 -0.92233 -0.20713
vn -0.3262 -0.92233 -0.20713
vn -0.3262 -0.92233 -0.20713
vn -0.3262 -0.92233 -0.20713
vn -0.96069 0.27568 -0.0328
vn -0.96069 0.27568 -0.0328
vn -0.96069 0.27568 -0.0328
vn 0.24357 0.96875 -0.04693
vn 0.24357 0.96875 -0.04693
vn 0.24357 0.96875 -0.04693
vn 0.24357 0.96875 -0.04693
vn 0.96781 -0.24817 -0.04183
vn 0.96781 -0.24817 -0.04183
vn 0.96781 -0.24817 -0.04183
vn 0.96781 -0.24817 -0.04183
vn -0.31311 -0.93553 0.16354
vn -0.7934 0.60492 0.0678
vn -0.7934 0.60492 0.0678
vn -0.7934 0.60492 0.0678
vn 0.02709 -0.05298 -0.99823
vn 0.02709 -0.05298 -0.99823
vn 0.02709 -0.05298 -0.99823
vn -0.82784 0.50526 0.24371
vn -0.82784 0.50526 0.24371
vn 0.01829 0.87993 0.47475
vn 0.01829 0.87993 0.47475
vn 0.01829 0.87993 0.47475
vn 0.98696 -0.15612 0.03916
vn 0.98696 -0.15612 0.03916
vn 0.98696 -0.15612 0.03916
vn -0.22376 -0.95349 -0.20196
vn -0.22376 -0.95349 -0.20196
vn -0.22376 -0.95349 -0.20196
vn -0.9089 0.33605 0.24693
vn -0.9089 0.33605 0.24693
vn -0.9089 0.33605 0.24693
vn -0.06354 0.97681 0.20446
vn -0.06354 0.97681 0.20446
vn -0.06354 0.97681 0.20446
vn 0.94403 -0.21448 -0.25063
vn 0.94403 -0.21448 -0.25063
vn 0.94403 -0.21448 -0.25063
vn 0.94403 -0.21448 -0.25063
vn -0.2128 -0.96172 -0.17268
vn -0.2128 -0.96172 -0.17268
vn -0.2128 -0.96172 -0.17268
vn -0.2128 -0.96172 -0.17268
vn -0.98882 0.1413 -0.04773
vn -0.98882 0.1413 -0.04773
vn -0.98882 0.1413 -0.04773
vn -0.98882 0.1413 -0.04773
vn 0.16189 0.98499 0.0599
vn 0.16189 0.98499 0.0599
vn 0.16189 0.98499 0.0599
vn 0.96035 -0.21781 0.17403
vn 0.96035 -0.21781 0.17403
vn 0.96035 -0.21781 0.17403
vn 0.96035 -0.21781 0.17403
vn -0.43748 -0.89769 0.05252
vn -0.43748 -0.89769 0.05252
vn -0.43748 -0.89769 0.05252
vn 0.04747 0.03587 -0.99823
vn 0.04747 0.03587 -0.99823
vn 0.04747 0.03587 -0.99823
vn 0.1714 -0.97596 -0.13459
vn 0.1714 -0.97596 -0.13459
vn 0.1714 -0.97596 -0.13459
vn -0.97061 -0.18409 0.15501
vn -0.97061 -0.18409 0.15501
vn -0.17031 0.97017 0.17252
vn -0.17031 0.97017 0.17252
vn 0.97955 0.20014 -0.02068
vn 0.97955 0.20014 -0.02068
vn 0.17134 -0.97286 0.15555
vn 0.17134 -0.97286 0.15555
vn 0.17134 -0.97286 0.15555
vn -0.97953 -0.1998 0.02434
vn -0.97953 -0.1998 0.02434
vn -0.97953 -0.1998 0.02434
vn -0.97953 -0.1998 0.02434
vn -0.172 0.97684 -0.12728
vn -0.172 0.97684 -0.12728
vn 0.97538 0.20904 0.07027
vn 0.97538 0.20904 0.07027
vn 0.97538 0.20904 0.07027
vn 0.97538 0.20904 0.07027
vn 0.16313 -0.93087 -0.32692
vn 0.16313 -0.93087 -0.32692
vn 0.16313 -0.93087 -0.32692
vn 0.16313 -0.93087 -0.32692
vn -0.9693 -0.18271 0.16455
vn -0.9693 -0.18271 0.16455
vn -0.9693 -0.18271 0.16455
vn -0.15966 0.91159 0.37884
vn -0.15966 0.91159 0.37884
vn -0.15966 0.91159 0.37884
vn 0.97597 0.20844 0.06347
vn 0.97597 0.20844 0.06347
vn 0.97597 0.20844 0.06347
vn 0.97597 0.20844 0.06347
vn 0.0164 -0.10288 -0.99456
vn 0.01641 -0.10288 -0.99456
vn 0.0164 -0.10288 -0.99456
vn 0.0164 -0.10288 -0.99456
vn 0.0164 -0.10288 -0.99456
vn 0.0164 -0.10288 -0.99456
vn 0.0164 -0.10288 -0.99456
vn 0.0164 -0.10288 -0.99456
vn 0.0164 -0.10287 -0.99456
vn 0.85781 -0.49603 -0.13459
vn 0.85781 -0.49603 -0.13459
vn 0.85781 -0.49603 -0.13459
vn -0.48284 -0.86188 0.155
vn -0.48284 -0.86188 0.155
vn -0.85264 0.4932 0.17251
vn -0.85264 0.4932 0.17251
vn -0.85264 0.4932 0.17251
vn 0.47636 0.87901 -0.02068
vn 0.47636 0.87901 -0.02068
vn 0.85538 -0.49409 0.15555
vn 0.85538 -0.49409 0.15555
vn 0.85538 -0.49409 0.15555
vn -0.47653 -0.87882 0.02435
vn -0.47653 -0.87882 0.02435
vn -0.47653 -0.87882 0.02435
vn -0.47653 -0.87882 0.02435
vn -0.85885 0.49616 -0.12727
vn -0.85885 0.49616 -0.12727
vn -0.85885 0.49616 -0.12727
vn 0.46681 0.88156 0.07026
vn 0.46681 0.88156 0.07026
vn 0.46681 0.88156 0.07026
vn 0.81794 -0.47339 -0.32692
vn 0.81794 -0.47339 -0.32692
vn 0.81794 -0.47339 -0.32692
vn -0.48307 -0.85998 0.16454
vn -0.48307 -0.85998 0.16454
vn -0.48307 -0.85998 0.16454
vn -0.80095 0.46365 0.37883
vn -0.80095 0.46365 0.37883
vn -0.80095 0.46365 0.37883
vn -0.80095 0.46365 0.37883
vn 0.46762 0.88164 0.06349
vn 0.46762 0.88164 0.06349
vn 0.46762 0.88164 0.06349
vn 0.46762 0.88164 0.06349
vn 0.08936 -0.05357 -0.99456
vn 0.08936 -0.05357 -0.99456
vn 0.08935 -0.05356 -0.99456
vn 0.08936 -0.05357 -0.99456
vn 0.08936 -0.05357 -0.99456
vn 0.08936 -0.05357 -0.99456
vn 0.08935 -0.05356 -0.99456
vn 0.08936 -0.05356 -0.99456
vn 0.08935 -0.05356 -0.99456
vn 0.08701 0.98707 -0.13459
vn 0.98518 -0.07347 0.15502
vn 0.98518 -0.07347 0.15502
vn -0.08658 -0.98119 0.17252
vn -0.08658 -0.98119 0.17252
vn -0.99798 0.06014 -0.02067
vn -0.99798 0.06014 -0.02067
vn -0.99798 0.06014 -0.02067
vn 0.08627 0.98405 0.15555
vn 0.08627 0.98405 0.15555
vn 0.08627 0.98405 0.15555
vn 0.08627 0.98405 0.15555
vn 0.99787 -0.06051 0.02435
vn 0.99787 -0.06051 0.02435
vn 0.99787 -0.06051 0.02435
vn 0.99787 -0.06051 0.02435
vn -0.08669 -0.98807 -0.12728
vn -0.08669 -0.98807 -0.12728
vn -0.08669 -0.98807 -0.12728
vn -0.99625 0.05045 0.07025
vn -0.99625 0.05045 0.07025
vn -0.99625 0.05045 0.07025
vn 0.08334 0.94137 -0.32692
vn 0.08334 0.94137 -0.32692
vn 0.08334 0.94137 -0.32692
vn 0.08334 0.94137 -0.32692
vn 0.98357 -0.07434 0.16452
vn 0.98357 -0.07434 0.16452
vn 0.98357 -0.07434 0.16452
vn -0.08172 -0.92185 0.37883
vn -0.08172 -0.92185 0.37883
vn -0.08172 -0.92185 0.37883
vn -0.99667 0.05121 0.06349
vn -0.99667 0.05121 0.06349
vn -0.99667 0.05121 0.06349
vn -0.99667 0.05121 0.06349
vn 0.01078 0.10362 -0.99456
vn 0.01078 0.10362 -0.99456
vn 0.01078 0.10362 -0.99456
vn 0.01078 0.10362 -0.99456
vn 0.01078 0.10362 -0.99456
vn 0.01078 0.10362 -0.99456
vn 0.01078 0.10362 -0.99456
vn 0.01078 0.10362 -0.99456
vn 0.01078 0.10362 -0.99456
vn 0.21333 0.34441 0.91426
vn 0.21333 0.34441 0.91426
vn 0.21333 0.34441 0.91426
vn -0.56732 -0.74879 0.34273
vn -0.56732 -0.74879 0.34273
vn -0.18638 -0.12285 -0.97477
vn -0.18638 -0.12285 -0.97477
vn -0.18638 -0.12285 -0.97477
vn 0.39489 0.91377 0.0953
vn 0.39489 0.91377 0.0953
vn 0.78554 -0.43994 0.43518
vn 0.78554 -0.43994 0.43518
vn -0.07239 -0.97443 0.2127
vn -0.07239 -0.97443 0.2127
vn -0.07239 -0.97443 0.2127
vn -0.07239 -0.97443 0.2127
vn -0.8086 0.40396 -0.42776
vn -0.8086 0.40396 -0.42776
vn -0.8086 0.40396 -0.42776
vn 0.46411 0.88346 0.06403
vn 0.46411 0.88346 0.06403
vn 0.46411 0.88346 0.06403
vn 0.92972 -0.33852 0.14503
vn 0.92972 -0.33852 0.14503
vn -0.33182 -0.94103 -0.06607
vn -0.33182 -0.94103 -0.06607
vn -0.33182 -0.94103 -0.06607
vn -0.91285 0.40201 0.07143
vn -0.91285 0.40201 0.07143
vn -0.91285 0.40201 0.07143
vn -0.91285 0.40201 0.07143
vn 0.66007 0.72539 0.19523
vn 0.66007 0.72539 0.19523
vn 0.66007 0.72539 0.19523
vn -0.05514 -0.02237 -0.99823
vn -0.05514 -0.02237 -0.99823
vn -0.05514 -0.02237 -0.99823
vn -0.05514 -0.02237 -0.99823
vn 0.85882 0.34628 -0.37751
vn 0.85882 0.34628 -0.37751
vn 0.85882 0.34628 -0.37751
vn 0.92417 -0.26372 0.27634
vn 0.92417 -0.26372 0.27634
vn -0.73537 -0.421 0.53102
vn -0.73537 -0.421 0.53102
vn -0.73537 -0.421 0.53102
vn -0.93803 0.32305 -0.12547
vn -0.93803 0.32305 -0.12547
vn 0.53815 0.78095 -0.31703
vn 0.53815 0.78095 -0.31703
vn 0.9775 -0.183 0.10486
vn 0.9775 -0.183 0.10486
vn 0.9775 -0.183 0.10486
vn 0.9775 -0.183 0.10486
vn -0.51562 -0.79414 0.32168
vn -0.51562 -0.79414 0.32168
vn -0.51562 -0.79414 0.32168
vn -0.51562 -0.79414 0.32168
vn -0.89025 0.44219 -0.10918
vn -0.89025 0.44219 -0.10918
vn -0.89025 0.44219 -0.10918
vn 0.41842 0.89333 0.16399
vn 0.41842 0.89333 0.16399
vn 0.41842 0.89333 0.16399
vn 0.41842 0.89333 0.16399
vn 0.90877 -0.41256 -0.06271
vn 0.90877 -0.41256 -0.06271
vn -0.48578 -0.87283 -0.04669
vn -0.48578 -0.87283 -0.04669
vn -0.48578 -0.87283 -0.04669
vn -0.66877 0.72491 0.16509
vn -0.66877 0.72491 0.16509
vn -0.66877 0.72491 0.16509
vn 0.01747 -0.05688 -0.99823
vn 0.01747 -0.05688 -0.99823
vn 0.01747 -0.05688 -0.99823
vn -0.41867 -0.90218 -0.10389
vn -0.41867 -0.90218 -0.10389
vn -0.41867 -0.90218 -0.10389
vn -0.18874 0.36094 0.91329
vn -0.18874 0.36094 0.91329
vn -0.18874 0.36094 0.91329
vn 0.46538 0.8114 0.35363
vn 0.46538 0.8114 0.35363
vn 0.46538 0.8114 0.35363
vn 0.53134 -0.33199 -0.7794
vn 0.53134 -0.33199 -0.7794
vn 0.53134 -0.33199 -0.7794
vn -0.30155 -0.92642 -0.22541
vn -0.30155 -0.92642 -0.22541
vn -0.96525 -0.01304 0.261
vn -0.96525 -0.01304 0.261
vn 0.34724 0.9141 0.2094
vn 0.34724 0.9141 0.2094
vn 0.34724 0.9141 0.2094
vn 0.98167 0.08013 -0.17294
vn 0.98167 0.08013 -0.17294
vn 0.98167 0.08013 -0.17294
vn -0.03655 -0.99773 0.05657
vn -0.03655 -0.99773 0.05657
vn -0.03655 -0.99773 0.05657
vn -0.9575 0.02663 0.28722
vn -0.9575 0.02663 0.28722
vn -0.9575 0.02663 0.28722
vn 0.12783 0.98308 0.13121
vn 0.12783 0.98308 0.13121
vn 0.12783 0.98308 0.13121
vn 0.96212 -0.25032 -0.10804
vn 0.96212 -0.25032 -0.10804
vn 0.96212 -0.25032 -0.10804
vn 0.96212 -0.25032 -0.10804
vn -0.03987 0.04416 -0.99823
vn -0.03987 0.04416 -0.99823
vn -0.03987 0.04416 -0.99823
vn -0.00069 -0.9909 -0.13459
vn -0.00069 -0.9909 -0.13459
vn -0.98783 -0.01274 0.15501
vn -0.98783 -0.01274 0.15501
vn -0.98783 -0.01274 0.15501
vn 0.00073 0.985 0.17253
vn 0.00073 0.985 0.17253
vn 0.00073 0.985 0.17253
vn 0.99941 0.02729 -0.02063
vn 0.99941 0.02729 -0.02063
vn 0.99941 0.02729 -0.02063
vn -0.00019 -0.98783 0.15555
vn -0.00019 -0.98783 0.15555
vn -0.00019 -0.98783 0.15555
vn -0.00019 -0.98783 0.15555
vn -0.99935 -0.02671 0.02434
vn -0.99935 -0.02671 0.02434
vn -0.99935 -0.02671 0.02434
vn 0.00023 0.99187 -0.12728
vn 0.00023 0.99187 -0.12728
vn 0.00023 0.99187 -0.12728
vn 0.00023 0.99187 -0.12728
vn 0.99686 0.03658 0.07025
vn 0.99686 0.03658 0.07025
vn -0.00097 -0.94505 -0.32692
vn -0.00097 -0.94505 -0.32692
vn -0.00097 -0.94505 -0.32692
vn -0.00097 -0.94505 -0.32692
vn -0.9863 -0.01164 0.16454
vn -0.9863 -0.01164 0.16454
vn -0.9863 -0.01164 0.16454
vn 0.00105 0.92546 0.37883
vn 0.00105 0.92546 0.37883
vn 0.00105 0.92546 0.37883
vn 0.99734 0.0358 0.06348
vn 0.99734 0.0358 0.06348
vn 0.99734 0.0358 0.06348
vn 0.99734 0.0358 0.06348
vn -0.00171 -0.10417 -0.99456
vn -0.00171 -0.10417 -0.99456
vn -0.00171 -0.10417 -0.99456
vn -0.00171 -0.10417 -0.99456
vn -0.00171 -0.10417 -0.99456
vn -0.00171 -0.10417 -0.99456
vn -0.00171 -0.10417 -0.99456
vn -0.00171 -0.10417 -0.99456
vn -0.00171 -0.10416 -0.99456
vn 0.70019 -0.70115 -0.13459
vn 0.70019 -0.70115 -0.13459
vn 0.70019 -0.70115 -0.13459
vn -0.68957 -0.70743 0.15502
vn -0.68957 -0.70743 0.15502
vn -0.68957 -0.70743 0.15502
vn -0.69597 0.69704 0.17252
vn -0.69597 0.69704 0.17252
vn 0.68754 0.72585 -0.02066
vn 0.68754 0.72585 -0.02066
vn 0.68754 0.72585 -0.02066
vn 0.69836 -0.69863 0.15555
vn 0.69836 -0.69863 0.15555
vn 0.69836 -0.69863 0.15555
vn -0.6878 -0.72549 0.02434
vn -0.6878 -0.72549 0.02434
vn -0.6878 -0.72549 0.02434
vn -0.6878 -0.72549 0.02434
vn -0.70119 0.70153 -0.12728
vn -0.70119 0.70153 -0.12728
vn 0.67904 0.73073 0.07026
vn 0.67905 0.73073 0.07026
vn 0.67905 0.73073 0.07026
vn 0.66756 -0.66894 -0.32693
vn 0.66756 -0.66894 -0.32693
vn -0.68922 -0.70562 0.16455
vn -0.68922 -0.70562 0.16455
vn -0.68922 -0.70562 0.16455
vn -0.65365 0.65515 0.37883
vn -0.65365 0.65515 0.37883
vn -0.65365 0.65515 0.37883
vn -0.65365 0.65515 0.37883
vn 0.67988 0.73057 0.06349
vn 0.67988 0.73057 0.06349
vn 0.07245 -0.07487 -0.99456
vn 0.07245 -0.07487 -0.99456
vn 0.07245 -0.07487 -0.99456
vn 0.07245 -0.07487 -0.99456
vn 0.07245 -0.07487 -0.99456
vn 0.07245 -0.07487 -0.99456
vn 0.07245 -0.07487 -0.99456
vn 0.07245 -0.07487 -0.99456
vn 0.07245 -0.07487 -0.99456
vn 0.97572 -0.17277 -0.13459
vn 0.97572 -0.17277 -0.13459
vn 0.97572 -0.17277 -0.13459
vn -0.15903 -0.97503 0.15502
vn -0.15903 -0.97503 0.15502
vn -0.15903 -0.97503 0.15502
vn -0.96991 0.17176 0.17252
vn -0.96991 0.17176 0.17252
vn 0.14691 0.98893 -0.02067
vn 0.14691 0.98893 -0.02067
vn 0.14691 0.98893 -0.02067
vn 0.97278 -0.17174 0.15555
vn 0.97278 -0.17174 0.15555
vn -0.14725 -0.9888 0.02434
vn -0.14725 -0.9888 0.02434
vn -0.97676 0.17246 -0.12727
vn -0.97676 0.17246 -0.12727
vn -0.97676 0.17246 -0.12727
vn 0.13712 0.98806 0.07026
vn 0.13712 0.98806 0.07026
vn 0.13712 0.98806 0.07026
vn 0.93052 -0.16508 -0.32692
vn 0.93052 -0.16508 -0.32692
vn 0.93052 -0.16508 -0.32692
vn -0.15981 -0.97334 0.16454
vn -0.15981 -0.97334 0.16454
vn -0.15981 -0.97334 0.16454
vn -0.91122 0.16175 0.37883
vn -0.91122 0.16175 0.37883
vn -0.91122 0.16175 0.37883
vn 0.13787 0.98841 0.0635
vn 0.13787 0.98841 0.0635
vn 0.10229 -0.01977 -0.99456
vn 0.10229 -0.01977 -0.99456
vn 0.10229 -0.01977 -0.99456
vn 0.10229 -0.01977 -0.99456
vn 0.10229 -0.01977 -0.99456
vn 0.10229 -0.01977 -0.99456
vn 0.10229 -0.01977 -0.99456
vn 0.10229 -0.01977 -0.99456
vn 0.10228 -0.01977 -0.99456
vn 0.92043 0.38756 0.05101
vn 0.85919 -0.40547 0.31208
vn 0.85919 -0.40547 0.31208
vn 0.85919 -0.40547 0.31208
vn -0.76958 -0.62087 0.14925
vn -0.76958 -0.62087 0.14925
vn -0.76958 -0.62087 0.14925
vn -0.86767 0.48105 -0.12543
vn -0.86767 0.48105 -0.12543
vn -0.86767 0.48105 -0.12543
vn 0.68261 0.69821 0.21574
vn 0.68261 0.69821 0.21574
vn 0.92409 -0.33501 0.18395
vn 0.92409 -0.33501 0.18395
vn 0.92409 -0.33501 0.18395
vn -0.62198 -0.75514 -0.20713
vn -0.62198 -0.75514 -0.20713
vn -0.62198 -0.75514 -0.20713
vn -0.80846 0.58764 -0.03279
vn -0.80846 0.58764 -0.03279
vn 0.56021 0.82702 -0.04693
vn 0.56021 0.82702 -0.04693
vn 0.56021 0.82702 -0.04693
vn 0.82458 -0.56419 -0.04183
vn 0.82458 -0.56419 -0.04183
vn 0.82458 -0.56419 -0.04183
vn -0.6142 -0.77202 0.16354
vn -0.6142 -0.77202 0.16354
vn -0.6142 -0.77202 0.16354
vn -0.53863 0.83981 0.06779
vn -0.53863 0.83981 0.06779
vn -0.53863 0.83981 0.06779
vn 0.00733 -0.05905 -0.99823
vn 0.00733 -0.05905 -0.99823
vn 0.00733 -0.05905 -0.99823
vn 0.00733 -0.05905 -0.99823
vn 0.41941 0.89776 -0.13459
vn 0.41941 0.89776 -0.13459
vn 0.41941 0.89776 -0.13459
vn 0.90063 -0.40599 0.15502
vn 0.90063 -0.40599 0.15502
vn 0.90063 -0.40599 0.15502
vn -0.41694 -0.89241 0.17253
vn -0.41694 -0.89241 0.17253
vn -0.41694 -0.89241 0.17253
vn -0.91718 0.39793 -0.02068
vn -0.91718 0.39793 -0.02068
vn 0.41767 0.89518 0.15555
vn 0.41767 0.89518 0.15555
vn 0.41767 0.89518 0.15555
vn 0.917 -0.39815 0.02434
vn 0.917 -0.39815 0.02434
vn 0.917 -0.39815 0.02434
vn -0.4194 -0.89883 -0.12728
vn -0.4194 -0.89883 -0.12728
vn -0.4194 -0.89883 -0.12728
vn -0.91889 0.38821 0.07026
vn -0.91889 0.38821 0.07026
vn -0.91889 0.38821 0.07026
vn -0.91889 0.38821 0.07026
vn 0.40029 0.85609 -0.32692
vn 0.40029 0.85609 -0.32692
vn 0.40029 0.85609 -0.32692
vn 0.89881 -0.40629 0.16454
vn 0.89881 -0.40629 0.16454
vn 0.89881 -0.40629 0.16454
vn 0.89881 -0.40629 0.16454
vn -0.39208 -0.83831 0.37883
vn -0.39208 -0.83831 0.37883
vn -0.39208 -0.83831 0.37883
vn -0.39208 -0.83831 0.37883
vn -0.91904 0.38901 0.06349
vn -0.91904 0.38901 0.06349
vn 0.04557 0.09368 -0.99456
vn 0.04557 0.09369 -0.99456
vn 0.04557 0.09369 -0.99456
vn 0.04557 0.09369 -0.99456
vn 0.04557 0.09368 -0.99456
vn 0.04557 0.09368 -0.99456
vn 0.04557 0.09368 -0.99456
vn 0.04557 0.09368 -0.99456
vn 0.04557 0.09368 -0.99456
vn 0.21046 0.97627 0.051
vn 0.21046 0.97627 0.051
vn 0.21046 0.97627 0.051
vn 0.82493 0.47127 0.31207
vn 0.82493 0.47127 0.31207
vn 0.06717 -0.98652 0.14925
vn 0.06717 -0.98652 0.14925
vn 0.06717 -0.98652 0.14925
vn -0.89171 -0.43488 -0.12543
vn -0.89171 -0.43488 -0.12543
vn -0.89171 -0.43488 -0.12543
vn -0.18042 0.95964 0.21575
vn -0.18042 0.95964 0.21575
vn -0.18042 0.95964 0.21575
vn -0.18042 0.95964 0.21575
vn 0.80446 0.56481 0.18395
vn 0.80446 0.56481 0.18395
vn 0.80446 0.56481 0.18395
vn 0.26183 -0.94263 -0.20713
vn 0.26183 -0.94263 -0.20713
vn 0.26183 -0.94263 -0.20713
vn 0.26183 -0.94263 -0.20713
vn -0.94507 -0.32523 -0.0328
vn -0.94507 -0.32523 -0.0328
vn -0.94507 -0.32523 -0.0328
vn -0.35613 0.93326 -0.04693
vn -0.35613 0.93326 -0.04693
vn -0.35613 0.93326 -0.04693
vn 0.93514 0.35181 -0.04183
vn 0.93513 0.35181 -0.04183
vn 0.93514 0.35181 -0.04183
vn 0.28012 -0.94593 0.16354
vn 0.28012 -0.94593 0.16354
vn 0.28012 -0.94593 0.16354
vn 0.28012 -0.94593 0.16354
vn -0.99688 0.04047 0.06779
vn -0.99688 0.04047 0.06779
vn -0.99688 0.04047 0.06779
vn -0.99688 0.04047 0.06779
vn 0.05257 -0.02786 -0.99823
vn 0.05257 -0.02786 -0.99823
vn 0.05257 -0.02786 -0.99823
vt 0 1
vt 1 0
vt 0 0
vt 1 1
usemtl mat4
f 3034/2607/7676 3035/2608/7677 3036/2609/7678
f 3034/2607/7679 3037/2608/7680 3038/2609/7681
f 3034/2607/7682 3039/2608/7683 3040/2609/7684
f 3034/2607/7685 3041/2608/7686 3042/2609/7685
f 3043/2610/7687 3044/2608/7688 3045/2607/7687
f 3045/2607/7687 3044/2608/7688 3046/2609/7689
f 3047/2608/7690 3048/2607/7690 3049/2610/7690
f 3048/2607/7690 3047/2608/7690 3050/2609/7691
f 3051/2610/7692 3052/2609/7693 3053/2607/7694
f 3052/2609/7693 3051/2610/7692 3054/2608/7692
f 3055/2610/7695 3056/2609/7696 3057/2607/7697
f 3056/2609/7696 3055/2610/7695 3058/2608/7698
f 3059/2610/7699 3060/2608/7700 3061/2607/7701
f 3061/2607/7701 3060/2608/7700 3062/2609/7702
f 3063/2610/7703 3064/2609/7704 3065/2607/7705
f 3064/2609/7704 3063/2610/7703 3066/2608/7706
f 3067/2610/7707 3068/2609/7707 3069/2607/7708
f 3068/2609/7707 3067/2610/7707 3070/2608/7707
f 3071/2610/7709 3072/2608/7710 3073/2607/7709
f 3073/2607/7709 3072/2608/7710 3074/2609/7709
f 3075/2610/7711 3076/2609/7712 3077/2607/7713
f 3076/2609/7712 3075/2610/7711 3078/2608/7714
f 3079/2610/7715 3080/2608/7716 3081/2607/7711
f 3081/2607/7711 3080/2608/7716 3082/2609/7714
f 3083/2610/7717 3084/2609/7716 3085/2607/7715
f 3084/2609/7716 3083/2610/7717 3086/2608/7718
f 3087/2607/7717 3088/2608/7712 3089/2609/7718
f 3088/2608/7712 3087/2607/7717 3090/2610/7713
f 3091/2607/7719 3092/2610/7712 3078/2608/7714
f 3091/2607/7719 3093/2610/7714 3080/2608/7716
f 3091/2607/7719 3094/2610/7716 3086/2608/7718
f 3095/2608/7719 3089/2609/7718 3096/2607/7712
f 3097/2609/7720 3098/2610/7721 3099/2608/7722
f 3098/2610/7723 3100/2608/7723 3101/2609/7724
f 3102/2609/7725 3103/2607/7726 3104/2608/7727
f 3098/2610/7728 3105/2608/7728 3106/2609/7729
f 3107/2610/7730 3108/2608/7731 3109/2607/7732
f 3110/2609/7730 3109/2607/7732 3108/2608/7731
f 3111/2610/7733 3112/2609/7734 3113/2607/7734
f 3112/2609/7734 3111/2610/7733 3114/2608/7735
f 3115/2608/7736 3116/2607/7737 3117/2610/7738
f 3116/2607/7737 3115/2608/7736 3118/2609/7739
f 3119/2610/7740 3120/2608/7741 3121/2607/7742
f 3121/2607/7742 3120/2608/7741 3122/2609/7743
f 3123/2610/7744 3124/2608/7745 3125/2607/7745
f 3125/2607/7745 3124/2608/7745 3126/2609/7746
f 3127/2610/7747 3128/2608/7748 3129/2607/7747
f 3129/2607/7747 3128/2608/7748 3130/2609/7749
f 3131/2610/7750 3132/2609/7751 3133/2607/7752
f 3132/2609/7751 3131/2610/7750 3134/2608/7753
f 3135/2609/7754 3136/2607/7755 3137/2610/7756
f 3137/2610/7756 3138/2608/7757 3135/2609/7754
f 3132/2609/7758 3139/2607/7759 3140/2610/7760
f 3140/2610/7760 3124/2608/7760 3132/2609/7758
f 3141/2609/7761 3142/2607/7761 3143/2608/7762
f 3144/2609/7763 3142/2607/7764 3145/2608/7765
f 3142/2607/7766 3146/2608/7767 3147/2609/7767
f 3142/2607/7768 3148/2608/7768 3149/2609/7769
f 3150/2610/7770 3151/2608/7771 3152/2607/7772
f 3152/2607/7772 3151/2608/7771 3153/2609/7772
f 3154/2610/7773 3155/2608/7774 3156/2607/7775
f 3156/2607/7775 3155/2608/7774 3157/2609/7776
f 3158/2610/7777 3159/2609/7778 3160/2607/7779
f 3159/2609/7778 3158/2610/7777 3161/2608/7778
f 3162/2610/7780 3163/2609/7780 3164/2607/7781
f 3163/2609/7780 3162/2610/7780 3165/2608/7782
f 3166/2610/7783 3167/2609/7784 3168/2607/7783
f 3167/2609/7784 3166/2610/7783 3169/2608/7785
f 3170/2610/7786 3171/2609/7786 3172/2607/7787
f 3171/2609/7786 3170/2610/7786 3173/2608/7786
f 3174/2610/7788 3175/2608/7789 3176/2607/7789
f 3176/2607/7789 3175/2608/7789 3177/2609/7789
f 3178/2610/7790 3179/2608/7790 3180/2607/7791
f 3180/2607/7791 3179/2608/7790 3181/2609/7792
f 3177/2609/7793 3182/2607/7794 3183/2610/7795
f 3177/2609/7793 3183/2610/7795 3169/2608/7796
f 3184/2609/7797 3185/2607/7798 3186/2608/7797
f 3187/2609/7799 3185/2607/7800 3188/2608/7800
f 3185/2607/7801 3189/2608/7801 3190/2609/7802
f 3185/2607/7803 3191/2608/7804 3192/2609/7803
f 3193/2610/7805 3194/2608/7806 3195/2607/7807
f 3195/2607/7807 3194/2608/7806 3196/2609/7807
f 3197/2610/7808 3198/2608/7809 3199/2607/7810
f 3199/2607/7810 3198/2608/7809 3200/2609/7811
f 3201/2610/7812 3202/2609/7813 3203/2607/7814
f 3202/2609/7813 3201/2610/7812 3204/2608/7815
f 3205/2610/7816 3206/2609/7816 3207/2607/7816
f 3206/2609/7816 3205/2610/7816 3208/2608/7817
f 3209/2610/7818 3210/2609/7819 3211/2607/7820
f 3210/2609/7819 3209/2610/7818 3212/2608/7819
f 3213/2610/7821 3214/2609/7822 3215/2607/7823
f 3214/2609/7822 3213/2610/7821 3216/2608/7824
f 3217/2610/7825 3218/2608/7826 3219/2607/7827
f 3219/2607/7827 3218/2608/7826 3220/2609/7827
f 3221/2610/7828 3222/2608/7829 3223/2607/7830
f 3223/2607/7830 3222/2608/7829 3224/2609/7830
f 3220/2609/7831 3225/2610/7832 3212/2608/7833
f 3225/2610/7832 3220/2609/7831 3226/2607/7834
f 3227/2609/7835 3228/2607/7835 3229/2608/7836
f 3230/2609/7837 3228/2607/7838 3231/2608/7837
f 3228/2607/7839 3232/2608/7840 3233/2609/7839
f 3228/2607/7841 3234/2608/7842 3235/2609/7843
f 3236/2610/7844 3237/2608/7845 3238/2607/7845
f 3238/2607/7845 3237/2608/7845 3239/2609/7846
f 3240/2610/7847 3241/2608/7848 3242/2607/7848
f 3242/2607/7848 3241/2608/7848 3243/2609/7849
f 3244/2610/7850 3245/2609/7850 3246/2607/7851
f 3245/2609/7850 3244/2610/7850 3247/2608/7852
f 3248/2610/7853 3249/2609/7853 3250/2607/7853
f 3249/2609/7853 3248/2610/7853 3251/2608/7854
f 3252/2610/7855 3253/2609/7856 3254/2607/7857
f 3253/2609/7856 3252/2610/7855 3255/2608/7857
f 3256/2610/7858 3257/2609/7858 3258/2607/7859
f 3257/2609/7858 3256/2610/7858 3259/2608/7860
f 3260/2610/7861 3261/2609/7861 3262/2607/7862
f 3261/2609/7861 3260/2610/7861 3263/2608/7863
f 3264/2610/7864 3265/2608/7865 3266/2607/7866
f 3266/2607/7866 3265/2608/7865 3267/2609/7867
f 3268/2610/7868 3255/2608/7869 3261/2609/7870
f 3268/2610/7868 3261/2609/7870 3269/2607/7869
f 3270/2609/7871 3271/2607/7872 3272/2608/7872
f 3273/2609/7873 3271/2607/7874 3274/2608/7875
f 3271/2607/7876 3275/2608/7876 3276/2609/7876
f 3271/2607/7877 3277/2608/7878 3278/2609/7877
f 3279/2610/7879 3280/2608/7880 3281/2607/7881
f 3281/2607/7881 3280/2608/7880 3282/2609/7882
f 3283/2610/7883 3284/2608/7884 3285/2607/7885
f 3285/2607/7885 3284/2608/7884 3286/2609/7883
f 3287/2609/7886 3288/2610/7887 3289/2608/7887
f 3288/2610/7887 3287/2609/7886 3290/2607/7886
f 3291/2610/7888 3292/2608/7889 3293/2607/7888
f 3294/2609/7889 3293/2607/7888 3292/2608/7889
f 3295/2610/7890 3296/2609/7890 3297/2607/7891
f 3296/2609/7890 3295/2610/7890 3298/2608/7892
f 3299/2610/7893 3300/2609/7894 3301/2607/7894
f 3300/2609/7894 3299/2610/7893 3302/2608/7894
f 3303/2610/7895 3304/2609/7896 3305/2607/7897
f 3304/2609/7896 3303/2610/7895 3306/2608/7898
f 3307/2610/7899 3308/2608/7900 3309/2607/7900
f 3309/2607/7900 3308/2608/7900 3310/2609/7901
f 3304/2609/7902 3311/2607/7903 3312/2610/7903
f 3304/2609/7902 3312/2610/7903 3298/2608/7903
f 3313/2609/7904 3314/2607/7905 3315/2608/7905
f 3316/2609/7906 3314/2607/7906 3317/2608/7907
f 3314/2607/7908 3318/2608/7908 3319/2609/7909
f 3314/2607/7910 3320/2608/7911 3321/2609/7910
f 3322/2610/7912 3323/2608/7913 3324/2607/7914
f 3324/2607/7914 3323/2608/7913 3325/2609/7914
f 3326/2610/7915 3327/2608/7916 3328/2607/7917
f 3328/2607/7917 3327/2608/7916 3329/2609/7915
f 3330/2610/7918 3331/2609/7919 3332/2607/7920
f 3331/2609/7919 3330/2610/7918 3333/2608/7921
f 3334/2610/7922 3335/2609/7923 3336/2607/7924
f 3335/2609/7923 3334/2610/7922 3337/2608/7925
f 3338/2610/7926 3339/2609/7927 3340/2607/7928
f 3339/2609/7927 3338/2610/7926 3341/2608/7929
f 3342/2610/7930 3343/2609/7930 3344/2607/7931
f 3343/2609/7930 3342/2610/7930 3345/2608/7932
f 3346/2610/7933 3347/2608/7933 3348/2607/7934
f 3348/2607/7934 3347/2608/7933 3349/2609/7935
f 3350/2610/7936 3351/2608/7937 3352/2607/7938
f 3352/2607/7938 3351/2608/7937 3353/2609/7937
f 3349/2609/7939 3354/2607/7940 3355/2610/7941
f 3349/2609/7939 3355/2610/7941 3341/2608/7942
f 3356/2607/7943 3357/2608/7943 3358/2609/7944
f 3356/2607/7945 3359/2608/7946 3360/2609/7946
f 3356/2607/7947 3361/2608/7948 3362/2609/7949
f 3356/2607/7950 3363/2608/7950 3364/2609/7951
f 3365/2610/7952 3366/2608/7953 3367/2607/7954
f 3367/2607/7954 3366/2608/7953 3368/2609/7953
f 3369/2608/7955 3370/2607/7956 3371/2610/7957
f 3370/2607/7956 3369/2608/7955 3372/2609/7958
f 3373/2610/7959 3374/2609/7960 3375/2607/7959
f 3374/2609/7960 3373/2610/7959 3376/2608/7961
f 3377/2610/7962 3378/2609/7963 3379/2607/7964
f 3378/2609/7963 3377/2610/7962 3380/2608/7963
f 3381/2610/7965 3382/2608/7966 3383/2607/7967
f 3383/2607/7967 3382/2608/7966 3384/2609/7968
f 3385/2610/7969 3386/2609/7970 3387/2607/7971
f 3386/2609/7970 3385/2610/7969 3388/2608/7972
f 3389/2610/7973 3390/2609/7974 3391/2607/7973
f 3390/2609/7974 3389/2610/7973 3392/2608/7973
f 3393/2610/7975 3394/2608/7976 3395/2607/7977
f 3395/2607/7977 3394/2608/7976 3396/2609/7978
f 3397/2610/7979 3398/2609/7980 3399/2607/7981
f 3398/2609/7980 3397/2610/7979 3400/2608/7982
f 3401/2610/7983 3402/2608/7984 3403/2607/7979
f 3403/2607/7979 3402/2608/7984 3404/2609/7982
f 3405/2610/7985 3406/2609/7984 3407/2607/7983
f 3406/2609/7984 3405/2610/7985 3408/2608/7986
f 3409/2607/7985 3410/2608/7980 3411/2609/7986
f 3410/2608/7980 3409/2607/7985 3412/2610/7981
f 3413/2607/7987 3414/2610/7980 3400/2608/7982
f 3413/2607/7987 3415/2610/7982 3402/2608/7984
f 3413/2607/7987 3416/2610/7984 3408/2608/7986
f 3417/2608/7987 3411/2609/7986 3418/2607/7980
f 3419/2607/7988 3420/2608/7989 3421/2609/7990
f 3422/2610/7991 3423/2608/7991 3424/2609/7992
f 3425/2609/7993 3419/2607/7994 3426/2608/7995
f 3427/2609/7996 3419/2607/7997 3428/2608/7998
f 3429/2610/7999 3430/2609/8000 3431/2607/8001
f 3430/2609/8000 3429/2610/7999 3432/2608/8001
f 3433/2608/8002 3434/2607/8003 3435/2610/8004
f 3436/2609/8004 3434/2607/8003 3433/2608/8002
f 3437/2610/8005 3438/2609/8006 3439/2607/8007
f 3438/2609/8006 3437/2610/8005 3440/2608/8005
f 3441/2610/8008 3442/2609/8009 3443/2607/8009
f 3442/2609/8009 3441/2610/8008 3444/2608/8009
f 3445/2610/8010 3446/2609/8011 3447/2607/8012
f 3446/2609/8011 3445/2610/8010 3448/2608/8012
f 3449/2610/8013 3450/2608/8013 3451/2607/8013
f 3451/2607/8013 3450/2608/8013 3452/2609/8014
f 3453/2608/8015 3454/2607/8016 3455/2610/8017
f 3454/2607/8016 3453/2608/8015 3456/2609/8018
f 3457/2610/8019 3458/2608/8020 3459/2607/8019
f 3459/2607/8019 3458/2608/8020 3460/2609/8019
f 3456/2609/8021 3461/2607/8022 3462/2610/8023
f 3456/2609/8021 3462/2610/8023 3448/2608/8024
f 3463/2607/8025 3464/2608/8026 3465/2609/8027
f 3463/2607/8028 3466/2608/8029 3467/2609/8028
f 3463/2607/8030 3468/2608/8031 3469/2609/8030
f 3463/2607/8032 3470/2608/8033 3471/2609/8032
f 3472/2610/8034 3473/2608/8035 3474/2607/8036
f 3474/2607/8036 3473/2608/8035 3475/2609/8034
f 3476/2610/8037 3477/2609/8038 3478/2607/8038
f 3477/2609/8038 3476/2610/8037 3479/2608/8039
f 3480/2610/8040 3481/2609/8041 3482/2607/8041
f 3481/2609/8041 3480/2610/8040 3483/2608/8040
f 3484/2610/8042 3485/2609/8043 3486/2607/8044
f 3485/2609/8043 3484/2610/8042 3487/2608/8044
f 3488/2610/8045 3489/2609/8046 3490/2607/8046
f 3489/2609/8046 3488/2610/8045 3491/2608/8046
f 3492/2610/8047 3493/2609/8048 3494/2607/8047
f 3493/2609/8048 3492/2610/8047 3495/2608/8047
f 3496/2610/8049 3497/2608/8050 3498/2607/8050
f 3498/2607/8050 3497/2608/8050 3499/2609/8051
f 3500/2610/8052 3501/2608/8052 3502/2607/8052
f 3502/2607/8052 3501/2608/8052 3503/2609/8052
f 3504/2610/8053 3505/2609/8054 3506/2607/8055
f 3505/2609/8054 3504/2610/8053 3507/2608/8056
f 3508/2607/8053 3509/2608/8057 3510/2609/8056
f 3509/2608/8057 3508/2607/8053 3511/2610/8058
f 3512/2610/8059 3513/2609/8057 3514/2607/8058
f 3513/2609/8057 3512/2610/8059 3515/2608/8060
f 3516/2610/8055 3517/2608/8054 3518/2607/8059
f 3518/2607/8059 3517/2608/8054 3519/2609/8060
f 3520/2607/8061 3521/2610/8054 3507/2608/8056
f 3520/2607/8061 3522/2610/8056 3509/2608/8057
f 3520/2607/8061 3523/2610/8057 3515/2608/8060
f 3524/2608/8061 3519/2609/8060 3525/2607/8054
f 3526/2609/8062 3527/2607/8063 3528/2608/8062
f 3529/2609/8064 3527/2607/8065 3530/2608/8065
f 3527/2607/8066 3531/2608/8066 3532/2609/8066
f 3527/2607/8067 3533/2608/8068 3534/2609/8069
f 3535/2610/8070 3536/2608/8071 3537/2607/8071
f 3537/2607/8071 3536/2608/8071 3538/2609/8072
f 3539/2610/8073 3540/2608/8073 3541/2607/8074
f 3541/2607/8074 3540/2608/8073 3542/2609/8075
f 3543/2609/8076 3544/2610/8077 3545/2608/8078
f 3544/2610/8077 3543/2609/8076 3546/2607/8079
f 3547/2610/8080 3548/2608/8081 3549/2607/8081
f 3550/2609/8082 3549/2607/8081 3548/2608/8081
f 3551/2610/8083 3552/2609/8084 3553/2607/8084
f 3552/2609/8084 3551/2610/8083 3554/2608/8085
f 3555/2610/8086 3556/2609/8087 3557/2607/8088
f 3556/2609/8087 3555/2610/8086 3558/2608/8089
f 3559/2610/8090 3560/2609/8091 3561/2607/8092
f 3560/2609/8091 3559/2610/8090 3562/2608/8093
f 3563/2610/8094 3564/2608/8095 3565/2607/8096
f 3565/2607/8096 3564/2608/8095 3566/2609/8095
f 3560/2609/8097 3567/2607/8098 3568/2610/8098
f 3560/2609/8097 3568/2610/8098 3554/2608/8098
f 3569/2607/8099 3570/2608/8100 3571/2609/8101
f 3569/2607/8102 3572/2608/8103 3573/2609/8104
f 3569/2607/8105 3574/2608/8106 3575/2609/8107
f 3569/2607/8108 3576/2608/8109 3577/2609/8108
f 3578/2610/8110 3579/2608/8111 3580/2607/8112
f 3580/2607/8112 3579/2608/8111 3581/2609/8112
f 3582/2608/8113 3583/2607/8114 3584/2610/8115
f 3583/2607/8114 3582/2608/8113 3585/2609/8114
f 3586/2610/8116 3587/2609/8117 3588/2607/8116
f 3587/2609/8117 3586/2610/8116 3589/2608/8117
f 3590/2610/8118 3591/2609/8119 3592/2607/8119
f 3591/2609/8119 3590/2610/8118 3593/2608/8120
f 3594/2610/8121 3595/2609/8122 3596/2607/8123
f 3595/2609/8122 3594/2610/8121 3597/2608/8124
f 3598/2610/8125 3599/2609/8126 3600/2607/8127
f 3599/2609/8126 3598/2610/8125 3601/2608/8126
f 3602/2610/8128 3603/2608/8129 3604/2607/8130
f 3604/2607/8130 3603/2608/8129 3605/2609/8131
f 3606/2610/8132 3607/2608/8133 3608/2607/8134
f 3608/2607/8134 3607/2608/8133 3609/2609/8133
f 3610/2610/8135 3611/2609/8136 3612/2607/8137
f 3611/2609/8136 3610/2610/8135 3613/2608/8138
f 3614/2610/8139 3615/2608/8140 3616/2607/8135
f 3616/2607/8135 3615/2608/8140 3617/2609/8138
f 3618/2610/8141 3619/2609/8140 3620/2607/8139
f 3619/2609/8140 3618/2610/8141 3621/2608/8142
f 3622/2607/8141 3623/2610/8137 3624/2608/8136
f 3622/2607/8141 3624/2608/8136 3625/2609/8142
f 3626/2607/8143 3627/2610/8136 3613/2608/8138
f 3626/2607/8143 3628/2610/8138 3615/2608/8140
f 3626/2607/8143 3629/2610/8140 3621/2608/8142
f 3630/2608/8143 3625/2609/8142 3631/2607/8136
f 3632/2609/8144 3633/2607/8145 3634/2608/8146
f 3633/2607/8147 3635/2608/8147 3636/2609/8148
f 3633/2607/8149 3637/2608/8149 3638/2609/8150
f 3633/2607/8151 3639/2608/8151 3640/2609/8152
f 3641/2610/8153 3642/2608/8154 3643/2607/8154
f 3643/2607/8154 3642/2608/8154 3644/2609/8153
f 3645/2610/8155 3646/2608/8155 3647/2607/8155
f 3647/2607/8155 3646/2608/8155 3648/2609/8156
f 3649/2610/8157 3650/2609/8158 3651/2607/8159
f 3650/2609/8158 3649/2610/8157 3652/2608/8160
f 3653/2610/8161 3654/2609/8162 3655/2607/8163
f 3654/2609/8162 3653/2610/8161 3656/2608/8164
f 3657/2610/8165 3658/2609/8166 3659/2607/8167
f 3658/2609/8166 3657/2610/8165 3660/2608/8168
f 3661/2610/8169 3662/2609/8170 3663/2607/8171
f 3662/2609/8170 3661/2610/8169 3664/2608/8171
f 3665/2610/8172 3666/2609/8173 3667/2607/8174
f 3666/2609/8173 3665/2610/8172 3668/2608/8175
f 3669/2610/8176 3670/2608/8177 3671/2607/8178
f 3671/2607/8178 3670/2608/8177 3672/2609/8179
f 3666/2609/8180 3673/2607/8181 3674/2610/8182
f 3666/2609/8180 3674/2610/8182 3660/2608/8182
f 3675/2607/8183 3676/2608/8184 3677/2609/8185
f 3675/2607/8186 3678/2608/8187 3679/2609/8186
f 3675/2607/8188 3680/2608/8189 3681/2609/8190
f 3675/2607/8191 3682/2608/8192 3683/2609/8193
f 3684/2610/8194 3685/2608/8195 3686/2607/8195
f 3686/2607/8195 3685/2608/8195 3687/2609/8196
f 3688/2610/8197 3689/2609/8198 3690/2607/8198
f 3689/2609/8198 3688/2610/8197 3691/2608/8199
f 3692/2610/8200 3693/2609/8201 3694/2607/8202
f 3693/2609/8201 3692/2610/8200 3695/2608/8200
f 3696/2610/8203 3697/2608/8204 3698/2607/8205
f 3698/2607/8205 3697/2608/8204 3699/2609/8206
f 3700/2610/8207 3701/2609/8208 3702/2607/8209
f 3701/2609/8208 3700/2610/8207 3703/2608/8210
f 3704/2610/8211 3705/2609/8211 3706/2607/8211
f 3705/2609/8211 3704/2610/8211 3707/2608/8212
f 3708/2610/8213 3709/2608/8214 3710/2607/8215
f 3710/2607/8215 3709/2608/8214 3711/2609/8216
f 3712/2610/8217 3713/2608/8218 3714/2607/8219
f 3714/2607/8219 3713/2608/8218 3715/2609/8217
f 3716/2610/8220 3717/2609/8221 3718/2607/8222
f 3717/2609/8221 3716/2610/8220 3719/2608/8223
f 3720/2607/8220 3721/2610/8224 3722/2608/8225
f 3720/2607/8220 3722/2608/8225 3723/2609/8223
f 3724/2610/8226 3725/2609/8225 3726/2607/8224
f 3725/2609/8225 3724/2610/8226 3727/2608/8227
f 3728/2610/8222 3729/2608/8221 3730/2607/8226
f 3730/2607/8226 3729/2608/8221 3731/2609/8227
f 3732/2607/8228 3733/2610/8221 3719/2608/8223
f 3732/2607/8228 3734/2610/8223 3722/2608/8225
f 3732/2607/8228 3735/2610/8225 3727/2608/8227
f 3736/2608/8228 3731/2609/8227 3737/2607/8221
f 3738/2609/8229 3739/2607/8230 3740/2608/8230
f 3741/2609/8231 3739/2607/8232 3742/2608/8232
f 3739/2607/8233 3743/2608/8234 3744/2609/8233
f 3739/2607/8235 3745/2608/8236 3746/2609/8237
f 3747/2610/8238 3748/2608/8239 3749/2607/8240
f 3749/2607/8240 3748/2608/8239 3750/2609/8241
f 3751/2610/8242 3752/2608/8243 3753/2607/8244
f 3753/2607/8244 3752/2608/8243 3754/2609/8245
f 3755/2609/8246 3756/2610/8247 3757/2608/8247
f 3756/2610/8247 3755/2609/8246 3758/2607/8247
f 3759/2610/8248 3760/2608/8249 3761/2607/8250
f 3762/2609/8251 3761/2607/8250 3760/2608/8249
f 3763/2610/8252 3764/2609/8253 3765/2607/8254
f 3764/2609/8253 3763/2610/8252 3766/2608/8255
f 3767/2610/8256 3768/2609/8257 3769/2607/8256
f 3768/2609/8257 3767/2610/8256 3770/2608/8256
f 3771/2610/8258 3772/2609/8259 3773/2607/8260
f 3772/2609/8259 3771/2610/8258 3774/2608/8261
f 3775/2610/8262 3776/2608/8263 3777/2607/8264
f 3777/2607/8264 3776/2608/8263 3778/2609/8262
f 3772/2609/8265 3779/2610/8265 3766/2608/8266
f 3779/2610/8265 3772/2609/8265 3780/2607/8267
f 3781/2607/8268 3782/2608/8269 3783/2609/8269
f 3781/2607/8270 3784/2608/8270 3785/2609/8270
f 3781/2607/8271 3786/2608/8272 3787/2609/8271
f 3781/2607/8273 3788/2608/8273 3789/2609/8274
f 3790/2610/8275 3791/2609/8276 3792/2607/8275
f 3791/2609/8276 3790/2610/8275 3793/2608/8277
f 3794/2610/8278 3795/2609/8278 3796/2607/8278
f 3795/2609/8278 3794/2610/8278 3797/2608/8279
f 3798/2610/8280 3799/2608/8281 3800/2607/8282
f 3800/2607/8282 3799/2608/8281 3801/2609/8283
f 3802/2610/8284 3803/2609/8284 3804/2607/8285
f 3803/2609/8284 3802/2610/8284 3805/2608/8284
f 3806/2610/8286 3807/2608/8287 3808/2607/8288
f 3808/2607/8288 3807/2608/8287 3809/2609/8289
f 3810/2610/8290 3811/2609/8291 3812/2607/8292
f 3811/2609/8291 3810/2610/8290 3813/2608/8290
f 3814/2610/8293 3815/2609/8294 3816/2607/8293
f 3815/2609/8294 3814/2610/8293 3817/2608/8295
f 3818/2610/8296 3819/2608/8297 3820/2607/8297
f 3820/2607/8297 3819/2608/8297 3821/2609/8298
f 3822/2610/8299 3823/2609/8300 3824/2607/8301
f 3823/2609/8300 3822/2610/8299 3825/2608/8302
f 3826/2607/8299 3827/2610/8303 3828/2608/8304
f 3826/2607/8299 3828/2608/8304 3829/2609/8302
f 3830/2610/8305 3831/2609/8304 3832/2607/8303
f 3831/2609/8304 3830/2610/8305 3833/2608/8306
f 3834/2608/8300 3835/2607/8305 3836/2610/8301
f 3835/2607/8305 3834/2608/8300 3837/2609/8306
f 3838/2607/8307 3839/2610/8300 3825/2608/8302
f 3838/2607/8307 3840/2610/8302 3828/2608/8304
f 3838/2607/8307 3841/2610/8304 3833/2608/8306
f 3842/2608/8307 3837/2609/8306 3843/2607/8300
f 3844/2609/8308 3845/2607/8309 3846/2608/8309
f 3847/2609/8310 3845/2607/8311 3848/2608/8311
f 3849/2609/8312 3845/2607/8313 3850/2608/8313
f 3851/2610/8314 3852/2608/8315 3853/2609/8316
f 3854/2610/8317 3855/2608/8318 3856/2607/8319
f 3856/2607/8319 3855/2608/8318 3857/2609/8319
f 3858/2609/8320 3859/2610/8321 3860/2608/8322
f 3859/2610/8321 3858/2609/8320 3861/2607/8321
f 3862/2610/8323 3863/2609/8323 3864/2607/8324
f 3863/2609/8323 3862/2610/8323 3865/2608/8325
f 3866/2610/8326 3867/2609/8327 3868/2607/8327
f 3867/2609/8327 3866/2610/8326 3869/2608/8328
f 3870/2610/8329 3871/2609/8330 3872/2607/8331
f 3871/2609/8330 3870/2610/8329 3873/2608/8331
f 3874/2610/8332 3875/2608/8333 3876/2607/8332
f 3876/2607/8332 3875/2608/8333 3877/2609/8333
f 3878/2610/8334 3879/2609/8335 3880/2607/8335
f 3879/2609/8335 3878/2610/8334 3881/2608/8336
f 3882/2610/8337 3883/2608/8338 3884/2607/8339
f 3884/2607/8339 3883/2608/8338 3885/2609/8340
f 3879/2609/8341 3886/2610/8342 3873/2608/8343
f 3886/2610/8342 3879/2609/8341 3887/2607/8344
f 3888/2609/8345 3889/2610/8346 3890/2608/8345
f 3889/2610/8347 3891/2608/8348 3892/2609/8349
f 3893/2609/8350 3894/2607/8351 3895/2608/8352
f 3889/2610/8353 3896/2608/8353 3897/2609/8354
f 3898/2610/8355 3899/2608/8355 3900/2607/8356
f 3901/2609/8357 3900/2607/8356 3899/2608/8355
f 3902/2610/8358 3903/2609/8359 3904/2607/8360
f 3903/2609/8359 3902/2610/8358 3905/2608/8358
f 3906/2608/8361 3907/2607/8362 3908/2610/8363
f 3907/2607/8362 3906/2608/8361 3909/2609/8364
f 3910/2610/8365 3911/2608/8366 3912/2607/8367
f 3912/2607/8367 3911/2608/8366 3913/2609/8366
f 3914/2610/8368 3915/2608/8369 3916/2607/8370
f 3916/2607/8370 3915/2608/8369 3917/2609/8368
f 3918/2610/8371 3919/2608/8371 3920/2607/8371
f 3920/2607/8371 3919/2608/8371 3921/2609/8372
f 3922/2610/8373 3923/2609/8373 3924/2607/8373
f 3923/2609/8373 3922/2610/8373 3925/2608/8373
f 3926/2609/8374 3927/2607/8375 3928/2610/8376
f 3928/2610/8376 3929/2608/8377 3926/2609/8374
f 3923/2609/8378 3930/2607/8379 3931/2610/8380
f 3931/2610/8380 3915/2608/8381 3923/2609/8378
f 3932/2609/8382 3933/2607/8383 3934/2608/8384
f 3935/2609/8385 3933/2607/8386 3936/2608/8387
f 3937/2609/8388 3933/2607/8389 3938/2608/8389
f 3939/2609/8390 3933/2607/8390 3940/2608/8390
f 3941/2610/8391 3942/2609/8392 3943/2607/8393
f 3942/2609/8392 3941/2610/8391 3944/2608/8394
f 3945/2610/8395 3946/2608/8395 3947/2607/8396
f 3947/2607/8396 3946/2608/8395 3948/2609/8397
f 3949/2608/8398 3950/2607/8399 3951/2610/8400
f 3950/2607/8399 3949/2608/8398 3952/2609/8401
f 3953/2610/8402 3954/2608/8403 3955/2607/8404
f 3955/2607/8404 3954/2608/8403 3956/2609/8402
f 3957/2608/8405 3958/2607/8406 3959/2610/8407
f 3958/2607/8406 3957/2608/8405 3960/2609/8408
f 3961/2610/8409 3962/2608/8410 3963/2607/8411
f 3963/2607/8411 3962/2608/8410 3964/2609/8412
f 3965/2610/8413 3966/2609/8414 3967/2607/8415
f 3966/2609/8414 3965/2610/8413 3968/2608/8416
f 3969/2610/8417 3970/2608/8418 3971/2607/8417
f 3971/2607/8417 3970/2608/8418 3972/2609/8417
f 3966/2609/8419 3973/2607/8420 3974/2610/8421
f 3966/2609/8419 3974/2610/8421 3957/2608/8422
f 3975/2609/8423 3976/2607/8424 3977/2608/8425
f 3976/2607/8426 3978/2608/8427 3979/2609/8428
f 3976/2607/8429 3980/2608/8429 3981/2609/8430
f 3982/2609/8431 3976/2607/8432 3983/2608/8433
f 3984/2610/8434 3985/2609/8435 3986/2607/8436
f 3985/2609/8435 3984/2610/8434 3987/2608/8437
f 3988/2610/8438 3989/2609/8439 3990/2607/8440
f 3989/2609/8439 3988/2610/8438 3991/2608/8439
f 3992/2608/8441 3993/2607/8442 3994/2610/8443
f 3993/2607/8442 3992/2608/8441 3995/2609/8444
f 3996/2610/8445 3997/2608/8446 3998/2607/8447
f 3998/2607/8447 3997/2608/8446 3999/2609/8448
f 4000/2610/8449 4001/2609/8449 4002/2607/8450
f 4001/2609/8449 4000/2610/8449 4003/2608/8449
f 4004/2610/8451 4005/2608/8451 4006/2607/8451
f 4006/2607/8451 4005/2608/8451 4007/2609/8452
f 4008/2610/8453 4009/2609/8453 4010/2607/8454
f 4009/2609/8453 4008/2610/8453 4011/2608/8455
f 4012/2610/8456 4013/2608/8456 4014/2607/8457
f 4014/2607/8457 4013/2608/8456 4015/2609/8458
f 4009/2609/8459 4016/2607/8460 4017/2610/8461
f 4009/2609/8459 4017/2610/8461 4003/2608/8462
f 4018/2609/8463 4019/2607/8463 4020/2608/8464
f 4021/2609/8465 4019/2607/8466 4022/2608/8467
f 4023/2609/8468 4019/2607/8468 4024/2608/8469
f 4025/2610/8470 4026/2608/8471 4027/2609/8472
f 4028/2610/8473 4029/2608/8474 4030/2607/8475
f 4030/2607/8475 4029/2608/8474 4031/2609/8476
f 4032/2609/8477 4033/2610/8478 4034/2608/8479
f 4033/2610/8478 4032/2609/8477 4035/2607/8480
f 4036/2610/8481 4037/2609/8482 4038/2607/8483
f 4037/2609/8482 4036/2610/8481 4039/2608/8481
f 4040/2610/8484 4041/2609/8485 4042/2607/8484
f 4041/2609/8485 4040/2610/8484 4043/2608/8484
f 4044/2610/8486 4045/2609/8487 4046/2607/8487
f 4045/2609/8487 4044/2610/8486 4047/2608/8486
f 4048/2610/8488 4049/2608/8489 4050/2607/8490
f 4050/2607/8490 4049/2608/8489 4051/2609/8491
f 4052/2610/8492 4053/2609/8493 4054/2607/8494
f 4053/2609/8493 4052/2610/8492 4055/2608/8493
f 4056/2610/8495 4057/2608/8496 4058/2607/8497
f 4058/2607/8497 4057/2608/8496 4059/2609/8498
f 4053/2609/8499 4060/2610/8499 4047/2608/8499
f 4060/2610/8499 4053/2609/8499 4061/2607/8499
f 4062/2607/8500 4063/2608/8501 4064/2609/8501
f 4065/2610/8502 4066/2608/8503 4067/2609/8502
f 4068/2609/8504 4062/2607/8504 4069/2608/8505
f 4070/2609/8506 4062/2607/8507 4071/2608/8508
f 4072/2610/8509 4073/2609/8510 4074/2607/8511
f 4073/2609/8510 4072/2610/8509 4075/2608/8512
f 4076/2608/8513 4077/2607/8514 4078/2610/8513
f 4079/2609/8513 4077/2607/8514 4076/2608/8513
f 4080/2610/8515 4081/2609/8515 4082/2607/8515
f 4081/2609/8515 4080/2610/8515 4083/2608/8516
f 4084/2610/8517 4085/2609/8518 4086/2607/8519
f 4085/2609/8518 4084/2610/8517 4087/2608/8518
f 4088/2610/8520 4089/2609/8521 4090/2607/8520
f 4089/2609/8521 4088/2610/8520 4091/2608/8522
f 4092/2610/8523 4093/2608/8524 4094/2607/8523
f 4094/2607/8523 4093/2608/8524 4095/2609/8525
f 4096/2608/8526 4097/2607/8527 4098/2610/8528
f 4097/2607/8527 4096/2608/8526 4099/2609/8529
f 4100/2610/8530 4101/2608/8531 4102/2607/8532
f 4102/2607/8532 4101/2608/8531 4103/2609/8532
f 4099/2609/8533 4104/2607/8534 4105/2610/8535
f 4099/2609/8533 4105/2610/8535 4091/2608/8533
f 4106/2609/8536 4107/2607/8537 4108/2608/8538
f 4107/2607/8539 4109/2608/8540 4110/2609/8540
f 4107/2607/8541 4111/2608/8542 4112/2609/8542
f 4107/2607/8543 4113/2608/8544 4114/2609/8545
f 4115/2610/8546 4116/2608/8547 4117/2607/8548
f 4117/2607/8548 4116/2608/8547 4118/2609/8549
f 4119/2610/8550 4120/2608/8550 4121/2607/8551
f 4121/2607/8551 4120/2608/8550 4122/2609/8550
f 4123/2610/8552 4124/2609/8553 4125/2607/8554
f 4124/2609/8553 4123/2610/8552 4126/2608/8555
f 4127/2610/8556 4128/2609/8557 4129/2607/8557
f 4128/2609/8557 4127/2610/8556 4130/2608/8558
f 4131/2610/8559 4132/2609/8560 4133/2607/8560
f 4132/2609/8560 4131/2610/8559 4134/2608/8561
f 4135/2610/8562 4136/2609/8563 4137/2607/8563
f 4136/2609/8563 4135/2610/8562 4138/2608/8563
f 4139/2610/8564 4140/2609/8564 4141/2607/8565
f 4140/2609/8564 4139/2610/8564 4142/2608/8564
f 4143/2610/8566 4144/2608/8567 4145/2607/8568
f 4145/2607/8568 4144/2608/8567 4146/2609/8567
f 4147/2607/8569 4148/2610/8570 4140/2609/8570
f 4148/2610/8570 4134/2608/8571 4140/2609/8570
f 4149/2609/8572 4150/2607/8573 4151/2608/8574
f 4152/2609/8575 4150/2607/8576 4153/2608/8576
f 4150/2607/8577 4154/2608/8577 4155/2609/8578
f 4150/2607/8579 4156/2608/8580 4157/2609/8580
f 4158/2610/8581 4159/2608/8581 4160/2607/8582
f 4160/2607/8582 4159/2608/8581 4161/2609/8583
f 4162/2610/8584 4163/2608/8585 4164/2607/8586
f 4164/2607/8586 4163/2608/8585 4165/2609/8587
f 4166/2610/8588 4167/2609/8589 4168/2607/8589
f 4167/2609/8589 4166/2610/8588 4169/2608/8589
f 4170/2610/8590 4171/2609/8591 4172/2607/8590
f 4171/2609/8591 4170/2610/8590 4173/2608/8592
f 4174/2610/8593 4175/2609/8594 4176/2607/8595
f 4175/2609/8594 4174/2610/8593 4177/2608/8595
f 4178/2610/8596 4179/2609/8597 4180/2607/8598
f 4179/2609/8597 4178/2610/8596 4181/2608/8598
f 4182/2610/8599 4183/2608/8600 4184/2607/8601
f 4184/2607/8601 4183/2608/8600 4185/2609/8602
f 4186/2610/8603 4187/2608/8604 4188/2607/8603
f 4188/2607/8603 4187/2608/8604 4189/2609/8603
f 4185/2609/8605 4190/2610/8606 4177/2608/8607
f 4190/2610/8606 4185/2609/8605 4191/2607/8607
f 4192/2607/8608 4193/2608/8609 4194/2609/8610
f 4192/2607/8611 4195/2608/8611 4196/2609/8612
f 4192/2607/8613 4197/2608/8614 4198/2609/8615
f 4192/2607/8616 4199/2608/8617 4200/2609/8618
f 4201/2610/8619 4202/2608/8620 4203/2607/8621
f 4203/2607/8621 4202/2608/8620 4204/2609/8620
f 4205/2608/8622 4206/2607/8622 4207/2610/8623
f 4206/2607/8622 4205/2608/8622 4208/2609/8624
f 4209/2610/8625 4210/2609/8626 4211/2607/8627
f 4210/2609/8626 4209/2610/8625 4212/2608/8628
f 4213/2610/8629 4214/2609/8629 4215/2607/8629
f 4214/2609/8629 4213/2610/8629 4216/2608/8630
f 4217/2610/8631 4218/2609/8632 4219/2607/8633
f 4218/2609/8632 4217/2610/8631 4220/2608/8633
f 4221/2610/8634 4222/2609/8634 4223/2607/8634
f 4222/2609/8634 4221/2610/8634 4224/2608/8635
f 4225/2610/8636 4226/2608/8637 4227/2607/8638
f 4227/2607/8638 4226/2608/8637 4228/2609/8639
f 4229/2610/8640 4230/2608/8640 4231/2607/8640
f 4231/2607/8640 4230/2608/8640 4232/2609/8640
f 4233/2610/8641 4234/2609/8642 4235/2607/8643
f 4234/2609/8642 4233/2610/8641 4236/2608/8644
f 4237/2610/8645 4238/2608/8646 4239/2607/8641
f 4239/2607/8641 4238/2608/8646 4240/2609/8644
f 4241/2610/8647 4242/2609/8646 4243/2607/8645
f 4242/2609/8646 4241/2610/8647 4244/2608/8648
f 4245/2607/8647 4246/2610/8643 4247/2608/8642
f 4245/2607/8647 4247/2608/8642 4248/2609/8648
f 4249/2607/8649 4250/2610/8642 4236/2608/8644
f 4249/2607/8649 4251/2610/8644 4238/2608/8646
f 4249/2607/8649 4252/2610/8646 4244/2608/8648
f 4253/2608/8649 4248/2609/8648 4254/2607/8642
f 4255/2607/8650 4256/2608/8650 4257/2609/8650
f 4255/2607/8651 4258/2608/8652 4259/2609/8653
f 4255/2607/8654 4260/2608/8655 4261/2609/8656
f 4255/2607/8657 4262/2608/8658 4263/2609/8657
f 4264/2610/8659 4265/2609/8660 4266/2607/8661
f 4265/2609/8660 4264/2610/8659 4267/2608/8662
f 4268/2608/8663 4269/2607/8663 4270/2610/8664
f 4269/2607/8663 4268/2608/8663 4271/2609/8664
f 4272/2610/8665 4273/2608/8666 4274/2607/8667
f 4274/2607/8667 4273/2608/8666 4275/2609/8668
f 4276/2610/8669 4277/2609/8670 4278/2607/8669
f 4277/2609/8670 4276/2610/8669 4279/2608/8671
f 4280/2610/8672 4281/2609/8673 4282/2607/8674
f 4281/2609/8673 4280/2610/8672 4283/2608/8672
f 4284/2610/8675 4285/2609/8675 4286/2607/8676
f 4285/2609/8675 4284/2610/8675 4287/2608/8677
f 4288/2610/8678 4289/2608/8678 4290/2607/8678
f 4290/2607/8678 4289/2608/8678 4291/2609/8679
f 4292/2610/8680 4293/2608/8681 4294/2607/8681
f 4294/2607/8681 4293/2608/8681 4295/2609/8682
f 4296/2610/8683 4297/2609/8684 4298/2607/8685
f 4297/2609/8684 4296/2610/8683 4299/2608/8686
f 4300/2607/8683 4301/2608/8687 4302/2609/8686
f 4301/2608/8687 4300/2607/8683 4303/2610/8688
f 4304/2610/8689 4305/2609/8687 4306/2607/8688
f 4305/2609/8687 4304/2610/8689 4307/2608/8690
f 4308/2609/8690 4309/2607/8689 4310/2608/8684
f 4309/2607/8689 4311/2610/8685 4310/2608/8684
f 4312/2607/8691 4313/2610/8684 4299/2608/8686
f 4312/2607/8691 4314/2610/8686 4301/2608/8687
f 4312/2607/8691 4315/2610/8687 4307/2608/8690
f 4316/2608/8691 4308/2609/8690 4317/2607/8684
f 4318/2607/8692 4319/2608/8693 4320/2609/8692
f 4321/2609/8694 4322/2610/8695 4323/2608/8695
f 4318/2607/8696 4324/2608/8696 4325/2609/8697
f 4318/2607/8698 4326/2608/8699 4327/2609/8698
f 4328/2609/8700 4329/2610/8701 4330/2608/8702
f 4329/2610/8701 4328/2609/8700 4331/2607/8703
f 4332/2610/8704 4333/2609/8705 4334/2607/8706
f 4333/2609/8705 4332/2610/8704 4335/2608/8707
f 4336/2608/8708 4337/2607/8709 4338/2610/8710
f 4337/2607/8709 4336/2608/8708 4339/2609/8711
f 4340/2610/8712 4341/2608/8713 4342/2607/8714
f 4342/2607/8714 4341/2608/8713 4343/2609/8715
f 4344/2608/8716 4345/2607/8717 4346/2610/8718
f 4345/2607/8717 4344/2608/8716 4347/2609/8716
f 4348/2610/8719 4349/2609/8720 4350/2607/8721
f 4349/2609/8720 4348/2610/8719 4351/2608/8720
f 4352/2610/8722 4353/2608/8723 4354/2607/8724
f 4354/2607/8724 4353/2608/8723 4355/2609/8725
f 4356/2610/8726 4357/2608/8727 4358/2607/8728
f 4358/2607/8728 4357/2608/8727 4359/2609/8729
f 4355/2609/8730 4360/2610/8730 4344/2608/8731
f 4360/2610/8730 4355/2609/8730 4361/2607/8731
f 4362/2607/8732 4363/2608/8733 4364/2609/8734
f 4362/2607/8735 4365/2608/8736 4366/2609/8737
f 4362/2607/8738 4367/2608/8739 4368/2609/8740
f 4362/2607/8741 4369/2608/8742 4370/2609/8743
f 4371/2610/8744 4372/2608/8745 4373/2607/8746
f 4373/2607/8746 4372/2608/8745 4374/2609/8744
f 4375/2608/8747 4376/2607/8748 4377/2610/8749
f 4376/2607/8748 4375/2608/8747 4378/2609/8750
f 4379/2610/8751 4380/2609/8752 4381/2607/8751
f 4380/2609/8752 4379/2610/8751 4382/2608/8753
f 4383/2610/8754 4384/2608/8755 4385/2607/8756
f 4385/2607/8756 4384/2608/8755 4386/2609/8754
f 4387/2610/8757 4388/2609/8758 4389/2607/8759
f 4388/2609/8758 4387/2610/8757 4390/2608/8760
f 4391/2610/8761 4392/2609/8762 4393/2607/8762
f 4392/2609/8762 4391/2610/8761 4394/2608/8762
f 4395/2610/8763 4396/2608/8764 4397/2607/8765
f 4397/2607/8765 4396/2608/8764 4398/2609/8765
f 4399/2610/8766 4400/2608/8767 4401/2607/8767
f 4401/2607/8767 4400/2608/8767 4402/2609/8768
f 4403/2610/8769 4404/2609/8770 4405/2607/8771
f 4404/2609/8770 4403/2610/8769 4406/2608/8772
f 4407/2609/8772 4408/2607/8769 4409/2608/8773
f 4408/2607/8769 4410/2610/8774 4409/2608/8773
f 4411/2610/8775 4412/2609/8773 4413/2607/8774
f 4412/2609/8773 4411/2610/8775 4414/2608/8776
f 4415/2608/8770 4416/2607/8775 4417/2610/8771
f 4416/2607/8775 4415/2608/8770 4418/2609/8776
f 4419/2607/8777 4420/2610/8770 4406/2608/8772
f 4419/2607/8777 4421/2610/8772 4409/2608/8773
f 4419/2607/8777 4422/2610/8773 4414/2608/8776
f 4423/2608/8777 4418/2609/8776 4424/2607/8770
f 4425/2609/8778 4426/2607/8779 4427/2608/8780
f 4428/2609/8781 4426/2607/8782 4429/2608/8783
f 4426/2607/8784 4430/2608/8785 4431/2609/8784
f 4426/2607/8786 4432/2608/8786 4433/2609/8787
f 4434/2610/8788 4435/2608/8789 4436/2607/8790
f 4436/2607/8790 4435/2608/8789 4437/2609/8791
f 4438/2610/8792 4439/2608/8792 4440/2607/8792
f 4440/2607/8792 4439/2608/8792 4441/2609/8793
f 4442/2610/8794 4443/2609/8795 4444/2607/8796
f 4443/2609/8795 4442/2610/8794 4445/2608/8796
f 4446/2610/8797 4447/2609/8798 4448/2607/8798
f 4447/2609/8798 4446/2610/8797 4449/2608/8799
f 4450/2610/8800 4451/2609/8801 4452/2607/8802
f 4451/2609/8801 4450/2610/8800 4453/2608/8803
f 4454/2610/8804 4455/2609/8804 4456/2607/8804
f 4455/2609/8804 4454/2610/8804 4457/2608/8805
f 4458/2610/8806 4459/2608/8807 4460/2607/8808
f 4460/2607/8808 4459/2608/8807 4461/2609/8809
f 4462/2610/8810 4463/2608/8811 4464/2607/8812
f 4464/2607/8812 4463/2608/8811 4465/2609/8811
f 4461/2609/8813 4466/2607/8814 4467/2610/8815
f 4461/2609/8813 4467/2610/8815 4453/2608/8816
f 4468/2609/8817 4469/2607/8818 4470/2608/8819
f 4471/2609/8820 4469/2607/8821 4472/2608/8822
f 4473/2609/8823 4474/2610/8824 4475/2608/8824
f 4476/2609/8825 4474/2610/8826 4477/2608/8826
f 4478/2610/8827 4479/2609/8827 4480/2607/8827
f 4479/2609/8827 4478/2610/8827 4481/2608/8827
f 4482/2610/8828 4483/2608/8829 4484/2607/8828
f 4484/2607/8828 4483/2608/8829 4485/2609/8830
f 4486/2610/8831 4487/2609/8832 4488/2607/8832
f 4487/2609/8832 4486/2610/8831 4489/2608/8831
f 4490/2610/8833 4491/2609/8834 4492/2607/8835
f 4491/2609/8834 4490/2610/8833 4493/2608/8836
f 4494/2610/8837 4495/2609/8838 4496/2607/8839
f 4495/2609/8838 4494/2610/8837 4497/2608/8840
f 4498/2610/8841 4499/2608/8842 4500/2607/8843
f 4500/2607/8843 4499/2608/8842 4501/2609/8843
f 4502/2610/8844 4503/2608/8845 4504/2607/8846
f 4504/2607/8846 4503/2608/8845 4505/2609/8845
f 4506/2610/8847 4507/2608/8848 4508/2607/8849
f 4508/2607/8849 4507/2608/8848 4509/2609/8850
f 4510/2610/8851 4497/2608/8852 4505/2609/8853
f 4510/2610/8851 4505/2609/8853 4511/2607/8851
f 4512/2609/8854 4513/2607/8855 4514/2608/8856
f 4515/2609/8857 4513/2607/8857 4516/2608/8858
f 4513/2607/8859 4517/2608/8859 4518/2609/8860
f 4513/2607/8861 4519/2608/8862 4520/2609/8863
f 4521/2610/8864 4522/2608/8865 4523/2607/8866
f 4523/2607/8866 4522/2608/8865 4524/2609/8867
f 4525/2610/8868 4526/2608/8868 4527/2607/8868
f 4527/2607/8868 4526/2608/8868 4528/2609/8869
f 4529/2610/8870 4530/2609/8871 4531/2607/8870
f 4530/2609/8871 4529/2610/8870 4532/2608/8872
f 4533/2608/8873 4534/2607/8874 4535/2610/8873
f 4534/2607/8874 4533/2608/8873 4536/2609/8873
f 4537/2610/8875 4538/2609/8875 4539/2607/8876
f 4538/2609/8875 4537/2610/8875 4540/2608/8877
f 4541/2610/8878 4542/2609/8879 4543/2607/8880
f 4542/2609/8879 4541/2610/8878 4544/2608/8881
f 4545/2610/8882 4546/2609/8883 4547/2607/8882
f 4546/2609/8883 4545/2610/8882 4548/2608/8882
f 4549/2610/8884 4550/2608/8885 4551/2607/8886
f 4551/2607/8886 4550/2608/8885 4552/2609/8886
f 4553/2607/8887 4554/2610/8888 4546/2609/8889
f 4554/2610/8888 4540/2608/8890 4546/2609/8889
f 4555/2609/8891 4556/2607/8892 4557/2608/8893
f 4558/2609/8894 4556/2607/8895 4559/2608/8894
f 4556/2607/8896 4560/2608/8896 4561/2609/8897
f 4556/2607/8898 4562/2608/8899 4563/2609/8900
f 4564/2610/8901 4565/2608/8902 4566/2607/8903
f 4566/2607/8903 4565/2608/8902 4567/2609/8904
f 4568/2610/8905 4569/2608/8906 4570/2607/8905
f 4570/2607/8905 4569/2608/8906 4571/2609/8907
f 4572/2610/8908 4573/2609/8909 4574/2607/8908
f 4573/2609/8909 4572/2610/8908 4575/2608/8910
f 4576/2610/8911 4577/2609/8912 4578/2607/8913
f 4577/2609/8912 4576/2610/8911 4579/2608/8914
f 4580/2610/8915 4581/2609/8916 4582/2607/8917
f 4581/2609/8916 4580/2610/8915 4583/2608/8918
f 4584/2610/8919 4585/2609/8920 4586/2607/8921
f 4585/2609/8920 4584/2610/8919 4587/2608/8922
f 4588/2610/8923 4589/2608/8924 4590/2607/8924
f 4590/2607/8924 4589/2608/8924 4591/2609/8924
f 4592/2610/8925 4593/2608/8926 4594/2607/8925
f 4594/2607/8925 4593/2608/8926 4595/2609/8927
f 4591/2609/8928 4596/2607/8929 4597/2610/8930
f 4591/2609/8928 4597/2610/8930 4583/2608/8931
f 4598/2607/8932 4599/2608/8933 4600/2609/8934
f 4598/2607/8935 4601/2608/8936 4602/2609/8937
f 4598/2607/8938 4603/2608/8939 4604/2609/8940
f 4598/2607/8941 4605/2608/8942 4606/2609/8941
f 4607/2610/8943 4608/2608/8944 4609/2607/8944
f 4609/2607/8944 4608/2608/8944 4610/2609/8944
f 4611/2610/8945 4612/2609/8946 4613/2607/8946
f 4612/2609/8946 4611/2610/8945 4614/2608/8947
f 4615/2610/8948 4616/2609/8949 4617/2607/8950
f 4616/2609/8949 4615/2610/8948 4618/2608/8948
f 4619/2610/8951 4620/2609/8952 4621/2607/8953
f 4620/2609/8952 4619/2610/8951 4622/2608/8953
f 4623/2610/8954 4624/2609/8955 4625/2607/8956
f 4624/2609/8955 4623/2610/8954 4626/2608/8955
f 4627/2610/8957 4628/2609/8957 4629/2607/8958
f 4628/2609/8957 4627/2610/8957 4630/2608/8957
f 4631/2610/8959 4632/2608/8960 4633/2607/8961
f 4633/2607/8961 4632/2608/8960 4634/2609/8962
f 4635/2610/8963 4636/2608/8964 4637/2607/8965
f 4637/2607/8965 4636/2608/8964 4638/2609/8966
f 4639/2610/8967 4640/2609/8968 4641/2607/8969
f 4640/2609/8968 4639/2610/8967 4642/2608/8970
f 4643/2607/8967 4644/2608/8971 4645/2609/8970
f 4644/2608/8971 4643/2607/8967 4646/2610/8972
f 4647/2610/8973 4648/2609/8971 4649/2607/8972
f 4648/2609/8971 4647/2610/8973 4650/2608/8974
f 4651/2610/8969 4652/2608/8968 4653/2607/8973
f 4653/2607/8973 4652/2608/8968 4654/2609/8974
f 4655/2607/8975 4656/2610/8968 4642/2608/8970
f 4655/2607/8975 4657/2610/8970 4644/2608/8971
f 4655/2607/8975 4658/2610/8971 4650/2608/8974
f 4659/2608/8975 4654/2609/8974 4660/2607/8968
f 4661/2607/8976 4662/2608/8977 4663/2609/8978
f 4661/2607/8979 4664/2608/8980 4665/2609/8980
f 4661/2607/8981 4666/2608/8982 4667/2609/8981
f 4661/2607/8983 4668/2608/8984 4669/2609/8983
f 4670/2610/8985 4671/2608/8985 4672/2607/8986
f 4672/2607/8986 4671/2608/8985 4673/2609/8987
f 4674/2608/8988 4675/2607/8989 4676/2610/8990
f 4675/2607/8989 4674/2608/8988 4677/2609/8991
f 4678/2610/8992 4679/2609/8993 4680/2607/8994
f 4679/2609/8993 4678/2610/8992 4681/2608/8995
f 4682/2610/8996 4683/2608/8997 4684/2607/8998
f 4684/2607/8998 4683/2608/8997 4685/2609/8996
f 4686/2610/8999 4687/2609/9000 4688/2607/9001
f 4687/2609/9000 4686/2610/8999 4689/2608/9002
f 4690/2610/9003 4691/2609/9004 4692/2607/9003
f 4691/2609/9004 4690/2610/9003 4693/2608/9005
f 4694/2610/9006 4695/2608/9007 4696/2607/9008
f 4696/2607/9008 4695/2608/9007 4697/2609/9006
f 4698/2610/9009 4699/2608/9010 4700/2607/9011
f 4700/2607/9011 4699/2608/9010 4701/2609/9012
f 4702/2610/9013 4703/2609/9014 4704/2607/9015
f 4703/2609/9014 4702/2610/9013 4705/2608/9016
f 4706/2609/9016 4707/2607/9013 4708/2608/9017
f 4707/2607/9013 4709/2610/9018 4708/2608/9017
f 4710/2610/9019 4711/2609/9017 4712/2607/9018
f 4711/2609/9017 4710/2610/9019 4713/2608/9020
f 4714/2608/9014 4715/2607/9019 4716/2610/9015
f 4715/2607/9019 4714/2608/9014 4717/2609/9020
f 4718/2607/9021 4719/2610/9014 4705/2608/9016
f 4718/2607/9021 4720/2610/9016 4708/2608/9017
f 4718/2607/9021 4721/2610/9017 4713/2608/9020
f 4722/2608/9021 4717/2609/9020 4723/2607/9014
f 4724/2607/9022 4725/2608/9023 4726/2609/9024
f 4724/2607/9025 4727/2608/9026 4728/2609/9027
f 4724/2607/9028 4729/2608/9029 4730/2609/9030
f 4724/2607/9031 4731/2608/9032 4732/2609/9031
f 4733/2610/9033 4734/2609/9034 4735/2607/9035
f 4734/2609/9034 4733/2610/9033 4736/2608/9034
f 4737/2608/9036 4738/2607/9037 4739/2610/9038
f 4738/2607/9037 4737/2608/9036 4740/2609/9036
f 4741/2610/9039 4742/2608/9040 4743/2607/9041
f 4743/2607/9041 4742/2608/9040 4744/2609/9040
f 4745/2610/9042 4746/2609/9043 4747/2607/9044
f 4746/2609/9043 4745/2610/9042 4748/2608/9044
f 4749/2610/9045 4750/2609/9046 4751/2607/9047
f 4750/2609/9046 4749/2610/9045 4752/2608/9047
f 4753/2610/9048 4754/2609/9048 4755/2607/9049
f 4754/2609/9048 4753/2610/9048 4756/2608/9050
f 4757/2610/9051 4758/2608/9052 4759/2607/9053
f 4759/2607/9053 4758/2608/9052 4760/2609/9052
f 4761/2610/9054 4762/2608/9055 4763/2607/9055
f 4763/2607/9055 4762/2608/9055 4764/2609/9055
f 4765/2610/9056 4766/2609/9057 4767/2607/9058
f 4766/2609/9057 4765/2610/9056 4768/2608/9059
f 4769/2607/9056 4770/2608/9060 4771/2609/9059
f 4770/2608/9060 4769/2607/9056 4772/2610/9061
f 4773/2610/9062 4774/2609/9060 4775/2607/9061
f 4774/2609/9060 4773/2610/9062 4776/2608/9063
f 4777/2609/9063 4778/2607/9062 4779/2608/9057
f 4778/2607/9062 4780/2610/9058 4779/2608/9057
f 4781/2607/9064 4782/2610/9057 4768/2608/9059
f 4781/2607/9064 4783/2610/9059 4770/2608/9060
f 4781/2607/9064 4784/2610/9060 4776/2608/9063
f 4785/2608/9064 4777/2609/9063 4786/2607/9057
f 4787/2607/9065 4788/2608/9065 4789/2609/9066
f 4790/2609/9067 4791/2610/9067 4792/2608/9067
f 4787/2607/9068 4793/2608/9069 4794/2609/9070
f 4787/2607/9071 4795/2608/9071 4796/2609/9072
f 4797/2609/9073 4798/2610/9074 4799/2608/9075
f 4798/2610/9074 4797/2609/9073 4800/2607/9076
f 4801/2610/9077 4802/2609/9078 4803/2607/9079
f 4802/2609/9078 4801/2610/9077 4804/2608/9080
f 4805/2608/9081 4806/2607/9082 4807/2610/9081
f 4806/2607/9082 4805/2608/9081 4808/2609/9082
f 4809/2610/9083 4810/2608/9084 4811/2607/9084
f 4811/2607/9084 4810/2608/9084 4812/2609/9085
f 4813/2608/9086 4814/2607/9087 4815/2610/9088
f 4814/2607/9087 4813/2608/9086 4816/2609/9089
f 4817/2610/9090 4818/2609/9090 4819/2607/9090
f 4818/2609/9090 4817/2610/9090 4820/2608/9090
f 4821/2610/9091 4822/2608/9092 4823/2607/9093
f 4823/2607/9093 4822/2608/9092 4824/2609/9094
f 4825/2610/9095 4826/2608/9096 4827/2607/9097
f 4827/2607/9097 4826/2608/9096 4828/2609/9098
f 4824/2609/9099 4829/2610/9100 4813/2608/9101
f 4829/2610/9100 4824/2609/9099 4830/2607/9102
f 4831/2609/9103 4832/2607/9104 4833/2608/9105
f 4832/2607/9106 4834/2608/9107 4835/2609/9106
f 4832/2607/9108 4836/2608/9109 4837/2609/9110
f 4832/2607/9111 4838/2608/9111 4839/2609/9112
f 4840/2610/9113 4841/2608/9114 4842/2607/9113
f 4842/2607/9113 4841/2608/9114 4843/2609/9115
f 4844/2610/9116 4845/2608/9116 4846/2607/9117
f 4846/2607/9117 4845/2608/9116 4847/2609/9118
f 4848/2610/9119 4849/2609/9120 4850/2607/9121
f 4849/2609/9120 4848/2610/9119 4851/2608/9122
f 4852/2610/9123 4853/2609/9124 4854/2607/9123
f 4853/2609/9124 4852/2610/9123 4855/2608/9125
f 4856/2610/9126 4857/2609/9127 4858/2607/9128
f 4857/2609/9127 4856/2610/9126 4859/2608/9129
f 4860/2610/9130 4861/2609/9131 4862/2607/9132
f 4861/2609/9131 4860/2610/9130 4863/2608/9130
f 4864/2610/9133 4865/2609/9134 4866/2607/9135
f 4865/2609/9134 4864/2610/9133 4867/2608/9136
f 4868/2610/9137 4869/2608/9138 4870/2607/9139
f 4870/2607/9139 4869/2608/9138 4871/2609/9140
f 4865/2609/9141 4872/2607/9142 4873/2610/9143
f 4865/2609/9141 4873/2610/9143 4859/2608/9144
f 4874/2607/9145 4875/2608/9145 4876/2609/9146
f 4874/2607/9147 4877/2608/9148 4878/2609/9149
f 4879/2609/9150 4874/2607/9151 4880/2608/9152
f 4881/2609/9153 4874/2607/9154 4882/2608/9153
f 4883/2608/9155 4884/2607/9156 4885/2610/9155
f 4886/2609/9155 4884/2607/9156 4883/2608/9155
f 4887/2610/9157 4888/2609/9158 4889/2607/9157
f 4888/2609/9158 4887/2610/9157 4890/2608/9159
f 4891/2610/9160 4892/2608/9161 4893/2607/9162
f 4893/2607/9162 4892/2608/9161 4894/2609/9163
f 4895/2610/9164 4896/2609/9165 4897/2607/9166
f 4896/2609/9165 4895/2610/9164 4898/2608/9167
f 4899/2610/9168 4900/2608/9169 4901/2607/9170
f 4901/2607/9170 4900/2608/9169 4902/2609/9171
f 4903/2610/9172 4904/2608/9173 4905/2607/9173
f 4905/2607/9173 4904/2608/9173 4906/2609/9173
f 4907/2610/9174 4908/2609/9174 4909/2607/9175
f 4908/2609/9174 4907/2610/9174 4910/2608/9176
f 4911/2609/9177 4912/2607/9178 4913/2610/9177
f 4913/2610/9177 4914/2608/9179 4911/2609/9177
f 4900/2608/9180 4908/2609/9181 4915/2610/9182
f 4915/2610/9182 4908/2609/9181 4916/2607/9180
f 4917/2609/9183 4918/2607/9184 4919/2608/9185
f 4918/2607/9186 4920/2608/9187 4921/2609/9188
f 4918/2607/9189 4922/2608/9189 4923/2609/9190
f 4918/2607/9191 4924/2608/9192 4925/2609/9193
f 4926/2610/9194 4927/2608/9194 4928/2607/9195
f 4928/2607/9195 4927/2608/9194 4929/2609/9196
f 4930/2610/9197 4931/2608/9198 4932/2607/9199
f 4932/2607/9199 4931/2608/9198 4933/2609/9200
f 4934/2610/9201 4935/2609/9202 4936/2607/9203
f 4935/2609/9202 4934/2610/9201 4937/2608/9204
f 4938/2610/9205 4939/2609/9206 4940/2607/9206
f 4939/2609/9206 4938/2610/9205 4941/2608/9207
f 4942/2610/9208 4943/2609/9209 4944/2607/9210
f 4943/2609/9209 4942/2610/9208 4945/2608/9211
f 4946/2610/9212 4947/2609/9213 4948/2607/9214
f 4947/2609/9213 4946/2610/9212 4949/2608/9215
f 4950/2610/9216 4951/2609/9216 4952/2607/9216
f 4951/2609/9216 4950/2610/9216 4953/2608/9216
f 4954/2610/9217 4955/2608/9218 4956/2607/9218
f 4956/2607/9218 4955/2608/9218 4957/2609/9219
f 4951/2609/9220 4958/2607/9221 4959/2610/9220
f 4959/2610/9220 4945/2608/9222 4951/2609/9220
f 4960/2607/9223 4961/2608/9224 4962/2609/9224
f 4960/2607/9225 4963/2608/9226 4964/2609/9227
f 4960/2607/9228 4965/2608/9229 4966/2609/9230
f 4967/2609/9231 4960/2607/9232 4968/2608/9233
f 4969/2610/9234 4970/2609/9234 4971/2607/9235
f 4970/2609/9234 4969/2610/9234 4972/2608/9236
f 4973/2608/9237 4974/2607/9237 4975/2610/9238
f 4976/2609/9239 4974/2607/9237 4973/2608/9237
f 4977/2610/9240 4978/2608/9241 4979/2607/9242
f 4979/2607/9242 4978/2608/9241 4980/2609/9243
f 4981/2610/9244 4982/2608/9245 4983/2607/9246
f 4983/2607/9246 4982/2608/9245 4984/2609/9247
f 4985/2610/9248 4986/2608/9249 4987/2607/9250
f 4987/2607/9250 4986/2608/9249 4988/2609/9251
f 4989/2610/9252 4990/2608/9253 4991/2607/9254
f 4991/2607/9254 4990/2608/9253 4992/2609/9253
f 4993/2610/9255 4994/2609/9256 4995/2607/9257
f 4994/2609/9256 4993/2610/9255 4996/2608/9258
f 4997/2610/9259 4998/2608/9260 4999/2607/9261
f 4999/2607/9261 4998/2608/9260 5000/2609/9259
f 5001/2610/9262 4986/2608/9263 4994/2609/9263
f 5001/2610/9262 4994/2609/9263 5002/2607/9264
f 5003/2607/9265 5004/2608/9266 5005/2609/9267
f 5003/2607/9268 5006/2608/9268 5007/2609/9269
f 5003/2607/9270 5008/2608/9271 5009/2609/9270
f 5003/2607/9272 5010/2608/9273 5011/2609/9272
f 5012/2610/9274 5013/2608/9275 5014/2607/9276
f 5014/2607/9276 5013/2608/9275 5015/2609/9275
f 5016/2608/9277 5017/2607/9278 5018/2610/9279
f 5017/2607/9278 5016/2608/9277 5019/2609/9280
f 5020/2610/9281 5021/2609/9282 5022/2607/9282
f 5021/2609/9282 5020/2610/9281 5023/2608/9281
f 5024/2610/9283 5025/2609/9284 5026/2607/9285
f 5025/2609/9284 5024/2610/9283 5027/2608/9286
f 5028/2610/9287 5029/2609/9288 5030/2607/9289
f 5029/2609/9288 5028/2610/9287 5031/2608/9290
f 5032/2610/9291 5033/2609/9292 5034/2607/9293
f 5033/2609/9292 5032/2610/9291 5035/2608/9293
f 5036/2610/9294 5037/2608/9294 5038/2607/9295
f 5038/2607/9295 5037/2608/9294 5039/2609/9296
f 5040/2610/9297 5041/2608/9298 5042/2607/9299
f 5042/2607/9299 5041/2608/9298 5043/2609/9300
f 5044/2610/9301 5045/2609/9302 5046/2607/9303
f 5045/2609/9302 5044/2610/9301 5047/2608/9304
f 5048/2609/9304 5049/2607/9301 5050/2608/9305
f 5049/2607/9301 5051/2610/9306 5050/2608/9305
f 5052/2610/9307 5053/2609/9305 5054/2607/9306
f 5053/2609/9305 5052/2610/9307 5055/2608/9308
f 5056/2608/9302 5057/2607/9307 5058/2610/9303
f 5057/2607/9307 5056/2608/9302 5059/2609/9308
f 5060/2607/9309 5061/2610/9302 5047/2608/9304
f 5060/2607/9309 5062/2610/9304 5050/2608/9305
f 5060/2607/9309 5063/2610/9305 5055/2608/9308
f 5064/2608/9309 5059/2609/9308 5065/2607/9302
f 5066/2607/9310 5067/2608/9311 5068/2609/9312
f 5066/2607/9313 5069/2608/9314 5070/2609/9314
f 5066/2607/9315 5071/2608/9316 5072/2609/9317
f 5066/2607/9318 5073/2608/9319 5074/2609/9318
f 5075/2610/9320 5076/2609/9320 5077/2607/9321
f 5076/2609/9320 5075/2610/9320 5078/2608/9322
f 5079/2610/9323 5080/2609/9324 5081/2607/9325
f 5080/2609/9324 5079/2610/9323 5082/2608/9326
f 5083/2610/9327 5084/2608/9328 5085/2607/9329
f 5085/2607/9329 5084/2608/9328 5086/2609/9328
f 5087/2610/9330 5088/2609/9331 5089/2607/9332
f 5088/2609/9331 5087/2610/9330 5090/2608/9332
f 5091/2610/9333 5092/2608/9334 5093/2607/9335
f 5093/2607/9335 5092/2608/9334 5094/2609/9334
f 5095/2610/9336 5096/2609/9337 5097/2607/9337
f 5096/2609/9337 5095/2610/9336 5098/2608/9338
f 5099/2610/9339 5100/2609/9340 5101/2607/9341
f 5100/2609/9340 5099/2610/9339 5102/2608/9342
f 5103/2610/9343 5104/2608/9344 5105/2607/9345
f 5105/2607/9345 5104/2608/9344 5106/2609/9346
f 5107/2610/9347 5108/2609/9348 5109/2607/9349
f 5108/2609/9348 5107/2610/9347 5110/2608/9350
f 5111/2608/9351 5112/2607/9347 5113/2610/9352
f 5112/2607/9347 5111/2608/9351 5114/2609/9350
f 5115/2610/9353 5116/2609/9351 5117/2607/9352
f 5116/2609/9351 5115/2610/9353 5118/2608/9354
f 5119/2609/9354 5120/2607/9353 5121/2608/9348
f 5120/2607/9353 5122/2610/9349 5121/2608/9348
f 5123/2607/9355 5124/2610/9348 5110/2608/9350
f 5123/2607/9355 5125/2610/9350 5111/2608/9351
f 5123/2607/9355 5126/2610/9351 5118/2608/9354
f 5127/2608/9355 5119/2609/9354 5128/2607/9348
f 5129/2607/9356 5130/2608/9356 5131/2609/9356
f 5129/2607/9357 5132/2608/9357 5133/2609/9358
f 5129/2607/9359 5134/2608/9360 5135/2609/9360
f 5129/2607/9361 5136/2608/9362 5137/2609/9363
f 5138/2610/9364 5139/2608/9365 5140/2607/9366
f 5140/2607/9366 5139/2608/9365 5141/2609/9367
f 5142/2608/9368 5143/2607/9369 5144/2610/9370
f 5143/2607/9369 5142/2608/9368 5145/2609/9371
f 5146/2610/9372 5147/2609/9372 5148/2607/9373
f 5147/2609/9372 5146/2610/9372 5149/2608/9374
f 5150/2610/9375 5151/2609/9376 5152/2607/9375
f 5151/2609/9376 5150/2610/9375 5153/2608/9377
f 5154/2610/9378 5155/2609/9379 5156/2607/9380
f 5155/2609/9379 5154/2610/9378 5157/2608/9381
f 5158/2610/9382 5159/2609/9383 5160/2607/9384
f 5159/2609/9383 5158/2610/9382 5161/2608/9383
f 5162/2610/9385 5163/2608/9386 5164/2607/9387
f 5164/2607/9387 5163/2608/9386 5165/2609/9387
f 5166/2610/9388 5167/2608/9389 5168/2607/9390
f 5168/2607/9390 5167/2608/9389 5169/2609/9391
f 5170/2610/9392 5171/2609/9393 5172/2607/9394
f 5171/2609/9393 5170/2610/9392 5173/2608/9395
f 5174/2608/9396 5175/2607/9392 5176/2610/9397
f 5175/2607/9392 5174/2608/9396 5177/2609/9395
f 5178/2610/9398 5179/2609/9396 5180/2607/9397
f 5179/2609/9396 5178/2610/9398 5181/2608/9399
f 5182/2609/9399 5183/2607/9398 5184/2608/9393
f 5183/2607/9398 5185/2610/9394 5184/2608/9393
f 5186/2607/9400 5187/2610/9393 5173/2608/9395
f 5186/2607/9400 5188/2610/9395 5174/2608/9396
f 5186/2607/9400 5189/2610/9396 5181/2608/9399
f 5190/2608/9400 5182/2609/9399 5191/2607/9393
f 5192/2609/9401 5193/2607/9402 5194/2608/9403
f 5195/2609/9404 5193/2607/9405 5196/2608/9405
f 5193/2607/9406 5197/2608/9407 5198/2609/9408
f 5199/2610/9409 5200/2608/9409 5201/2609/9410
f 5202/2610/9411 5203/2609/9412 5204/2607/9411
f 5203/2609/9412 5202/2610/9411 5205/2608/9412
f 5206/2609/9413 5207/2610/9414 5208/2608/9415
f 5207/2610/9414 5206/2609/9413 5209/2607/9416
f 5210/2608/9417 5211/2607/9418 5212/2610/9418
f 5211/2607/9418 5210/2608/9417 5213/2609/9419
f 5214/2610/9420 5215/2609/9421 5216/2607/9422
f 5215/2609/9421 5214/2610/9420 5217/2608/9422
f 5218/2610/9423 5219/2609/9423 5220/2607/9423
f 5219/2609/9423 5218/2610/9423 5221/2608/9424
f 5222/2610/9425 5223/2608/9426 5224/2607/9427
f 5224/2607/9427 5223/2608/9426 5225/2609/9427
f 5226/2610/9428 5227/2609/9429 5228/2607/9430
f 5227/2609/9429 5226/2610/9428 5229/2608/9431
f 5230/2610/9432 5231/2609/9433 5232/2607/9433
f 5231/2609/9433 5230/2610/9432 5233/2608/9434
f 5227/2609/9435 5234/2607/9436 5235/2610/9437
f 5227/2609/9435 5235/2610/9437 5221/2608/9438
f 5236/2609/9439 5237/2607/9440 5238/2608/9441
f 5237/2607/9442 5239/2608/9443 5240/2609/9442
f 5241/2609/9444 5237/2607/9445 5242/2608/9446
f 5243/2609/9447 5237/2607/9448 5244/2608/9447
f 5245/2610/9449 5246/2608/9449 5247/2607/9450
f 5247/2607/9450 5246/2608/9449 5248/2609/9450
f 5249/2610/9451 5250/2609/9452 5251/2607/9453
f 5250/2609/9452 5249/2610/9451 5252/2608/9454
f 5253/2610/9455 5254/2609/9456 5255/2607/9457
f 5254/2609/9456 5253/2610/9455 5256/2608/9458
f 5257/2610/9459 5258/2608/9459 5259/2607/9460
f 5259/2607/9460 5258/2608/9459 5260/2609/9461
f 5261/2610/9462 5262/2609/9463 5263/2607/9464
f 5262/2609/9463 5261/2610/9462 5264/2608/9465
f 5265/2610/9466 5266/2608/9467 5267/2607/9466
f 5267/2607/9466 5266/2608/9467 5268/2609/9467
f 5269/2610/9468 5270/2609/9469 5271/2607/9468
f 5270/2609/9469 5269/2610/9468 5272/2608/9470
f 5273/2610/9471 5274/2608/9472 5275/2607/9473
f 5275/2607/9473 5274/2608/9472 5276/2609/9472
f 5277/2607/9474 5278/2610/9475 5270/2609/9476
f 5278/2610/9475 5264/2608/9474 5270/2609/9476
f 5279/2609/9477 5280/2610/9478 5281/2608/9479
f 5280/2610/9480 5282/2608/9481 5283/2609/9482
f 5284/2609/9483 5285/2607/9484 5286/2608/9485
f 5287/2609/9486 5280/2610/9487 5288/2608/9488
f 5289/2610/9489 5290/2608/9490 5291/2607/9490
f 5292/2609/9490 5291/2607/9490 5290/2608/9490
f 5293/2610/9491 5294/2609/9492 5295/2607/9492
f 5294/2609/9492 5293/2610/9491 5296/2608/9491
f 5297/2610/9493 5298/2609/9494 5299/2607/9495
f 5298/2609/9494 5297/2610/9493 5300/2608/9493
f 5301/2610/9496 5302/2608/9497 5303/2607/9498
f 5303/2607/9498 5302/2608/9497 5304/2609/9497
f 5305/2610/9499 5306/2608/9500 5307/2607/9501
f 5307/2607/9501 5306/2608/9500 5308/2609/9501
f 5309/2610/9502 5310/2608/9503 5311/2607/9504
f 5311/2607/9504 5310/2608/9503 5312/2609/9504
f 5313/2610/9505 5314/2609/9506 5315/2607/9507
f 5314/2609/9506 5313/2610/9505 5316/2608/9505
f 5317/2609/9508 5318/2610/9509 5319/2608/9510
f 5318/2610/9509 5317/2609/9508 5320/2607/9511
f 5314/2609/9512 5321/2610/9513 5306/2608/9514
f 5321/2610/9513 5314/2609/9512 5322/2607/9513
f 5323/2607/9515 5324/2608/9516 5325/2609/9515
f 5323/2607/9517 5326/2608/9518 5327/2609/9519
f 5323/2607/9520 5328/2608/9521 5329/2609/9522
f 5323/2607/9523 5330/2608/9524 5331/2609/9525
f 5332/2610/9526 5333/2608/9527 5334/2607/9528
f 5334/2607/9528 5333/2608/9527 5335/2609/9529
f 5336/2608/9530 5337/2607/9531 5338/2610/9532
f 5337/2607/9531 5336/2608/9530 5339/2609/9531
f 5340/2610/9533 5341/2609/9534 5342/2607/9535
f 5341/2609/9534 5340/2610/9533 5343/2608/9536
f 5344/2610/9537 5345/2609/9538 5346/2607/9538
f 5345/2609/9538 5344/2610/9537 5347/2608/9538
f 5348/2610/9539 5349/2609/9540 5350/2607/9541
f 5349/2609/9540 5348/2610/9539 5351/2608/9542
f 5352/2610/9543 5353/2609/9543 5354/2607/9544
f 5353/2609/9543 5352/2610/9543 5355/2608/9545
f 5356/2610/9546 5357/2608/9547 5358/2607/9548
f 5358/2607/9548 5357/2608/9547 5359/2609/9548
f 5360/2610/9549 5361/2608/9550 5362/2607/9551
f 5362/2607/9551 5361/2608/9550 5363/2609/9552
f 5364/2610/9553 5365/2609/9554 5366/2607/9555
f 5365/2609/9554 5364/2610/9553 5367/2608/9556
f 5368/2609/9556 5369/2607/9553 5370/2608/9557
f 5369/2607/9553 5371/2610/9558 5370/2608/9557
f 5372/2610/9559 5373/2609/9557 5374/2607/9558
f 5373/2609/9557 5372/2610/9559 5375/2608/9560
f 5376/2608/9554 5377/2607/9559 5378/2610/9555
f 5377/2607/9559 5376/2608/9554 5379/2609/9560
f 5380/2607/9561 5381/2610/9554 5367/2608/9556
f 5380/2607/9561 5382/2610/9556 5370/2608/9557
f 5380/2607/9561 5383/2610/9557 5375/2608/9560
f 5384/2608/9561 5379/2609/9560 5385/2607/9554
f 5386/2607/9562 5387/2608/9563 5388/2609/9564
f 5386/2607/9565 5389/2608/9566 5390/2609/9567
f 5386/2607/9568 5391/2608/9568 5392/2609/9569
f 5386/2607/9570 5393/2608/9571 5394/2609/9572
f 5395/2610/9573 5396/2608/9574 5397/2607/9575
f 5397/2607/9575 5396/2608/9574 5398/2609/9573
f 5399/2610/9576 5400/2609/9577 5401/2607/9578
f 5400/2609/9577 5399/2610/9576 5402/2608/9579
f 5403/2610/9580 5404/2609/9581 5405/2607/9580
f 5404/2609/9581 5403/2610/9580 5406/2608/9580
f 5407/2610/9582 5408/2609/9583 5409/2607/9584
f 5408/2609/9583 5407/2610/9582 5410/2608/9582
f 5411/2610/9585 5412/2609/9586 5413/2607/9585
f 5412/2609/9586 5411/2610/9585 5414/2608/9585
f 5415/2610/9587 5416/2609/9587 5417/2607/9588
f 5416/2609/9587 5415/2610/9587 5418/2608/9589
f 5419/2610/9590 5420/2608/9591 5421/2607/9592
f 5421/2607/9592 5420/2608/9591 5422/2609/9593
f 5423/2610/9594 5424/2608/9594 5425/2607/9595
f 5425/2607/9595 5424/2608/9594 5426/2609/9594
f 5427/2610/9596 5428/2609/9597 5429/2607/9598
f 5428/2609/9597 5427/2610/9596 5430/2608/9599
f 5431/2607/9596 5432/2608/9600 5433/2609/9599
f 5432/2608/9600 5431/2607/9596 5434/2610/9601
f 5435/2610/9602 5436/2609/9600 5437/2607/9601
f 5436/2609/9600 5435/2610/9602 5438/2608/9603
f 5439/2610/9598 5440/2608/9597 5441/2607/9602
f 5441/2607/9602 5440/2608/9597 5442/2609/9603
f 5443/2607/9604 5444/2610/9597 5430/2608/9599
f 5443/2607/9604 5445/2610/9599 5432/2608/9600
f 5443/2607/9604 5446/2610/9600 5438/2608/9603
f 5447/2608/9604 5442/2609/9603 5448/2607/9597
f 5449/2607/9605 5450/2608/9606 5451/2609/9607
f 5449/2607/9608 5452/2608/9609 5453/2609/9610
f 5449/2607/9611 5454/2608/9611 5455/2609/9612
f 5449/2607/9613 5456/2608/9614 5457/2609/9615
f 5458/2610/9616 5459/2608/9617 5460/2607/9616
f 5460/2607/9616 5459/2608/9617 5461/2609/9616
f 5462/2608/9618 5463/2607/9619 5464/2610/9619
f 5463/2607/9619 5462/2608/9618 5465/2609/9619
f 5466/2610/9620 5467/2609/9621 5468/2607/9621
f 5467/2609/9621 5466/2610/9620 5469/2608/9622
f 5470/2610/9623 5471/2609/9623 5472/2607/9624
f 5471/2609/9623 5470/2610/9623 5473/2608/9625
f 5474/2610/9626 5475/2608/9627 5476/2607/9628
f 5476/2607/9628 5475/2608/9627 5477/2609/9626
f 5478/2610/9629 5479/2609/9630 5480/2607/9631
f 5479/2609/9630 5478/2610/9629 5481/2608/9629
f 5482/2610/9632 5483/2609/9633 5484/2607/9633
f 5483/2609/9633 5482/2610/9632 5485/2608/9634
f 5486/2610/9635 5487/2608/9635 5488/2607/9635
f 5488/2607/9635 5487/2608/9635 5489/2609/9636
f 5490/2607/9637 5491/2610/9638 5492/2609/9639
f 5492/2609/9639 5491/2610/9638 5493/2608/9640
f 5494/2608/9641 5495/2607/9638 5496/2610/9642
f 5495/2607/9638 5494/2608/9641 5497/2609/9640
f 5498/2610/9643 5499/2609/9641 5500/2607/9642
f 5499/2609/9641 5498/2610/9643 5501/2608/9644
f 5502/2608/9639 5503/2609/9644 5504/2607/9643
f 5504/2607/9643 5505/2610/9637 5502/2608/9639
f 5506/2607/9645 5507/2610/9639 5493/2608/9640
f 5506/2607/9645 5508/2610/9640 5494/2608/9641
f 5506/2607/9645 5509/2610/9641 5501/2608/9644
f 5510/2608/9645 5503/2609/9644 5511/2607/9639
f 5512/2609/9646 5513/2607/9646 5514/2608/9646
f 5515/2609/9647 5513/2607/9648 5516/2608/9649
f 5513/2607/9650 5517/2608/9651 5518/2609/9652
f 5513/2607/9653 5519/2608/9654 5520/2609/9655
f 5521/2610/9656 5522/2608/9656 5523/2607/9657
f 5523/2607/9657 5522/2608/9656 5524/2609/9656
f 5525/2610/9658 5526/2608/9659 5527/2607/9660
f 5527/2607/9660 5526/2608/9659 5528/2609/9660
f 5529/2609/9661 5530/2610/9662 5531/2608/9663
f 5530/2610/9662 5529/2609/9661 5532/2607/9662
f 5533/2610/9664 5534/2608/9664 5535/2607/9664
f 5536/2609/9665 5535/2607/9664 5534/2608/9664
f 5537/2610/9666 5538/2609/9666 5539/2607/9667
f 5538/2609/9666 5537/2610/9666 5540/2608/9668
f 5541/2610/9669 5542/2609/9670 5543/2607/9671
f 5542/2609/9670 5541/2610/9669 5544/2608/9670
f 5545/2610/9672 5546/2609/9673 5547/2607/9674
f 5546/2609/9673 5545/2610/9672 5548/2608/9674
f 5549/2610/9675 5550/2608/9676 5551/2607/9676
f 5551/2607/9676 5550/2608/9676 5552/2609/9677
f 5553/2610/9678 5540/2608/9679 5546/2609/9680
f 5553/2610/9678 5546/2609/9680 5554/2607/9681
f 5555/2607/9682 5556/2608/9683 5557/2609/9684
f 5555/2607/9685 5558/2608/9686 5559/2609/9687
f 5555/2607/9688 5560/2608/9689 5561/2609/9690
f 5555/2607/9691 5562/2608/9692 5563/2609/9691
f 5564/2610/9693 5565/2609/9694 5566/2607/9695
f 5565/2609/9694 5564/2610/9693 5567/2608/9694
f 5568/2608/9696 5569/2607/9697 5570/2610/9698
f 5569/2607/9697 5568/2608/9696 5571/2609/9696
f 5572/2610/9699 5573/2608/9700 5574/2607/9701
f 5574/2607/9701 5573/2608/9700 5575/2609/9700
f 5576/2610/9702 5577/2609/9703 5578/2607/9704
f 5577/2609/9703 5576/2610/9702 5579/2608/9705
f 5580/2610/9706 5581/2608/9706 5582/2607/9707
f 5582/2607/9707 5581/2608/9706 5583/2609/9708
f 5584/2610/9709 5585/2609/9710 5586/2607/9711
f 5585/2609/9710 5584/2610/9709 5587/2608/9712
f 5588/2610/9713 5589/2609/9714 5590/2607/9715
f 5589/2609/9714 5588/2610/9713 5591/2608/9716
f 5592/2610/9717 5593/2608/9718 5594/2607/9717
f 5594/2607/9717 5593/2608/9718 5595/2609/9717
f 5596/2610/9719 5597/2609/9720 5598/2607/9721
f 5597/2609/9720 5596/2610/9719 5599/2608/9722
f 5600/2607/9719 5601/2610/9723 5602/2608/9724
f 5600/2607/9719 5602/2608/9724 5603/2609/9722
f 5604/2610/9725 5605/2609/9724 5606/2607/9723
f 5605/2609/9724 5604/2610/9725 5607/2608/9726
f 5608/2610/9721 5609/2608/9720 5610/2607/9725
f 5610/2607/9725 5609/2608/9720 5611/2609/9726
f 5612/2607/9727 5613/2610/9720 5599/2608/9722
f 5612/2607/9727 5614/2610/9722 5602/2608/9724
f 5612/2607/9727 5615/2610/9724 5607/2608/9726
f 5616/2608/9727 5611/2609/9726 5617/2607/9720
f 5618/2609/9728 5619/2607/9729 5620/2608/9730
f 5621/2609/9731 5619/2607/9731 5622/2608/9732
f 5619/2607/9733 5623/2608/9734 5624/2609/9735
f 5619/2607/9736 5625/2608/9737 5626/2609/9738
f 5627/2610/9739 5628/2608/9740 5629/2607/9741
f 5629/2607/9741 5628/2608/9740 5630/2609/9742
f 5631/2610/9743 5632/2608/9744 5633/2607/9745
f 5633/2607/9745 5632/2608/9744 5634/2609/9743
f 5635/2610/9746 5636/2609/9747 5637/2607/9748
f 5636/2609/9747 5635/2610/9746 5638/2608/9749
f 5639/2610/9750 5640/2609/9751 5641/2607/9750
f 5640/2609/9751 5639/2610/9750 5642/2608/9752
f 5643/2610/9753 5644/2609/9754 5645/2607/9755
f 5644/2609/9754 5643/2610/9753 5646/2608/9753
f 5647/2610/9756 5648/2609/9756 5649/2607/9757
f 5648/2609/9756 5647/2610/9756 5650/2608/9758
f 5651/2610/9759 5652/2608/9760 5653/2607/9761
f 5653/2607/9761 5652/2608/9760 5654/2609/9762
f 5655/2610/9763 5656/2608/9764 5657/2607/9765
f 5657/2607/9765 5656/2608/9764 5658/2609/9766
f 5654/2609/9767 5659/2607/9768 5660/2610/9767
f 5654/2609/9767 5660/2610/9767 5646/2608/9769
# Vertices: 2627, normals: 2094, texture coordinates: 4, faces: 1334

