# File generated by ImageToStl.com - Free Image and 3D model conversion tools

mtllib artificial_stone_waterfall.mtl

o obj1
v -83.27386428 78.53011072 11.30900889
v -85.17596436 78.5301107 11.12170949
v -85.17596436 241.60291133 11.12169053
v -83.27386428 241.60291136 11.30909051
v -81.44476426 78.53011078 11.86390877
v -81.44476426 241.60291142 11.8638898
v -79.75916427 78.53011089 12.76490897
v -79.75916427 241.60291152 12.76489
v -78.28166422 78.53011103 13.977409
v -79.75916427 78.53011089 12.76490897
v -79.75916427 241.60291152 12.76489
v -78.28166422 241.60291167 13.97739004
v -77.06916419 78.5301112 15.45490905
v -77.06916419 241.60291184 15.45489009
v -76.16816399 78.5301114 17.14050904
v -76.16816399 241.60291203 17.14059028
v -75.61326411 78.53011161 18.96960906
v -75.61326411 241.60281092 18.9695901
v -75.42596471 78.53011183 20.87170914
v -75.42596471 241.60281114 20.87169017
v -75.61326411 78.53011205 22.77380921
v -75.61326411 241.60281136 22.77389008
v -76.16816399 78.53011226 24.60290923
v -76.16816399 241.60281157 24.60289027
v -77.06916419 78.53011246 26.28850922
v -77.06916419 241.60281177 26.28849025
v -78.28166422 78.53011263 27.76600927
v -78.28166422 241.60281194 27.76599031
v -79.75916427 78.53011277 28.9785093
v -79.75916427 241.60281208 28.97859018
v -81.44476426 78.53011288 29.87950951
v -81.44476426 241.60281219 29.87949054
v -83.27386428 78.53011294 30.43440938
v -83.27386428 241.60281225 30.43439041
v -85.17596436 78.53011296 30.62170878
v -85.17596436 241.60281227 30.62168981
v -87.07806443 78.53011294 30.43440938
v -87.07806443 241.60281225 30.43439041
v -88.90716445 78.53011288 29.87950951
v -88.90716445 241.60281219 29.87949054
v -90.59276444 78.53011277 28.9785093
v -90.59276444 241.60281208 28.97859018
v -92.07026449 78.53011263 27.76600927
v -92.07026449 241.60281194 27.76599031
v -93.28276452 78.53011246 26.28850922
v -93.28276452 241.60281177 26.28849025
v -94.18376473 78.53011226 24.60290923
v -94.18376473 241.60281157 24.60289027
v -94.7386646 78.53011205 22.77380921
v -94.7386646 241.60281136 22.77389008
v -94.925964 78.53011183 20.87170914
v -94.925964 241.60281114 20.87169017
v -94.7386646 78.53011161 18.96960906
v -94.7386646 241.60281092 18.9695901
v -94.18376473 78.5301114 17.14050904
v -94.18376473 241.60291203 17.14059028
v -93.28276452 78.5301112 15.45490905
v -93.28276452 241.60291184 15.45489009
v -92.07026449 78.53011103 13.977409
v -92.07026449 241.60291167 13.97739004
v -90.59276444 78.53011089 12.76490897
v -90.59276444 241.60291152 12.76489
v -88.90716445 78.53011078 11.86390877
v -88.90716445 241.60291142 11.8638898
v -87.07806443 78.53011072 11.30900889
v -87.07806443 241.60291136 11.30909051
vn 0.19509 0.98079 0
vn 0 1 -0
vn 0.38268 0.92388 0
vn 0.55557 0.83147 0
vn 0.70711 0.70711 -0
vn 0.83147 0.55557 0
vn 0.92388 0.38268 0
vn 0.98079 0.19509 0
vn 1 0 0
vn 0.98079 -0.19509 0
vn 0.92388 -0.38268 0
vn 0.83147 -0.55557 0
vn 0.70711 -0.70711 0
vn 0.55557 -0.83147 -0
vn 0.38268 -0.92388 0
vn 0.19509 -0.98079 -0
vn 0 -1 0
vn -0.19509 -0.98079 -0
vn -0.38268 -0.92388 0
vn -0.55557 -0.83147 -0
vn -0.70711 -0.70711 0
vn -0.83147 -0.55557 0
vn -0.92388 -0.38268 0
vn -0.98079 -0.19509 0
vn -1 0 0
vn -0.98079 0.19509 0
vn -0.92388 0.38268 0
vn -0.83147 0.55557 0
vn -0.70711 0.70711 -0
vn -0.55557 0.83147 0
vn -0.38268 0.92388 0
vn -0.19509 0.98079 0
vt 0.35431 0.99983
vt 0.36472 0.99983
vt 0.36472 0.11198
vt 0.35431 0.11198
vt 0.34391 0.99983
vt 0.34391 0.11198
vt 0.3335 0.99983
vt 0.3335 0.11198
vt 0.6561 0.99984
vt 0.6665 0.99984
vt 0.6665 0.11198
vt 0.6561 0.11198
vt 0.64569 0.99984
vt 0.64569 0.11198
vt 0.63528 0.99984
vt 0.63528 0.11198
vt 0.62488 0.99983
vt 0.62488 0.11198
vt 0.61447 0.99983
vt 0.61447 0.11198
vt 0.60406 0.99983
vt 0.60406 0.11198
vt 0.59366 0.99983
vt 0.59366 0.11198
vt 0.58325 0.99983
vt 0.58325 0.11198
vt 0.57284 0.99983
vt 0.57284 0.11198
vt 0.56244 0.99983
vt 0.56244 0.11198
vt 0.55203 0.99983
vt 0.55203 0.11198
vt 0.54163 0.99983
vt 0.54163 0.11198
vt 0.53122 0.99983
vt 0.53122 0.11198
vt 0.52081 0.99983
vt 0.52081 0.11198
vt 0.51041 0.99983
vt 0.51041 0.11198
vt 0.5 0.99983
vt 0.5 0.11198
vt 0.48959 0.99983
vt 0.48959 0.11198
vt 0.47919 0.99983
vt 0.47919 0.11198
vt 0.46878 0.99983
vt 0.46878 0.11198
vt 0.45838 0.99983
vt 0.45838 0.11198
vt 0.44797 0.99983
vt 0.44797 0.11198
vt 0.43756 0.99983
vt 0.43756 0.11198
vt 0.42716 0.99983
vt 0.42716 0.11198
vt 0.41675 0.99983
vt 0.41675 0.11198
vt 0.40634 0.99983
vt 0.40634 0.11198
vt 0.39594 0.99983
vt 0.39594 0.11198
vt 0.38553 0.99983
vt 0.38553 0.11198
vt 0.37512 0.99983
vt 0.37512 0.11198
usemtl mat5
f 1/1/1 2/2/2 3/3/2
f 3/3/2 4/4/1 1/1/1
f 5/5/3 1/1/1 4/4/1
f 4/4/1 6/6/3 5/5/3
f 7/7/4 5/5/3 6/6/3
f 6/6/3 8/8/4 7/7/4
f 9/9/5 10/10/4 11/11/4
f 11/11/4 12/12/5 9/9/5
f 13/13/6 9/9/5 12/12/5
f 12/12/5 14/14/6 13/13/6
f 15/15/7 13/13/6 14/14/6
f 14/14/6 16/16/7 15/15/7
f 17/17/8 15/15/7 16/16/7
f 16/16/7 18/18/8 17/17/8
f 19/19/9 17/17/8 18/18/8
f 18/18/8 20/20/9 19/19/9
f 21/21/10 19/19/9 20/20/9
f 20/20/9 22/22/10 21/21/10
f 23/23/11 21/21/10 22/22/10
f 22/22/10 24/24/11 23/23/11
f 25/25/12 23/23/11 24/24/11
f 24/24/11 26/26/12 25/25/12
f 27/27/13 25/25/12 26/26/12
f 26/26/12 28/28/13 27/27/13
f 29/29/14 27/27/13 28/28/13
f 28/28/13 30/30/14 29/29/14
f 31/31/15 29/29/14 30/30/14
f 30/30/14 32/32/15 31/31/15
f 33/33/16 31/31/15 32/32/15
f 32/32/15 34/34/16 33/33/16
f 35/35/17 33/33/16 34/34/16
f 34/34/16 36/36/17 35/35/17
f 37/37/18 35/35/17 36/36/17
f 36/36/17 38/38/18 37/37/18
f 39/39/19 37/37/18 38/38/18
f 38/38/18 40/40/19 39/39/19
f 41/41/20 39/39/19 40/40/19
f 40/40/19 42/42/20 41/41/20
f 43/43/21 41/41/20 42/42/20
f 42/42/20 44/44/21 43/43/21
f 45/45/22 43/43/21 44/44/21
f 44/44/21 46/46/22 45/45/22
f 47/47/23 45/45/22 46/46/22
f 46/46/22 48/48/23 47/47/23
f 49/49/24 47/47/23 48/48/23
f 48/48/23 50/50/24 49/49/24
f 51/51/25 49/49/24 50/50/24
f 50/50/24 52/52/25 51/51/25
f 53/53/26 51/51/25 52/52/25
f 52/52/25 54/54/26 53/53/26
f 55/55/27 53/53/26 54/54/26
f 54/54/26 56/56/27 55/55/27
f 57/57/28 55/55/27 56/56/27
f 56/56/27 58/58/28 57/57/28
f 59/59/29 57/57/28 58/58/28
f 58/58/28 60/60/29 59/59/29
f 61/61/30 59/59/29 60/60/29
f 60/60/29 62/62/30 61/61/30
f 63/63/31 61/61/30 62/62/30
f 62/62/30 64/64/31 63/63/31
f 65/65/32 63/63/31 64/64/31
f 64/64/31 66/66/32 65/65/32
f 2/2/2 65/65/32 66/66/32
f 66/66/32 3/3/2 2/2/2
# Vertices: 66, normals: 32, texture coordinates: 66, faces: 64

o obj2
v 72.78134201 78.53011072 11.30900889
v 70.87924194 78.5301107 11.12170949
v 70.87924194 255.53100882 11.12168891
v 72.78134201 255.53100884 11.30908889
v 74.61044204 78.53011078 11.86390877
v 74.61044204 255.53100891 11.86388818
v 76.29604203 78.53011089 12.76490897
v 76.29604203 255.53100901 12.76488838
v 77.77354208 78.53011103 13.977409
v 77.77354208 255.53100915 13.97738842
v 78.98604211 78.5301112 15.45490905
v 78.98604211 255.53100932 15.45488847
v 79.88704231 78.5301114 17.14050904
v 78.98604211 78.5301112 15.45490905
v 78.98604211 255.53100932 15.45488847
v 79.88704231 255.53100952 17.14058866
v 80.44194219 78.53011161 18.96960906
v 80.44194219 255.53100973 18.96958848
v 80.62924159 78.53011183 20.87170914
v 80.62924159 255.53100995 20.87168855
v 80.44194219 78.53011205 22.77380921
v 80.44194219 255.53101018 22.77378862
v 79.88704231 78.53011226 24.60290923
v 79.88704231 255.53101039 24.60288865
v 78.98604211 78.53011246 26.28850922
v 78.98604211 255.53101058 26.28848863
v 77.77354208 78.53011263 27.76600927
v 77.77354208 255.53101076 27.76598869
v 76.29604203 78.53011277 28.9785093
v 76.29604203 255.5310109 28.97858856
v 74.61044204 78.53011288 29.87950951
v 74.61044204 255.531011 29.87948892
v 72.78134201 78.53011294 30.43440938
v 72.78134201 255.53101107 30.43438879
v 70.87924194 78.53011296 30.62170878
v 70.87924194 255.53101109 30.6216882
v 68.97714187 78.53011294 30.43440938
v 68.97714187 255.53101107 30.43438879
v 67.14804184 78.53011288 29.87950951
v 67.14804184 255.531011 29.87948892
v 65.46244186 78.53011277 28.9785093
v 65.46244186 255.5310109 28.97858856
v 63.98494181 78.53011263 27.76600927
v 63.98494181 255.53101076 27.76598869
v 62.77244177 78.53011246 26.28850922
v 62.77244177 255.53101058 26.28848863
v 61.87144157 78.53011226 24.60290923
v 61.87144157 255.53101039 24.60288865
v 61.3165417 78.53011205 22.77380921
v 61.3165417 255.53101018 22.77378862
v 61.1292423 78.53011183 20.87170914
v 61.1292423 255.53100995 20.87168855
v 61.3165417 78.53011161 18.96960906
v 61.3165417 255.53100973 18.96958848
v 61.87144157 78.5301114 17.14050904
v 61.87144157 255.53100952 17.14058866
v 62.77244177 78.5301112 15.45490905
v 62.77244177 255.53100932 15.45488847
v 63.98494181 78.53011103 13.977409
v 63.98494181 255.53100915 13.97738842
v 65.46244186 78.53011089 12.76490897
v 65.46244186 255.53100901 12.76488838
v 67.14804184 78.53011078 11.86390877
v 67.14804184 255.53100891 11.86388818
v 68.97714187 78.53011072 11.30900889
v 68.97714187 255.53100884 11.30908889
vn 0.19509 0.98079 0
vn 0 1 -0
vn 0.38268 0.92388 0
vn 0.55557 0.83147 0
vn 0.70711 0.70711 -0
vn 0.83147 0.55557 -0
vn 0.92388 0.38268 0
vn 0.98079 0.19509 0
vn 1 0 0
vn 0.98079 -0.19509 -0
vn 0.92388 -0.38268 -0
vn 0.83147 -0.55557 0
vn 0.70711 -0.70711 0
vn 0.55557 -0.83147 -0
vn 0.38268 -0.92388 0
vn 0.19509 -0.98079 0
vn 0 -1 0
vn -0.19509 -0.98079 0
vn -0.38268 -0.92388 0
vn -0.55557 -0.83147 -0
vn -0.70711 -0.70711 0
vn -0.83147 -0.55557 0
vn -0.92388 -0.38268 -0
vn -0.98079 -0.19509 -0
vn -1 0 0
vn -0.98079 0.19509 0
vn -0.92388 0.38268 0
vn -0.83147 0.55557 -0
vn -0.70711 0.70711 -0
vn -0.55557 0.83147 0
vn -0.38268 0.92388 0
vn -0.19509 0.98079 0
vt 0.29154 0.03615
vt 0.28114 0.03615
vt 0.28114 0.99984
vt 0.29154 0.99984
vt 0.30195 0.03615
vt 0.30195 0.99984
vt 0.31236 0.03615
vt 0.31236 0.99984
vt 0.32276 0.03615
vt 0.32276 0.99984
vt 0.33317 0.03615
vt 0.33317 0.99984
vt 0.01057 0.03615
vt 0.00017 0.03615
vt 0.00017 0.99983
vt 0.01057 0.99983
vt 0.02098 0.03615
vt 0.02098 0.99983
vt 0.03138 0.03615
vt 0.03138 0.99983
vt 0.04179 0.03615
vt 0.04179 0.99983
vt 0.0522 0.03615
vt 0.0522 0.99983
vt 0.0626 0.03615
vt 0.0626 0.99983
vt 0.07301 0.03615
vt 0.07301 0.99983
vt 0.08342 0.03615
vt 0.08342 0.99983
vt 0.09382 0.03615
vt 0.09382 0.99983
vt 0.10423 0.03615
vt 0.10423 0.99983
vt 0.11463 0.03615
vt 0.11463 0.99983
vt 0.12504 0.03615
vt 0.12504 0.99983
vt 0.13545 0.03615
vt 0.13545 0.99983
vt 0.14585 0.03615
vt 0.14585 0.99983
vt 0.15626 0.03615
vt 0.15626 0.99984
vt 0.16667 0.03615
vt 0.16667 0.99984
vt 0.17707 0.03615
vt 0.17707 0.99984
vt 0.18748 0.03615
vt 0.18748 0.99984
vt 0.19789 0.03615
vt 0.19789 0.99984
vt 0.20829 0.03615
vt 0.20829 0.99984
vt 0.2187 0.03615
vt 0.2187 0.99984
vt 0.2291 0.03615
vt 0.2291 0.99984
vt 0.23951 0.03615
vt 0.23951 0.99984
vt 0.24992 0.03615
vt 0.24992 0.99984
vt 0.26032 0.03615
vt 0.26032 0.99984
vt 0.27073 0.03615
vt 0.27073 0.99984
usemtl mat5
f 67/67/33 68/68/34 69/69/34
f 69/69/34 70/70/33 67/67/33
f 71/71/35 67/67/33 70/70/33
f 70/70/33 72/72/35 71/71/35
f 73/73/36 71/71/35 72/72/35
f 72/72/35 74/74/36 73/73/36
f 75/75/37 73/73/36 74/74/36
f 74/74/36 76/76/37 75/75/37
f 77/77/38 75/75/37 76/76/37
f 76/76/37 78/78/38 77/77/38
f 79/79/39 80/80/38 81/81/38
f 81/81/38 82/82/39 79/79/39
f 83/83/40 79/79/39 82/82/39
f 82/82/39 84/84/40 83/83/40
f 85/85/41 83/83/40 84/84/40
f 84/84/40 86/86/41 85/85/41
f 87/87/42 85/85/41 86/86/41
f 86/86/41 88/88/42 87/87/42
f 89/89/43 87/87/42 88/88/42
f 88/88/42 90/90/43 89/89/43
f 91/91/44 89/89/43 90/90/43
f 90/90/43 92/92/44 91/91/44
f 93/93/45 91/91/44 92/92/44
f 92/92/44 94/94/45 93/93/45
f 95/95/46 93/93/45 94/94/45
f 94/94/45 96/96/46 95/95/46
f 97/97/47 95/95/46 96/96/46
f 96/96/46 98/98/47 97/97/47
f 99/99/48 97/97/47 98/98/47
f 98/98/47 100/100/48 99/99/48
f 101/101/49 99/99/48 100/100/48
f 100/100/48 102/102/49 101/101/49
f 103/103/50 101/101/49 102/102/49
f 102/102/49 104/104/50 103/103/50
f 105/105/51 103/103/50 104/104/50
f 104/104/50 106/106/51 105/105/51
f 107/107/52 105/105/51 106/106/51
f 106/106/51 108/108/52 107/107/52
f 109/109/53 107/107/52 108/108/52
f 108/108/52 110/110/53 109/109/53
f 111/111/54 109/109/53 110/110/53
f 110/110/53 112/112/54 111/111/54
f 113/113/55 111/111/54 112/112/54
f 112/112/54 114/114/55 113/113/55
f 115/115/56 113/113/55 114/114/55
f 114/114/55 116/116/56 115/115/56
f 117/117/57 115/115/56 116/116/56
f 116/116/56 118/118/57 117/117/57
f 119/119/58 117/117/57 118/118/57
f 118/118/57 120/120/58 119/119/58
f 121/121/59 119/119/58 120/120/58
f 120/120/58 122/122/59 121/121/59
f 123/123/60 121/121/59 122/122/59
f 122/122/59 124/124/60 123/123/60
f 125/125/61 123/123/60 124/124/60
f 124/124/60 126/126/61 125/125/61
f 127/127/62 125/125/61 126/126/61
f 126/126/61 128/128/62 127/127/62
f 129/129/63 127/127/62 128/128/62
f 128/128/62 130/130/63 129/129/63
f 131/131/64 129/129/63 130/130/63
f 130/130/63 132/132/64 131/131/64
f 68/68/34 131/131/64 132/132/64
f 132/132/64 69/69/34 68/68/34
# Vertices: 66, normals: 32, texture coordinates: 66, faces: 64

o obj3
v -5.04813816 78.53011072 11.30900889
v -6.95023823 78.5301107 11.12170949
v -6.95023823 241.60291133 11.12169053
v -5.04813816 241.60291136 11.30909051
v -3.21903813 78.53011078 11.86390877
v -3.21903813 241.60291142 11.8638898
v -1.53343815 78.53011089 12.76490897
v -1.53343815 241.60291152 12.76489
v -0.05593809 78.53011103 13.977409
v -0.05593809 241.60291167 13.97739004
v 1.15656194 78.5301112 15.45490905
v -0.05593809 78.53011103 13.977409
v -0.05593809 241.60291167 13.97739004
v 1.15656194 241.60291184 15.45489009
v 2.05756214 78.5301114 17.14050904
v 2.05756214 241.60291203 17.14059028
v 2.61246201 78.53011161 18.96960906
v 2.61246201 241.60281092 18.9695901
v 2.79976141 78.53011183 20.87170914
v 2.79976141 241.60281114 20.87169017
v 2.61246201 78.53011205 22.77380921
v 2.61246201 241.60281136 22.77389008
v 2.05756214 78.53011226 24.60290923
v 2.05756214 241.60281157 24.60289027
v 1.15656194 78.53011246 26.28850922
v 1.15656194 241.60281177 26.28849025
v -0.05593809 78.53011263 27.76600927
v -0.05593809 241.60281194 27.76599031
v -1.53343815 78.53011277 28.9785093
v -1.53343815 241.60281208 28.97859018
v -3.21903813 78.53011288 29.87950951
v -3.21903813 241.60281219 29.87949054
v -5.04813816 78.53011294 30.43440938
v -5.04813816 241.60281225 30.43439041
v -6.95023823 78.53011296 30.62170878
v -6.95023823 241.60281227 30.62168981
v -8.8523383 78.53011294 30.43440938
v -8.8523383 241.60281225 30.43439041
v -10.68143833 78.53011288 29.87950951
v -10.68143833 241.60281219 29.87949054
v -12.36703831 78.53011277 28.9785093
v -12.36703831 241.60281208 28.97859018
v -13.84453836 78.53011263 27.76600927
v -13.84453836 241.60281194 27.76599031
v -15.0570384 78.53011246 26.28850922
v -15.0570384 241.60281177 26.28849025
v -15.9580386 78.53011226 24.60290923
v -15.9580386 241.60281157 24.60289027
v -16.51293847 78.53011205 22.77380921
v -16.51293847 241.60281136 22.77389008
v -16.70023787 78.53011183 20.87170914
v -16.70023787 241.60281114 20.87169017
v -16.51293847 78.53011161 18.96960906
v -16.51293847 241.60281092 18.9695901
v -15.9580386 78.5301114 17.14050904
v -15.9580386 241.60291203 17.14059028
v -15.0570384 78.5301112 15.45490905
v -15.0570384 241.60291184 15.45489009
v -13.84453836 78.53011103 13.977409
v -13.84453836 241.60291167 13.97739004
v -12.36703831 78.53011089 12.76490897
v -12.36703831 241.60291152 12.76489
v -10.68143833 78.53011078 11.86390877
v -10.68143833 241.60291142 11.8638898
v -8.8523383 78.53011072 11.30900889
v -8.8523383 241.60291136 11.30909051
vn 0.19509 0.98079 0
vn 0 1 -0
vn 0.38268 0.92388 0
vn 0.55557 0.83147 0
vn 0.70711 0.70711 -0
vn 0.83147 0.55557 0
vn 0.92388 0.38268 0
vn 0.98079 0.19509 0
vn 1 0 0
vn 0.98079 -0.19509 0
vn 0.92388 -0.38268 0
vn 0.83147 -0.55557 0
vn 0.70711 -0.70711 0
vn 0.55557 -0.83147 -0
vn 0.38268 -0.92388 0
vn 0.19509 -0.98079 -0
vn 0 -1 0
vn -0.19509 -0.98079 -0
vn -0.38268 -0.92388 0
vn -0.55557 -0.83147 -0
vn -0.70711 -0.70711 0
vn -0.83147 -0.55557 0
vn -0.92388 -0.38268 0
vn -0.98079 -0.19509 0
vn -1 0 0
vn -0.98079 0.19509 0
vn -0.92388 0.38268 0
vn -0.83147 0.55557 0
vn -0.70711 0.70711 -0
vn -0.55557 0.83147 0
vn -0.38268 0.92388 0
vn -0.19509 0.98079 0
vt 0.69805 0.99983
vt 0.70846 0.99983
vt 0.70846 0.11198
vt 0.69805 0.11198
vt 0.68765 0.99983
vt 0.68765 0.11198
vt 0.67724 0.99983
vt 0.67724 0.11198
vt 0.66683 0.99983
vt 0.66683 0.11198
vt 0.98943 0.99984
vt 0.99984 0.99984
vt 0.99984 0.11198
vt 0.98943 0.11198
vt 0.97902 0.99984
vt 0.97902 0.11198
vt 0.96862 0.99983
vt 0.96862 0.11198
vt 0.95821 0.99983
vt 0.95821 0.11198
vt 0.9478 0.99983
vt 0.9478 0.11198
vt 0.9374 0.99983
vt 0.9374 0.11198
vt 0.92699 0.99983
vt 0.92699 0.11198
vt 0.91658 0.99983
vt 0.91658 0.11198
vt 0.90618 0.99983
vt 0.90618 0.11198
vt 0.89577 0.99983
vt 0.89577 0.11198
vt 0.88537 0.99983
vt 0.88537 0.11198
vt 0.87496 0.99983
vt 0.87496 0.11198
vt 0.86455 0.99983
vt 0.86455 0.11198
vt 0.85415 0.99983
vt 0.85415 0.11198
vt 0.84374 0.99983
vt 0.84374 0.11198
vt 0.83333 0.99983
vt 0.83333 0.11198
vt 0.82293 0.99983
vt 0.82293 0.11198
vt 0.81252 0.99983
vt 0.81252 0.11198
vt 0.80211 0.99983
vt 0.80211 0.11198
vt 0.79171 0.99983
vt 0.79171 0.11198
vt 0.7813 0.99983
vt 0.7813 0.11198
vt 0.7709 0.99983
vt 0.7709 0.11198
vt 0.76049 0.99983
vt 0.76049 0.11198
vt 0.75008 0.99983
vt 0.75008 0.11198
vt 0.73968 0.99983
vt 0.73968 0.11198
vt 0.72927 0.99983
vt 0.72927 0.11198
vt 0.71886 0.99983
vt 0.71886 0.11198
usemtl mat5
f 133/133/65 134/134/66 135/135/66
f 135/135/66 136/136/65 133/133/65
f 137/137/67 133/133/65 136/136/65
f 136/136/65 138/138/67 137/137/67
f 139/139/68 137/137/67 138/138/67
f 138/138/67 140/140/68 139/139/68
f 141/141/69 139/139/68 140/140/68
f 140/140/68 142/142/69 141/141/69
f 143/143/70 144/144/69 145/145/69
f 145/145/69 146/146/70 143/143/70
f 147/147/71 143/143/70 146/146/70
f 146/146/70 148/148/71 147/147/71
f 149/149/72 147/147/71 148/148/71
f 148/148/71 150/150/72 149/149/72
f 151/151/73 149/149/72 150/150/72
f 150/150/72 152/152/73 151/151/73
f 153/153/74 151/151/73 152/152/73
f 152/152/73 154/154/74 153/153/74
f 155/155/75 153/153/74 154/154/74
f 154/154/74 156/156/75 155/155/75
f 157/157/76 155/155/75 156/156/75
f 156/156/75 158/158/76 157/157/76
f 159/159/77 157/157/76 158/158/76
f 158/158/76 160/160/77 159/159/77
f 161/161/78 159/159/77 160/160/77
f 160/160/77 162/162/78 161/161/78
f 163/163/79 161/161/78 162/162/78
f 162/162/78 164/164/79 163/163/79
f 165/165/80 163/163/79 164/164/79
f 164/164/79 166/166/80 165/165/80
f 167/167/81 165/165/80 166/166/80
f 166/166/80 168/168/81 167/167/81
f 169/169/82 167/167/81 168/168/81
f 168/168/81 170/170/82 169/169/82
f 171/171/83 169/169/82 170/170/82
f 170/170/82 172/172/83 171/171/83
f 173/173/84 171/171/83 172/172/83
f 172/172/83 174/174/84 173/173/84
f 175/175/85 173/173/84 174/174/84
f 174/174/84 176/176/85 175/175/85
f 177/177/86 175/175/85 176/176/85
f 176/176/85 178/178/86 177/177/86
f 179/179/87 177/177/86 178/178/86
f 178/178/86 180/180/87 179/179/87
f 181/181/88 179/179/87 180/180/87
f 180/180/87 182/182/88 181/181/88
f 183/183/89 181/181/88 182/182/88
f 182/182/88 184/184/89 183/183/89
f 185/185/90 183/183/89 184/184/89
f 184/184/89 186/186/90 185/185/90
f 187/187/91 185/185/90 186/186/90
f 186/186/90 188/188/91 187/187/91
f 189/189/92 187/187/91 188/188/91
f 188/188/91 190/190/92 189/189/92
f 191/191/93 189/189/92 190/190/92
f 190/190/92 192/192/93 191/191/93
f 193/193/94 191/191/93 192/192/93
f 192/192/93 194/194/94 193/193/94
f 195/195/95 193/193/94 194/194/94
f 194/194/94 196/196/95 195/195/95
f 197/197/96 195/195/95 196/196/95
f 196/196/95 198/198/96 197/197/96
f 134/134/66 197/197/96 198/198/96
f 198/198/96 135/135/66 134/134/66
# Vertices: 66, normals: 32, texture coordinates: 66, faces: 64

o obj4
v -206.90975952 -123.29169968 36.02549105
v 203.79593801 -123.29169997 33.46199213
v 203.79593801 88.57799879 33.46196749
v -206.90975952 88.57799909 36.02546641
v 206.12044168 -123.29170025 31.13749145
v 206.12044168 -123.29170473 -7.39530803
v 206.12044168 88.57799404 -7.39533267
v 206.12044168 88.57799852 31.13746681
v 203.79593801 90.90260351 31.13746654
v 203.79593801 90.90259902 -7.39533294
v -206.90975952 90.90259902 -7.39533294
v -206.90975952 90.9026038 33.70096695
v -209.23436451 -123.29170473 -7.39530803
v -209.23436451 -123.29169995 33.70099186
v -209.23436451 88.57799882 33.70096722
v -209.23436451 88.57799404 -7.39533267
v 203.79593801 -123.291705 -9.71990855
v -206.90975952 -123.291705 -9.71990855
v -206.90975952 88.57799377 -9.71993319
v 203.79593801 88.57799377 -9.71993319
v -208.55346489 -124.93539935 33.70099205
v -206.90975952 -125.61629897 33.70099213
v -206.90975952 -124.93539916 35.34469145
v -208.25186539 -124.6337997 35.04309192
v -206.90975952 -123.29169968 36.02549105
v -208.55346489 -123.29169976 35.34469126
v -209.23436451 -123.29169995 33.70099186
v -208.55346489 88.57799901 35.34466663
v -206.90975952 88.57799909 36.02546641
v -206.90975952 90.22170437 35.34466643
v -208.25186539 89.92010484 35.04306697
v -208.55346489 90.22170418 33.70096703
v -209.23436451 88.57799882 33.70096722
v -206.90975952 -124.93540432 -9.03900874
v -206.90975952 -125.61630375 -7.39530776
v -208.55346489 -124.93540413 -7.39530784
v -208.25186539 -124.63380479 -8.73740778
v -209.23436451 -123.29170473 -7.39530803
v -208.55346489 -123.29170492 -9.03900893
v -206.90975952 -123.291705 -9.71990855
v -208.55346489 90.2216994 -7.39533286
v -206.90975952 90.22169921 -9.03903376
v -208.25186539 89.92009975 -8.73743273
v -206.90975952 88.57799377 -9.71993319
v -208.55346489 88.57799385 -9.03903357
v -209.23436451 88.57799404 -7.39533267
v 203.79593801 -124.93539946 32.78119105
v 203.79593801 -125.61629927 31.13749172
v 205.43963742 -124.93539965 31.13749164
v 205.13803792 -124.63379999 32.47959151
v 206.12044168 -123.29170025 31.13749145
v 205.43963742 -123.29170005 32.78119086
v 203.79593801 -123.29169997 33.46199213
v 205.43963742 90.22170389 31.13746662
v 203.79593801 90.22170408 32.78116603
v 205.13803792 89.92010454 32.47956656
v 203.79593801 88.57799879 33.46196749
v 205.43963742 88.57799871 32.78116622
v 206.12044168 88.57799852 31.13746681
v 205.43963742 -124.93540413 -7.39530784
v 203.79593801 -125.61630375 -7.39530776
v 203.79593801 -124.93540432 -9.03900874
v 205.13803792 -124.63380479 -8.73740778
v 203.79593801 -123.291705 -9.71990855
v 205.43963742 -123.29170492 -9.03900893
v 206.12044168 -123.29170473 -7.39530803
v 203.79593801 90.22169921 -9.03903376
v 205.43963742 90.2216994 -7.39533286
v 205.13803792 89.92009975 -8.73743273
v 206.12044168 88.57799404 -7.39533267
v 205.43963742 88.57799385 -9.03903357
v 203.79593801 88.57799377 -9.71993319
v -208.55346489 -123.29169976 35.34469126
v -208.55346489 88.57799901 35.34466663
v -208.55346489 88.57799385 -9.03903357
v -208.55346489 -123.29170492 -9.03900893
v -209.23436451 88.57799404 -7.39533267
v -209.23436451 -123.29170473 -7.39530803
v 205.43963742 88.57799385 -9.03903357
v 205.43963742 -123.29170492 -9.03900893
v 205.43963742 88.57799871 32.78116622
v 205.43963742 -123.29170005 32.78119086
vn -0.17636 -0.96784 -0.17938
vn 0.18237 -0.96673 -0.17935
vn 0.18237 -0.96673 0.17935
vn -0.17636 -0.96784 0.17938
vn 0.96729 -0.17937 -0.17937
vn 0.96729 0.17936 -0.17937
vn 0.96729 0.17937 0.17937
vn 0.96729 -0.17937 0.17937
vn 0.17996 -0.17896 0.96726
vn 0.17937 0.17937 0.96729
vn -0.17937 0.17937 0.96729
vn -0.17877 -0.17977 0.96733
vn -0.96729 0.17937 -0.17937
vn -0.96729 -0.17937 -0.17937
vn -0.96729 -0.17937 0.17937
vn -0.96729 0.17937 0.17937
vn 0.17937 0.96729 -0.17937
vn -0.17937 0.96729 -0.17937
vn -0.17937 0.96729 0.17937
vn 0.17937 0.96729 0.17937
vn -0.35998 -0.15848 -0.9194
vn -0.17877 -0.17977 -0.96733
vn -0.15757 -0.35999 -0.91955
vn -0.32507 -0.32506 -0.88807
vn -0.1554 -0.91986 -0.36016
vn -0.35997 -0.9194 -0.15848
vn -0.32506 -0.88807 -0.32506
vn -0.9194 -0.35998 -0.15849
vn -0.9194 -0.15849 -0.35997
vn -0.88807 -0.32507 -0.32506
vn -0.35997 -0.9194 0.15848
vn -0.1554 -0.91986 0.36016
vn -0.32506 -0.88807 0.32506
vn -0.15757 -0.35999 0.91956
vn -0.35997 -0.15849 0.9194
vn -0.32507 -0.32506 0.88807
vn -0.9194 -0.15849 0.35997
vn -0.9194 -0.35998 0.15849
vn -0.88807 -0.32507 0.32506
vn -0.15849 0.35997 -0.9194
vn -0.17937 0.17937 -0.96729
vn -0.35998 0.15849 -0.9194
vn -0.32507 0.32506 -0.88807
vn -0.9194 0.15849 -0.35997
vn -0.9194 0.35999 -0.15849
vn -0.88807 0.32507 -0.32506
vn -0.35998 0.9194 -0.15849
vn -0.15849 0.9194 -0.35997
vn -0.32506 0.88807 -0.32506
vn -0.35997 0.15849 0.9194
vn -0.15849 0.35997 0.9194
vn -0.32506 0.32506 0.88807
vn -0.15849 0.91941 0.35997
vn -0.35997 0.9194 0.15848
vn -0.32506 0.88807 0.32506
vn -0.9194 0.35998 0.15849
vn -0.9194 0.15849 0.35998
vn -0.88807 0.32507 0.32506
vn 0.15941 -0.35995 -0.91925
vn 0.17996 -0.17896 -0.96726
vn 0.35997 -0.15849 -0.9194
vn 0.32507 -0.32506 -0.88807
vn 0.91941 -0.15849 -0.35997
vn 0.91941 -0.35997 -0.15848
vn 0.88807 -0.32506 -0.32506
vn 0.35997 -0.91941 -0.15848
vn 0.16157 -0.91895 -0.35977
vn 0.32506 -0.88807 -0.32506
vn 0.35997 -0.15849 0.91941
vn 0.15941 -0.35995 0.91925
vn 0.32506 -0.32506 0.88807
vn 0.16157 -0.91895 0.35977
vn 0.35997 -0.91941 0.15848
vn 0.32506 -0.88807 0.32506
vn 0.91941 -0.35997 0.15848
vn 0.91941 -0.15848 0.35997
vn 0.88807 -0.32506 0.32506
vn 0.35997 0.15848 -0.9194
vn 0.17937 0.17937 -0.96729
vn 0.15849 0.35997 -0.9194
vn 0.32507 0.32506 -0.88807
vn 0.15848 0.91941 -0.35997
vn 0.35997 0.91941 -0.15848
vn 0.32506 0.88807 -0.32506
vn 0.91941 0.35996 -0.15848
vn 0.91941 0.15848 -0.35997
vn 0.88807 0.32505 -0.32506
vn 0.15849 0.35997 0.91941
vn 0.35997 0.15848 0.9194
vn 0.32506 0.32506 0.88807
vn 0.9194 0.15849 0.35997
vn 0.9194 0.35997 0.15848
vn 0.88807 0.32507 0.32506
vn 0.35997 0.91941 0.15848
vn 0.15848 0.9194 0.35997
vn 0.32506 0.88807 0.32506
vt 0.23166 0.95091
vt 0.23166 0.50248
vt 0.00034 0.50248
vt 0.00034 0.95091
vt 0.23166 0.4986
vt 0.23166 0.45653
vt 0.00034 0.45653
vt 0.00034 0.4986
vt 0.63561 0.99563
vt 0.67758 0.99565
vt 0.67751 0.54936
vt 0.63253 0.54934
vt 0.23166 0.99966
vt 0.23166 0.95479
vt 0.00034 0.95479
vt 0.00034 0.99966
vt 0.23166 0.45264
vt 0.23166 0.00422
vt 0.00034 0.00422
vt 0.00034 0.45264
vt 0.73107 0.54737
vt 0.73095 0.5493
vt 0.73288 0.54916
vt 0.73255 0.54769
vt 0.7349 0.54857
vt 0.7337 0.54653
vt 0.73166 0.54533
vt 0.62974 0.54656
vt 0.62855 0.54862
vt 0.63059 0.54921
vt 0.63092 0.54773
vt 0.63241 0.54741
vt 0.63182 0.54531
vt 0.68423 0.54922
vt 0.68617 0.54935
vt 0.68605 0.54742
vt 0.68456 0.54774
vt 0.68546 0.54533
vt 0.68339 0.54657
vt 0.6822 0.54863
vt 0.67764 0.54741
vt 0.67945 0.54923
vt 0.67913 0.54774
vt 0.68152 0.54863
vt 0.6803 0.54657
vt 0.67823 0.54536
vt 0.7308 0.99575
vt 0.72887 0.99562
vt 0.72898 0.99756
vt 0.73048 0.99724
vt 0.72957 0.99966
vt 0.73166 0.99842
vt 0.73288 0.99634
vt 0.63549 0.99757
vt 0.63369 0.99576
vt 0.63402 0.99724
vt 0.63163 0.99636
vt 0.63285 0.99841
vt 0.63491 0.99961
vt 0.68659 0.99761
vt 0.68671 0.99567
vt 0.68479 0.9958
vt 0.68511 0.99728
vt 0.68272 0.99639
vt 0.68394 0.99845
vt 0.686 0.99966
vt 0.6795 0.99578
vt 0.67769 0.99757
vt 0.67917 0.99726
vt 0.67827 0.99966
vt 0.68034 0.99842
vt 0.68152 0.99637
vt 0.23166 0.95285
vt 0.00034 0.95285
vt 0.00034 0.00228
vt 0.23166 0.00228
vt 0.00034 0.00034
vt 0.23166 0.00034
vt 0.00034 0.45458
vt 0.23166 0.45458
vt 0.00034 0.50054
vt 0.23166 0.50054
usemtl mat4
f 199/199/97 200/200/98 201/201/99
f 201/201/99 202/202/100 199/199/97
f 203/203/101 204/204/102 205/205/103
f 205/205/103 206/206/104 203/203/101
f 207/207/105 208/208/106 209/209/107
f 209/209/107 210/210/108 207/207/105
f 211/211/109 212/212/110 213/213/111
f 213/213/111 214/214/112 211/211/109
f 215/215/113 216/216/114 217/217/115
f 217/217/115 218/218/116 215/215/113
f 219/219/117 220/220/118 221/221/119
f 221/221/119 222/222/120 219/219/117
f 221/221/121 223/223/97 224/224/122
f 224/224/122 222/222/123 221/221/121
f 224/224/124 225/225/110 219/219/125
f 219/219/125 222/222/126 224/224/124
f 226/226/127 227/227/100 228/228/128
f 228/228/128 229/229/129 226/226/127
f 228/228/130 210/210/108 230/230/131
f 230/230/131 229/229/132 228/228/130
f 230/230/133 231/231/111 226/226/134
f 226/226/134 229/229/135 230/230/133
f 232/232/136 233/233/137 234/234/138
f 234/234/138 235/235/139 232/232/136
f 234/234/140 236/236/109 237/237/141
f 237/237/141 235/235/142 234/234/140
f 237/237/143 238/238/114 232/232/144
f 232/232/144 235/235/145 237/237/143
f 239/239/146 209/209/107 240/240/147
f 240/240/147 241/241/148 239/239/146
f 240/240/149 242/242/115 243/243/150
f 243/243/150 241/241/151 240/240/149
f 243/243/152 244/244/112 239/239/153
f 239/239/153 241/241/154 243/243/152
f 245/245/155 246/246/156 247/247/157
f 247/247/157 248/248/158 245/245/155
f 247/247/159 249/249/101 250/250/160
f 250/250/160 248/248/161 247/247/159
f 250/250/162 251/251/98 245/245/163
f 245/245/163 248/248/164 250/250/162
f 252/252/165 207/207/105 253/253/166
f 253/253/166 254/254/167 252/252/165
f 253/253/168 255/255/99 256/256/169
f 256/256/169 254/254/170 253/253/168
f 256/256/171 257/257/104 252/252/172
f 252/252/172 254/254/173 256/256/171
f 258/258/174 259/259/175 260/260/176
f 260/260/176 261/261/177 258/258/174
f 260/260/178 262/262/113 263/263/179
f 263/263/179 261/261/180 260/260/178
f 263/263/181 264/264/102 258/258/182
f 258/258/182 261/261/183 263/263/181
f 265/265/184 208/208/106 266/266/185
f 266/266/185 267/267/186 265/265/184
f 266/266/187 268/268/103 269/269/188
f 269/269/188 267/267/189 266/266/187
f 269/269/190 270/270/116 265/265/191
f 265/265/191 267/267/192 269/269/190
f 234/234/138 233/233/137 220/220/118
f 220/220/118 219/219/117 234/234/138
f 236/236/109 234/234/140 219/219/125
f 219/219/125 225/225/110 236/236/109
f 271/271/122 199/199/97 202/202/100
f 202/202/100 272/272/127 271/271/122
f 212/212/110 271/271/124 272/272/134
f 272/272/134 213/213/111 212/212/110
f 230/230/131 210/210/108 209/209/107
f 209/209/107 239/239/146 230/230/131
f 231/231/111 230/230/133 239/239/153
f 239/239/153 244/244/112 231/231/111
f 273/273/150 217/217/115 216/216/114
f 216/216/114 274/274/143 273/273/150
f 275/275/112 273/273/152 274/274/141
f 274/274/141 276/276/109 275/275/112
f 260/260/176 259/259/175 233/233/137
f 233/233/137 232/232/136 260/260/176
f 262/262/113 260/260/178 232/232/144
f 232/232/144 238/238/114 262/262/113
f 240/240/147 209/209/107 208/208/106
f 208/208/106 265/265/184 240/240/147
f 242/242/115 240/240/149 265/265/191
f 265/265/191 270/270/116 242/242/115
f 277/277/188 205/205/103 204/204/102
f 204/204/102 278/278/181 277/277/188
f 218/218/116 277/277/190 278/278/179
f 278/278/179 215/215/113 218/218/116
f 247/247/157 246/246/156 259/259/175
f 259/259/175 258/258/174 247/247/157
f 249/249/101 247/247/159 258/258/182
f 258/258/182 264/264/102 249/249/101
f 266/266/185 208/208/106 207/207/105
f 207/207/105 252/252/165 266/266/185
f 268/268/103 266/266/187 252/252/172
f 252/252/172 257/257/104 268/268/103
f 279/279/169 201/201/99 200/200/98
f 200/200/98 280/280/162 279/279/169
f 206/206/104 279/279/171 280/280/160
f 280/280/160 203/203/101 206/206/104
f 221/221/119 220/220/118 246/246/156
f 246/246/156 245/245/155 221/221/119
f 223/223/97 221/221/121 245/245/163
f 245/245/163 251/251/98 223/223/97
f 253/253/166 207/207/105 210/210/108
f 210/210/108 228/228/130 253/253/166
f 255/255/99 253/253/168 228/228/128
f 228/228/128 227/227/100 255/255/99
f 220/220/118 233/233/137 259/259/175
f 259/259/175 246/246/156 220/220/118
# Vertices: 82, normals: 96, texture coordinates: 82, faces: 108

o obj5
v -268.66457951 126.10694294 28.34410827
v -268.66457951 107.61074249 28.34411042
v -213.0866785 107.61074271 30.24031
v -213.0866785 133.69604271 30.24030697
v -270.98908019 126.10703948 0.0320078
v -270.98908019 107.6107392 0.03200995
v -270.98908019 107.61074229 26.62471013
v -270.98908019 126.10694274 26.62470798
v -213.0866785 136.02063972 0.03200665
v -268.66457951 128.43153942 0.03200753
v -268.66457951 128.43154251 26.62470771
v -213.0866785 136.02064303 28.52080658
v -210.76207948 133.69604251 28.52080685
v -210.76207948 107.61074251 28.52080988
v -210.76207948 107.6107392 0.03200995
v -210.76207948 133.6960392 0.03200692
v -213.0866785 133.696039 -1.68739337
v -213.0866785 107.610739 -1.68739034
v -268.66457951 107.610739 -1.68739034
v -268.66457951 126.10703928 -1.68739249
v -213.0866785 105.9670425 29.73671055
v -213.0866785 105.28614274 28.52081015
v -211.44288075 105.96704236 28.52081007
v -211.74448025 106.26864273 29.51361033
v -211.44288075 107.61074266 29.73671036
v -213.0866785 107.61074271 30.24031
v -210.76207948 107.61074251 28.52080988
v -213.0866785 135.33974355 29.73670714
v -213.0866785 133.69604271 30.24030697
v -211.44288075 133.69604265 29.73670733
v -211.74448025 135.03814253 29.51360698
v -211.44288075 135.33974341 28.52080665
v -210.76207948 133.69604251 28.52080685
v -211.44288075 105.96703905 0.03201014
v -213.0866785 105.28613943 0.03201022
v -213.0866785 105.96703891 -1.1837905
v -211.74448025 106.26863918 -0.96069035
v -211.44288075 107.61073906 -1.18379069
v -210.76207948 107.6107392 0.03200995
v -213.0866785 107.610739 -1.68739034
v -213.0866785 135.33973996 -1.18379392
v -211.44288075 135.3397401 0.03200672
v -211.74448025 135.03813899 -0.9606937
v -211.44288075 133.69603906 -1.18379373
v -213.0866785 133.696039 -1.68739337
v -210.76207948 133.6960392 0.03200692
v -270.30827892 105.96704214 26.62471032
v -268.66457951 105.28614252 26.6247104
v -268.66457951 105.96704228 27.84050948
v -270.00667942 106.2686425 27.61741075
v -270.30827892 107.61074244 27.84050929
v -270.98908019 107.61074229 26.62471013
v -268.66457951 107.61074249 28.34411042
v -268.66457951 127.75074287 27.84050694
v -270.30827892 127.75074273 26.62470779
v -270.00667942 127.44904276 27.61740828
v -270.30827892 126.10694288 27.84050713
v -268.66457951 126.10694294 28.34410827
v -270.98908019 126.10694274 26.62470798
v -268.66457951 105.96703891 -1.1837905
v -268.66457951 105.28613943 0.03201022
v -270.30827892 105.96703905 0.03201014
v -270.00667942 106.26863918 -0.96069035
v -270.30827892 107.61073906 -1.18379069
v -268.66457951 107.610739 -1.68739034
v -270.98908019 107.6107392 0.03200995
v -270.30827892 127.75073963 0.03200761
v -268.66457951 127.75073949 -1.18379304
v -270.00667942 127.44903943 -0.96069282
v -270.30827892 126.1069395 -1.18379284
v -270.98908019 126.10703948 0.0320078
v -268.66457951 126.10703928 -1.68739249
v -211.44288075 107.61074266 29.73671036
v -211.44288075 133.69604265 29.73670733
v -211.44288075 133.69603906 -1.18379373
v -211.44288075 107.61073906 -1.18379069
v -210.76207948 133.6960392 0.03200692
v -210.76207948 107.6107392 0.03200995
v -270.30827892 126.1069395 -1.18379284
v -270.30827892 107.61073906 -1.18379069
v -270.30827892 126.10694288 27.84050713
v -270.30827892 107.61074244 27.84050929
vn -0.1634 -0.97786 0.13077
vn -0.1542 -0.97844 -0.13741
vn 0.1208 -0.9831 -0.13754
vn 0.11006 -0.98343 0.14405
vn -0.95647 0.23185 0.17723
vn -0.95647 0.23185 -0.17723
vn -0.95647 -0.23185 -0.17723
vn -0.95647 -0.23185 0.17723
vn 0.11296 0.23112 0.96635
vn -0.24187 0.23154 0.94228
vn -0.24613 -0.22857 0.9419
vn 0.10895 -0.23378 0.96617
vn 0.95647 -0.23185 0.17723
vn 0.95647 -0.23185 -0.17723
vn 0.95647 0.23185 -0.17723
vn 0.95647 0.23185 0.17723
vn 0.12665 0.98143 0.14407
vn 0.13749 0.98091 -0.13749
vn -0.13749 0.98091 -0.13749
vn -0.14665 0.98049 0.1309
vn 0.14942 -0.46158 -0.87443
vn 0.17293 -0.2347 -0.95656
vn 0.35747 -0.20488 -0.91117
vn 0.31171 -0.42142 -0.85161
vn 0.27626 -0.95349 -0.1206
vn 0.10305 -0.95537 -0.27685
vn 0.25284 -0.93389 -0.25284
vn 0.91118 -0.20488 -0.35747
vn 0.87339 -0.4613 -0.15616
vn 0.85161 -0.42142 -0.31171
vn 0.08908 -0.95687 0.27654
vn 0.27626 -0.95349 0.1206
vn 0.25284 -0.93389 0.25284
vn 0.35747 -0.20488 0.91117
vn 0.08577 -0.46547 0.8809
vn 0.31171 -0.42142 0.85161
vn 0.87339 -0.4613 0.15616
vn 0.91118 -0.20488 0.35747
vn 0.85161 -0.42142 0.31171
vn 0.35747 0.20488 -0.91117
vn 0.17723 0.23185 -0.95647
vn 0.15616 0.4613 -0.87339
vn 0.31171 0.42142 -0.85161
vn 0.87339 0.4613 -0.15616
vn 0.91118 0.20488 -0.35747
vn 0.85161 0.42142 -0.31171
vn 0.1206 0.95349 -0.27626
vn 0.27626 0.95349 -0.1206
vn 0.25284 0.93389 -0.25284
vn 0.09213 0.46543 0.88028
vn 0.35747 0.20488 0.91117
vn 0.31171 0.42142 0.85161
vn 0.27626 0.95349 0.1206
vn 0.10601 0.95528 0.27604
vn 0.25284 0.93389 0.25284
vn 0.91118 0.20488 0.35747
vn 0.87339 0.4613 0.15616
vn 0.85161 0.42142 0.31171
vn -0.35747 -0.20488 -0.91117
vn -0.18137 -0.22899 -0.95638
vn -0.16308 -0.46099 -0.87229
vn -0.31171 -0.42142 -0.85161
vn -0.87339 -0.4613 -0.15616
vn -0.91117 -0.20488 -0.35747
vn -0.85161 -0.42142 -0.31171
vn -0.13801 -0.95132 -0.27557
vn -0.27626 -0.95349 -0.1206
vn -0.25284 -0.93389 -0.25284
vn -0.22422 -0.45478 0.86192
vn -0.35747 -0.20488 0.91117
vn -0.31171 -0.42142 0.85161
vn -0.27626 -0.95349 0.1206
vn -0.15514 -0.94871 0.27547
vn -0.25284 -0.93389 0.25284
vn -0.91117 -0.20488 0.35747
vn -0.87339 -0.4613 0.15616
vn -0.85161 -0.42142 0.31171
vn -0.15616 0.4613 -0.87339
vn -0.17723 0.23185 -0.95647
vn -0.35747 0.20488 -0.91117
vn -0.31171 0.42142 -0.85161
vn -0.27626 0.95349 -0.1206
vn -0.1206 0.95349 -0.27626
vn -0.25284 0.93389 -0.25284
vn -0.91117 0.20488 -0.35747
vn -0.87339 0.4613 -0.15616
vn -0.85161 0.42142 -0.31171
vn -0.35747 0.20488 0.91117
vn -0.21717 0.45534 0.86343
vn -0.31171 0.42142 0.85161
vn -0.87339 0.4613 0.15616
vn -0.91117 0.20488 0.35747
vn -0.85161 0.42142 0.31171
vn -0.13727 0.95123 0.27626
vn -0.27626 0.95349 0.1206
vn -0.25284 0.93389 0.25284
vt 0.75389 0.68031
vt 0.73558 0.68031
vt 0.73558 0.73536
vt 0.7614 0.73536
vt 0.75389 0.65091
vt 0.73558 0.65091
vt 0.73558 0.67723
vt 0.75389 0.67723
vt 0.69306 0.28402
vt 0.69303 0.22838
vt 0.66641 0.22882
vt 0.66634 0.28468
vt 0.7614 0.73844
vt 0.73558 0.73844
vt 0.73558 0.76664
vt 0.7614 0.76664
vt 0.7614 0.59282
vt 0.73558 0.59282
vt 0.73558 0.64783
vt 0.75389 0.64783
vt 0.63037 0.22925
vt 0.63174 0.22938
vt 0.63164 0.22766
vt 0.63061 0.2279
vt 0.62959 0.22682
vt 0.62855 0.2287
vt 0.63102 0.22584
vt 0.66499 0.28477
vt 0.66314 0.28522
vt 0.66412 0.28719
vt 0.6652 0.28611
vt 0.66623 0.28636
vt 0.66559 0.28825
vt 0.65935 0.22786
vt 0.65926 0.22957
vt 0.66065 0.22944
vt 0.66039 0.22809
vt 0.66144 0.227
vt 0.65998 0.22597
vt 0.66246 0.22889
vt 0.69441 0.28407
vt 0.69325 0.28569
vt 0.69425 0.2854
vt 0.69533 0.2864
vt 0.69624 0.28446
vt 0.69396 0.28747
vt 0.63319 0.28624
vt 0.63328 0.28451
vt 0.63188 0.28464
vt 0.63214 0.28601
vt 0.63109 0.28713
vt 0.63257 0.28815
vt 0.63003 0.28522
vt 0.66498 0.22864
vt 0.66633 0.22705
vt 0.66528 0.22727
vt 0.66429 0.22615
vt 0.66319 0.22796
vt 0.66573 0.2252
vt 0.66061 0.2848
vt 0.65922 0.28467
vt 0.65932 0.28641
vt 0.66036 0.28616
vt 0.66139 0.28726
vt 0.66246 0.28537
vt 0.65994 0.28825
vt 0.69304 0.22662
vt 0.69445 0.22816
vt 0.6941 0.2268
vt 0.69509 0.22563
vt 0.69358 0.22468
vt 0.69624 0.22744
vt 0.73558 0.73706
vt 0.7614 0.73706
vt 0.7614 0.59111
vt 0.73558 0.59111
vt 0.7614 0.58974
vt 0.73558 0.58974
vt 0.75389 0.64953
vt 0.73558 0.64953
vt 0.75389 0.67861
vt 0.73558 0.67861
usemtl mat4
f 281/281/193 282/282/194 283/283/195
f 283/283/195 284/284/196 281/281/193
f 285/285/197 286/286/198 287/287/199
f 287/287/199 288/288/200 285/285/197
f 289/289/201 290/290/202 291/291/203
f 291/291/203 292/292/204 289/289/201
f 293/293/205 294/294/206 295/295/207
f 295/295/207 296/296/208 293/293/205
f 297/297/209 298/298/210 299/299/211
f 299/299/211 300/300/212 297/297/209
f 301/301/213 302/302/214 303/303/215
f 303/303/215 304/304/216 301/301/213
f 305/305/217 306/306/195 301/301/218
f 301/301/218 304/304/219 305/305/217
f 303/303/220 307/307/206 305/305/221
f 305/305/221 304/304/222 303/303/220
f 308/308/223 309/309/196 310/310/224
f 310/310/224 311/311/225 308/308/223
f 312/312/226 292/292/204 308/308/227
f 308/308/227 311/311/228 312/312/226
f 310/310/229 313/313/205 312/312/230
f 312/312/230 311/311/231 310/310/229
f 314/314/232 315/315/233 316/316/234
f 316/316/234 317/317/235 314/314/232
f 318/318/236 319/319/207 314/314/237
f 314/314/237 317/317/238 318/318/236
f 316/316/239 320/320/210 318/318/240
f 318/318/240 317/317/241 316/316/239
f 321/321/242 289/289/201 322/322/243
f 322/322/243 323/323/244 321/321/242
f 324/324/245 325/325/209 321/321/246
f 321/321/246 323/323/247 324/324/245
f 322/322/248 326/326/208 324/324/249
f 324/324/249 323/323/250 322/322/248
f 327/327/251 328/328/252 329/329/253
f 329/329/253 330/330/254 327/327/251
f 331/331/255 332/332/199 327/327/256
f 327/327/256 330/330/257 331/331/255
f 329/329/258 333/333/194 331/331/259
f 331/331/259 330/330/260 329/329/258
f 334/334/261 291/291/203 335/335/262
f 335/335/262 336/336/263 334/334/261
f 337/337/264 338/338/193 334/334/265
f 334/334/265 336/336/266 337/337/264
f 335/335/267 339/339/200 337/337/268
f 337/337/268 336/336/269 335/335/267
f 340/340/270 341/341/271 342/342/272
f 342/342/272 343/343/273 340/340/270
f 344/344/274 345/345/211 340/340/275
f 340/340/275 343/343/276 344/344/274
f 342/342/277 346/346/198 344/344/278
f 344/344/278 343/343/279 342/342/277
f 347/347/280 290/290/202 348/348/281
f 348/348/281 349/349/282 347/347/280
f 350/350/283 351/351/197 347/347/284
f 347/347/284 349/349/285 350/350/283
f 348/348/286 352/352/212 350/350/287
f 350/350/287 349/349/288 348/348/286
f 302/302/214 315/315/233 314/314/232
f 314/314/232 303/303/215 302/302/214
f 303/303/220 314/314/237 319/319/207
f 319/319/207 307/307/206 303/303/220
f 284/284/196 283/283/195 353/353/217
f 353/353/217 354/354/224 284/284/196
f 354/354/229 353/353/221 294/294/206
f 294/294/206 293/293/205 354/354/229
f 289/289/201 292/292/204 312/312/226
f 312/312/226 322/322/243 289/289/201
f 322/322/248 312/312/230 313/313/205
f 313/313/205 326/326/208 322/322/248
f 298/298/210 297/297/209 355/355/245
f 355/355/245 356/356/240 298/298/210
f 356/356/236 355/355/249 357/357/208
f 357/357/208 358/358/207 356/356/236
f 315/315/233 341/341/271 340/340/270
f 340/340/270 316/316/234 315/315/233
f 316/316/239 340/340/275 345/345/211
f 345/345/211 320/320/210 316/316/239
f 290/290/202 289/289/201 321/321/242
f 321/321/242 348/348/281 290/290/202
f 348/348/286 321/321/246 325/325/209
f 325/325/209 352/352/212 348/348/286
f 286/286/198 285/285/197 359/359/283
f 359/359/283 360/360/278 286/286/198
f 360/360/274 359/359/287 300/300/212
f 300/300/212 299/299/211 360/360/274
f 341/341/271 328/328/252 327/327/251
f 327/327/251 342/342/272 341/341/271
f 342/342/277 327/327/256 332/332/199
f 332/332/199 346/346/198 342/342/277
f 291/291/203 290/290/202 347/347/280
f 347/347/280 335/335/262 291/291/203
f 335/335/267 347/347/284 351/351/197
f 351/351/197 339/339/200 335/335/267
f 282/282/194 281/281/193 361/361/264
f 361/361/264 362/362/259 282/282/194
f 362/362/255 361/361/268 288/288/200
f 288/288/200 287/287/199 362/362/255
f 328/328/252 302/302/214 301/301/213
f 301/301/213 329/329/253 328/328/252
f 329/329/258 301/301/218 306/306/195
f 306/306/195 333/333/194 329/329/258
f 292/292/204 291/291/203 334/334/261
f 334/334/261 308/308/227 292/292/204
f 308/308/223 334/334/265 338/338/193
f 338/338/193 309/309/196 308/308/223
f 341/341/271 315/315/233 302/302/214
f 302/302/214 328/328/252 341/341/271
# Vertices: 82, normals: 96, texture coordinates: 82, faces: 108

o obj6
v -293.66379869 102.87755485 28.34410634
v -293.66379869 76.79225411 28.34410938
v -213.08659804 76.79225433 30.24030896
v -213.08659804 102.87755507 30.24030593
v -295.98829937 102.87755156 0.03200587
v -295.98829937 76.79225081 0.03200891
v -295.98829937 76.79225391 26.62470909
v -295.98829937 102.87755465 26.62470606
v -213.08659804 105.20215058 0.0320056
v -293.66379869 105.20215058 0.0320056
v -293.66379869 105.20215368 26.62470579
v -213.08659804 105.2021539 28.52080553
v -210.76199901 102.87755487 28.5208058
v -210.76199901 76.79225413 28.52080884
v -210.76199901 76.79225081 0.03200891
v -210.76199901 102.87755156 0.03200587
v -213.08659804 102.87755136 -1.68739441
v -213.08659804 76.79225061 -1.68739138
v -293.66379869 76.79225061 -1.68739138
v -293.66379869 102.87755136 -1.68739441
v -213.08659804 75.14855486 29.73670951
v -213.08659804 74.46775494 28.52080911
v -211.44289863 75.14855472 28.52080903
v -211.74449813 75.45015434 29.51360929
v -211.44289863 76.79225427 29.73670932
v -213.08659804 76.79225433 30.24030896
v -210.76199901 76.79225413 28.52080884
v -213.08659804 104.52125442 29.73670609
v -213.08659804 102.87755507 30.24030593
v -211.44289863 102.87755501 29.73670628
v -211.74449813 104.21965489 29.51360594
v -211.44289863 104.52125428 28.52080561
v -210.76199901 102.87755487 28.5208058
v -211.44289863 75.14855141 0.0320091
v -213.08659804 74.46775162 0.03200918
v -213.08659804 75.14855126 -1.18379155
v -211.74449813 75.45015079 -0.9606914
v -211.44289863 76.79225067 -1.18379174
v -210.76199901 76.79225081 0.03200891
v -213.08659804 76.79225061 -1.68739138
v -213.08659804 104.52125082 -1.18379496
v -211.44289863 104.52125096 0.03200568
v -211.74449813 104.21965135 -0.96069474
v -211.44289863 102.87755141 -1.18379477
v -213.08659804 102.87755136 -1.68739441
v -210.76199901 102.87755156 0.03200587
v -295.3074981 75.1485545 26.62470928
v -293.66379869 74.46775472 26.62470936
v -293.66369736 75.14855464 27.84050843
v -295.00579727 75.45015412 27.6174097
v -295.3074981 76.79225405 27.84050824
v -295.98829937 76.79225391 26.62470909
v -293.66379869 76.79225411 28.34410938
v -293.66379869 104.5212542 27.84050502
v -295.3074981 104.52125406 26.62470586
v -295.00579727 104.21965467 27.61740636
v -295.3074981 102.87755479 27.84050521
v -293.66379869 102.87755485 28.34410634
v -295.98829937 102.87755465 26.62470606
v -293.66379869 75.14855126 -1.18379155
v -293.66379869 74.46775162 0.03200918
v -295.3074981 75.14855141 0.0320091
v -295.00579727 75.45015079 -0.9606914
v -295.3074981 76.79225067 -1.18379174
v -293.66379869 76.79225061 -1.68739138
v -295.98829937 76.79225081 0.03200891
v -295.3074981 104.52125096 0.03200568
v -293.66369736 104.52125082 -1.18379496
v -295.00579727 104.21965135 -0.96069474
v -295.3074981 102.87755141 -1.18379477
v -295.98829937 102.87755156 0.03200587
v -293.66379869 102.87755136 -1.68739441
v -211.44289863 76.79225427 29.73670932
v -211.44289863 102.87755501 29.73670628
v -211.44289863 102.87755141 -1.18379477
v -211.44289863 76.79225067 -1.18379174
v -210.76199901 102.87755156 0.03200587
v -210.76199901 76.79225081 0.03200891
v -295.3074981 102.87755141 -1.18379477
v -295.3074981 76.79225067 -1.18379174
v -295.3074981 102.87755479 27.84050521
v -295.3074981 76.79225405 27.84050824
vn -0.14901 -0.97924 0.13744
vn -0.14901 -0.97924 -0.13744
vn 0.12598 -0.98245 -0.13753
vn 0.12598 -0.98245 0.13753
vn -0.95647 0.23185 0.17723
vn -0.95647 0.23185 -0.17723
vn -0.95647 -0.23185 -0.17723
vn -0.95647 -0.23185 0.17723
vn 0.17723 0.23185 0.95647
vn -0.17723 0.23185 0.95647
vn -0.1801 -0.22988 0.95641
vn 0.17428 -0.23382 0.95653
vn 0.95647 -0.23185 0.17723
vn 0.95647 -0.23185 -0.17723
vn 0.95647 0.23185 -0.17723
vn 0.95647 0.23185 0.17723
vn 0.13749 0.98091 0.13749
vn 0.13749 0.98091 -0.1375
vn -0.13749 0.98091 -0.13749
vn -0.13749 0.98091 0.13749
vn 0.15149 -0.4615 -0.87411
vn 0.17428 -0.23382 -0.95653
vn 0.35747 -0.20488 -0.91117
vn 0.31171 -0.42142 -0.85161
vn 0.27626 -0.95349 -0.1206
vn 0.10851 -0.95482 -0.27668
vn 0.25284 -0.93389 -0.25284
vn 0.91118 -0.20488 -0.35747
vn 0.87339 -0.4613 -0.15616
vn 0.85161 -0.42142 -0.31171
vn 0.10851 -0.95482 0.27668
vn 0.27626 -0.95349 0.1206
vn 0.25284 -0.93389 0.25284
vn 0.35747 -0.20488 0.91117
vn 0.15149 -0.4615 0.87411
vn 0.31171 -0.42142 0.85161
vn 0.87339 -0.4613 0.15616
vn 0.91118 -0.20488 0.35747
vn 0.85161 -0.42142 0.31171
vn 0.35747 0.20488 -0.91117
vn 0.17723 0.23185 -0.95647
vn 0.15616 0.4613 -0.87339
vn 0.31171 0.42142 -0.85161
vn 0.87339 0.4613 -0.15616
vn 0.91118 0.20488 -0.35747
vn 0.85161 0.42142 -0.31171
vn 0.1206 0.95349 -0.27626
vn 0.27626 0.95349 -0.1206
vn 0.25284 0.93389 -0.25284
vn 0.15616 0.4613 0.87339
vn 0.35747 0.20488 0.91117
vn 0.31171 0.42142 0.85161
vn 0.27626 0.95349 0.1206
vn 0.1206 0.95349 0.27626
vn 0.25284 0.93389 0.25284
vn 0.91118 0.20488 0.35747
vn 0.87339 0.4613 0.15616
vn 0.85161 0.42142 0.31171
vn -0.35747 -0.20488 -0.91117
vn -0.1801 -0.22988 -0.95641
vn -0.16091 -0.46109 -0.87264
vn -0.31171 -0.42142 -0.85161
vn -0.87339 -0.4613 -0.15616
vn -0.91117 -0.20488 -0.35747
vn -0.85161 -0.42142 -0.31171
vn -0.13262 -0.95202 -0.27579
vn -0.27626 -0.95349 -0.1206
vn -0.25284 -0.93389 -0.25284
vn -0.16092 -0.46109 0.87264
vn -0.35747 -0.20488 0.91117
vn -0.31171 -0.42142 0.85161
vn -0.27626 -0.95349 0.1206
vn -0.13262 -0.95202 0.27579
vn -0.25284 -0.93389 0.25284
vn -0.91117 -0.20488 0.35747
vn -0.87339 -0.4613 0.15616
vn -0.85161 -0.42142 0.31171
vn -0.15616 0.4613 -0.87339
vn -0.17723 0.23185 -0.95647
vn -0.35747 0.20488 -0.91117
vn -0.31171 0.42142 -0.85161
vn -0.27626 0.95349 -0.1206
vn -0.1206 0.95349 -0.27626
vn -0.25284 0.93389 -0.25284
vn -0.91117 0.20488 -0.35747
vn -0.87339 0.4613 -0.15616
vn -0.85161 0.42142 -0.31171
vn -0.35747 0.20488 0.91117
vn -0.15616 0.4613 0.87339
vn -0.31171 0.42142 0.85161
vn -0.87339 0.4613 0.15616
vn -0.91117 0.20488 0.35747
vn -0.85161 0.42142 0.31171
vn -0.1206 0.95349 0.27626
vn -0.27626 0.95349 0.1206
vn -0.25284 0.93389 0.25284
vt 0.60115 0.4876
vt 0.62788 0.4876
vt 0.62788 0.40502
vt 0.60115 0.40502
vt 0.60115 0.51803
vt 0.62788 0.51803
vt 0.62788 0.49079
vt 0.60115 0.49079
vt 0.62453 0.36811
vt 0.62456 0.28538
vt 0.5978 0.28547
vt 0.59587 0.36821
vt 0.60115 0.40183
vt 0.62788 0.40183
vt 0.62788 0.37264
vt 0.60115 0.37264
vt 0.60115 0.60378
vt 0.62788 0.60378
vt 0.62788 0.52122
vt 0.60115 0.52122
vt 0.48086 0.23877
vt 0.48229 0.23891
vt 0.48218 0.23712
vt 0.48112 0.23738
vt 0.48006 0.23626
vt 0.47899 0.2382
vt 0.48154 0.23523
vt 0.59443 0.36835
vt 0.59254 0.36892
vt 0.5936 0.37089
vt 0.59469 0.36975
vt 0.59578 0.36999
vt 0.59513 0.37196
vt 0.51093 0.23728
vt 0.51083 0.23906
vt 0.51227 0.23892
vt 0.512 0.23752
vt 0.51308 0.23639
vt 0.51158 0.23533
vt 0.51414 0.23835
vt 0.62597 0.36825
vt 0.62465 0.36991
vt 0.62572 0.36965
vt 0.62679 0.37078
vt 0.62788 0.36883
vt 0.62529 0.3718
vt 0.48382 0.32346
vt 0.48391 0.32166
vt 0.48247 0.3218
vt 0.48273 0.32321
vt 0.48164 0.32437
vt 0.48317 0.32543
vt 0.48055 0.32239
vt 0.59636 0.28533
vt 0.59769 0.28368
vt 0.59662 0.28393
vt 0.59556 0.2828
vt 0.59446 0.28474
vt 0.59705 0.28178
vt 0.51224 0.32193
vt 0.51079 0.32179
vt 0.5109 0.32359
vt 0.51197 0.32334
vt 0.51304 0.32447
vt 0.51414 0.32252
vt 0.51154 0.3255
vt 0.62464 0.2836
vt 0.626 0.28524
vt 0.62573 0.28384
vt 0.62681 0.2827
vt 0.62529 0.28163
vt 0.62788 0.28466
vt 0.62788 0.40326
vt 0.60115 0.40326
vt 0.60115 0.60554
vt 0.62788 0.60554
vt 0.60115 0.60696
vt 0.62788 0.60696
vt 0.60115 0.51946
vt 0.62788 0.51946
vt 0.60115 0.48936
vt 0.62788 0.48936
usemtl mat4
f 363/363/289 364/364/290 365/365/291
f 365/365/291 366/366/292 363/363/289
f 367/367/293 368/368/294 369/369/295
f 369/369/295 370/370/296 367/367/293
f 371/371/297 372/372/298 373/373/299
f 373/373/299 374/374/300 371/371/297
f 375/375/301 376/376/302 377/377/303
f 377/377/303 378/378/304 375/375/301
f 379/379/305 380/380/306 381/381/307
f 381/381/307 382/382/308 379/379/305
f 383/383/309 384/384/310 385/385/311
f 385/385/311 386/386/312 383/383/309
f 387/387/313 388/388/291 383/383/314
f 383/383/314 386/386/315 387/387/313
f 385/385/316 389/389/302 387/387/317
f 387/387/317 386/386/318 385/385/316
f 390/390/319 391/391/292 392/392/320
f 392/392/320 393/393/321 390/390/319
f 394/394/322 374/374/300 390/390/323
f 390/390/323 393/393/324 394/394/322
f 392/392/325 395/395/301 394/394/326
f 394/394/326 393/393/327 392/392/325
f 396/396/328 397/397/329 398/398/330
f 398/398/330 399/399/331 396/396/328
f 400/400/332 401/401/303 396/396/333
f 396/396/333 399/399/334 400/400/332
f 398/398/335 402/402/306 400/400/336
f 400/400/336 399/399/337 398/398/335
f 403/403/338 371/371/297 404/404/339
f 404/404/339 405/405/340 403/403/338
f 406/406/341 407/407/305 403/403/342
f 403/403/342 405/405/343 406/406/341
f 404/404/344 408/408/304 406/406/345
f 406/406/345 405/405/346 404/404/344
f 409/409/347 410/410/348 411/411/349
f 411/411/349 412/412/350 409/409/347
f 413/413/351 414/414/295 409/409/352
f 409/409/352 412/412/353 413/413/351
f 411/411/354 415/415/290 413/413/355
f 413/413/355 412/412/356 411/411/354
f 416/416/357 373/373/299 417/417/358
f 417/417/358 418/418/359 416/416/357
f 419/419/360 420/420/289 416/416/361
f 416/416/361 418/418/362 419/419/360
f 417/417/363 421/421/296 419/419/364
f 419/419/364 418/418/365 417/417/363
f 422/422/366 423/423/367 424/424/368
f 424/424/368 425/425/369 422/422/366
f 426/426/370 427/427/307 422/422/371
f 422/422/371 425/425/372 426/426/370
f 424/424/373 428/428/294 426/426/374
f 426/426/374 425/425/375 424/424/373
f 429/429/376 372/372/298 430/430/377
f 430/430/377 431/431/378 429/429/376
f 432/432/379 433/433/293 429/429/380
f 429/429/380 431/431/381 432/432/379
f 430/430/382 434/434/308 432/432/383
f 432/432/383 431/431/384 430/430/382
f 384/384/310 397/397/329 396/396/328
f 396/396/328 385/385/311 384/384/310
f 385/385/316 396/396/333 401/401/303
f 401/401/303 389/389/302 385/385/316
f 366/366/292 365/365/291 435/435/313
f 435/435/313 436/436/320 366/366/292
f 436/436/325 435/435/317 376/376/302
f 376/376/302 375/375/301 436/436/325
f 371/371/297 374/374/300 394/394/322
f 394/394/322 404/404/339 371/371/297
f 404/404/344 394/394/326 395/395/301
f 395/395/301 408/408/304 404/404/344
f 380/380/306 379/379/305 437/437/341
f 437/437/341 438/438/336 380/380/306
f 438/438/332 437/437/345 439/439/304
f 439/439/304 440/440/303 438/438/332
f 397/397/329 423/423/367 422/422/366
f 422/422/366 398/398/330 397/397/329
f 398/398/335 422/422/371 427/427/307
f 427/427/307 402/402/306 398/398/335
f 372/372/298 371/371/297 403/403/338
f 403/403/338 430/430/377 372/372/298
f 430/430/382 403/403/342 407/407/305
f 407/407/305 434/434/308 430/430/382
f 368/368/294 367/367/293 441/441/379
f 441/441/379 442/442/374 368/368/294
f 442/442/370 441/441/383 382/382/308
f 382/382/308 381/381/307 442/442/370
f 423/423/367 410/410/348 409/409/347
f 409/409/347 424/424/368 423/423/367
f 424/424/373 409/409/352 414/414/295
f 414/414/295 428/428/294 424/424/373
f 373/373/299 372/372/298 429/429/376
f 429/429/376 417/417/358 373/373/299
f 417/417/363 429/429/380 433/433/293
f 433/433/293 421/421/296 417/417/363
f 364/364/290 363/363/289 443/443/360
f 443/443/360 444/444/355 364/364/290
f 444/444/351 443/443/364 370/370/296
f 370/370/296 369/369/295 444/444/351
f 410/410/348 384/384/310 383/383/309
f 383/383/309 411/411/349 410/410/348
f 411/411/354 383/383/314 388/388/291
f 388/388/291 415/415/290 411/411/354
f 374/374/300 373/373/299 416/416/357
f 416/416/357 390/390/323 374/374/300
f 390/390/319 416/416/361 420/420/289
f 420/420/289 391/391/292 390/390/319
f 423/423/367 397/397/329 384/384/310
f 384/384/310 410/410/348 423/423/367
# Vertices: 82, normals: 96, texture coordinates: 82, faces: 108

o obj7
v -409.14381778 -89.67935828 37.77483086
v -405.01041746 -123.29165873 37.77483477
v -350.37902033 -123.29165873 37.77483477
v -350.37902033 -76.96895835 37.77482938
v -411.46841979 -89.67936287 -1.72256996
v -407.33501947 -123.29176316 -1.72256605
v -407.33501947 -123.291659 35.45023425
v -411.46841979 -89.67935855 35.45023034
v -350.37902033 -74.64436392 -1.72257171
v -409.14381778 -87.35476384 -1.72257023
v -409.14381778 -87.35475952 35.45023007
v -350.37902033 -74.64435959 35.45022859
v -348.05451965 -76.96895862 35.45022886
v -348.05451965 -123.291659 35.45023425
v -348.05451965 -123.29176316 -1.72256605
v -348.05451965 -76.96896295 -1.72257144
v -350.37902033 -76.96896322 -4.04717196
v -350.37902033 -123.29176343 -4.04716657
v -405.01041746 -123.29176343 -4.04716657
v -409.14381778 -89.67936314 -4.04717048
v -350.37902033 -124.93535822 37.09393385
v -350.37902033 -125.61625952 35.45023452
v -348.73531795 -124.93535841 35.45023444
v -349.03701878 -124.63375875 36.79233431
v -348.73531795 -123.29165881 37.09393366
v -350.37902033 -123.29165873 37.77483477
v -348.05451965 -123.291659 35.45023425
v -350.37902033 -75.32525902 37.09392808
v -350.37902033 -76.96895835 37.77482938
v -348.73531795 -76.96895843 37.09392827
v -349.03701878 -75.62685856 36.79232861
v -348.73531795 -75.32525921 35.45022867
v -348.05451965 -76.96895862 35.45022886
v -348.73531795 -124.93536273 -1.72256586
v -350.37902033 -125.61626384 -1.72256578
v -350.37902033 -124.93536293 -3.36626527
v -349.03701878 -124.63376339 -3.0646658
v -348.73531795 -123.29166352 -3.36626546
v -348.05451965 -123.29176316 -1.72256605
v -350.37902033 -123.29176343 -4.04716657
v -350.37902033 -75.32526373 -3.36627104
v -348.73531795 -75.32526354 -1.72257163
v -349.03701878 -75.6268632 -3.0646715
v -348.73531795 -76.96896314 -3.36627085
v -350.37902033 -76.96896322 -4.04717196
v -348.05451965 -76.96896295 -1.72257144
v -406.65411985 -124.93535841 35.45023444
v -405.01041746 -125.61625952 35.45023452
v -405.01041746 -124.93535822 37.09393385
v -406.35252035 -124.63375875 36.79233431
v -406.65411985 -123.29165881 37.09393366
v -407.33501947 -123.291659 35.45023425
v -405.01041746 -123.29165873 37.77483477
v -409.14381778 -88.03565895 37.09392956
v -410.78761852 -88.03565914 35.45023015
v -410.48601902 -88.33725849 36.79233009
v -410.78761852 -89.67935836 37.09392975
v -409.14381778 -89.67935828 37.77483086
v -411.46841979 -89.67935855 35.45023034
v -405.01041746 -124.93536293 -3.36626527
v -405.01041746 -125.61626384 -1.72256578
v -406.65411985 -124.93536273 -1.72256586
v -406.35252035 -124.63376339 -3.0646658
v -406.65411985 -123.29166352 -3.36626546
v -405.01041746 -123.29176343 -4.04716657
v -407.33501947 -123.29176316 -1.72256605
v -410.78761852 -88.03566346 -1.72257015
v -409.14381778 -88.03566365 -3.36626956
v -410.48601902 -88.33726312 -3.06467002
v -410.78761852 -89.67936306 -3.36626937
v -411.46841979 -89.67936287 -1.72256996
v -409.14381778 -89.67936314 -4.04717048
v -348.73531795 -123.29165881 37.09393366
v -348.73531795 -76.96895843 37.09392827
v -348.73531795 -76.96896314 -3.36627085
v -348.73531795 -123.29166352 -3.36626546
v -348.05451965 -76.96896295 -1.72257144
v -348.05451965 -123.29176316 -1.72256605
v -410.78761852 -89.67936306 -3.36626937
v -406.65411985 -123.29166352 -3.36626546
v -410.78761852 -89.67935836 37.09392975
v -406.65411985 -123.29165881 37.09393366
vn -0.20526 -0.96671 0.15275
vn -0.17137 -0.96666 -0.19025
vn 0.17937 -0.96729 -0.17937
vn 0.15601 -0.96868 0.19318
vn -0.97638 0.17937 0.12049
vn -0.9546 0.17865 -0.23838
vn -0.9546 -0.17865 -0.23838
vn -0.97638 -0.17937 0.12049
vn -0.20771 0.1861 0.96032
vn -0.2821 0.1776 0.9428
vn -0.2821 -0.1776 0.9428
vn -0.20771 -0.1861 0.96032
vn 0.96729 -0.17937 0.17937
vn 0.96729 -0.17937 -0.17937
vn 0.96729 0.17937 -0.17937
vn 0.96729 0.17937 0.17937
vn 0.15601 0.96868 0.19318
vn 0.17937 0.96729 -0.17937
vn -0.17137 0.96666 -0.19025
vn -0.20526 0.96671 0.15275
vn 0.15848 -0.35997 -0.9194
vn 0.17937 -0.17937 -0.96729
vn 0.35997 -0.15848 -0.9194
vn 0.32506 -0.32506 -0.88807
vn 0.35997 -0.91941 -0.15848
vn 0.15848 -0.91941 -0.35997
vn 0.32506 -0.88807 -0.32506
vn 0.91941 -0.15848 -0.35997
vn 0.91941 -0.35997 -0.15848
vn 0.88807 -0.32506 -0.32506
vn 0.12987 -0.92381 0.36016
vn 0.35997 -0.91941 0.15848
vn 0.32506 -0.88807 0.32506
vn 0.35997 -0.15848 0.9194
vn 0.36028 -0.15672 0.91959
vn 0.32506 -0.32506 0.88807
vn 0.91941 -0.35997 0.15848
vn 0.91941 -0.15848 0.35997
vn 0.88807 -0.32506 0.32506
vn 0.35997 0.15848 -0.9194
vn 0.17937 0.17937 -0.96729
vn 0.15848 0.35997 -0.9194
vn 0.32506 0.32506 -0.88807
vn 0.91941 0.35997 -0.15848
vn 0.91941 0.15848 -0.35997
vn 0.88807 0.32506 -0.32506
vn 0.15848 0.91941 -0.35997
vn 0.35997 0.91941 -0.15848
vn 0.32506 0.88807 -0.32506
vn 0.32506 0.32506 0.88807
vn 0.36028 0.15672 0.91959
vn 0.35997 0.15848 0.9194
vn 0.35997 0.91941 0.15848
vn 0.12987 0.92381 0.36016
vn 0.32506 0.88807 0.32506
vn 0.91941 0.15848 0.35997
vn 0.91941 0.35997 0.15848
vn 0.88807 0.32506 0.32506
vn -0.35997 -0.15848 -0.9194
vn -0.17937 -0.17937 -0.96729
vn -0.15848 -0.35997 -0.9194
vn -0.32506 -0.32506 -0.88807
vn -0.90895 -0.35547 -0.21784
vn -0.91941 -0.15848 -0.35997
vn -0.88807 -0.32506 -0.32506
vn -0.15848 -0.91941 -0.35997
vn -0.35942 -0.9161 -0.1777
vn -0.32506 -0.88807 -0.32506
vn -0.26037 -0.35132 0.89932
vn -0.35997 -0.15848 0.9194
vn -0.32506 -0.32506 0.88807
vn -0.36018 -0.92211 0.14137
vn -0.19352 -0.91315 0.35877
vn -0.32506 -0.88807 0.32506
vn -0.91941 -0.15848 0.35997
vn -0.92671 -0.36308 0.09687
vn -0.88807 -0.32506 0.32506
vn -0.15848 0.35997 -0.9194
vn -0.17937 0.17937 -0.96729
vn -0.35997 0.15848 -0.9194
vn -0.32506 0.32506 -0.88807
vn -0.35942 0.9161 -0.1777
vn -0.15848 0.91941 -0.35997
vn -0.32506 0.88807 -0.32506
vn -0.91941 0.15848 -0.35997
vn -0.90895 0.35547 -0.21784
vn -0.88807 0.32506 -0.32506
vn -0.35997 0.15848 0.9194
vn -0.26037 0.35132 0.89932
vn -0.32506 0.32506 0.88807
vn -0.92671 0.36308 0.09687
vn -0.9194 0.15848 0.35997
vn -0.88807 0.32506 0.32506
vn -0.19352 0.91315 0.35877
vn -0.36018 0.92211 0.14137
vn -0.32506 0.88807 0.32506
vn -0.19595 0.37527 0.90597
vn -0.19595 -0.37527 0.90597
vt 0.53675 0.51059
vt 0.56703 0.5099
vt 0.57187 0.46128
vt 0.53065 0.45717
vt 0.53734 0.54701
vt 0.56762 0.54631
vt 0.56685 0.51307
vt 0.53657 0.51377
vt 0.45382 0.29578
vt 0.45537 0.24245
vt 0.42087 0.24243
vt 0.42226 0.29612
vt 0.53097 0.45401
vt 0.57219 0.45811
vt 0.57548 0.42503
vt 0.53426 0.42093
vt 0.53403 0.60382
vt 0.57502 0.59781
vt 0.56794 0.54947
vt 0.53767 0.55017
vt 0.56861 0.28872
vt 0.56703 0.28862
vt 0.56713 0.29021
vt 0.56835 0.28994
vt 0.56931 0.2909
vt 0.57032 0.28921
vt 0.56762 0.29189
vt 0.42074 0.29615
vt 0.41906 0.29646
vt 0.41992 0.29824
vt 0.42093 0.29734
vt 0.42212 0.29765
vt 0.42158 0.29932
vt 0.53382 0.29031
vt 0.53391 0.28874
vt 0.53232 0.28884
vt 0.53259 0.29006
vt 0.53163 0.29102
vt 0.53333 0.29203
vt 0.53065 0.28932
vt 0.45532 0.29579
vt 0.45399 0.29729
vt 0.45515 0.29697
vt 0.45614 0.29783
vt 0.45698 0.29609
vt 0.45453 0.2989
vt 0.56717 0.23851
vt 0.56708 0.24008
vt 0.56865 0.23998
vt 0.56839 0.23877
vt 0.56934 0.23781
vt 0.56765 0.2368
vt 0.57032 0.2395
vt 0.41922 0.24223
vt 0.42082 0.24078
vt 0.41958 0.24099
vt 0.41867 0.23997
vt 0.41757 0.24157
vt 0.4204 0.23906
vt 0.53249 0.24011
vt 0.53407 0.2402
vt 0.53396 0.23862
vt 0.53275 0.23889
vt 0.5318 0.23793
vt 0.53079 0.23962
vt 0.53348 0.23695
vt 0.45541 0.24082
vt 0.45701 0.24225
vt 0.45666 0.24103
vt 0.45757 0.24
vt 0.45583 0.23906
vt 0.45866 0.24161
vt 0.57203 0.4597
vt 0.53081 0.45559
vt 0.53426 0.60539
vt 0.57525 0.59939
vt 0.53449 0.60696
vt 0.57548 0.60096
vt 0.53745 0.54859
vt 0.56773 0.54789
vt 0.53661 0.51218
vt 0.56689 0.51148
usemtl mat4
f 445/445/385 446/446/386 447/447/387
f 447/447/387 448/448/388 445/445/385
f 449/449/389 450/450/390 451/451/391
f 451/451/391 452/452/392 449/449/389
f 453/453/393 454/454/394 455/455/395
f 455/455/395 456/456/396 453/453/393
f 457/457/397 458/458/398 459/459/399
f 459/459/399 460/460/400 457/457/397
f 461/461/401 462/462/402 463/463/403
f 463/463/403 464/464/404 461/461/401
f 465/465/405 466/466/406 467/467/407
f 467/467/407 468/468/408 465/465/405
f 469/469/409 470/470/387 465/465/410
f 465/465/410 468/468/411 469/469/409
f 467/467/412 471/471/398 469/469/413
f 469/469/413 468/468/414 467/467/412
f 472/472/415 473/473/388 474/474/416
f 474/474/416 475/475/417 472/472/415
f 476/476/418 456/456/419 472/472/420
f 472/472/420 475/475/420 476/476/418
f 474/474/421 477/477/397 476/476/422
f 476/476/422 475/475/423 474/474/421
f 478/478/424 479/479/425 480/480/426
f 480/480/426 481/481/427 478/478/424
f 482/482/428 483/483/399 478/478/429
f 478/478/429 481/481/430 482/482/428
f 480/480/431 484/484/402 482/482/432
f 482/482/432 481/481/433 480/480/431
f 485/485/434 453/453/435 486/486/436
f 486/486/436 487/487/434 485/485/434
f 488/488/437 489/489/401 485/485/438
f 485/485/438 487/487/439 488/488/437
f 486/486/440 490/490/400 488/488/441
f 488/488/441 487/487/442 486/486/440
f 491/491/443 492/492/444 493/493/445
f 493/493/445 494/494/446 491/491/443
f 495/495/447 496/496/391 491/491/448
f 491/491/448 494/494/449 495/495/447
f 493/493/450 497/497/386 495/495/451
f 495/495/451 494/494/452 493/493/450
f 498/498/453 455/455/395 499/499/454
f 499/499/454 500/500/455 498/498/453
f 501/501/456 502/502/385 498/498/457
f 498/498/457 500/500/458 501/501/456
f 499/499/459 503/503/392 501/501/460
f 501/501/460 500/500/461 499/499/459
f 504/504/462 505/505/463 506/506/464
f 506/506/464 507/507/465 504/504/462
f 508/508/466 509/509/403 504/504/467
f 504/504/467 507/507/468 508/508/466
f 506/506/469 510/510/390 508/508/470
f 508/508/470 507/507/471 506/506/469
f 511/511/472 454/454/394 512/512/473
f 512/512/473 513/513/474 511/511/472
f 514/514/475 515/515/389 511/511/476
f 511/511/476 513/513/477 514/514/475
f 512/512/478 516/516/404 514/514/479
f 514/514/479 513/513/480 512/512/478
f 466/466/406 479/479/425 478/478/424
f 478/478/424 467/467/407 466/466/406
f 467/467/412 478/478/429 483/483/399
f 483/483/399 471/471/398 467/467/412
f 448/448/388 447/447/387 517/517/409
f 517/517/409 518/518/416 448/448/388
f 518/518/421 517/517/413 458/458/398
f 458/458/398 457/457/397 518/518/421
f 453/453/435 456/456/419 476/476/418
f 476/476/418 486/486/436 453/453/435
f 486/486/440 476/476/422 477/477/397
f 477/477/397 490/490/400 486/486/440
f 462/462/402 461/461/401 519/519/437
f 519/519/437 520/520/432 462/462/402
f 520/520/428 519/519/441 521/521/400
f 521/521/400 522/522/399 520/520/428
f 479/479/425 505/505/463 504/504/462
f 504/504/462 480/480/426 479/479/425
f 480/480/431 504/504/467 509/509/403
f 509/509/403 484/484/402 480/480/431
f 454/454/394 453/453/393 485/485/481
f 485/485/481 512/512/473 454/454/394
f 512/512/478 485/485/438 489/489/401
f 489/489/401 516/516/404 512/512/478
f 450/450/390 449/449/389 523/523/475
f 523/523/475 524/524/470 450/450/390
f 524/524/466 523/523/479 464/464/404
f 464/464/404 463/463/403 524/524/466
f 505/505/463 492/492/444 491/491/443
f 491/491/443 506/506/464 505/505/463
f 506/506/469 491/491/448 496/496/391
f 496/496/391 510/510/390 506/506/469
f 455/455/395 454/454/394 511/511/472
f 511/511/472 499/499/454 455/455/395
f 499/499/459 511/511/476 515/515/389
f 515/515/389 503/503/392 499/499/459
f 446/446/386 445/445/385 525/525/456
f 525/525/456 526/526/451 446/446/386
f 526/526/447 525/525/460 452/452/392
f 452/452/392 451/451/391 526/526/447
f 492/492/444 466/466/406 465/465/405
f 465/465/405 493/493/445 492/492/444
f 493/493/450 465/465/410 470/470/387
f 470/470/387 497/497/386 493/493/450
f 456/456/396 455/455/395 498/498/453
f 498/498/453 472/472/482 456/456/396
f 472/472/415 498/498/457 502/502/385
f 502/502/385 473/473/388 472/472/415
f 505/505/463 479/479/425 466/466/406
f 466/466/406 492/492/444 505/505/463
# Vertices: 82, normals: 98, texture coordinates: 82, faces: 108

o obj8
v -345.23715705 -16.91374395 37.77482822
v -345.23715705 -123.29174492 37.77484059
v -311.27315789 -123.29174492 37.77484059
v -311.27315789 -4.20334551 37.77482674
v -347.56175756 -16.91374854 -1.7225726
v -347.56175756 -123.29174951 -1.72256023
v -347.56175756 -123.29174519 35.45024007
v -347.56175756 -16.91374422 35.4502277
v -311.27315789 -1.87875108 -1.72257435
v -345.23715705 -14.58925084 -1.72257287
v -345.23715705 -14.58924652 35.45022743
v -311.27315789 -1.87884808 35.45022595
v -308.94855738 -4.20334578 35.45022622
v -308.94855738 -123.29174519 35.45024007
v -308.94855738 -123.29174951 -1.72256023
v -308.94855738 -4.2033501 -1.72257408
v -311.27315789 -4.20335037 -4.0471746
v -311.27315789 -123.29174979 -4.04716075
v -345.23715705 -123.29174979 -4.04716075
v -345.23715705 -16.91374881 -4.04717312
v -311.27315789 -124.93544441 37.09393967
v -311.27315789 -125.61624885 35.45024034
v -309.62935716 -124.9354446 35.45024026
v -309.93105799 -124.63384494 36.79234013
v -309.62935716 -123.291745 37.09393948
v -311.27315789 -123.29174492 37.77484059
v -308.94855738 -123.29174519 35.45024007
v -311.27315789 -2.55964618 37.09392544
v -311.27315789 -4.20334551 37.77482674
v -309.62935716 -4.20334559 37.09392563
v -309.93105799 -2.86124572 36.79232597
v -309.62935716 -2.55964637 35.45022603
v -308.94855738 -4.20334578 35.45022622
v -309.62935716 -124.93544892 -1.72256004
v -311.27315789 -125.61634854 -1.72255996
v -311.27315789 -124.93544911 -3.36625945
v -309.93105799 -124.63384958 -3.06465998
v -309.62935716 -123.29174971 -3.36625964
v -308.94855738 -123.29174951 -1.72256023
v -311.27315789 -123.29174979 -4.04716075
v -311.27315789 -2.55965089 -3.36627368
v -309.62935716 -2.5596507 -1.72257427
v -309.93105799 -2.86125036 -3.06467414
v -309.62935716 -4.2033503 -3.36627349
v -311.27315789 -4.20335037 -4.0471746
v -308.94855738 -4.2033501 -1.72257408
v -346.88085794 -124.9354446 35.45024026
v -345.23715705 -125.61624885 35.45024034
v -345.23715705 -124.93544441 37.09393967
v -346.57925695 -124.63384494 36.79234013
v -346.88085794 -123.291745 37.09393948
v -347.56175756 -123.29174519 35.45024007
v -345.23715705 -123.29174492 37.77484059
v -345.23715705 -15.27004462 37.09392691
v -346.88085794 -15.27004481 35.45022751
v -346.57925695 -15.57164416 36.79232745
v -346.88085794 -16.91384535 37.09392711
v -345.23715705 -16.91374395 37.77482822
v -347.56175756 -16.91374422 35.4502277
v -345.23715705 -124.93544911 -3.36625945
v -345.23715705 -125.61634854 -1.72255996
v -346.88085794 -124.93544892 -1.72256004
v -346.57925695 -124.63384958 -3.06465998
v -346.88085794 -123.29174971 -3.36625964
v -345.23715705 -123.29174979 -4.04716075
v -347.56175756 -123.29174951 -1.72256023
v -346.88085794 -15.27004913 -1.7225728
v -345.23715705 -15.27004932 -3.3662722
v -346.57925695 -15.57164879 -3.06467267
v -346.88085794 -16.91374873 -3.36627201
v -347.56175756 -16.91374854 -1.7225726
v -345.23715705 -16.91374881 -4.04717312
v -309.62935716 -123.291745 37.09393948
v -309.62935716 -4.20334559 37.09392563
v -309.62935716 -4.2033503 -3.36627349
v -309.62935716 -123.29174971 -3.36625964
v -308.94855738 -4.2033501 -1.72257408
v -308.94855738 -123.29174951 -1.72256023
v -346.88085794 -16.91374873 -3.36627201
v -346.88085794 -123.29174971 -3.36625964
v -346.88085794 -16.91384535 37.09392711
v -346.88085794 -123.291745 37.09393948
vn -0.20719 -0.9658 0.1559
vn -0.17937 -0.96729 -0.17937
vn 0.17937 -0.96729 -0.17937
vn 0.13598 -0.96981 0.20243
vn -0.96729 0.17937 0.17937
vn -0.96729 0.17937 -0.17937
vn -0.96729 -0.17937 -0.17937
vn -0.96729 -0.17937 0.17937
vn -0.34504 0.17574 0.92199
vn -0.35185 0.17491 0.91957
vn -0.35185 -0.17491 0.91957
vn -0.34504 -0.17574 0.92199
vn 0.96729 -0.17937 0.17937
vn 0.96729 -0.17937 -0.17937
vn 0.96729 0.17937 -0.17937
vn 0.96729 0.17937 0.17937
vn 0.13598 0.96981 0.20243
vn 0.17937 0.96729 -0.17937
vn -0.17937 0.96729 -0.17937
vn -0.20719 0.9658 0.1559
vn 0.15848 -0.35997 -0.91941
vn 0.17937 -0.17937 -0.96729
vn 0.35997 -0.15848 -0.91941
vn 0.32506 -0.32506 -0.88807
vn 0.35997 -0.91941 -0.15848
vn 0.15848 -0.91941 -0.35997
vn 0.32506 -0.88807 -0.32506
vn 0.91941 -0.15848 -0.35997
vn 0.91941 -0.35997 -0.15848
vn 0.88807 -0.32506 -0.32506
vn 0.1133 -0.9261 0.35985
vn 0.35997 -0.91941 0.15848
vn 0.32506 -0.88807 0.32506
vn 0.35997 -0.15848 0.9194
vn 0.36028 -0.15672 0.91959
vn 0.32506 -0.32506 0.88807
vn 0.91941 -0.35997 0.15848
vn 0.91941 -0.15848 0.35997
vn 0.88807 -0.32506 0.32506
vn 0.35997 0.15849 -0.91941
vn 0.17937 0.17937 -0.96729
vn 0.15848 0.35997 -0.91941
vn 0.32506 0.32506 -0.88807
vn 0.91941 0.35997 -0.15848
vn 0.91941 0.15848 -0.35997
vn 0.88807 0.32506 -0.32506
vn 0.15848 0.91941 -0.35997
vn 0.35997 0.91941 -0.15848
vn 0.32506 0.88807 -0.32506
vn 0.32507 0.32506 0.88807
vn 0.36028 0.15672 0.91959
vn 0.35997 0.15848 0.9194
vn 0.35997 0.91941 0.15848
vn 0.1133 0.92611 0.35985
vn 0.32506 0.88807 0.32506
vn 0.91941 0.15848 0.35997
vn 0.91941 0.35997 0.15848
vn 0.88807 0.32506 0.32506
vn -0.35997 -0.15848 -0.91941
vn -0.17937 -0.17937 -0.96729
vn -0.15848 -0.35997 -0.91941
vn -0.32506 -0.32506 -0.88807
vn -0.91941 -0.35997 -0.15849
vn -0.9194 -0.15848 -0.35997
vn -0.88807 -0.32506 -0.32506
vn -0.15848 -0.91941 -0.35997
vn -0.35997 -0.91941 -0.15848
vn -0.32506 -0.88807 -0.32506
vn -0.32597 -0.34332 0.88084
vn -0.35997 -0.15849 0.9194
vn -0.32506 -0.32506 0.88807
vn -0.35997 -0.91941 0.15848
vn -0.22225 -0.90722 0.35715
vn -0.32506 -0.88807 0.32506
vn -0.9194 -0.15848 0.35997
vn -0.91941 -0.35997 0.15848
vn -0.88807 -0.32506 0.32506
vn -0.15848 0.35997 -0.91941
vn -0.17937 0.17937 -0.96729
vn -0.35997 0.15848 -0.91941
vn -0.32506 0.32506 -0.88807
vn -0.35997 0.91941 -0.15848
vn -0.15848 0.91941 -0.35997
vn -0.32506 0.88807 -0.32506
vn -0.9194 0.15848 -0.35997
vn -0.91941 0.35997 -0.15848
vn -0.88807 0.32506 -0.32506
vn -0.35997 0.15849 0.9194
vn -0.32597 0.34332 0.88084
vn -0.32506 0.32506 0.88807
vn -0.91941 0.35997 0.15848
vn -0.9194 0.15848 0.35997
vn -0.88807 0.32506 0.32506
vn -0.22225 0.90722 0.35715
vn -0.35997 0.91941 0.15848
vn -0.32506 0.88807 0.32506
vn -0.32677 0.36168 0.87316
vn -0.32676 -0.36168 0.87316
vt 0.49488 0.70103
vt 0.62788 0.70103
vt 0.62788 0.65857
vt 0.47899 0.65857
vt 0.49488 0.75195
vt 0.62788 0.75195
vt 0.62788 0.70548
vt 0.49488 0.70548
vt 0.69212 0.47731
vt 0.73674 0.48053
vt 0.73673 0.43112
vt 0.69116 0.43475
vt 0.47899 0.65412
vt 0.62788 0.65412
vt 0.62788 0.60764
vt 0.47899 0.60764
vt 0.47899 0.79886
vt 0.62788 0.79886
vt 0.62788 0.7564
vt 0.49488 0.7564
vt 0.31473 0.2464
vt 0.31458 0.24862
vt 0.3168 0.24847
vt 0.31643 0.24677
vt 0.31779 0.24544
vt 0.31541 0.24401
vt 0.31915 0.24781
vt 0.69114 0.43269
vt 0.69084 0.43039
vt 0.68833 0.43149
vt 0.68952 0.43291
vt 0.68907 0.43454
vt 0.68678 0.43378
vt 0.31675 0.29491
vt 0.31455 0.29477
vt 0.31469 0.29698
vt 0.31638 0.29661
vt 0.31772 0.29796
vt 0.31915 0.29559
vt 0.31534 0.29932
vt 0.69214 0.47933
vt 0.69008 0.47759
vt 0.69056 0.47915
vt 0.68945 0.48056
vt 0.6919 0.48157
vt 0.68791 0.4784
vt 0.27026 0.24825
vt 0.27245 0.24839
vt 0.27232 0.24619
vt 0.27063 0.24656
vt 0.2693 0.24521
vt 0.26787 0.24757
vt 0.27166 0.24385
vt 0.73704 0.42873
vt 0.7391 0.43106
vt 0.73881 0.42928
vt 0.74029 0.42802
vt 0.73807 0.42639
vt 0.74155 0.43048
vt 0.27229 0.29663
vt 0.27243 0.29443
vt 0.27022 0.29457
vt 0.27059 0.29626
vt 0.26924 0.29759
vt 0.2716 0.29902
vt 0.26788 0.29523
vt 0.73905 0.48056
vt 0.73706 0.48288
vt 0.73879 0.48233
vt 0.74027 0.48358
vt 0.74155 0.48112
vt 0.73808 0.48517
vt 0.62788 0.65634
vt 0.47899 0.65634
vt 0.47899 0.80109
vt 0.62788 0.80109
vt 0.47899 0.80331
vt 0.62788 0.80331
vt 0.49488 0.75418
vt 0.62788 0.75418
vt 0.49488 0.70325
vt 0.62788 0.70325
usemtl mat4
f 527/527/483 528/528/484 529/529/485
f 529/529/485 530/530/486 527/527/483
f 531/531/487 532/532/488 533/533/489
f 533/533/489 534/534/490 531/531/487
f 535/535/491 536/536/492 537/537/493
f 537/537/493 538/538/494 535/535/491
f 539/539/495 540/540/496 541/541/497
f 541/541/497 542/542/498 539/539/495
f 543/543/499 544/544/500 545/545/501
f 545/545/501 546/546/502 543/543/499
f 547/547/503 548/548/504 549/549/505
f 549/549/505 550/550/506 547/547/503
f 551/551/507 552/552/485 547/547/508
f 547/547/508 550/550/509 551/551/507
f 549/549/510 553/553/496 551/551/511
f 551/551/511 550/550/512 549/549/510
f 554/554/513 555/555/486 556/556/514
f 556/556/514 557/557/515 554/554/513
f 558/558/516 538/538/517 554/554/518
f 554/554/518 557/557/518 558/558/516
f 556/556/519 559/559/495 558/558/520
f 558/558/520 557/557/521 556/556/519
f 560/560/522 561/561/523 562/562/524
f 562/562/524 563/563/525 560/560/522
f 564/564/526 565/565/497 560/560/527
f 560/560/527 563/563/528 564/564/526
f 562/562/529 566/566/500 564/564/530
f 564/564/530 563/563/531 562/562/529
f 567/567/532 535/535/533 568/568/534
f 568/568/534 569/569/532 567/567/532
f 570/570/535 571/571/499 567/567/536
f 567/567/536 569/569/537 570/570/535
f 568/568/538 572/572/498 570/570/539
f 570/570/539 569/569/540 568/568/538
f 573/573/541 574/574/542 575/575/543
f 575/575/543 576/576/544 573/573/541
f 577/577/545 578/578/489 573/573/546
f 573/573/546 576/576/547 577/577/545
f 575/575/548 579/579/484 577/577/549
f 577/577/549 576/576/550 575/575/548
f 580/580/551 537/537/493 581/581/552
f 581/581/552 582/582/553 580/580/551
f 583/583/554 584/584/483 580/580/555
f 580/580/555 582/582/556 583/583/554
f 581/581/557 585/585/490 583/583/558
f 583/583/558 582/582/559 581/581/557
f 586/586/560 587/587/561 588/588/562
f 588/588/562 589/589/563 586/586/560
f 590/590/564 591/591/501 586/586/565
f 586/586/565 589/589/566 590/590/564
f 588/588/567 592/592/488 590/590/568
f 590/590/568 589/589/569 588/588/567
f 593/593/570 536/536/492 594/594/571
f 594/594/571 595/595/572 593/593/570
f 596/596/573 597/597/487 593/593/574
f 593/593/574 595/595/575 596/596/573
f 594/594/576 598/598/502 596/596/577
f 596/596/577 595/595/578 594/594/576
f 548/548/504 561/561/523 560/560/522
f 560/560/522 549/549/505 548/548/504
f 549/549/510 560/560/527 565/565/497
f 565/565/497 553/553/496 549/549/510
f 530/530/486 529/529/485 599/599/507
f 599/599/507 600/600/514 530/530/486
f 600/600/519 599/599/511 540/540/496
f 540/540/496 539/539/495 600/600/519
f 535/535/533 538/538/517 558/558/516
f 558/558/516 568/568/534 535/535/533
f 568/568/538 558/558/520 559/559/495
f 559/559/495 572/572/498 568/568/538
f 544/544/500 543/543/499 601/601/535
f 601/601/535 602/602/530 544/544/500
f 602/602/526 601/601/539 603/603/498
f 603/603/498 604/604/497 602/602/526
f 561/561/523 587/587/561 586/586/560
f 586/586/560 562/562/524 561/561/523
f 562/562/529 586/586/565 591/591/501
f 591/591/501 566/566/500 562/562/529
f 536/536/492 535/535/491 567/567/579
f 567/567/579 594/594/571 536/536/492
f 594/594/576 567/567/536 571/571/499
f 571/571/499 598/598/502 594/594/576
f 532/532/488 531/531/487 605/605/573
f 605/605/573 606/606/568 532/532/488
f 606/606/564 605/605/577 546/546/502
f 546/546/502 545/545/501 606/606/564
f 587/587/561 574/574/542 573/573/541
f 573/573/541 588/588/562 587/587/561
f 588/588/567 573/573/546 578/578/489
f 578/578/489 592/592/488 588/588/567
f 537/537/493 536/536/492 593/593/570
f 593/593/570 581/581/552 537/537/493
f 581/581/557 593/593/574 597/597/487
f 597/597/487 585/585/490 581/581/557
f 528/528/484 527/527/483 607/607/554
f 607/607/554 608/608/549 528/528/484
f 608/608/545 607/607/558 534/534/490
f 534/534/490 533/533/489 608/608/545
f 574/574/542 548/548/504 547/547/503
f 547/547/503 575/575/543 574/574/542
f 575/575/548 547/547/508 552/552/485
f 552/552/485 579/579/484 575/575/548
f 538/538/494 537/537/493 580/580/551
f 580/580/551 554/554/580 538/538/494
f 554/554/513 580/580/555 584/584/483
f 584/584/483 555/555/486 554/554/513
f 587/587/561 561/561/523 548/548/504
f 548/548/504 574/574/542 587/587/561
# Vertices: 82, normals: 98, texture coordinates: 82, faces: 108

o obj9
v -307.50261593 72.05910207 33.46198873
v -307.50261593 -123.29169987 33.46201144
v -213.08661747 -123.29169957 36.02551185
v -213.08661747 72.05910237 36.02548913
v -309.82721794 72.05909762 -4.81431111
v -309.82721794 -123.29170432 -4.81438823
v -309.82721794 -123.29170014 31.13741242
v -309.82721794 72.0591018 31.1373897
v -213.08661747 74.38369665 -4.81431138
v -307.50261593 74.38369665 -4.81431138
v -307.50261593 74.38370083 31.13738943
v -213.08661747 74.38370113 33.70088834
v -210.76201546 72.0591021 33.70088861
v -210.76201546 -123.29169984 33.70101117
v -210.76201546 -123.29170432 -4.81438823
v -210.76201546 72.05909762 -4.81431111
v -213.08661747 72.05909735 -7.13891163
v -213.08661747 -123.29170459 -7.13898875
v -307.50261593 -123.29170459 -7.13898875
v -307.50261593 72.05909735 -7.13891163
v -213.08661747 -124.93539906 35.34471226
v -213.08661747 -125.61629887 33.70101144
v -211.44291806 -124.93539925 33.70101136
v -211.74451756 -124.63379959 35.04311123
v -211.44291806 -123.29169965 35.34471207
v -213.08661747 -123.29169957 36.02551185
v -210.76201546 -123.29169984 33.70101117
v -213.08661747 73.7028017 35.34468916
v -213.08661747 72.05910237 36.02548913
v -211.44291806 72.05910229 35.34468935
v -211.74451756 73.40120216 35.04298836
v -211.44291806 73.70280151 33.70088842
v -210.76201546 72.0591021 33.70088861
v -211.44291806 -124.93540373 -4.81438804
v -213.08661747 -125.61630335 -4.81438796
v -213.08661747 -124.93540392 -6.45808745
v -211.74451756 -124.63380438 -6.15648798
v -211.44291806 -123.29170451 -6.45808764
v -210.76201546 -123.29170432 -4.81438823
v -213.08661747 -123.29170459 -7.13898875
v -213.08661747 73.70289817 -6.45811054
v -211.44291806 73.70289836 -4.8143113
v -211.74451756 73.40119737 -6.15651101
v -211.44291806 72.05909743 -6.45811035
v -213.08661747 72.05909735 -7.13891163
v -210.76201546 72.05909762 -4.81431111
v -309.14631534 -124.93539955 31.13741261
v -307.50261593 -125.61629917 31.13741269
v -307.50261593 -124.93539936 32.78121185
v -308.84471583 -124.63379989 32.47951248
v -309.14631534 -123.29169995 32.78121166
v -309.82721794 -123.29170014 31.13741242
v -307.50261593 -123.29169987 33.46201144
v -307.50261593 73.7028014 32.78118875
v -309.14631534 73.70280121 31.13738951
v -308.84471583 73.40120186 32.47948945
v -309.14631534 72.05910199 32.78118894
v -307.50261593 72.05910207 33.46198873
v -309.82721794 72.0591018 31.1373897
v -307.50261593 -124.93540392 -6.45808745
v -307.50261593 -125.61630335 -4.81438796
v -309.14631534 -124.93540373 -4.81438804
v -308.84471583 -124.63380438 -6.15648798
v -309.14631534 -123.29170451 -6.45808764
v -307.50261593 -123.29170459 -7.13898875
v -309.82721794 -123.29170432 -4.81438823
v -309.14631534 73.70289836 -4.8143113
v -307.50261593 73.70289817 -6.45811054
v -308.84471583 73.40119737 -6.15651101
v -309.14631534 72.05909743 -6.45811035
v -309.82721794 72.05909762 -4.81431111
v -307.50261593 72.05909735 -7.13891163
v -211.44291806 -123.29169965 35.34471207
v -211.44291806 72.05910229 35.34468935
v -211.44291806 72.05909743 -6.45811035
v -211.44291806 -123.29170451 -6.45808764
v -210.76201546 72.05909762 -4.81431111
v -210.76201546 -123.29170432 -4.81438823
v -309.14631534 72.05909743 -6.45811035
v -309.14631534 -123.29170451 -6.45808764
v -309.14631534 72.05910199 32.78118894
v -309.14631534 -123.29169995 32.78121166
vn -0.19245 -0.96479 0.17927
vn -0.19245 -0.96479 -0.17927
vn 0.16629 -0.96962 -0.17943
vn 0.16629 -0.96962 0.17943
vn -0.96729 0.17937 0.17937
vn -0.96729 0.17937 -0.17937
vn -0.96729 -0.17937 -0.17937
vn -0.96729 -0.17937 0.17937
vn 0.17937 0.17937 0.96729
vn -0.17937 0.17937 0.96729
vn -0.18192 -0.17759 0.96714
vn 0.17673 -0.18114 0.96745
vn 0.96729 -0.17937 0.17937
vn 0.96729 -0.17937 -0.17937
vn 0.96729 0.17937 -0.17937
vn 0.96729 0.17937 0.17937
vn 0.17937 0.96729 0.17937
vn 0.17937 0.96729 -0.17937
vn -0.17937 0.96729 -0.17937
vn -0.17937 0.96729 0.17937
vn 0.15452 -0.36004 -0.92005
vn 0.17673 -0.18114 -0.96745
vn 0.35997 -0.15848 -0.9194
vn 0.32507 -0.32506 -0.88807
vn 0.35997 -0.91941 -0.15848
vn 0.14501 -0.92131 -0.36078
vn 0.32506 -0.88807 -0.32506
vn 0.91941 -0.15848 -0.35997
vn 0.91941 -0.35997 -0.15848
vn 0.88807 -0.32506 -0.32506
vn 0.14501 -0.92131 0.36078
vn 0.35997 -0.91941 0.15848
vn 0.32506 -0.88807 0.32506
vn 0.35997 -0.15848 0.9194
vn 0.15452 -0.36004 0.92005
vn 0.32507 -0.32506 0.88807
vn 0.91941 -0.35997 0.15848
vn 0.91941 -0.15848 0.35997
vn 0.88807 -0.32505 0.32506
vn 0.35997 0.15848 -0.9194
vn 0.17937 0.17937 -0.96729
vn 0.15849 0.35997 -0.9194
vn 0.32507 0.32506 -0.88807
vn 0.91941 0.35997 -0.15848
vn 0.91941 0.15848 -0.35997
vn 0.88807 0.32506 -0.32506
vn 0.15848 0.91941 -0.35997
vn 0.35997 0.91941 -0.15848
vn 0.32506 0.88807 -0.32506
vn 0.15849 0.35997 0.9194
vn 0.35997 0.15848 0.9194
vn 0.32507 0.32506 0.88807
vn 0.35997 0.91941 0.15848
vn 0.15848 0.91941 0.35997
vn 0.32506 0.88807 0.32506
vn 0.91941 0.15848 0.35997
vn 0.91941 0.35997 0.15848
vn 0.88807 0.32505 0.32506
vn -0.35997 -0.15848 -0.9194
vn -0.18192 -0.17759 -0.96714
vn -0.16256 -0.35988 -0.91873
vn -0.32507 -0.32506 -0.88807
vn -0.9194 -0.35997 -0.15848
vn -0.9194 -0.15848 -0.35997
vn -0.88807 -0.32506 -0.32506
vn -0.17185 -0.91735 -0.35908
vn -0.35997 -0.91941 -0.15848
vn -0.32506 -0.88807 -0.32506
vn -0.16256 -0.35988 0.91873
vn -0.35997 -0.15848 0.9194
vn -0.32507 -0.32506 0.88807
vn -0.35997 -0.91941 0.15848
vn -0.17185 -0.91735 0.35908
vn -0.32506 -0.88807 0.32506
vn -0.91941 -0.15848 0.35997
vn -0.91941 -0.35997 0.15848
vn -0.88807 -0.32505 0.32506
vn -0.15849 0.35997 -0.9194
vn -0.17937 0.17937 -0.96729
vn -0.35997 0.15848 -0.9194
vn -0.32507 0.32506 -0.88807
vn -0.35997 0.91941 -0.15848
vn -0.15848 0.91941 -0.35997
vn -0.32506 0.88807 -0.32506
vn -0.91941 0.15848 -0.35997
vn -0.91941 0.35997 -0.15848
vn -0.88807 0.32505 -0.32506
vn -0.35997 0.15848 0.9194
vn -0.15849 0.35997 0.9194
vn -0.32507 0.32506 0.88807
vn -0.9194 0.35997 0.15848
vn -0.9194 0.15848 0.35997
vn -0.88807 0.32506 0.32506
vn -0.15848 0.91941 0.35997
vn -0.35997 0.91941 0.15848
vn -0.32506 0.88807 0.32506
vt 0.47831 0.82776
vt 0.23234 0.82776
vt 0.23234 0.94669
vt 0.47831 0.94669
vt 0.47831 0.77801
vt 0.23234 0.77801
vt 0.23234 0.82328
vt 0.47831 0.82328
vt 0.68149 0.53991
vt 0.68152 0.42173
vt 0.63637 0.4218
vt 0.63314 0.53999
vt 0.47831 0.95117
vt 0.23234 0.95117
vt 0.23234 0.99966
vt 0.47831 0.99966
vt 0.47831 0.65465
vt 0.23234 0.65465
vt 0.23234 0.77353
vt 0.47831 0.77353
vt 0.6309 0.29335
vt 0.63312 0.2935
vt 0.63297 0.29128
vt 0.63127 0.29166
vt 0.62993 0.29032
vt 0.62855 0.29269
vt 0.63229 0.28893
vt 0.63091 0.54013
vt 0.62855 0.54079
vt 0.62992 0.54319
vt 0.63129 0.54184
vt 0.63301 0.54221
vt 0.63232 0.54463
vt 0.68147 0.29142
vt 0.68134 0.29364
vt 0.68357 0.29349
vt 0.68319 0.29178
vt 0.68454 0.29044
vt 0.68216 0.28901
vt 0.68591 0.29281
vt 0.68371 0.54005
vt 0.68164 0.54214
vt 0.68334 0.54176
vt 0.68469 0.54312
vt 0.6861 0.54074
vt 0.68231 0.5445
vt 0.6359 0.41394
vt 0.63603 0.41171
vt 0.6338 0.41185
vt 0.63418 0.41357
vt 0.63282 0.41494
vt 0.63522 0.41636
vt 0.6314 0.41255
vt 0.63415 0.42165
vt 0.63623 0.41957
vt 0.63453 0.41994
vt 0.63319 0.41859
vt 0.63177 0.42094
vt 0.63556 0.41721
vt 0.68352 0.41196
vt 0.6813 0.41181
vt 0.68144 0.41405
vt 0.68315 0.41367
vt 0.68449 0.41503
vt 0.68591 0.41265
vt 0.68211 0.41641
vt 0.68165 0.41951
vt 0.68375 0.42158
vt 0.68337 0.41987
vt 0.68472 0.41852
vt 0.68233 0.41709
vt 0.6861 0.4209
vt 0.23234 0.94893
vt 0.47831 0.94893
vt 0.47831 0.65241
vt 0.23234 0.65241
vt 0.47831 0.65017
vt 0.23234 0.65017
vt 0.47831 0.77577
vt 0.23234 0.77577
vt 0.47831 0.82552
vt 0.23234 0.82552
usemtl mat4
f 609/609/581 610/610/582 611/611/583
f 611/611/583 612/612/584 609/609/581
f 613/613/585 614/614/586 615/615/587
f 615/615/587 616/616/588 613/613/585
f 617/617/589 618/618/590 619/619/591
f 619/619/591 620/620/592 617/617/589
f 621/621/593 622/622/594 623/623/595
f 623/623/595 624/624/596 621/621/593
f 625/625/597 626/626/598 627/627/599
f 627/627/599 628/628/600 625/625/597
f 629/629/601 630/630/602 631/631/603
f 631/631/603 632/632/604 629/629/601
f 633/633/605 634/634/583 629/629/606
f 629/629/606 632/632/607 633/633/605
f 631/631/608 635/635/594 633/633/609
f 633/633/609 632/632/610 631/631/608
f 636/636/611 637/637/584 638/638/612
f 638/638/612 639/639/613 636/636/611
f 640/640/614 620/620/592 636/636/615
f 636/636/615 639/639/616 640/640/614
f 638/638/617 641/641/593 640/640/618
f 640/640/618 639/639/619 638/638/617
f 642/642/620 643/643/621 644/644/622
f 644/644/622 645/645/623 642/642/620
f 646/646/624 647/647/595 642/642/625
f 642/642/625 645/645/626 646/646/624
f 644/644/627 648/648/598 646/646/628
f 646/646/628 645/645/629 644/644/627
f 649/649/630 617/617/589 650/650/631
f 650/650/631 651/651/632 649/649/630
f 652/652/633 653/653/597 649/649/634
f 649/649/634 651/651/635 652/652/633
f 650/650/636 654/654/596 652/652/637
f 652/652/637 651/651/638 650/650/636
f 655/655/639 656/656/640 657/657/641
f 657/657/641 658/658/642 655/655/639
f 659/659/643 660/660/587 655/655/644
f 655/655/644 658/658/645 659/659/643
f 657/657/646 661/661/582 659/659/647
f 659/659/647 658/658/648 657/657/646
f 662/662/649 619/619/591 663/663/650
f 663/663/650 664/664/651 662/662/649
f 665/665/652 666/666/581 662/662/653
f 662/662/653 664/664/654 665/665/652
f 663/663/655 667/667/588 665/665/656
f 665/665/656 664/664/657 663/663/655
f 668/668/658 669/669/659 670/670/660
f 670/670/660 671/671/661 668/668/658
f 672/672/662 673/673/599 668/668/663
f 668/668/663 671/671/664 672/672/662
f 670/670/665 674/674/586 672/672/666
f 672/672/666 671/671/667 670/670/665
f 675/675/668 618/618/590 676/676/669
f 676/676/669 677/677/670 675/675/668
f 678/678/671 679/679/585 675/675/672
f 675/675/672 677/677/673 678/678/671
f 676/676/674 680/680/600 678/678/675
f 678/678/675 677/677/676 676/676/674
f 630/630/602 643/643/621 642/642/620
f 642/642/620 631/631/603 630/630/602
f 631/631/608 642/642/625 647/647/595
f 647/647/595 635/635/594 631/631/608
f 612/612/584 611/611/583 681/681/605
f 681/681/605 682/682/612 612/612/584
f 682/682/617 681/681/609 622/622/594
f 622/622/594 621/621/593 682/682/617
f 617/617/589 620/620/592 640/640/614
f 640/640/614 650/650/631 617/617/589
f 650/650/636 640/640/618 641/641/593
f 641/641/593 654/654/596 650/650/636
f 626/626/598 625/625/597 683/683/633
f 683/683/633 684/684/628 626/626/598
f 684/684/624 683/683/637 685/685/596
f 685/685/596 686/686/595 684/684/624
f 643/643/621 669/669/659 668/668/658
f 668/668/658 644/644/622 643/643/621
f 644/644/627 668/668/663 673/673/599
f 673/673/599 648/648/598 644/644/627
f 618/618/590 617/617/589 649/649/630
f 649/649/630 676/676/669 618/618/590
f 676/676/674 649/649/634 653/653/597
f 653/653/597 680/680/600 676/676/674
f 614/614/586 613/613/585 687/687/671
f 687/687/671 688/688/666 614/614/586
f 688/688/662 687/687/675 628/628/600
f 628/628/600 627/627/599 688/688/662
f 669/669/659 656/656/640 655/655/639
f 655/655/639 670/670/660 669/669/659
f 670/670/665 655/655/644 660/660/587
f 660/660/587 674/674/586 670/670/665
f 619/619/591 618/618/590 675/675/668
f 675/675/668 663/663/650 619/619/591
f 663/663/655 675/675/672 679/679/585
f 679/679/585 667/667/588 663/663/655
f 610/610/582 609/609/581 689/689/652
f 689/689/652 690/690/647 610/610/582
f 690/690/643 689/689/656 616/616/588
f 616/616/588 615/615/587 690/690/643
f 656/656/640 630/630/602 629/629/601
f 629/629/601 657/657/641 656/656/640
f 657/657/646 629/629/606 634/634/583
f 634/634/583 661/661/582 657/657/646
f 620/620/592 619/619/591 662/662/649
f 662/662/649 636/636/615 620/620/592
f 636/636/611 662/662/653 666/666/581
f 666/666/581 637/637/584 636/636/611
f 669/669/659 643/643/621 630/630/602
f 630/630/602 656/656/640 669/669/659
# Vertices: 82, normals: 96, texture coordinates: 82, faces: 108

o obj10
v 209.30566585 107.61074271 30.24031
v 264.88356686 107.61074249 28.34411042
v 264.88356686 126.10694294 28.34410827
v 209.30566585 133.69604271 30.24030697
v 267.20816588 107.61074229 26.62471013
v 267.20816588 107.6107392 0.03200995
v 267.20816588 126.10703948 0.0320078
v 267.20816588 126.10694274 26.62470798
v 264.88356686 128.43154251 26.62470771
v 264.88356686 128.43153942 0.03200753
v 209.30566585 136.02063972 0.03200665
v 209.30566585 136.02064303 28.52080658
v 206.98106682 107.6107392 0.03200995
v 206.98106682 107.61074251 28.52080988
v 206.98106682 133.69604251 28.52080685
v 206.98106682 133.6960392 0.03200692
v 264.88356686 107.610739 -1.68739034
v 209.30566585 107.610739 -1.68739034
v 209.30566585 133.696039 -1.68739337
v 264.88356686 126.10703928 -1.68739249
v 207.66196644 105.96704236 28.52081007
v 209.30566585 105.28614274 28.52081015
v 209.30566585 105.9670425 29.73671055
v 207.96356595 106.26864273 29.51361033
v 209.30566585 107.61074271 30.24031
v 207.66196644 107.61074266 29.73671036
v 206.98106682 107.61074251 28.52080988
v 207.66196644 133.69604265 29.73670733
v 209.30566585 133.69604271 30.24030697
v 209.30566585 135.33974355 29.73670714
v 207.96356595 135.03814253 29.51360698
v 207.66196644 135.33974341 28.52080665
v 206.98106682 133.69604251 28.52080685
v 209.30566585 105.96703891 -1.1837905
v 209.30566585 105.28613943 0.03201022
v 207.66196644 105.96703905 0.03201014
v 207.96356595 106.26863918 -0.96069035
v 206.98106682 107.6107392 0.03200995
v 207.66196644 107.61073906 -1.18379069
v 209.30566585 107.610739 -1.68739034
v 207.66196644 135.3397401 0.03200672
v 209.30566585 135.33973996 -1.18379392
v 207.96356595 135.03813899 -0.9606937
v 209.30566585 133.696039 -1.68739337
v 207.66196644 133.69603906 -1.18379373
v 206.98106682 133.6960392 0.03200692
v 264.88356686 105.96704228 27.84050948
v 264.88356686 105.28614252 26.6247104
v 266.52736461 105.96704214 26.62471032
v 266.22566676 106.2686425 27.61741075
v 267.20816588 107.61074229 26.62471013
v 266.52736461 107.61074244 27.84050929
v 264.88356686 107.61074249 28.34411042
v 266.52736461 127.75074273 26.62470779
v 264.88356686 127.75074287 27.84050694
v 266.22566676 127.44904276 27.61740828
v 264.88356686 126.10694294 28.34410827
v 266.52736461 126.10694288 27.84050713
v 267.20816588 126.10694274 26.62470798
v 266.52736461 105.96703905 0.03201014
v 264.88356686 105.28613943 0.03201022
v 264.88356686 105.96703891 -1.1837905
v 266.22566676 106.26863918 -0.96069035
v 264.88356686 107.610739 -1.68739034
v 266.52736461 107.61073906 -1.18379069
v 267.20816588 107.6107392 0.03200995
v 264.88356686 127.75073949 -1.18379304
v 266.52736461 127.75073963 0.03200761
v 266.22566676 127.44903943 -0.96069282
v 267.20816588 126.10703948 0.0320078
v 266.52736461 126.1069395 -1.18379284
v 264.88356686 126.10703928 -1.68739249
v 207.66196644 107.61074266 29.73671036
v 207.66196644 133.69604265 29.73670733
v 207.66196644 133.69603906 -1.18379373
v 207.66196644 107.61073906 -1.18379069
v 206.98106682 133.6960392 0.03200692
v 206.98106682 107.6107392 0.03200995
v 266.52736461 126.1069395 -1.18379284
v 266.52736461 107.61073906 -1.18379069
v 266.52736461 126.10694288 27.84050713
v 266.52736461 107.61074244 27.84050929
vn -0.1208 -0.9831 -0.13754
vn 0.1542 -0.97844 -0.13741
vn 0.1634 -0.97786 0.13077
vn -0.11006 -0.98343 0.14405
vn 0.95647 -0.23185 -0.17723
vn 0.95647 0.23185 -0.17723
vn 0.95647 0.23185 0.17723
vn 0.95647 -0.23185 0.17723
vn 0.24613 -0.22857 0.9419
vn 0.24187 0.23154 0.94228
vn -0.11296 0.23112 0.96635
vn -0.10895 -0.23378 0.96617
vn -0.95647 0.23185 -0.17723
vn -0.95647 -0.23185 -0.17723
vn -0.95647 -0.23185 0.17723
vn -0.95647 0.23185 0.17723
vn 0.13749 0.98091 -0.13749
vn -0.13749 0.98091 -0.13749
vn -0.12665 0.98143 0.14407
vn 0.14665 0.98049 0.1309
vn -0.35747 -0.20488 -0.91117
vn -0.17293 -0.2347 -0.95656
vn -0.14942 -0.46158 -0.87443
vn -0.31171 -0.42142 -0.85161
vn -0.10305 -0.95537 -0.27685
vn -0.27626 -0.95349 -0.1206
vn -0.25284 -0.93389 -0.25284
vn -0.87339 -0.4613 -0.15616
vn -0.91118 -0.20488 -0.35747
vn -0.85161 -0.42142 -0.31171
vn -0.27626 -0.95349 0.1206
vn -0.08908 -0.95687 0.27654
vn -0.25284 -0.93389 0.25284
vn -0.08577 -0.46547 0.8809
vn -0.35747 -0.20488 0.91117
vn -0.31171 -0.42142 0.85161
vn -0.91118 -0.20488 0.35747
vn -0.87339 -0.4613 0.15616
vn -0.85161 -0.42142 0.31171
vn -0.15616 0.4613 -0.87339
vn -0.17723 0.23185 -0.95647
vn -0.35747 0.20488 -0.91117
vn -0.31171 0.42142 -0.85161
vn -0.91118 0.20488 -0.35747
vn -0.87339 0.4613 -0.15616
vn -0.85161 0.42142 -0.31171
vn -0.27626 0.95349 -0.1206
vn -0.1206 0.95349 -0.27626
vn -0.25284 0.93389 -0.25284
vn -0.35747 0.20488 0.91117
vn -0.09213 0.46543 0.88028
vn -0.31171 0.42142 0.85161
vn -0.10601 0.95528 0.27604
vn -0.27626 0.95349 0.1206
vn -0.25284 0.93389 0.25284
vn -0.87339 0.4613 0.15616
vn -0.91118 0.20488 0.35747
vn -0.85161 0.42142 0.31171
vn 0.16308 -0.46099 -0.87229
vn 0.18137 -0.22899 -0.95638
vn 0.35747 -0.20488 -0.91117
vn 0.31171 -0.42142 -0.85161
vn 0.91117 -0.20488 -0.35747
vn 0.87339 -0.4613 -0.15616
vn 0.85161 -0.42142 -0.31171
vn 0.27626 -0.95349 -0.1206
vn 0.13801 -0.95132 -0.27557
vn 0.25284 -0.93389 -0.25284
vn 0.35747 -0.20488 0.91117
vn 0.22422 -0.45478 0.86192
vn 0.31171 -0.42142 0.85161
vn 0.15514 -0.94871 0.27547
vn 0.27626 -0.95349 0.1206
vn 0.25284 -0.93389 0.25284
vn 0.87339 -0.4613 0.15616
vn 0.91117 -0.20488 0.35747
vn 0.85161 -0.42142 0.31171
vn 0.35747 0.20488 -0.91117
vn 0.17723 0.23185 -0.95647
vn 0.15616 0.4613 -0.87339
vn 0.31171 0.42142 -0.85161
vn 0.1206 0.95349 -0.27626
vn 0.27626 0.95349 -0.1206
vn 0.25284 0.93389 -0.25284
vn 0.87339 0.4613 -0.15616
vn 0.91117 0.20488 -0.35747
vn 0.85161 0.42142 -0.31171
vn 0.21717 0.45534 0.86343
vn 0.35747 0.20488 0.91117
vn 0.31171 0.42142 0.85161
vn 0.91117 0.20488 0.35747
vn 0.87339 0.4613 0.15616
vn 0.85161 0.42142 0.31171
vn 0.27626 0.95349 0.1206
vn 0.13727 0.95123 0.27626
vn 0.25284 0.93389 0.25284
vt 0.74463 0.27271
vt 0.74463 0.32703
vt 0.76269 0.32703
vt 0.77011 0.27271
vt 0.74463 0.33007
vt 0.74463 0.35605
vt 0.76269 0.35605
vt 0.76269 0.33007
vt 0.59579 0.27711
vt 0.62207 0.2774
vt 0.62207 0.2226
vt 0.59571 0.22188
vt 0.74463 0.24184
vt 0.74463 0.26967
vt 0.77011 0.26967
vt 0.77011 0.24184
vt 0.74463 0.35909
vt 0.74463 0.41338
vt 0.77011 0.41338
vt 0.76269 0.35909
vt 0.69996 0.28645
vt 0.70006 0.28476
vt 0.6987 0.28489
vt 0.69894 0.28621
vt 0.69691 0.28542
vt 0.69793 0.28728
vt 0.69934 0.28825
vt 0.59351 0.21939
vt 0.59254 0.22134
vt 0.59437 0.22179
vt 0.59458 0.22046
vt 0.59561 0.22021
vt 0.59497 0.21835
vt 0.72859 0.28478
vt 0.72722 0.28465
vt 0.72731 0.28634
vt 0.72834 0.28611
vt 0.72793 0.28821
vt 0.72937 0.2872
vt 0.73038 0.28533
vt 0.62226 0.22095
vt 0.6234 0.22256
vt 0.62324 0.22125
vt 0.6252 0.22218
vt 0.62431 0.22026
vt 0.62296 0.2192
vt 0.7002 0.23034
vt 0.70157 0.23047
vt 0.70146 0.22877
vt 0.70044 0.22901
vt 0.70084 0.22696
vt 0.69943 0.22794
vt 0.69839 0.22978
vt 0.59573 0.27888
vt 0.59437 0.2773
vt 0.59468 0.27867
vt 0.59258 0.27798
vt 0.59367 0.2798
vt 0.59515 0.28078
vt 0.72723 0.22843
vt 0.72716 0.23016
vt 0.72854 0.23002
vt 0.72828 0.22866
vt 0.73038 0.22945
vt 0.72932 0.22755
vt 0.72784 0.22653
vt 0.62345 0.27761
vt 0.62209 0.27912
vt 0.62312 0.27893
vt 0.62263 0.28096
vt 0.62407 0.28005
vt 0.6252 0.2783
vt 0.74463 0.27103
vt 0.77011 0.27103
vt 0.77011 0.41505
vt 0.74463 0.41505
vt 0.77011 0.41641
vt 0.74463 0.41641
vt 0.76269 0.35741
vt 0.74463 0.35741
vt 0.76269 0.32871
vt 0.74463 0.32871
usemtl mat4
f 691/691/677 692/692/678 693/693/679
f 693/693/679 694/694/680 691/691/677
f 695/695/681 696/696/682 697/697/683
f 697/697/683 698/698/684 695/695/681
f 699/699/685 700/700/686 701/701/687
f 701/701/687 702/702/688 699/699/685
f 703/703/689 704/704/690 705/705/691
f 705/705/691 706/706/692 703/703/689
f 707/707/693 708/708/694 709/709/695
f 709/709/695 710/710/696 707/707/693
f 711/711/697 712/712/698 713/713/699
f 713/713/699 714/714/700 711/711/697
f 713/713/701 715/715/677 716/716/702
f 716/716/702 714/714/703 713/713/701
f 716/716/704 717/717/690 711/711/705
f 711/711/705 714/714/706 716/716/704
f 718/718/707 719/719/680 720/720/708
f 720/720/708 721/721/709 718/718/707
f 720/720/710 702/702/688 722/722/711
f 722/722/711 721/721/712 720/720/710
f 722/722/713 723/723/691 718/718/714
f 718/718/714 721/721/715 722/722/713
f 724/724/716 725/725/717 726/726/718
f 726/726/718 727/727/719 724/724/716
f 726/726/720 728/728/689 729/729/721
f 729/729/721 727/727/722 726/726/720
f 729/729/723 730/730/694 724/724/724
f 724/724/724 727/727/725 729/729/723
f 731/731/726 701/701/687 732/732/727
f 732/732/727 733/733/728 731/731/726
f 732/732/729 734/734/695 735/735/730
f 735/735/730 733/733/731 732/732/729
f 735/735/732 736/736/692 731/731/733
f 731/731/733 733/733/734 735/735/732
f 737/737/735 738/738/736 739/739/737
f 739/739/737 740/740/738 737/737/735
f 739/739/739 741/741/681 742/742/740
f 742/742/740 740/740/741 739/739/739
f 742/742/742 743/743/678 737/737/743
f 737/737/743 740/740/744 742/742/742
f 744/744/745 699/699/685 745/745/746
f 745/745/746 746/746/747 744/744/745
f 745/745/748 747/747/679 748/748/749
f 748/748/749 746/746/750 745/745/748
f 748/748/751 749/749/684 744/744/752
f 744/744/752 746/746/753 748/748/751
f 750/750/754 751/751/755 752/752/756
f 752/752/756 753/753/757 750/750/754
f 752/752/758 754/754/693 755/755/759
f 755/755/759 753/753/760 752/752/758
f 755/755/761 756/756/682 750/750/762
f 750/750/762 753/753/763 755/755/761
f 757/757/764 700/700/686 758/758/765
f 758/758/765 759/759/766 757/757/764
f 758/758/767 760/760/683 761/761/768
f 761/761/768 759/759/769 758/758/767
f 761/761/770 762/762/696 757/757/771
f 757/757/771 759/759/772 761/761/770
f 726/726/718 725/725/717 712/712/698
f 712/712/698 711/711/697 726/726/718
f 728/728/689 726/726/720 711/711/705
f 711/711/705 717/717/690 728/728/689
f 763/763/702 691/691/677 694/694/680
f 694/694/680 764/764/707 763/763/702
f 704/704/690 763/763/704 764/764/714
f 764/764/714 705/705/691 704/704/690
f 722/722/711 702/702/688 701/701/687
f 701/701/687 731/731/726 722/722/711
f 723/723/691 722/722/713 731/731/733
f 731/731/733 736/736/692 723/723/691
f 765/765/730 709/709/695 708/708/694
f 708/708/694 766/766/723 765/765/730
f 767/767/692 765/765/732 766/766/721
f 766/766/721 768/768/689 767/767/692
f 752/752/756 751/751/755 725/725/717
f 725/725/717 724/724/716 752/752/756
f 754/754/693 752/752/758 724/724/724
f 724/724/724 730/730/694 754/754/693
f 732/732/727 701/701/687 700/700/686
f 700/700/686 757/757/764 732/732/727
f 734/734/695 732/732/729 757/757/771
f 757/757/771 762/762/696 734/734/695
f 769/769/768 697/697/683 696/696/682
f 696/696/682 770/770/761 769/769/768
f 710/710/696 769/769/770 770/770/759
f 770/770/759 707/707/693 710/710/696
f 739/739/737 738/738/736 751/751/755
f 751/751/755 750/750/754 739/739/737
f 741/741/681 739/739/739 750/750/762
f 750/750/762 756/756/682 741/741/681
f 758/758/765 700/700/686 699/699/685
f 699/699/685 744/744/745 758/758/765
f 760/760/683 758/758/767 744/744/752
f 744/744/752 749/749/684 760/760/683
f 771/771/749 693/693/679 692/692/678
f 692/692/678 772/772/742 771/771/749
f 698/698/684 771/771/751 772/772/740
f 772/772/740 695/695/681 698/698/684
f 713/713/699 712/712/698 738/738/736
f 738/738/736 737/737/735 713/713/699
f 715/715/677 713/713/701 737/737/743
f 737/737/743 743/743/678 715/715/677
f 745/745/746 699/699/685 702/702/688
f 702/702/688 720/720/710 745/745/746
f 747/747/679 745/745/748 720/720/708
f 720/720/708 719/719/680 747/747/679
f 712/712/698 725/725/717 751/751/755
f 751/751/755 738/738/736 712/712/698
# Vertices: 82, normals: 96, texture coordinates: 82, faces: 108

o obj11
v 209.30568373 76.79225433 30.24030896
v 289.88288438 76.79225411 28.34410938
v 289.88288438 102.87755485 28.34410634
v 209.30568373 102.87755507 30.24030593
v 292.20738506 76.79225391 26.62470909
v 292.20738506 76.79225081 0.03200891
v 292.20738506 102.87755156 0.03200587
v 292.20738506 102.87755465 26.62470606
v 289.88288438 105.20215368 26.62470579
v 289.88288438 105.20215058 0.0320056
v 209.30568373 105.20215058 0.0320056
v 209.30568373 105.2021539 28.52080553
v 206.9810847 76.79225081 0.03200891
v 206.9810847 76.79225413 28.52080884
v 206.9810847 102.87755487 28.5208058
v 206.9810847 102.87755156 0.03200587
v 289.88288438 76.79225061 -1.68739138
v 209.30568373 76.79225061 -1.68739138
v 209.30568373 102.87755136 -1.68739441
v 289.88288438 102.87755136 -1.68739441
v 207.66198432 75.14855472 28.52080903
v 209.30568373 74.46775494 28.52080911
v 209.30568373 75.14855486 29.73670951
v 207.96358383 75.45015434 29.51360929
v 209.30568373 76.79225433 30.24030896
v 207.66198432 76.79225427 29.73670932
v 206.9810847 76.79225413 28.52080884
v 207.66198432 102.87755501 29.73670628
v 209.30568373 102.87755507 30.24030593
v 209.30568373 104.52125442 29.73670609
v 207.96358383 104.21965489 29.51360594
v 207.66198432 104.52125428 28.52080561
v 206.9810847 102.87755487 28.5208058
v 209.30568373 75.14855126 -1.18379155
v 209.30568373 74.46775162 0.03200918
v 207.66198432 75.14855141 0.0320091
v 207.96358383 75.45015079 -0.9606914
v 206.9810847 76.79225081 0.03200891
v 207.66198432 76.79225067 -1.18379174
v 209.30568373 76.79225061 -1.68739138
v 207.66198432 104.52125096 0.03200568
v 209.30568373 104.52125082 -1.18379496
v 207.96358383 104.21965135 -0.96069474
v 209.30568373 102.87755136 -1.68739441
v 207.66198432 102.87755141 -1.18379477
v 206.9810847 102.87755156 0.03200587
v 289.88288438 75.14855464 27.84050843
v 289.88288438 74.46775472 26.62470936
v 291.52658379 75.1485545 26.62470928
v 291.22488296 75.45015412 27.6174097
v 292.20738506 76.79225391 26.62470909
v 291.52658379 76.79225405 27.84050824
v 289.88288438 76.79225411 28.34410938
v 291.52658379 104.52125406 26.62470586
v 289.88288438 104.5212542 27.84050502
v 291.22488296 104.21965467 27.61740636
v 289.88288438 102.87755485 28.34410634
v 291.52658379 102.87755479 27.84050521
v 292.20738506 102.87755465 26.62470606
v 291.52658379 75.14855141 0.0320091
v 289.88288438 74.46775162 0.03200918
v 289.88288438 75.14855126 -1.18379155
v 291.22488296 75.45015079 -0.9606914
v 289.88288438 76.79225061 -1.68739138
v 291.52658379 76.79225067 -1.18379174
v 292.20738506 76.79225081 0.03200891
v 289.88288438 104.52125082 -1.18379496
v 291.52658379 104.52125096 0.03200568
v 291.22488296 104.21965135 -0.96069474
v 292.20738506 102.87755156 0.03200587
v 291.52658379 102.87755141 -1.18379477
v 289.88288438 102.87755136 -1.68739441
v 207.66198432 76.79225427 29.73670932
v 207.66198432 102.87755501 29.73670628
v 207.66198432 102.87755141 -1.18379477
v 207.66198432 76.79225067 -1.18379174
v 206.9810847 102.87755156 0.03200587
v 206.9810847 76.79225081 0.03200891
v 291.52658379 102.87755141 -1.18379477
v 291.52658379 76.79225067 -1.18379174
v 291.52658379 102.87755479 27.84050521
v 291.52658379 76.79225405 27.84050824
vn -0.12598 -0.98245 -0.13753
vn 0.14901 -0.97924 -0.13744
vn 0.14901 -0.97924 0.13744
vn -0.12598 -0.98245 0.13753
vn 0.95647 -0.23185 -0.17723
vn 0.95647 0.23185 -0.17723
vn 0.95647 0.23185 0.17723
vn 0.95647 -0.23185 0.17723
vn 0.1801 -0.22988 0.95641
vn 0.17723 0.23185 0.95647
vn -0.17723 0.23185 0.95647
vn -0.17428 -0.23382 0.95653
vn -0.95647 0.23185 -0.17723
vn -0.95647 -0.23185 -0.17723
vn -0.95647 -0.23185 0.17723
vn -0.95647 0.23185 0.17723
vn 0.13749 0.98091 -0.13749
vn -0.13749 0.98091 -0.13749
vn -0.13749 0.98091 0.13749
vn 0.13749 0.98091 0.13749
vn -0.35747 -0.20488 -0.91117
vn -0.17428 -0.23382 -0.95653
vn -0.15149 -0.4615 -0.87411
vn -0.31171 -0.42142 -0.85161
vn -0.10851 -0.95482 -0.27668
vn -0.27626 -0.95349 -0.1206
vn -0.25284 -0.93389 -0.25284
vn -0.87339 -0.4613 -0.15616
vn -0.91118 -0.20488 -0.35747
vn -0.85161 -0.42142 -0.31171
vn -0.27626 -0.95349 0.1206
vn -0.10851 -0.95482 0.27668
vn -0.25284 -0.93389 0.25284
vn -0.15149 -0.4615 0.87411
vn -0.35747 -0.20488 0.91117
vn -0.31171 -0.42142 0.85161
vn -0.91118 -0.20488 0.35747
vn -0.87339 -0.4613 0.15616
vn -0.85161 -0.42142 0.31171
vn -0.15616 0.4613 -0.87339
vn -0.17723 0.23185 -0.95647
vn -0.35747 0.20488 -0.91117
vn -0.31171 0.42142 -0.85161
vn -0.91118 0.20488 -0.35747
vn -0.87339 0.4613 -0.15616
vn -0.85161 0.42142 -0.31171
vn -0.27626 0.95349 -0.1206
vn -0.1206 0.95349 -0.27626
vn -0.25284 0.93389 -0.25284
vn -0.35747 0.20488 0.91117
vn -0.15616 0.4613 0.87339
vn -0.31171 0.42142 0.85161
vn -0.1206 0.95349 0.27626
vn -0.27626 0.95349 0.1206
vn -0.25284 0.93389 0.25284
vn -0.87339 0.4613 0.15616
vn -0.91118 0.20488 0.35747
vn -0.85161 0.42142 0.31171
vn 0.16091 -0.46109 -0.87264
vn 0.1801 -0.22988 -0.95641
vn 0.35747 -0.20488 -0.91117
vn 0.31171 -0.42142 -0.85161
vn 0.91117 -0.20488 -0.35747
vn 0.87339 -0.4613 -0.15616
vn 0.85161 -0.42142 -0.31171
vn 0.27626 -0.95349 -0.1206
vn 0.13262 -0.95202 -0.27579
vn 0.25284 -0.93389 -0.25284
vn 0.35747 -0.20488 0.91117
vn 0.16092 -0.46109 0.87264
vn 0.31171 -0.42142 0.85161
vn 0.13262 -0.95202 0.27579
vn 0.27626 -0.95349 0.1206
vn 0.25284 -0.93389 0.25284
vn 0.87339 -0.4613 0.15616
vn 0.91117 -0.20488 0.35747
vn 0.85161 -0.42142 0.31171
vn 0.35747 0.20488 -0.91117
vn 0.17723 0.23185 -0.95647
vn 0.15616 0.4613 -0.87339
vn 0.31171 0.42142 -0.85161
vn 0.1206 0.95349 -0.27626
vn 0.27626 0.95349 -0.1206
vn 0.25284 0.93389 -0.25284
vn 0.87339 0.4613 -0.15616
vn 0.91117 0.20488 -0.35747
vn 0.85161 0.42142 -0.31171
vn 0.15616 0.4613 0.87339
vn 0.35747 0.20488 0.91117
vn 0.31171 0.42142 0.85161
vn 0.91117 0.20488 0.35747
vn 0.87339 0.4613 0.15616
vn 0.85161 0.42142 0.31171
vn 0.27626 0.95349 0.1206
vn 0.1206 0.95349 0.27626
vn 0.25284 0.93389 0.25284
vt 0.73558 0.79942
vt 0.73558 0.8813
vt 0.76208 0.8813
vt 0.76208 0.79942
vt 0.73558 0.88446
vt 0.73558 0.91148
vt 0.76208 0.91148
vt 0.76208 0.88446
vt 0.74745 0.54088
vt 0.774 0.54083
vt 0.77394 0.4589
vt 0.74552 0.45873
vt 0.73558 0.76731
vt 0.73558 0.79625
vt 0.76208 0.79625
vt 0.76208 0.76731
vt 0.73558 0.91464
vt 0.73558 0.9965
vt 0.76208 0.9965
vt 0.76208 0.91464
vt 0.23551 0.29745
vt 0.23561 0.29569
vt 0.23419 0.29583
vt 0.23445 0.2972
vt 0.23234 0.29639
vt 0.2334 0.29831
vt 0.23487 0.29932
vt 0.74328 0.45607
vt 0.74222 0.45803
vt 0.7441 0.45859
vt 0.74436 0.4572
vt 0.74543 0.45697
vt 0.74479 0.45501
vt 0.26534 0.29567
vt 0.26392 0.29553
vt 0.26401 0.2973
vt 0.26508 0.29706
vt 0.26465 0.29923
vt 0.26615 0.29818
vt 0.2672 0.29624
vt 0.77406 0.45712
vt 0.77537 0.45877
vt 0.77512 0.45738
vt 0.77725 0.4582
vt 0.77618 0.45626
vt 0.7747 0.45524
vt 0.23579 0.21349
vt 0.23722 0.21363
vt 0.23713 0.21185
vt 0.23606 0.21209
vt 0.23649 0.20989
vt 0.23497 0.21094
vt 0.23389 0.2129
vt 0.74737 0.54267
vt 0.74602 0.54102
vt 0.74629 0.54243
vt 0.74412 0.54162
vt 0.74521 0.54358
vt 0.74673 0.54463
vt 0.26398 0.21172
vt 0.26388 0.2135
vt 0.26531 0.21336
vt 0.26505 0.21197
vt 0.2672 0.21278
vt 0.26611 0.21084
vt 0.26462 0.20982
vt 0.77541 0.54097
vt 0.7741 0.54258
vt 0.77515 0.54234
vt 0.77474 0.54445
vt 0.7762 0.54344
vt 0.77725 0.54154
vt 0.73558 0.79767
vt 0.76208 0.79767
vt 0.76208 0.99825
vt 0.73558 0.99825
vt 0.76208 0.99966
vt 0.73558 0.99966
vt 0.76208 0.91289
vt 0.73558 0.91289
vt 0.76208 0.88305
vt 0.73558 0.88305
usemtl mat4
f 773/773/773 774/774/774 775/775/775
f 775/775/775 776/776/776 773/773/773
f 777/777/777 778/778/778 779/779/779
f 779/779/779 780/780/780 777/777/777
f 781/781/781 782/782/782 783/783/783
f 783/783/783 784/784/784 781/781/781
f 785/785/785 786/786/786 787/787/787
f 787/787/787 788/788/788 785/785/785
f 789/789/789 790/790/790 791/791/791
f 791/791/791 792/792/792 789/789/789
f 793/793/793 794/794/794 795/795/795
f 795/795/795 796/796/796 793/793/793
f 795/795/797 797/797/773 798/798/798
f 798/798/798 796/796/799 795/795/797
f 798/798/800 799/799/786 793/793/801
f 793/793/801 796/796/802 798/798/800
f 800/800/803 801/801/776 802/802/804
f 802/802/804 803/803/805 800/800/803
f 802/802/806 784/784/784 804/804/807
f 804/804/807 803/803/808 802/802/806
f 804/804/809 805/805/787 800/800/810
f 800/800/810 803/803/811 804/804/809
f 806/806/812 807/807/813 808/808/814
f 808/808/814 809/809/815 806/806/812
f 808/808/816 810/810/785 811/811/817
f 811/811/817 809/809/818 808/808/816
f 811/811/819 812/812/790 806/806/820
f 806/806/820 809/809/821 811/811/819
f 813/813/822 783/783/783 814/814/823
f 814/814/823 815/815/824 813/813/822
f 814/814/825 816/816/791 817/817/826
f 817/817/826 815/815/827 814/814/825
f 817/817/828 818/818/788 813/813/829
f 813/813/829 815/815/830 817/817/828
f 819/819/831 820/820/832 821/821/833
f 821/821/833 822/822/834 819/819/831
f 821/821/835 823/823/777 824/824/836
f 824/824/836 822/822/837 821/821/835
f 824/824/838 825/825/774 819/819/839
f 819/819/839 822/822/840 824/824/838
f 826/826/841 781/781/781 827/827/842
f 827/827/842 828/828/843 826/826/841
f 827/827/844 829/829/775 830/830/845
f 830/830/845 828/828/846 827/827/844
f 830/830/847 831/831/780 826/826/848
f 826/826/848 828/828/849 830/830/847
f 832/832/850 833/833/851 834/834/852
f 834/834/852 835/835/853 832/832/850
f 834/834/854 836/836/789 837/837/855
f 837/837/855 835/835/856 834/834/854
f 837/837/857 838/838/778 832/832/858
f 832/832/858 835/835/859 837/837/857
f 839/839/860 782/782/782 840/840/861
f 840/840/861 841/841/862 839/839/860
f 840/840/863 842/842/779 843/843/864
f 843/843/864 841/841/865 840/840/863
f 843/843/866 844/844/792 839/839/867
f 839/839/867 841/841/868 843/843/866
f 808/808/814 807/807/813 794/794/794
f 794/794/794 793/793/793 808/808/814
f 810/810/785 808/808/816 793/793/801
f 793/793/801 799/799/786 810/810/785
f 845/845/798 773/773/773 776/776/776
f 776/776/776 846/846/803 845/845/798
f 786/786/786 845/845/800 846/846/810
f 846/846/810 787/787/787 786/786/786
f 804/804/807 784/784/784 783/783/783
f 783/783/783 813/813/822 804/804/807
f 805/805/787 804/804/809 813/813/829
f 813/813/829 818/818/788 805/805/787
f 847/847/826 791/791/791 790/790/790
f 790/790/790 848/848/819 847/847/826
f 849/849/788 847/847/828 848/848/817
f 848/848/817 850/850/785 849/849/788
f 834/834/852 833/833/851 807/807/813
f 807/807/813 806/806/812 834/834/852
f 836/836/789 834/834/854 806/806/820
f 806/806/820 812/812/790 836/836/789
f 814/814/823 783/783/783 782/782/782
f 782/782/782 839/839/860 814/814/823
f 816/816/791 814/814/825 839/839/867
f 839/839/867 844/844/792 816/816/791
f 851/851/864 779/779/779 778/778/778
f 778/778/778 852/852/857 851/851/864
f 792/792/792 851/851/866 852/852/855
f 852/852/855 789/789/789 792/792/792
f 821/821/833 820/820/832 833/833/851
f 833/833/851 832/832/850 821/821/833
f 823/823/777 821/821/835 832/832/858
f 832/832/858 838/838/778 823/823/777
f 840/840/861 782/782/782 781/781/781
f 781/781/781 826/826/841 840/840/861
f 842/842/779 840/840/863 826/826/848
f 826/826/848 831/831/780 842/842/779
f 853/853/845 775/775/775 774/774/774
f 774/774/774 854/854/838 853/853/845
f 780/780/780 853/853/847 854/854/836
f 854/854/836 777/777/777 780/780/780
f 795/795/795 794/794/794 820/820/832
f 820/820/832 819/819/831 795/795/795
f 797/797/773 795/795/797 819/819/839
f 819/819/839 825/825/774 797/797/773
f 827/827/842 781/781/781 784/784/784
f 784/784/784 802/802/806 827/827/842
f 829/829/775 827/827/844 802/802/804
f 802/802/804 801/801/776 829/829/775
f 794/794/794 807/807/813 833/833/851
f 833/833/851 820/820/832 794/794/794
# Vertices: 82, normals: 96, texture coordinates: 82, faces: 108

o obj12
v 346.59817076 -123.29169947 37.774792
v 401.22957087 -123.29169947 37.774792
v 405.36297119 -89.67940051 37.77478809
v 346.59817076 -76.96899611 37.77478662
v 403.55407155 -123.29169974 35.45029132
v 403.55407155 -123.29170407 -1.72250898
v 407.68757021 -89.6794051 -1.72251289
v 407.68757021 -89.67940078 35.45028741
v 405.36297119 -87.35480175 35.45028714
v 405.36297119 -87.35480607 -1.72251316
v 346.59817076 -74.64440168 -1.72251464
v 346.59817076 -74.64439735 35.45028567
v 344.27357173 -123.29170407 -1.72250898
v 344.27357173 -123.29169974 35.45029132
v 344.27357173 -76.96899638 35.45028594
v 344.27357173 -76.9690007 -1.72251437
v 401.22957087 -123.29170434 -4.04710801
v 346.59817076 -123.29170434 -4.04710801
v 346.59817076 -76.96900098 -4.04711339
v 405.36297119 -89.67940537 -4.04711192
v 344.95437002 -124.93539915 35.45029151
v 346.59817076 -125.61629877 35.45029159
v 346.59817076 -124.93539896 37.09399092
v 345.25607085 -124.63379949 36.79239138
v 346.59817076 -123.29169947 37.774792
v 344.95437002 -123.29169955 37.09399073
v 344.27357173 -123.29169974 35.45029132
v 344.95437002 -76.96899619 37.09398534
v 346.59817076 -76.96899611 37.77478662
v 346.59817076 -75.32519844 37.09398515
v 345.25607085 -75.62689632 36.79238568
v 344.95437002 -75.32519863 35.45028574
v 344.27357173 -76.96899638 35.45028594
v 346.59817076 -124.93540367 -3.36630803
v 346.59817076 -125.61630309 -1.72250871
v 344.95437002 -124.93540347 -1.72250879
v 345.25607085 -124.63380413 -3.06460873
v 344.27357173 -123.29170407 -1.72250898
v 344.95437002 -123.29170426 -3.36630823
v 346.59817076 -123.29170434 -4.04710801
v 344.95437002 -75.32530428 -1.72251456
v 346.59817076 -75.32530447 -3.36621397
v 345.25607085 -75.62690096 -3.06461443
v 346.59817076 -76.96900098 -4.04711339
v 344.95437002 -76.9690009 -3.36621377
v 344.27357173 -76.9690007 -1.72251437
v 401.22957087 -124.93539896 37.09399092
v 401.22957087 -125.61629877 35.45029159
v 402.87317193 -124.93539915 35.45029151
v 402.57157242 -124.63379949 36.79239138
v 403.55407155 -123.29169974 35.45029132
v 402.87317193 -123.29169955 37.09399073
v 401.22957087 -123.29169947 37.774792
v 407.00667059 -88.03570137 35.45028722
v 405.36297119 -88.03570118 37.09398663
v 406.70507109 -88.33730072 36.79238716
v 405.36297119 -89.67940051 37.77478809
v 407.00667059 -89.67940059 37.09398682
v 407.68757021 -89.67940078 35.45028741
v 402.87317193 -124.93540347 -1.72250879
v 401.22957087 -125.61630309 -1.72250871
v 401.22957087 -124.93540367 -3.36630803
v 402.57167077 -124.63380413 -3.06460873
v 401.22957087 -123.29170434 -4.04710801
v 402.87317193 -123.29170426 -3.36630823
v 403.55407155 -123.29170407 -1.72250898
v 405.36297119 -88.03570588 -3.36621249
v 407.00667059 -88.03570569 -1.72251308
v 406.70507109 -88.33730535 -3.06461295
v 407.68757021 -89.6794051 -1.72251289
v 407.00667059 -89.67940529 -3.3662123
v 405.36297119 -89.67940537 -4.04711192
v 344.95437002 -123.29169955 37.09399073
v 344.95437002 -76.96899619 37.09398534
v 344.95437002 -76.9690009 -3.36621377
v 344.95437002 -123.29170426 -3.36630823
v 344.27357173 -76.9690007 -1.72251437
v 344.27357173 -123.29170407 -1.72250898
v 407.00667059 -89.67940529 -3.3662123
v 402.87317193 -123.29170426 -3.36630823
v 407.00667059 -89.67940059 37.09398682
v 402.87317193 -123.29169955 37.09399073
vn -0.17937 -0.96729 -0.17937
vn 0.17137 -0.96666 -0.19025
vn 0.20526 -0.96671 0.15275
vn -0.15601 -0.96868 0.19318
vn 0.9546 -0.17865 -0.23838
vn 0.9546 0.17865 -0.23838
vn 0.97638 0.17937 0.12049
vn 0.97638 -0.17937 0.12049
vn 0.2821 -0.1776 0.9428
vn 0.2821 0.1776 0.9428
vn 0.20771 0.1861 0.96032
vn 0.20771 -0.1861 0.96032
vn -0.96729 0.17937 -0.17937
vn -0.96729 -0.17937 -0.17937
vn -0.96729 -0.17937 0.17937
vn -0.96729 0.17937 0.17937
vn 0.17137 0.96666 -0.19025
vn -0.17937 0.96729 -0.17937
vn -0.15601 0.96868 0.19318
vn 0.20526 0.96671 0.15275
vn -0.35997 -0.15848 -0.9194
vn -0.17937 -0.17937 -0.96729
vn -0.15849 -0.35997 -0.9194
vn -0.32507 -0.32506 -0.88807
vn -0.15848 -0.91941 -0.35997
vn -0.35997 -0.91941 -0.15848
vn -0.32506 -0.88807 -0.32506
vn -0.91941 -0.35997 -0.15848
vn -0.91941 -0.15848 -0.35997
vn -0.88807 -0.32506 -0.32506
vn -0.35997 -0.91941 0.15848
vn -0.12987 -0.92381 0.36016
vn -0.32506 -0.88807 0.32506
vn -0.32506 -0.32506 0.88807
vn -0.36028 -0.15672 0.91959
vn -0.35997 -0.15848 0.9194
vn -0.91941 -0.15848 0.35997
vn -0.91941 -0.35997 0.15848
vn -0.88807 -0.32506 0.32506
vn -0.15849 0.35997 -0.9194
vn -0.17937 0.17937 -0.96729
vn -0.35997 0.15848 -0.9194
vn -0.32507 0.32506 -0.88807
vn -0.91941 0.15848 -0.35997
vn -0.91941 0.35997 -0.15848
vn -0.88807 0.32506 -0.32506
vn -0.35997 0.91941 -0.15848
vn -0.15848 0.91941 -0.35997
vn -0.32506 0.88807 -0.32506
vn -0.35997 0.15848 0.9194
vn -0.36028 0.15672 0.91959
vn -0.32506 0.32506 0.88807
vn -0.12987 0.9238 0.36016
vn -0.35997 0.91941 0.15848
vn -0.32506 0.88807 0.32506
vn -0.91941 0.35997 0.15848
vn -0.91941 0.15848 0.35997
vn -0.88807 0.32506 0.32506
vn 0.15849 -0.35997 -0.9194
vn 0.17937 -0.17937 -0.96729
vn 0.35997 -0.15848 -0.9194
vn 0.32507 -0.32506 -0.88807
vn 0.9194 -0.15848 -0.35997
vn 0.90895 -0.35547 -0.21784
vn 0.88807 -0.32506 -0.32506
vn 0.35942 -0.9161 -0.1777
vn 0.15848 -0.91941 -0.35997
vn 0.32506 -0.88807 -0.32506
vn 0.35997 -0.15848 0.91941
vn 0.26037 -0.35132 0.89932
vn 0.32506 -0.32506 0.88807
vn 0.19352 -0.91315 0.35877
vn 0.36018 -0.92211 0.14137
vn 0.32506 -0.88807 0.32506
vn 0.92671 -0.36308 0.09687
vn 0.9194 -0.15848 0.35997
vn 0.88807 -0.32506 0.32506
vn 0.35997 0.15848 -0.9194
vn 0.17937 0.17937 -0.96729
vn 0.15849 0.35997 -0.9194
vn 0.32507 0.32506 -0.88807
vn 0.15848 0.91941 -0.35997
vn 0.35942 0.9161 -0.1777
vn 0.32506 0.88807 -0.32506
vn 0.90895 0.35547 -0.21784
vn 0.91941 0.15848 -0.35997
vn 0.88807 0.32506 -0.32506
vn 0.26037 0.35132 0.89932
vn 0.35997 0.15849 0.91941
vn 0.32506 0.32506 0.88807
vn 0.9194 0.15848 0.35997
vn 0.92671 0.36308 0.09687
vn 0.88807 0.32506 0.32506
vn 0.36018 0.92211 0.14137
vn 0.19352 0.91315 0.35877
vn 0.32506 0.88807 0.32506
vn 0.19595 0.37527 0.90597
vn 0.19595 -0.37527 0.90597
vt 0.52587 0.56107
vt 0.52036 0.50578
vt 0.48592 0.50499
vt 0.47899 0.56574
vt 0.52015 0.50217
vt 0.52103 0.46437
vt 0.48659 0.46358
vt 0.48572 0.50137
vt 0.52196 0.33
vt 0.48273 0.33002
vt 0.48449 0.39068
vt 0.52039 0.39107
vt 0.52997 0.60229
vt 0.52623 0.56467
vt 0.47934 0.56934
vt 0.48309 0.60696
vt 0.5214 0.46077
vt 0.52945 0.40579
vt 0.48283 0.39897
vt 0.48696 0.45998
vt 0.41327 0.23858
vt 0.41314 0.24039
vt 0.41495 0.24028
vt 0.41465 0.23889
vt 0.41689 0.23973
vt 0.41574 0.2378
vt 0.41382 0.23668
vt 0.52305 0.39347
vt 0.52402 0.39145
vt 0.52211 0.3911
vt 0.5219 0.39245
vt 0.52055 0.3928
vt 0.52115 0.39471
vt 0.37368 0.24014
vt 0.37548 0.24026
vt 0.37537 0.23847
vt 0.37398 0.23876
vt 0.37483 0.23651
vt 0.37289 0.23767
vt 0.37178 0.23959
vt 0.4843 0.39239
vt 0.48278 0.39069
vt 0.48298 0.39203
vt 0.4809 0.39103
vt 0.48185 0.39301
vt 0.48368 0.39423
vt 0.41499 0.29571
vt 0.41321 0.29559
vt 0.41331 0.29738
vt 0.41469 0.29709
vt 0.41385 0.29932
vt 0.41578 0.29817
vt 0.41689 0.29626
vt 0.52202 0.32812
vt 0.52384 0.32977
vt 0.52344 0.32837
vt 0.52572 0.32903
vt 0.52446 0.32721
vt 0.5225 0.32617
vt 0.37554 0.29725
vt 0.37566 0.29545
vt 0.37387 0.29557
vt 0.37417 0.29695
vt 0.37193 0.29612
vt 0.37308 0.29804
vt 0.37499 0.29915
vt 0.48086 0.3298
vt 0.48269 0.32817
vt 0.48126 0.32841
vt 0.4822 0.32617
vt 0.48023 0.32724
vt 0.47899 0.32907
vt 0.52605 0.56287
vt 0.47916 0.56754
vt 0.4831 0.39718
vt 0.52971 0.404
vt 0.48336 0.39539
vt 0.52997 0.40221
vt 0.48672 0.46177
vt 0.52115 0.46257
vt 0.48576 0.50318
vt 0.5202 0.50398
usemtl mat4
f 855/855/869 856/856/870 857/857/871
f 857/857/871 858/858/872 855/855/869
f 859/859/873 860/860/874 861/861/875
f 861/861/875 862/862/876 859/859/873
f 863/863/877 864/864/878 865/865/879
f 865/865/879 866/866/880 863/863/877
f 867/867/881 868/868/882 869/869/883
f 869/869/883 870/870/884 867/867/881
f 871/871/885 872/872/886 873/873/887
f 873/873/887 874/874/888 871/871/885
f 875/875/889 876/876/890 877/877/891
f 877/877/891 878/878/892 875/875/889
f 877/877/893 879/879/869 880/880/894
f 880/880/894 878/878/895 877/877/893
f 880/880/896 881/881/882 875/875/897
f 875/875/897 878/878/898 880/880/896
f 882/882/899 883/883/872 884/884/900
f 884/884/900 885/885/901 882/882/899
f 884/884/902 866/866/903 886/886/904
f 886/886/904 885/885/902 884/884/902
f 886/886/905 887/887/883 882/882/906
f 882/882/906 885/885/907 886/886/905
f 888/888/908 889/889/909 890/890/910
f 890/890/910 891/891/911 888/888/908
f 890/890/912 892/892/881 893/893/913
f 893/893/913 891/891/914 890/890/912
f 893/893/915 894/894/886 888/888/916
f 888/888/916 891/891/917 893/893/915
f 895/895/918 865/865/919 896/896/920
f 896/896/920 897/897/920 895/895/918
f 896/896/921 898/898/887 899/899/922
f 899/899/922 897/897/923 896/896/921
f 899/899/924 900/900/884 895/895/925
f 895/895/925 897/897/926 899/899/924
f 901/901/927 902/902/928 903/903/929
f 903/903/929 904/904/930 901/901/927
f 903/903/931 905/905/873 906/906/932
f 906/906/932 904/904/933 903/903/931
f 906/906/934 907/907/870 901/901/935
f 901/901/935 904/904/936 906/906/934
f 908/908/937 863/863/877 909/909/938
f 909/909/938 910/910/939 908/908/937
f 909/909/940 911/911/871 912/912/941
f 912/912/941 910/910/942 909/909/940
f 912/912/943 913/913/876 908/908/944
f 908/908/944 910/910/945 912/912/943
f 914/914/946 915/915/947 916/916/948
f 916/916/948 917/917/949 914/914/946
f 916/916/950 918/918/885 919/919/951
f 919/919/951 917/917/952 916/916/950
f 919/919/953 920/920/874 914/914/954
f 914/914/954 917/917/955 919/919/953
f 921/921/956 864/864/878 922/922/957
f 922/922/957 923/923/958 921/921/956
f 922/922/959 924/924/875 925/925/960
f 925/925/960 923/923/961 922/922/959
f 925/925/962 926/926/888 921/921/963
f 921/921/963 923/923/964 925/925/962
f 890/890/910 889/889/909 876/876/890
f 876/876/890 875/875/889 890/890/910
f 892/892/881 890/890/912 875/875/897
f 875/875/897 881/881/882 892/892/881
f 927/927/894 855/855/869 858/858/872
f 858/858/872 928/928/899 927/927/894
f 868/868/882 927/927/896 928/928/906
f 928/928/906 869/869/883 868/868/882
f 886/886/904 866/866/903 865/865/919
f 865/865/919 895/895/918 886/886/904
f 887/887/883 886/886/905 895/895/925
f 895/895/925 900/900/884 887/887/883
f 929/929/922 873/873/887 872/872/886
f 872/872/886 930/930/915 929/929/922
f 931/931/884 929/929/924 930/930/913
f 930/930/913 932/932/881 931/931/884
f 916/916/948 915/915/947 889/889/909
f 889/889/909 888/888/908 916/916/948
f 918/918/885 916/916/950 888/888/916
f 888/888/916 894/894/886 918/918/885
f 896/896/965 865/865/879 864/864/878
f 864/864/878 921/921/956 896/896/965
f 898/898/887 896/896/921 921/921/963
f 921/921/963 926/926/888 898/898/887
f 933/933/960 861/861/875 860/860/874
f 860/860/874 934/934/953 933/933/960
f 874/874/888 933/933/962 934/934/951
f 934/934/951 871/871/885 874/874/888
f 903/903/929 902/902/928 915/915/947
f 915/915/947 914/914/946 903/903/929
f 905/905/873 903/903/931 914/914/954
f 914/914/954 920/920/874 905/905/873
f 922/922/957 864/864/878 863/863/877
f 863/863/877 908/908/937 922/922/957
f 924/924/875 922/922/959 908/908/944
f 908/908/944 913/913/876 924/924/875
f 935/935/941 857/857/871 856/856/870
f 856/856/870 936/936/934 935/935/941
f 862/862/876 935/935/943 936/936/932
f 936/936/932 859/859/873 862/862/876
f 877/877/891 876/876/890 902/902/928
f 902/902/928 901/901/927 877/877/891
f 879/879/869 877/877/893 901/901/935
f 901/901/935 907/907/870 879/879/869
f 909/909/938 863/863/877 866/866/880
f 866/866/880 884/884/966 909/909/938
f 911/911/871 909/909/940 884/884/900
f 884/884/900 883/883/872 911/911/871
f 876/876/890 889/889/909 915/915/947
f 915/915/947 902/902/928 876/876/890
# Vertices: 82, normals: 98, texture coordinates: 82, faces: 108

o obj13
v 307.49224359 -123.29174492 37.77484059
v 341.45624274 -123.29174492 37.77484059
v 341.45624274 -16.91374395 37.77482822
v 307.49224359 -4.20334551 37.77482674
v 343.78084326 -123.29174519 35.45024007
v 343.78084326 -123.29174951 -1.72256023
v 343.78084326 -16.91374854 -1.7225726
v 343.78084326 -16.91374422 35.4502277
v 341.45624274 -14.58924652 35.45022743
v 341.45624274 -14.58925084 -1.72257287
v 307.49224359 -1.87875108 -1.72257435
v 307.49224359 -1.87884808 35.45022595
v 305.16764307 -123.29174951 -1.72256023
v 305.16764307 -123.29174519 35.45024007
v 305.16764307 -4.20334578 35.45022622
v 305.16764307 -4.2033501 -1.72257408
v 341.45624274 -123.29174979 -4.04716075
v 307.49224359 -123.29174979 -4.04716075
v 307.49224359 -4.20335037 -4.0471746
v 341.45624274 -16.91374881 -4.04717312
v 305.84854269 -124.9354446 35.45024026
v 307.49224359 -125.61624885 35.45024034
v 307.49224359 -124.93544441 37.09393967
v 306.15014368 -124.63384494 36.79234013
v 307.49224359 -123.29174492 37.77484059
v 305.84854269 -123.291745 37.09393948
v 305.16764307 -123.29174519 35.45024007
v 305.84854269 -4.20334559 37.09392563
v 307.49224359 -4.20334551 37.77482674
v 307.49224359 -2.55964618 37.09392544
v 306.15014368 -2.86124572 36.79232597
v 305.84854269 -2.55964637 35.45022603
v 305.16764307 -4.20334578 35.45022622
v 307.49224359 -124.93544911 -3.36625945
v 307.49224359 -125.61634854 -1.72255996
v 305.84854269 -124.93544892 -1.72256004
v 306.15014368 -124.63384958 -3.06465998
v 305.16764307 -123.29174951 -1.72256023
v 305.84854269 -123.29174971 -3.36625964
v 307.49224359 -123.29174979 -4.04716075
v 305.84854269 -2.5596507 -1.72257427
v 307.49224359 -2.55965089 -3.36627368
v 306.15014368 -2.86125036 -3.06467414
v 307.49224359 -4.20335037 -4.0471746
v 305.84854269 -4.2033503 -3.36627349
v 305.16764307 -4.2033501 -1.72257408
v 341.45624274 -124.93544441 37.09393967
v 341.45624274 -125.61624885 35.45024034
v 343.09994364 -124.9354446 35.45024026
v 342.79834265 -124.63384494 36.79234013
v 343.78084326 -123.29174519 35.45024007
v 343.09994364 -123.291745 37.09393948
v 341.45624274 -123.29174492 37.77484059
v 343.09994364 -15.27004481 35.45022751
v 341.45624274 -15.27004462 37.09392691
v 342.79834265 -15.57164416 36.79232745
v 341.45624274 -16.91374395 37.77482822
v 343.09994364 -16.91384535 37.09392711
v 343.78084326 -16.91374422 35.4502277
v 343.09994364 -124.93544892 -1.72256004
v 341.45624274 -125.61634854 -1.72255996
v 341.45624274 -124.93544911 -3.36625945
v 342.79834265 -124.63384958 -3.06465998
v 341.45624274 -123.29174979 -4.04716075
v 343.09994364 -123.29174971 -3.36625964
v 343.78084326 -123.29174951 -1.72256023
v 341.45624274 -15.27004932 -3.3662722
v 343.09994364 -15.27004913 -1.7225728
v 342.79834265 -15.57164879 -3.06467267
v 343.78084326 -16.91374854 -1.7225726
v 343.09994364 -16.91374873 -3.36627201
v 341.45624274 -16.91374881 -4.04717312
v 305.84854269 -123.291745 37.09393948
v 305.84854269 -4.20334559 37.09392563
v 305.84854269 -4.2033503 -3.36627349
v 305.84854269 -123.29174971 -3.36625964
v 305.16764307 -4.2033501 -1.72257408
v 305.16764307 -123.29174951 -1.72256023
v 343.09994364 -16.91374873 -3.36627201
v 343.09994364 -123.29174971 -3.36625964
v 343.09994364 -16.91384535 37.09392711
v 343.09994364 -123.291745 37.09393948
vn -0.17937 -0.96729 -0.17937
vn 0.17937 -0.96729 -0.17937
vn 0.20719 -0.9658 0.1559
vn -0.13598 -0.96981 0.20243
vn 0.96729 -0.17937 -0.17937
vn 0.96729 0.17937 -0.17937
vn 0.96729 0.17937 0.17937
vn 0.96729 -0.17937 0.17937
vn 0.35185 -0.17491 0.91957
vn 0.35185 0.17491 0.91957
vn 0.34504 0.17574 0.92199
vn 0.34504 -0.17574 0.92199
vn -0.96729 0.17937 -0.17937
vn -0.96729 -0.17937 -0.17937
vn -0.96729 -0.17937 0.17937
vn -0.96729 0.17937 0.17937
vn 0.17937 0.96729 -0.17937
vn -0.17937 0.96729 -0.17937
vn -0.13598 0.96981 0.20243
vn 0.20719 0.9658 0.1559
vn -0.35997 -0.15849 -0.91941
vn -0.17937 -0.17937 -0.96729
vn -0.15848 -0.35997 -0.91941
vn -0.32506 -0.32506 -0.88807
vn -0.15848 -0.91941 -0.35997
vn -0.35997 -0.91941 -0.15848
vn -0.32506 -0.88807 -0.32506
vn -0.91941 -0.35997 -0.15848
vn -0.91941 -0.15848 -0.35997
vn -0.88807 -0.32506 -0.32506
vn -0.35997 -0.91941 0.15848
vn -0.1133 -0.9261 0.35985
vn -0.32506 -0.88807 0.32506
vn -0.32507 -0.32506 0.88807
vn -0.36028 -0.15672 0.91959
vn -0.35997 -0.15848 0.9194
vn -0.91941 -0.15848 0.35997
vn -0.91941 -0.35997 0.15848
vn -0.88807 -0.32506 0.32506
vn -0.15848 0.35997 -0.91941
vn -0.17937 0.17937 -0.96729
vn -0.35997 0.15848 -0.91941
vn -0.32506 0.32506 -0.88807
vn -0.91941 0.15849 -0.35997
vn -0.91941 0.35997 -0.15848
vn -0.88807 0.32506 -0.32506
vn -0.35997 0.91941 -0.15848
vn -0.15848 0.91941 -0.35997
vn -0.32506 0.88807 -0.32506
vn -0.35997 0.15848 0.9194
vn -0.36028 0.15672 0.91959
vn -0.32506 0.32506 0.88807
vn -0.1133 0.92611 0.35985
vn -0.35997 0.91941 0.15848
vn -0.32506 0.88807 0.32506
vn -0.91941 0.35997 0.15848
vn -0.91941 0.15848 0.35997
vn -0.88807 0.32506 0.32506
vn 0.15848 -0.35997 -0.91941
vn 0.17937 -0.17937 -0.96729
vn 0.35997 -0.15848 -0.91941
vn 0.32506 -0.32506 -0.88807
vn 0.9194 -0.15849 -0.35997
vn 0.91941 -0.35997 -0.15849
vn 0.88807 -0.32506 -0.32506
vn 0.35997 -0.91941 -0.15848
vn 0.15848 -0.91941 -0.35997
vn 0.32506 -0.88807 -0.32506
vn 0.35997 -0.15849 0.9194
vn 0.32597 -0.34332 0.88084
vn 0.32506 -0.32506 0.88807
vn 0.22225 -0.90722 0.35715
vn 0.35997 -0.91941 0.15848
vn 0.32506 -0.88807 0.32506
vn 0.91941 -0.35997 0.15848
vn 0.9194 -0.15848 0.35997
vn 0.88807 -0.32506 0.32506
vn 0.35997 0.15848 -0.91941
vn 0.17937 0.17937 -0.96729
vn 0.15848 0.35997 -0.91941
vn 0.32506 0.32506 -0.88807
vn 0.15848 0.91941 -0.35997
vn 0.35997 0.91941 -0.15848
vn 0.32506 0.88807 -0.32506
vn 0.91941 0.35997 -0.15848
vn 0.9194 0.15848 -0.35997
vn 0.88807 0.32506 -0.32506
vn 0.32597 0.34332 0.88084
vn 0.35997 0.15849 0.9194
vn 0.32506 0.32506 0.88807
vn 0.9194 0.15849 0.35997
vn 0.91941 0.35997 0.15848
vn 0.88807 0.32506 0.32506
vn 0.35997 0.91941 0.15848
vn 0.22225 0.90722 0.35715
vn 0.32506 0.88807 0.32506
vn 0.32676 0.36168 0.87316
vn 0.32676 -0.36168 0.87316
vt 0.62788 0.94874
vt 0.62788 0.90627
vt 0.49488 0.90627
vt 0.47899 0.94874
vt 0.62788 0.90183
vt 0.62788 0.85535
vt 0.49488 0.85535
vt 0.49488 0.90183
vt 0.73673 0.5399
vt 0.73674 0.49049
vt 0.69212 0.49371
vt 0.69116 0.53628
vt 0.62788 0.99966
vt 0.62788 0.95319
vt 0.47899 0.95319
vt 0.47899 0.99966
vt 0.62788 0.8509
vt 0.62788 0.80844
vt 0.47899 0.80844
vt 0.49488 0.8509
vt 0.36875 0.2947
vt 0.36653 0.29456
vt 0.36668 0.29677
vt 0.36838 0.2964
vt 0.36736 0.29917
vt 0.36974 0.29774
vt 0.3711 0.29537
vt 0.68833 0.53954
vt 0.69084 0.54063
vt 0.69114 0.53833
vt 0.68952 0.53811
vt 0.68907 0.53648
vt 0.68678 0.53725
vt 0.36664 0.2462
vt 0.3665 0.24841
vt 0.3687 0.24827
vt 0.36833 0.24656
vt 0.3711 0.24758
vt 0.36967 0.24521
vt 0.36729 0.24385
vt 0.69008 0.49343
vt 0.69214 0.49169
vt 0.69056 0.49187
vt 0.6919 0.48946
vt 0.68945 0.49047
vt 0.68791 0.49262
vt 0.32427 0.29698
vt 0.32441 0.29479
vt 0.32221 0.29492
vt 0.32258 0.29662
vt 0.31982 0.2956
vt 0.32125 0.29797
vt 0.32361 0.29932
vt 0.7391 0.53996
vt 0.73704 0.54229
vt 0.73881 0.54175
vt 0.73807 0.54463
vt 0.74029 0.543
vt 0.74155 0.54054
vt 0.32217 0.24861
vt 0.32438 0.24875
vt 0.32424 0.24655
vt 0.32254 0.24691
vt 0.32355 0.24416
vt 0.32119 0.24558
vt 0.31983 0.24794
vt 0.73706 0.48814
vt 0.73905 0.49047
vt 0.73879 0.48869
vt 0.74155 0.4899
vt 0.74027 0.48744
vt 0.73808 0.48585
vt 0.62788 0.95096
vt 0.47899 0.95096
vt 0.47899 0.80621
vt 0.62788 0.80621
vt 0.47899 0.80399
vt 0.62788 0.80399
vt 0.49488 0.85313
vt 0.62788 0.85313
vt 0.49488 0.90405
vt 0.62788 0.90405
usemtl mat4
f 937/937/967 938/938/968 939/939/969
f 939/939/969 940/940/970 937/937/967
f 941/941/971 942/942/972 943/943/973
f 943/943/973 944/944/974 941/941/971
f 945/945/975 946/946/976 947/947/977
f 947/947/977 948/948/978 945/945/975
f 949/949/979 950/950/980 951/951/981
f 951/951/981 952/952/982 949/949/979
f 953/953/983 954/954/984 955/955/985
f 955/955/985 956/956/986 953/953/983
f 957/957/987 958/958/988 959/959/989
f 959/959/989 960/960/990 957/957/987
f 959/959/991 961/961/967 962/962/992
f 962/962/992 960/960/993 959/959/991
f 962/962/994 963/963/980 957/957/995
f 957/957/995 960/960/996 962/962/994
f 964/964/997 965/965/970 966/966/998
f 966/966/998 967/967/999 964/964/997
f 966/966/1000 948/948/1001 968/968/1002
f 968/968/1002 967/967/1000 966/966/1000
f 968/968/1003 969/969/981 964/964/1004
f 964/964/1004 967/967/1005 968/968/1003
f 970/970/1006 971/971/1007 972/972/1008
f 972/972/1008 973/973/1009 970/970/1006
f 972/972/1010 974/974/979 975/975/1011
f 975/975/1011 973/973/1012 972/972/1010
f 975/975/1013 976/976/984 970/970/1014
f 970/970/1014 973/973/1015 975/975/1013
f 977/977/1016 947/947/1017 978/978/1018
f 978/978/1018 979/979/1018 977/977/1016
f 978/978/1019 980/980/985 981/981/1020
f 981/981/1020 979/979/1021 978/978/1019
f 981/981/1022 982/982/982 977/977/1023
f 977/977/1023 979/979/1024 981/981/1022
f 983/983/1025 984/984/1026 985/985/1027
f 985/985/1027 986/986/1028 983/983/1025
f 985/985/1029 987/987/971 988/988/1030
f 988/988/1030 986/986/1031 985/985/1029
f 988/988/1032 989/989/968 983/983/1033
f 983/983/1033 986/986/1034 988/988/1032
f 990/990/1035 945/945/975 991/991/1036
f 991/991/1036 992/992/1037 990/990/1035
f 991/991/1038 993/993/969 994/994/1039
f 994/994/1039 992/992/1040 991/991/1038
f 994/994/1041 995/995/974 990/990/1042
f 990/990/1042 992/992/1043 994/994/1041
f 996/996/1044 997/997/1045 998/998/1046
f 998/998/1046 999/999/1047 996/996/1044
f 998/998/1048 1000/1000/983 1001/1001/1049
f 1001/1001/1049 999/999/1050 998/998/1048
f 1001/1001/1051 1002/1002/972 996/996/1052
f 996/996/1052 999/999/1053 1001/1001/1051
f 1003/1003/1054 946/946/976 1004/1004/1055
f 1004/1004/1055 1005/1005/1056 1003/1003/1054
f 1004/1004/1057 1006/1006/973 1007/1007/1058
f 1007/1007/1058 1005/1005/1059 1004/1004/1057
f 1007/1007/1060 1008/1008/986 1003/1003/1061
f 1003/1003/1061 1005/1005/1062 1007/1007/1060
f 972/972/1008 971/971/1007 958/958/988
f 958/958/988 957/957/987 972/972/1008
f 974/974/979 972/972/1010 957/957/995
f 957/957/995 963/963/980 974/974/979
f 1009/1009/992 937/937/967 940/940/970
f 940/940/970 1010/1010/997 1009/1009/992
f 950/950/980 1009/1009/994 1010/1010/1004
f 1010/1010/1004 951/951/981 950/950/980
f 968/968/1002 948/948/1001 947/947/1017
f 947/947/1017 977/977/1016 968/968/1002
f 969/969/981 968/968/1003 977/977/1023
f 977/977/1023 982/982/982 969/969/981
f 1011/1011/1020 955/955/985 954/954/984
f 954/954/984 1012/1012/1013 1011/1011/1020
f 1013/1013/982 1011/1011/1022 1012/1012/1011
f 1012/1012/1011 1014/1014/979 1013/1013/982
f 998/998/1046 997/997/1045 971/971/1007
f 971/971/1007 970/970/1006 998/998/1046
f 1000/1000/983 998/998/1048 970/970/1014
f 970/970/1014 976/976/984 1000/1000/983
f 978/978/1063 947/947/977 946/946/976
f 946/946/976 1003/1003/1054 978/978/1063
f 980/980/985 978/978/1019 1003/1003/1061
f 1003/1003/1061 1008/1008/986 980/980/985
f 1015/1015/1058 943/943/973 942/942/972
f 942/942/972 1016/1016/1051 1015/1015/1058
f 956/956/986 1015/1015/1060 1016/1016/1049
f 1016/1016/1049 953/953/983 956/956/986
f 985/985/1027 984/984/1026 997/997/1045
f 997/997/1045 996/996/1044 985/985/1027
f 987/987/971 985/985/1029 996/996/1052
f 996/996/1052 1002/1002/972 987/987/971
f 1004/1004/1055 946/946/976 945/945/975
f 945/945/975 990/990/1035 1004/1004/1055
f 1006/1006/973 1004/1004/1057 990/990/1042
f 990/990/1042 995/995/974 1006/1006/973
f 1017/1017/1039 939/939/969 938/938/968
f 938/938/968 1018/1018/1032 1017/1017/1039
f 944/944/974 1017/1017/1041 1018/1018/1030
f 1018/1018/1030 941/941/971 944/944/974
f 959/959/989 958/958/988 984/984/1026
f 984/984/1026 983/983/1025 959/959/989
f 961/961/967 959/959/991 983/983/1033
f 983/983/1033 989/989/968 961/961/967
f 991/991/1036 945/945/975 948/948/978
f 948/948/978 966/966/1064 991/991/1036
f 993/993/969 991/991/1038 966/966/998
f 966/966/998 965/965/970 993/993/969
f 958/958/988 971/971/1007 997/997/1045
f 997/997/1045 984/984/1026 958/958/988
# Vertices: 82, normals: 98, texture coordinates: 82, faces: 108

o obj14
v 209.30570316 -123.29169957 36.02551185
v 303.72170162 -123.29169987 33.46201144
v 303.72170162 72.05910207 33.46198873
v 209.30570316 72.05910237 36.02548913
v 306.04630363 -123.29170014 31.13741242
v 306.04630363 -123.29170432 -4.81438823
v 306.04630363 72.05909762 -4.81431111
v 306.04630363 72.0591018 31.1373897
v 303.72170162 74.38370083 31.13738943
v 303.72170162 74.38369665 -4.81431138
v 209.30570316 74.38369665 -4.81431138
v 209.30570316 74.38370113 33.70088834
v 206.98110116 -123.29170432 -4.81438823
v 206.98110116 -123.29169984 33.70101117
v 206.98110116 72.0591021 33.70088861
v 206.98110116 72.05909762 -4.81431111
v 303.72170162 -123.29170459 -7.13898875
v 209.30570316 -123.29170459 -7.13898875
v 209.30570316 72.05909735 -7.13891163
v 303.72170162 72.05909735 -7.13891163
v 207.66200376 -124.93539925 33.70101136
v 209.30570316 -125.61629887 33.70101144
v 209.30570316 -124.93539906 35.34471226
v 207.96360326 -124.63379959 35.04311123
v 209.30570316 -123.29169957 36.02551185
v 207.66200376 -123.29169965 35.34471207
v 206.98110116 -123.29169984 33.70101117
v 207.66200376 72.05910229 35.34468935
v 209.30570316 72.05910237 36.02548913
v 209.30570316 73.7028017 35.34468916
v 207.96360326 73.40120216 35.04298836
v 207.66200376 73.70280151 33.70088842
v 206.98110116 72.0591021 33.70088861
v 209.30570316 -124.93540392 -6.45808745
v 209.30570316 -125.61630335 -4.81438796
v 207.66200376 -124.93540373 -4.81438804
v 207.96360326 -124.63380438 -6.15648798
v 206.98110116 -123.29170432 -4.81438823
v 207.66200376 -123.29170451 -6.45808764
v 209.30570316 -123.29170459 -7.13898875
v 207.66200376 73.70289836 -4.8143113
v 209.30570316 73.70289817 -6.45811054
v 207.96360326 73.40119737 -6.15651101
v 209.30570316 72.05909735 -7.13891163
v 207.66200376 72.05909743 -6.45811035
v 206.98110116 72.05909762 -4.81431111
v 303.72170162 -124.93539936 32.78121185
v 303.72170162 -125.61629917 31.13741269
v 305.36540103 -124.93539955 31.13741261
v 305.06380153 -124.63379989 32.47951248
v 306.04630363 -123.29170014 31.13741242
v 305.36540103 -123.29169995 32.78121166
v 303.72170162 -123.29169987 33.46201144
v 305.36550236 73.70280121 31.13738951
v 303.72170162 73.7028014 32.78118875
v 305.06380153 73.40120186 32.47948945
v 303.72170162 72.05910207 33.46198873
v 305.36550236 72.05910199 32.78118894
v 306.04630363 72.0591018 31.1373897
v 305.36550236 -124.93540373 -4.81438804
v 303.72170162 -125.61630335 -4.81438796
v 303.72170162 -124.93540392 -6.45808745
v 305.06380153 -124.63380438 -6.15648798
v 303.72170162 -123.29170459 -7.13898875
v 305.36550236 -123.29170451 -6.45808764
v 306.04630363 -123.29170432 -4.81438823
v 303.72170162 73.70289817 -6.45811054
v 305.36540103 73.70289836 -4.8143113
v 305.06380153 73.40119737 -6.15651101
v 306.04630363 72.05909762 -4.81431111
v 305.36540103 72.05909743 -6.45811035
v 303.72170162 72.05909735 -7.13891163
v 207.66200376 -123.29169965 35.34471207
v 207.66200376 72.05910229 35.34468935
v 207.66200376 72.05909743 -6.45811035
v 207.66200376 -123.29170451 -6.45808764
v 206.98110116 72.05909762 -4.81431111
v 206.98110116 -123.29170432 -4.81438823
v 305.36540103 72.05909743 -6.45811035
v 305.36550236 -123.29170451 -6.45808764
v 305.36550236 72.05910199 32.78118894
v 305.36540103 -123.29169995 32.78121166
vn -0.16629 -0.96962 -0.17943
vn 0.19245 -0.96479 -0.17927
vn 0.19245 -0.96479 0.17927
vn -0.16629 -0.96962 0.17943
vn 0.96729 -0.17937 -0.17937
vn 0.96729 0.17937 -0.17937
vn 0.96729 0.17937 0.17937
vn 0.96729 -0.17937 0.17937
vn 0.18192 -0.17759 0.96714
vn 0.17937 0.17937 0.96729
vn -0.17937 0.17937 0.96729
vn -0.17673 -0.18114 0.96745
vn -0.96729 0.17937 -0.17937
vn -0.96729 -0.17937 -0.17937
vn -0.96729 -0.17937 0.17937
vn -0.96729 0.17937 0.17937
vn 0.17937 0.96729 -0.17937
vn -0.17937 0.96729 -0.17937
vn -0.17937 0.96729 0.17937
vn 0.17937 0.96729 0.17937
vn -0.35997 -0.15848 -0.9194
vn -0.17673 -0.18114 -0.96745
vn -0.15452 -0.36004 -0.92005
vn -0.32507 -0.32506 -0.88807
vn -0.14501 -0.92131 -0.36078
vn -0.35997 -0.91941 -0.15848
vn -0.32506 -0.88807 -0.32506
vn -0.91941 -0.35997 -0.15848
vn -0.91941 -0.15848 -0.35997
vn -0.88807 -0.32505 -0.32506
vn -0.35997 -0.91941 0.15848
vn -0.14501 -0.92131 0.36078
vn -0.32506 -0.88807 0.32506
vn -0.15452 -0.36004 0.92005
vn -0.35997 -0.15848 0.9194
vn -0.32507 -0.32506 0.88807
vn -0.91941 -0.15848 0.35997
vn -0.91941 -0.35997 0.15848
vn -0.88807 -0.32506 0.32506
vn -0.15849 0.35997 -0.9194
vn -0.17937 0.17937 -0.96729
vn -0.35997 0.15848 -0.9194
vn -0.32507 0.32506 -0.88807
vn -0.91941 0.15848 -0.35997
vn -0.91941 0.35997 -0.15848
vn -0.88807 0.32505 -0.32506
vn -0.35997 0.91941 -0.15848
vn -0.15848 0.91941 -0.35997
vn -0.32506 0.88807 -0.32506
vn -0.35997 0.15848 0.9194
vn -0.15849 0.35997 0.9194
vn -0.32507 0.32506 0.88807
vn -0.15848 0.91941 0.35997
vn -0.35997 0.91941 0.15848
vn -0.32506 0.88807 0.32506
vn -0.91941 0.35997 0.15848
vn -0.91941 0.15848 0.35997
vn -0.88807 0.32506 0.32506
vn 0.16256 -0.35988 -0.91873
vn 0.18192 -0.17759 -0.96714
vn 0.35997 -0.15848 -0.9194
vn 0.32507 -0.32506 -0.88807
vn 0.9194 -0.15848 -0.35997
vn 0.91941 -0.35997 -0.15848
vn 0.88807 -0.32506 -0.32506
vn 0.35997 -0.91941 -0.15848
vn 0.17185 -0.91735 -0.35908
vn 0.32506 -0.88807 -0.32506
vn 0.35997 -0.15848 0.9194
vn 0.16256 -0.35988 0.91873
vn 0.32507 -0.32506 0.88807
vn 0.17185 -0.91735 0.35908
vn 0.35997 -0.91941 0.15848
vn 0.32506 -0.88807 0.32506
vn 0.91941 -0.35997 0.15848
vn 0.91941 -0.15848 0.35997
vn 0.88807 -0.32505 0.32506
vn 0.35997 0.15848 -0.9194
vn 0.17937 0.17937 -0.96729
vn 0.15849 0.35997 -0.9194
vn 0.32507 0.32506 -0.88807
vn 0.15848 0.91941 -0.35997
vn 0.35997 0.91941 -0.15848
vn 0.32506 0.88807 -0.32506
vn 0.91941 0.35997 -0.15848
vn 0.91941 0.15848 -0.35997
vn 0.88807 0.32506 -0.32506
vn 0.15849 0.35997 0.9194
vn 0.35997 0.15848 0.9194
vn 0.32507 0.32506 0.88807
vn 0.9194 0.15848 0.35997
vn 0.91941 0.35997 0.15848
vn 0.88807 0.32506 0.32506
vn 0.35997 0.91941 0.15848
vn 0.15848 0.91941 0.35997
vn 0.32506 0.88807 0.32506
vt 0.23234 0.35298
vt 0.23234 0.4719
vt 0.47831 0.4719
vt 0.47831 0.35298
vt 0.23234 0.47638
vt 0.23234 0.52165
vt 0.47831 0.52165
vt 0.47831 0.47638
vt 0.53847 0.41554
vt 0.58362 0.41561
vt 0.58359 0.29743
vt 0.53524 0.29735
vt 0.23234 0.3
vt 0.23234 0.3485
vt 0.47831 0.3485
vt 0.47831 0.3
vt 0.23234 0.52613
vt 0.23234 0.64501
vt 0.47831 0.64501
vt 0.47831 0.52613
vt 0.69101 0.41407
vt 0.69116 0.41184
vt 0.68894 0.41199
vt 0.68931 0.41369
vt 0.68659 0.41266
vt 0.68797 0.41502
vt 0.69033 0.41641
vt 0.53202 0.29415
vt 0.53065 0.29655
vt 0.53301 0.29721
vt 0.53338 0.2955
vt 0.5351 0.29513
vt 0.53442 0.29271
vt 0.7416 0.41186
vt 0.73937 0.41171
vt 0.73951 0.41393
vt 0.74123 0.41356
vt 0.74019 0.41634
vt 0.74258 0.41491
vt 0.74395 0.41254
vt 0.58373 0.2952
vt 0.58581 0.29729
vt 0.58544 0.29558
vt 0.5882 0.29661
vt 0.58679 0.29423
vt 0.58441 0.29284
vt 0.69183 0.29349
vt 0.69406 0.29364
vt 0.69394 0.29141
vt 0.69221 0.29177
vt 0.69326 0.28898
vt 0.69085 0.2904
vt 0.68944 0.29279
vt 0.53833 0.41777
vt 0.53625 0.41569
vt 0.53663 0.4174
vt 0.53387 0.4164
vt 0.53529 0.41876
vt 0.53766 0.42013
vt 0.73948 0.29129
vt 0.73933 0.29353
vt 0.74156 0.29338
vt 0.74118 0.29167
vt 0.74395 0.2927
vt 0.74253 0.29031
vt 0.74015 0.28893
vt 0.58585 0.41576
vt 0.58375 0.41783
vt 0.58547 0.41747
vt 0.58443 0.42025
vt 0.58682 0.41882
vt 0.5882 0.41645
vt 0.23234 0.35074
vt 0.47831 0.35074
vt 0.47831 0.64725
vt 0.23234 0.64725
vt 0.47831 0.64949
vt 0.23234 0.64949
vt 0.47831 0.52389
vt 0.23234 0.52389
vt 0.47831 0.47414
vt 0.23234 0.47414
usemtl mat4
f 1019/1019/1065 1020/1020/1066 1021/1021/1067
f 1021/1021/1067 1022/1022/1068 1019/1019/1065
f 1023/1023/1069 1024/1024/1070 1025/1025/1071
f 1025/1025/1071 1026/1026/1072 1023/1023/1069
f 1027/1027/1073 1028/1028/1074 1029/1029/1075
f 1029/1029/1075 1030/1030/1076 1027/1027/1073
f 1031/1031/1077 1032/1032/1078 1033/1033/1079
f 1033/1033/1079 1034/1034/1080 1031/1031/1077
f 1035/1035/1081 1036/1036/1082 1037/1037/1083
f 1037/1037/1083 1038/1038/1084 1035/1035/1081
f 1039/1039/1085 1040/1040/1086 1041/1041/1087
f 1041/1041/1087 1042/1042/1088 1039/1039/1085
f 1041/1041/1089 1043/1043/1065 1044/1044/1090
f 1044/1044/1090 1042/1042/1091 1041/1041/1089
f 1044/1044/1092 1045/1045/1078 1039/1039/1093
f 1039/1039/1093 1042/1042/1094 1044/1044/1092
f 1046/1046/1095 1047/1047/1068 1048/1048/1096
f 1048/1048/1096 1049/1049/1097 1046/1046/1095
f 1048/1048/1098 1030/1030/1076 1050/1050/1099
f 1050/1050/1099 1049/1049/1100 1048/1048/1098
f 1050/1050/1101 1051/1051/1079 1046/1046/1102
f 1046/1046/1102 1049/1049/1103 1050/1050/1101
f 1052/1052/1104 1053/1053/1105 1054/1054/1106
f 1054/1054/1106 1055/1055/1107 1052/1052/1104
f 1054/1054/1108 1056/1056/1077 1057/1057/1109
f 1057/1057/1109 1055/1055/1110 1054/1054/1108
f 1057/1057/1111 1058/1058/1082 1052/1052/1112
f 1052/1052/1112 1055/1055/1113 1057/1057/1111
f 1059/1059/1114 1029/1029/1075 1060/1060/1115
f 1060/1060/1115 1061/1061/1116 1059/1059/1114
f 1060/1060/1117 1062/1062/1083 1063/1063/1118
f 1063/1063/1118 1061/1061/1119 1060/1060/1117
f 1063/1063/1120 1064/1064/1080 1059/1059/1121
f 1059/1059/1121 1061/1061/1122 1063/1063/1120
f 1065/1065/1123 1066/1066/1124 1067/1067/1125
f 1067/1067/1125 1068/1068/1126 1065/1065/1123
f 1067/1067/1127 1069/1069/1069 1070/1070/1128
f 1070/1070/1128 1068/1068/1129 1067/1067/1127
f 1070/1070/1130 1071/1071/1066 1065/1065/1131
f 1065/1065/1131 1068/1068/1132 1070/1070/1130
f 1072/1072/1133 1027/1027/1073 1073/1073/1134
f 1073/1073/1134 1074/1074/1135 1072/1072/1133
f 1073/1073/1136 1075/1075/1067 1076/1076/1137
f 1076/1076/1137 1074/1074/1138 1073/1073/1136
f 1076/1076/1139 1077/1077/1072 1072/1072/1140
f 1072/1072/1140 1074/1074/1141 1076/1076/1139
f 1078/1078/1142 1079/1079/1143 1080/1080/1144
f 1080/1080/1144 1081/1081/1145 1078/1078/1142
f 1080/1080/1146 1082/1082/1081 1083/1083/1147
f 1083/1083/1147 1081/1081/1148 1080/1080/1146
f 1083/1083/1149 1084/1084/1070 1078/1078/1150
f 1078/1078/1150 1081/1081/1151 1083/1083/1149
f 1085/1085/1152 1028/1028/1074 1086/1086/1153
f 1086/1086/1153 1087/1087/1154 1085/1085/1152
f 1086/1086/1155 1088/1088/1071 1089/1089/1156
f 1089/1089/1156 1087/1087/1157 1086/1086/1155
f 1089/1089/1158 1090/1090/1084 1085/1085/1159
f 1085/1085/1159 1087/1087/1160 1089/1089/1158
f 1054/1054/1106 1053/1053/1105 1040/1040/1086
f 1040/1040/1086 1039/1039/1085 1054/1054/1106
f 1056/1056/1077 1054/1054/1108 1039/1039/1093
f 1039/1039/1093 1045/1045/1078 1056/1056/1077
f 1091/1091/1090 1019/1019/1065 1022/1022/1068
f 1022/1022/1068 1092/1092/1095 1091/1091/1090
f 1032/1032/1078 1091/1091/1092 1092/1092/1102
f 1092/1092/1102 1033/1033/1079 1032/1032/1078
f 1050/1050/1099 1030/1030/1076 1029/1029/1075
f 1029/1029/1075 1059/1059/1114 1050/1050/1099
f 1051/1051/1079 1050/1050/1101 1059/1059/1121
f 1059/1059/1121 1064/1064/1080 1051/1051/1079
f 1093/1093/1118 1037/1037/1083 1036/1036/1082
f 1036/1036/1082 1094/1094/1111 1093/1093/1118
f 1095/1095/1080 1093/1093/1120 1094/1094/1109
f 1094/1094/1109 1096/1096/1077 1095/1095/1080
f 1080/1080/1144 1079/1079/1143 1053/1053/1105
f 1053/1053/1105 1052/1052/1104 1080/1080/1144
f 1082/1082/1081 1080/1080/1146 1052/1052/1112
f 1052/1052/1112 1058/1058/1082 1082/1082/1081
f 1060/1060/1115 1029/1029/1075 1028/1028/1074
f 1028/1028/1074 1085/1085/1152 1060/1060/1115
f 1062/1062/1083 1060/1060/1117 1085/1085/1159
f 1085/1085/1159 1090/1090/1084 1062/1062/1083
f 1097/1097/1156 1025/1025/1071 1024/1024/1070
f 1024/1024/1070 1098/1098/1149 1097/1097/1156
f 1038/1038/1084 1097/1097/1158 1098/1098/1147
f 1098/1098/1147 1035/1035/1081 1038/1038/1084
f 1067/1067/1125 1066/1066/1124 1079/1079/1143
f 1079/1079/1143 1078/1078/1142 1067/1067/1125
f 1069/1069/1069 1067/1067/1127 1078/1078/1150
f 1078/1078/1150 1084/1084/1070 1069/1069/1069
f 1086/1086/1153 1028/1028/1074 1027/1027/1073
f 1027/1027/1073 1072/1072/1133 1086/1086/1153
f 1088/1088/1071 1086/1086/1155 1072/1072/1140
f 1072/1072/1140 1077/1077/1072 1088/1088/1071
f 1099/1099/1137 1021/1021/1067 1020/1020/1066
f 1020/1020/1066 1100/1100/1130 1099/1099/1137
f 1026/1026/1072 1099/1099/1139 1100/1100/1128
f 1100/1100/1128 1023/1023/1069 1026/1026/1072
f 1041/1041/1087 1040/1040/1086 1066/1066/1124
f 1066/1066/1124 1065/1065/1123 1041/1041/1087
f 1043/1043/1065 1041/1041/1089 1065/1065/1131
f 1065/1065/1131 1071/1071/1066 1043/1043/1065
f 1073/1073/1134 1027/1027/1073 1030/1030/1076
f 1030/1030/1076 1048/1048/1098 1073/1073/1134
f 1075/1075/1067 1073/1073/1136 1048/1048/1096
f 1048/1048/1096 1047/1047/1068 1075/1075/1067
f 1040/1040/1086 1053/1053/1105 1079/1079/1143
f 1079/1079/1143 1066/1066/1124 1040/1040/1086
# Vertices: 82, normals: 96, texture coordinates: 82, faces: 108

o obj15
v 126.57722354 91.71290219 19.07090438
v 206.06632352 91.71290219 19.07090438
v 202.08213449 91.71290689 59.52330423
v 133.0148232 91.7129053 45.78490448
v 127.00502992 91.71290837 72.21070421
v 190.28263211 91.71291142 98.42110169
v 100.56012988 91.71291403 120.91670525
v 118.57192636 91.7129115 99.15720713
v 171.12122893 91.71291559 134.26950467
v 145.33432841 91.71291924 165.69090379
v 52.0728302 91.71291717 147.88960707
v 78.59223008 91.71291609 138.61670983
v 113.9129293 91.71292224 191.47780431
v 78.06452632 91.71292447 210.63920748
v -54.12757277 91.71291702 146.64249909
v -80.63586831 91.71292447 210.63920748
v -116.48427129 91.71292224 191.47780431
v -79.69787002 91.71291584 136.42300856
v -147.9056704 91.71291924 165.69090379
v -100.70007324 91.71291375 118.48530662
v -173.69257092 91.71291559 134.26950467
v -118.01147342 91.71291126 97.06460726
v -192.8539741 91.71291142 98.42110169
v -130.58086514 91.71290842 72.62680423
v -204.65347648 91.71290689 59.52330423
v -137.82267451 91.71290535 46.22980547
v -133.45466733 91.71290219 19.07090438
v -208.63766551 91.71290219 19.07090438
v 217.22293019 97.79560395 19.70690367
v 214.161731 94.91169278 19.40540401
v 206.06632352 91.71290219 19.07090438
v 126.57722354 91.71290219 19.07090438
v 126.57722354 100.31740487 19.07090338
v 216.31074071 100.04970858 19.91070342
v -85.492872 97.79562732 220.70309342
v -84.04276848 94.91171587 217.99030756
v -80.63586831 91.71292447 210.63920748
v -54.12757277 91.71291702 146.64249909
v -54.12757277 100.3174197 146.64249809
v -85.3285718 100.05092392 219.78410874
v -151.22886777 87.03591004 169.01410169
v -151.22886777 -125.61628185 169.01412642
v -177.60016799 -125.61628559 136.88053525
v -177.60016799 87.03590631 136.88051052
v -197.19587445 -125.61628985 100.21963156
v -197.19587445 87.03590204 100.21960683
v -209.26287055 -125.61629447 60.4401294
v -209.26287055 87.03589742 60.44010467
v -213.33737254 -125.61629929 19.07092965
v -213.33737254 87.03589261 19.07090492
v 180.04422307 97.79561805 140.99650801
v 177.6664269 94.91170669 139.04509996
v 171.12122893 91.71291559 134.26950467
v 118.57192636 91.7129115 99.15720713
v 118.57192636 100.31741418 99.15720613
v 179.17683244 100.05172534 140.65419828
v 120.13162494 97.83021954 200.78469933
v 118.41533303 94.92001054 198.21610902
v 113.9129293 91.71292224 191.47780431
v 78.59223008 91.71291609 138.61670983
v 78.59223008 100.31741877 138.61670883
v 119.62692857 100.09042758 200.02940093
v 200.83332181 97.79561353 102.10300506
v 197.88973451 94.9118215 101.21010398
v 194.62453246 87.03590204 100.21960683
v 194.62453246 -125.61628985 100.21963156
v 202.85852075 -125.61628956 102.71732843
v 203.12023282 96.75842126 102.79670192
v -219.79427218 97.79560395 19.70690367
v -216.733073 94.91169278 19.40540401
v -213.33737254 87.03589261 19.07090492
v -213.33737254 -125.61629929 19.07092965
v -221.90036654 -125.61629919 19.91432969
v -222.17256904 96.75841163 19.94110376
v 212.16943383 100.08950548 61.52980421
v 216.31074071 100.04970858 19.91070342
v 126.57722354 100.31740487 19.07090338
v 133.0148232 100.31740797 45.78490348
v 127.00502992 100.31741105 72.21070321
v 200.0673306 100.05091017 101.56960283
v 179.17683244 100.05172534 140.65419828
v 118.57192636 100.31741418 99.15720613
v 100.56012988 100.31741671 120.91670425
v 152.60683417 100.09042443 172.96340857
v 119.62692857 100.09042758 200.02940093
v 78.59223008 100.31741877 138.61670883
v 52.0728302 100.31741985 147.88960607
v 82.75683045 100.05101929 219.78451406
v -122.19817519 100.09002227 200.02919827
v -85.3285718 100.05092392 219.78410874
v -54.12757277 100.3174197 146.64249809
v -79.69787002 100.31741851 136.42300756
v -155.17806888 100.09001912 172.96330128
v -100.70007324 100.31741643 118.48530562
v -182.24396586 100.08991992 139.9834076
v -118.01147342 100.31741394 97.06460626
v -202.3557651 100.08991554 102.3569027
v -130.58086514 100.3174111 72.62680323
v -214.74056125 100.08981543 61.52970288
v -137.82267451 100.31740803 46.22980447
v -133.45466733 100.31740487 19.07090338
v -218.8820827 100.05009005 19.90920343
v 206.69152856 87.03589742 60.44010467
v 206.69152856 -125.61629447 60.4401294
v 194.62453246 -125.61628985 100.21963156
v 194.62453246 87.03590204 100.21960683
v -119.09527659 87.03591311 195.38540191
v -119.09527659 -125.61627878 195.38542664
v -184.78916764 -125.61628503 141.68402589
v -157.34257579 -125.61628114 175.12783444
v -157.50707269 96.7988178 175.29230548
v -184.98257279 96.79881391 141.81319905
v -205.18386245 -125.61628946 103.52832711
v -205.39877295 96.79880947 103.6173029
v -217.74277568 -125.61629428 62.12692893
v -217.97087073 96.79880465 62.17230392
v -221.90036654 -125.61629919 19.91432969
v -222.17256904 96.75841163 19.94110376
v 148.65752578 87.03591004 169.01410169
v 148.65752578 -125.61628185 169.01412642
v 154.7712338 -125.61628114 175.12783444
v 154.9357307 96.7988178 175.29230548
v 153.24922919 97.83021638 173.60580385
v 151.06482625 94.92000742 171.42140125
v 82.92153001 97.79562732 220.70309342
v 81.47142649 94.91171587 217.99030756
v 79.86303091 87.03591539 214.98110838
v 79.86303091 -125.6162765 214.98113311
v 83.91912699 -125.61627562 222.56962693
v 84.04802799 96.75843522 222.81080915
v 127.00502992 100.31741105 72.21070321
v 127.00502992 91.71290837 72.21070421
v 190.28263211 91.71291142 98.42110169
v 200.0673306 100.05091017 101.56960283
v -133.45466733 100.31740487 19.07090338
v -133.45466733 91.71290219 19.07090438
v -208.63766551 91.71290219 19.07090438
v -218.8820827 100.05009005 19.90920343
v 118.57192636 100.31741418 99.15720613
v 118.57192636 91.7129115 99.15720713
v 100.56012988 91.71291403 120.91670525
v 100.56012988 100.31741671 120.91670425
v -82.4343729 87.03591539 214.98110838
v -82.4343729 -125.6162765 214.98113311
v -184.78916764 -125.61628503 141.68402589
v -177.60016799 -125.61628559 136.88053525
v -151.22886777 -125.61628185 169.01412642
v -157.34257579 -125.61628114 175.12783444
v 78.59223008 100.31741877 138.61670883
v 78.59223008 91.71291609 138.61670983
v 52.0728302 91.71291717 147.88960707
v 52.0728302 100.31741985 147.88960607
v 133.0148232 100.31740797 45.78490348
v 133.0148232 91.7129053 45.78490448
v 127.00502992 91.71290837 72.21070421
v 127.00502992 100.31741105 72.21070321
v 126.57722354 100.31740487 19.07090338
v 126.57722354 91.71290219 19.07090438
v 100.56012988 91.71291403 120.91670525
v 145.33432841 91.71291924 165.69090379
v 152.60683417 100.09042443 172.96340857
v 100.56012988 100.31741671 120.91670425
v 215.17152905 -125.61629428 62.12692893
v 219.32902455 -125.61629919 19.91432969
v 219.60122705 96.75841163 19.94110376
v 215.39962411 96.79880465 62.17230392
v -205.18386245 -125.61628946 103.52832711
v -197.19587445 -125.61628985 100.21963156
v 83.91912699 -125.61627562 222.56962693
v 79.86303091 -125.6162765 214.98113311
v 116.5239346 -125.61627878 195.38542664
v 121.32742524 -125.61627795 202.5744263
v 175.028826 87.03590631 136.88051052
v 175.028826 -125.61628559 136.88053525
v 148.65752578 -125.61628185 169.01412642
v 148.65752578 87.03591004 169.01410169
v 215.17152905 -125.61629428 62.12692893
v 206.69152856 -125.61629447 60.4401294
v 210.76603055 -125.61629929 19.07092965
v 219.32902455 -125.61629919 19.91432969
v -118.01147342 100.31741394 97.06460626
v -118.01147342 91.71291126 97.06460726
v -130.58086514 91.71290842 72.62680423
v -130.58086514 100.3174111 72.62680323
v -54.12757277 100.3174197 146.64249809
v -54.12757277 91.71291702 146.64249909
v -79.69787002 91.71291584 136.42300856
v -79.69787002 100.31741851 136.42300756
v -86.49046898 -125.61627562 222.56962693
v -82.4343729 -125.6162765 214.98113311
v -82.4343729 87.03591539 214.98110838
v -86.61936998 96.75843522 222.81080915
v -123.89876723 -125.61627795 202.5744263
v -124.02796626 96.798821 202.76780558
v -217.74277568 -125.61629428 62.12692893
v -209.26287055 -125.61629447 60.4401294
v -137.82267451 91.71290535 46.22980547
v -137.82267451 100.31740803 46.22980447
v -86.49046898 -125.61627562 222.56962693
v -86.61936998 96.75843522 222.81080915
v 202.85852075 -125.61628956 102.71732843
v 194.62453246 -125.61628985 100.21963156
v -133.45466733 91.71290219 19.07090438
v -133.45466733 100.31740487 19.07090338
v -123.89876723 -125.61627795 202.5744263
v -119.09527659 -125.61627878 195.38542664
v -82.4343729 -125.6162765 214.98113311
v -86.49046898 -125.61627562 222.56962693
v -100.70007324 91.71291375 118.48530662
v -100.70007324 100.31741643 118.48530562
v 181.68022752 -125.61628495 142.33912862
v 175.028826 -125.61628559 136.88053525
v 175.028826 87.03590631 136.88051052
v 181.89163327 96.75842588 142.51259996
v -221.90036654 -125.61629919 19.91432969
v -213.33737254 -125.61629929 19.07092965
v 154.7712338 -125.61628114 175.12783444
v 181.68022752 -125.61628495 142.33912862
v 181.89163327 96.75842588 142.51259996
v 154.9357307 96.7988178 175.29230548
v 154.7712338 -125.61628114 175.12783444
v 148.65752578 -125.61628185 169.01412642
v 175.028826 -125.61628559 136.88053525
v 181.68022752 -125.61628495 142.33912862
v 202.85852075 -125.61628956 102.71732843
v 203.12023282 96.75842126 102.79670192
v 52.0728302 100.31741985 147.88960607
v 52.0728302 91.71291717 147.88960707
v 78.06452632 91.71292447 210.63920748
v 82.75683045 100.05101929 219.78451406
v 83.91912699 -125.61627562 222.56962693
v 121.32742524 -125.61627795 202.5744263
v 121.45673156 96.798821 202.76780558
v 84.04802799 96.75843522 222.81080915
v 116.5239346 87.03591311 195.38540191
v 116.5239346 -125.61627878 195.38542664
v 79.86303091 -125.6162765 214.98113311
v 79.86303091 87.03591539 214.98110838
v 121.32742524 -125.61627795 202.5744263
v 116.5239346 -125.61627878 195.38542664
v 116.5239346 87.03591311 195.38540191
v 121.45673156 96.798821 202.76780558
v 218.63913655 99.08160995 19.93230351
v 219.60122705 96.75841163 19.94110376
v 202.22773671 99.08200101 102.4378042
v 181.09772325 99.08222018 141.96939872
v 154.25462842 99.12211141 174.61120293
v 120.92152953 99.12211459 201.9668977
v 83.67062926 99.08201491 221.92589448
v -86.24207258 99.08201491 221.92579911
v -221.21047854 99.08180068 19.93190351
v 214.45481896 99.12190758 61.98440299
v 218.63913655 99.08160995 19.93230351
v 202.22773671 99.08200101 102.4378042
v 154.25462842 99.12211141 174.61120293
v 181.09772325 99.08222018 141.96939872
v 83.67062926 99.08201491 221.92589448
v 120.92152953 99.12211459 201.9668977
v -123.49287152 99.12201922 201.9668977
v -86.24207258 99.08201491 221.92579911
v -156.82587504 99.12201604 174.61110756
v -184.18156981 99.1219168 141.27810404
v -204.50878024 99.12191237 103.24870155
v -217.02616096 99.12190758 61.98440299
v -221.21047854 99.08180068 19.93190351
v 210.76603055 87.03589261 19.07090492
v 210.76603055 -125.61629929 19.07092965
v 210.76603055 87.03589261 19.07090492
v 210.13643861 89.3743974 19.07090465
v 208.41622472 91.08629048 19.07090445
v 192.45352864 91.08629981 99.3203034
v 194.04282689 89.37440681 99.97860709
v 174.50533032 89.37441106 136.53070251
v 173.07503343 91.08630403 135.57500143
v 146.9959271 91.08630772 167.35250254
v 148.21232677 89.37441478 168.56890241
v 116.17412686 89.37441784 194.86190597
v 115.21842599 91.08631076 193.43160887
v 78.96372795 91.08631301 212.81010409
v 79.62203145 89.37442011 214.39940253
v -82.19337344 89.37442011 214.39940253
v -81.53506994 91.08631301 212.81010409
v -210.98747134 91.08629048 19.07090445
v -212.7077806 89.3743974 19.07090465
v 204.38683152 91.08629524 59.98170574
v 208.41622472 91.08629048 19.07090445
v 206.07392907 89.37440219 60.31730393
v 210.13643861 89.3743974 19.07090465
v 192.45352864 91.08629981 99.3203034
v 194.04282689 89.37440681 99.97860709
v 146.9959271 91.08630772 167.35250254
v 173.07503343 91.08630403 135.57500143
v 148.21232677 89.37441478 168.56890241
v 174.50533032 89.37441106 136.53070251
v 78.96372795 91.08631301 212.81010409
v 115.21842599 91.08631076 193.43160887
v 79.62203145 89.37442011 214.39940253
v 116.17412686 89.37441784 194.86190597
v -117.78976798 91.08631076 193.43160887
v -81.53506994 91.08631301 212.81010409
v -118.74546885 89.37441784 194.86190597
v -82.19337344 89.37442011 214.39940253
v -149.56726909 91.08630772 167.35250254
v -150.78357339 89.37441478 168.56890241
v -175.64637542 91.08630403 135.57500143
v -177.07667232 89.37441106 136.53070251
v -195.02487063 91.08629981 99.32040472
v -196.61416888 89.37440681 99.97860709
v -206.95817351 91.08629524 59.98170574
v -208.64527106 89.37440219 60.31730393
v -210.98747134 91.08629048 19.07090445
v -212.7077806 89.3743974 19.07090465
v 219.32902455 -125.61629919 19.91432969
v 210.76603055 -125.61629929 19.07092965
vn 0 -0 -1
vn -0.13788 0.01358 -0.99036
vn -0.13525 0.0269 -0.99045
vn -0.13258 0.04022 -0.99036
vn -0.1071 0.0879 -0.99036
vn -0.06531 0.12219 -0.99036
vn -0.06531 0.12219 -0.99036
vn 0.06531 0.12219 -0.99036
vn 0.07661 0.11466 -0.99045
vn 0.09751 0.09751 -0.99045
vn 0.11466 0.07661 -0.99045
vn 0.1274 0.05277 -0.99045
vn 0.13525 0.0269 -0.99045
vn 0.13789 0.01358 -0.99036
vn 0.06468 0.9969 0.04477
vn 0.04957 0.99844 0.02576
vn 0.00719 0.99869 0.05065
vn 0.00501 0.99884 0.04796
vn 0.01977 0.99758 0.06664
vn 0.89617 -0.44151 0.04424
vn 0.90335 -0.42814 0.02557
vn 0.91973 -0.38932 0.05029
vn 0.92065 -0.38748 0.04752
vn 0.91387 -0.40062 0.06589
vn 0.7011 0.7011 -0.13008
vn 0.70711 0.70711 -0
vn 0.83147 0.55557 0
vn 0.82441 0.55085 -0.13008
vn 0.92388 0.38268 0
vn 0.91603 0.37943 -0.13007
vn 0.98079 0.19509 0
vn 0.97245 0.19343 -0.13007
vn 0.99518 0.09802 -0
vn 0.98681 0.09719 -0.12946
vn 0.60802 0.79271 0.04385
vn 0.59632 0.80234 0.02543
vn 0.5616 0.82589 0.05003
vn 0.56005 0.82711 0.0472
vn 0.57161 0.81792 0.06535
vn 0.83147 0.55557 0
vn 0.83147 0.55557 -0
vn 0.83147 0.55557 0
vn 0.83147 0.55557 0
vn -0.32147 -0.94589 0.04419
vn -0.336 -0.94152 0.02555
vn -0.29737 -0.95476 0.00321
vn -0.29028 -0.95694 -0
vn -0.28511 -0.95841 0.01238
vn -0.06479 0.9969 0.04457
vn -0.04968 0.99843 0.02569
vn -0.09064 0.99588 0.00321
vn -0.09802 0.99518 -0
vn -0.10341 0.99456 0.0125
vn 0.20449 -0.04056 0.97803
vn 0.20764 -0.01971 0.97801
vn 0.003 0.00068 1
vn 0.00293 -0.00022 1
vn 0.00285 -0.00136 1
vn 0.19948 -0.06101 0.978
vn 0.16168 -0.13202 0.97797
vn 0.00295 -0.00172 0.99999
vn 0.16251 -0.1327 0.97774
vn 0.09831 -0.18524 0.97776
vn 0.00086 -0.00324 0.99999
vn 0.09784 -0.18437 0.97798
vn -0.11566 -0.17362 0.978
vn -0.09783 -0.1843 0.97799
vn -0.00088 -0.00314 0.99999
vn -0.00138 -0.00272 1
vn -0.14753 -0.14752 0.978
vn -0.0021 -0.00208 1
vn -0.17346 -0.1159 0.978
vn -0.00245 -0.00162 1
vn -0.19273 -0.07982 0.978
vn -0.00271 -0.00109 1
vn -0.20459 -0.04034 0.97802
vn -0.00297 -6E-05 1
vn -0.00311 0.00059 0.99999
vn -0.20767 -0.01976 0.978
vn -0.97245 0.19343 -0.13007
vn -0.98079 0.19509 0
vn -0.95694 0.29029 -0
vn -0.94889 0.28784 -0.12946
vn 0.55085 0.82441 -0.13007
vn 0.55557 0.83147 0
vn -0.83147 -0.55557 -0.00105
vn -0.70711 -0.70711 -0.00105
vn -0.69389 -0.69389 0.19247
vn -0.81592 -0.54518 0.19247
vn -0.92388 -0.38268 -0.00105
vn -0.90661 -0.37553 0.19247
vn -0.98074 -0.19533 -0.00109
vn -0.96239 -0.1917 0.1925
vn -0.99514 -0.09851 -0.00114
vn -0.9767 -0.09674 0.19159
vn -0.70711 -0.70711 0
vn -0.70711 -0.70711 -0
vn -0.70711 -0.70711 -0
vn -0.70711 -0.70711 0
vn -0.89615 -0.44154 0.04415
vn -0.90333 -0.42818 0.02554
vn -0.88539 -0.46484 0.00321
vn -0.88192 -0.4714 -0
vn -0.87931 -0.47609 0.01238
vn -0.37696 -0.92501 0.04748
vn -0.37501 -0.92566 0.05026
vn -0.36288 -0.92951 0.06583
vn -0.00527 0.99884 0.04779
vn -0.0074 0.9987 0.05051
vn -0.02001 0.9976 0.06635
vn -0.77032 0.63765 0
vn 0.46743 0.8745 -0.12946
vn 0.4714 0.88192 0
vn -0.33007 0.94396 0
vn -0.99998 -0.00643 -0
vn -0.9751 0.22176 -0
vn -0.97217 -0.23428 0
vn -0.70711 -0.70711 0
vn -0.70711 -0.70711 -0
vn -0.70711 -0.70711 0
vn 0.98078 -0.19509 -0.00114
vn 0.99514 -0.09851 -0.00114
vn 0.9767 -0.09673 0.19157
vn 0.96244 -0.19144 0.19251
vn -0.76651 0.62905 -0.12946
vn -0.77301 0.63439 0
vn 0.8379 0.54583 0
vn 0.93182 0.36293 -0
vn 0.37112 0.92859 -0
vn 0.51717 0.85588 0
vn 0.88192 -0.4714 -0
vn 0.88539 -0.46484 0.00321
vn 0.8793 -0.4761 0.0124
vn -0.55578 -0.83133 -0.00109
vn -0.5454 -0.81577 0.19249
vn 0.99853 0.05412 0
vn -0.47183 -0.88169 -0.00113
vn -0.46314 -0.86533 0.19159
vn 0.98731 -0.15879 0
vn 0.71665 0.69744 0
vn 0.63439 0.77301 0
vn 0.62864 0.77769 0.00321
vn 0.63845 0.76956 0.01228
vn 0.7727 -0.63478 -0.00114
vn 0.75835 -0.62306 0.19159
vn 0.75835 -0.62305 0.1916
vn 0.95708 -0.28981 -0.00114
vn 0.93937 -0.28439 0.19159
vn -0.92062 -0.38758 0.04745
vn -0.9197 -0.38939 0.05024
vn -0.91384 -0.40071 0.06578
vn 0.47183 -0.88169 -0.00113
vn 0.46314 -0.86533 0.19161
vn 0.46314 -0.86533 0.19158
vn -0.46743 0.8745 -0.12946
vn -0.4714 0.88192 0
vn 0.83147 0.55557 -0
vn 0.08794 0.99312 0.0773
vn 0.10344 0.99456 0.01257
vn -0.29871 -0.9513 0.07618
vn 0.62511 0.77687 0.07554
vn -0.70711 -0.70711 0
vn 0.83147 0.55557 0
vn -0.88389 -0.46147 0.07611
vn 0.88388 -0.46144 0.07628
vn -0.08799 0.99315 0.0769
vn 0.90603 -0.18022 0.38294
vn 0.91991 -0.09116 0.38139
vn 0.37622 -0.07483 0.9235
vn 0.38333 -0.03726 0.92286
vn 0.88478 -0.26781 0.38137
vn 0.36857 -0.1123 0.92279
vn 0.71425 -0.58689 0.38133
vn 0.29829 -0.24419 0.92271
vn 0.43627 -0.81502 0.38134
vn 0.18125 -0.34012 0.92275
vn -0.51347 -0.7679 0.38298
vn -0.43626 -0.815 0.38138
vn -0.21292 -0.31914 0.92348
vn -0.18122 -0.34005 0.92278
vn -0.65318 -0.65318 0.38303
vn -0.27124 -0.27124 0.9235
vn -0.76806 -0.5132 0.38304
vn -0.31894 -0.21311 0.9235
vn -0.85342 -0.3535 0.38304
vn -0.35438 -0.14679 0.92351
vn -0.90594 -0.18052 0.38299
vn -0.37626 -0.07457 0.92351
vn -0.91991 -0.09116 0.3814
vn -0.3834 -0.03727 0.92283
vn -0.98681 0.09719 -0.12945
vn -0.99518 0.09802 -0
vn 0.09064 0.99588 0.00321
vn 0.05059 0.99844 0.02353
vn 0.02343 0.99837 0.05209
vn -0.36041 -0.93134 0.05209
vn -0.33535 -0.9418 0.02353
vn 0.59677 0.80207 0.02352
vn 0.57415 0.81709 0.05209
vn -0.70711 -0.70711 -0
vn -0.70711 -0.7071 0
vn 0.83148 0.55556 -0
vn 0.83147 0.55556 -1E-05
vn -0.91341 -0.4037 0.05209
vn -0.90308 -0.42883 0.02353
vn 0.90308 -0.42883 0.02353
vn 0.91341 -0.4037 0.05209
vn -0.02343 0.99837 0.05209
vn -0.05059 0.99844 0.02353
vn -0.50056 0.09957 -0.85996
vn -0.50972 0.0502 -0.85887
vn -0.69184 0.13762 -0.70881
vn -0.7037 0.06931 -0.70711
vn -0.94706 0.18838 -0.25998
vn -0.96128 0.09468 -0.25881
vn -0.49013 0.14868 -0.85887
vn -0.67666 0.20526 -0.70711
vn -0.92433 0.28039 -0.25882
vn -0.20007 0.16419 -0.96593
vn -0.6726 0.55199 -0.49287
vn -0.5466 0.44858 -0.7071
vn -0.6726 0.55199 -0.49287
vn -0.24144 0.45171 -0.85887
vn -0.33333 0.62361 -0.70711
vn -0.45533 0.85187 -0.25882
vn 0.28354 0.42435 -0.85996
vn 0.24144 0.45171 -0.85887
vn 0.48283 0.72262 -0.49467
vn 0.33332 0.62361 -0.70711
vn 0.45533 0.85187 -0.25881
vn 0.36088 0.36088 -0.85996
vn 0.61453 0.61453 -0.49467
vn 0.42435 0.28354 -0.85996
vn 0.72261 0.48284 -0.49467
vn 0.47152 0.19531 -0.85996
vn 0.6517 0.26994 -0.70881
vn 0.89211 0.36952 -0.25998
vn 0.50056 0.09957 -0.85996
vn 0.69184 0.13762 -0.70881
vn 0.94706 0.18838 -0.25998
vn 0.50972 0.0502 -0.85887
vn 0.7037 0.06931 -0.70711
vn 0.96128 0.09468 -0.25882
vn 0.09802 0.99518 -0
vt 0.43213 0.60768
vt 0.45119 0.50541
vt 0.39891 0.50244
vt 0.3993 0.59299
vt 0.36392 0.594
vt 0.34682 0.50573
vt 0.95178 0.99965
vt 0.98827 0.9995
vt 0.99628 0.91825
vt 0.94376 0.91825
vt 0.98331 0.21727
vt 0.94744 0.22285
vt 0.9394 0.30458
vt 0.99191 0.30458
vt 0.40433 0.60838
vt 0.36495 0.69935
vt 0.41684 0.71235
vt 0.4403 0.62449
vt 0.46705 0.71986
vt 0.47901 0.63162
vt 0.51627 0.7229
vt 0.51804 0.63498
vt 0.56532 0.72172
vt 0.55689 0.63397
vt 0.61506 0.71608
vt 0.59477 0.62801
vt 0.62746 0.60838
vt 0.66623 0.70512
vt 0.57013 0.60418
vt 0.56616 0.60045
vt 0.5557 0.59632
vt 0.45301 0.59657
vt 0.45304 0.60768
vt 0.56896 0.60711
vt 0.21961 0.58081
vt 0.21564 0.57708
vt 0.20518 0.57295
vt 0.11569 0.57316
vt 0.11572 0.58428
vt 0.21844 0.58374
vt 0.46613 0.72878
vt 0.45454 0.99664
vt 0.50989 0.99875
vt 0.51611 0.7317
vt 0.56533 0.99965
vt 0.56591 0.73058
vt 0.62089 0.99937
vt 0.61652 0.72509
vt 0.67658 0.99817
vt 0.66877 0.71428
vt 0.88386 0.99621
vt 0.87989 0.99248
vt 0.86943 0.98835
vt 0.78778 0.98854
vt 0.78781 0.99965
vt 0.88269 0.99914
vt 0.67051 0.60457
vt 0.66652 0.60081
vt 0.65606 0.59666
vt 0.57393 0.59657
vt 0.57392 0.60768
vt 0.66933 0.60749
vt 0.32631 0.29566
vt 0.32234 0.29939
vt 0.31795 0.30956
vt 0.31828 0.58428
vt 0.3294 0.58426
vt 0.3294 0.29699
vt 0.1119 0.29566
vt 0.10794 0.29939
vt 0.10354 0.30956
vt 0.10388 0.58428
vt 0.115 0.58426
vt 0.115 0.29699
vt 0.73241 0.70832
vt 0.78633 0.70526
vt 0.76547 0.58938
vt 0.7326 0.60421
vt 0.69712 0.60326
vt 0.67857 0.70519
vt 0.9421 0.70588
vt 0.93387 0.61136
vt 0.89738 0.6112
vt 0.88806 0.70583
vt 0.88369 0.48814
vt 0.89304 0.58309
vt 0.9289 0.58868
vt 0.93773 0.48808
vt 0.26897 0.70292
vt 0.32257 0.68941
vt 0.27626 0.58497
vt 0.24047 0.60184
vt 0.21649 0.71086
vt 0.20195 0.60942
vt 0.16526 0.71414
vt 0.16311 0.61296
vt 0.11427 0.71299
vt 0.12437 0.61181
vt 0.06202 0.7072
vt 0.08643 0.60543
vt 0.05363 0.58497
vt 0.00818 0.69611
vt 0.39889 0.49313
vt 0.39844 0.22039
vt 0.34421 0.22054
vt 0.34564 0.49636
vt 0.41504 0.72146
vt 0.39922 0.99356
vt 0.17228 0.99868
vt 0.22989 0.99644
vt 0.21715 0.71705
vt 0.16538 0.72019
vt 0.11457 0.99965
vt 0.11387 0.71911
vt 0.05673 0.99937
vt 0.06103 0.71354
vt 0.00035 0.99821
vt 0.00646 0.70261
vt 0.87112 0.31397
vt 0.87141 0.58868
vt 0.88258 0.58867
vt 0.88258 0.30134
vt 0.8795 0.30001
vt 0.87551 0.30378
vt 0.77945 0.30006
vt 0.77548 0.30379
vt 0.77109 0.31397
vt 0.77142 0.58868
vt 0.78254 0.58867
vt 0.78254 0.30139
vt 0.22342 0.29219
vt 0.2234 0.30331
vt 0.31187 0.30351
vt 0.32514 0.29272
vt 0.00037 0.29216
vt 0.00035 0.30328
vt 0.09747 0.30351
vt 0.11074 0.29273
vt 0.45301 0.31486
vt 0.46413 0.31486
vt 0.46413 0.27837
vt 0.45301 0.27837
vt 0.36204 0.70865
vt 0.34421 0.99008
vt 0.57392 0.15778
vt 0.58509 0.15778
vt 0.59035 0.10434
vt 0.5794 0.10216
vt 0.47594 0.27857
vt 0.46482 0.27857
vt 0.46482 0.31486
vt 0.47594 0.31486
vt 0.34121 0.33534
vt 0.3301 0.33534
vt 0.3301 0.37035
vt 0.34121 0.37035
vt 0.34121 0.29984
vt 0.3301 0.29984
vt 0.78325 0.30802
vt 0.86505 0.30793
vt 0.87832 0.2971
vt 0.78324 0.2969
vt 0.73218 0.99965
vt 0.78709 0.99965
vt 0.78709 0.71179
vt 0.7324 0.71479
vt 0.5794 0.2134
vt 0.59035 0.21122
vt 0.66248 0.31521
vt 0.67359 0.31521
vt 0.67359 0.26151
vt 0.66248 0.26041
vt 0.99687 0.90886
vt 0.99687 0.63415
vt 0.94317 0.63415
vt 0.94317 0.90886
vt 0.63195 0.26068
vt 0.64312 0.26068
vt 0.64838 0.20724
vt 0.63732 0.20615
vt 0.3301 0.47745
vt 0.34121 0.47745
vt 0.34121 0.44194
vt 0.3301 0.44194
vt 0.3301 0.58428
vt 0.34121 0.58428
vt 0.34121 0.5487
vt 0.3301 0.5487
vt 0.2227 0.2922
vt 0.21159 0.29219
vt 0.21125 0.5669
vt 0.2227 0.57948
vt 0.2875 0.99317
vt 0.27023 0.70923
vt 0.59562 0.26688
vt 0.60594 0.26261
vt 0.34121 0.40658
vt 0.3301 0.40658
vt 0.34351 0.98956
vt 0.32458 0.69588
vt 0.63732 0.31521
vt 0.64838 0.31412
vt 0.34121 0.37105
vt 0.3301 0.37105
vt 0.59562 0.04867
vt 0.60594 0.05295
vt 0.63125 0.00559
vt 0.62145 0.00035
vt 0.34121 0.51302
vt 0.3301 0.51302
vt 0.88695 0.7076
vt 0.87584 0.70758
vt 0.8755 0.9823
vt 0.88695 0.99487
vt 0.62145 0.31521
vt 0.63125 0.30997
vt 0.88768 0.99965
vt 0.94247 0.99965
vt 0.94247 0.71238
vt 0.88765 0.71233
vt 0.64908 0.31521
vt 0.66019 0.31412
vt 0.66019 0.26041
vt 0.64908 0.26041
vt 0.67728 0.99955
vt 0.67781 0.71171
vt 0.6773 0.29659
vt 0.67728 0.30771
vt 0.76502 0.30791
vt 0.77828 0.29713
vt 0.9381 0.19432
vt 0.88331 0.19432
vt 0.88328 0.48164
vt 0.9381 0.48159
vt 0.9388 0.31397
vt 0.9388 0.58868
vt 0.9925 0.58868
vt 0.9925 0.31397
vt 0.67359 0.31592
vt 0.66242 0.31591
vt 0.66214 0.59062
vt 0.67359 0.60324
vt 0.57197 0.60585
vt 0.57322 0.60285
vt 0.32815 0.29398
vt 0.8857 0.99788
vt 0.88133 0.29834
vt 0.67235 0.60624
vt 0.78129 0.29839
vt 0.22145 0.58248
vt 0.11375 0.29398
vt 0.73241 0.71156
vt 0.78679 0.7085
vt 0.67811 0.70843
vt 0.88777 0.70908
vt 0.94236 0.70913
vt 0.93799 0.48484
vt 0.8834 0.48489
vt 0.26961 0.70607
vt 0.32365 0.6926
vt 0.21682 0.71396
vt 0.16532 0.71715
vt 0.11406 0.71605
vt 0.06152 0.71037
vt 0.00724 0.69932
vt 0.45232 0.49599
vt 0.45232 0.22039
vt 0.56177 0.59027
vt 0.56095 0.59329
vt 0.55873 0.59551
vt 0.31491 0.30433
vt 0.31713 0.30654
vt 0.87468 0.98532
vt 0.87246 0.98753
vt 0.86808 0.30874
vt 0.87031 0.31095
vt 0.66132 0.59364
vt 0.65909 0.59585
vt 0.76805 0.30873
vt 0.77027 0.31094
vt 0.21043 0.56992
vt 0.20821 0.57214
vt 0.10051 0.30433
vt 0.10273 0.30654
vt 0.39891 0.49933
vt 0.45167 0.50228
vt 0.3989 0.49624
vt 0.45206 0.49913
vt 0.34632 0.50261
vt 0.34591 0.49949
vt 0.94347 0.91512
vt 0.99657 0.91512
vt 0.94325 0.91199
vt 0.99679 0.91199
vt 0.9922 0.30771
vt 0.9391 0.30771
vt 0.99242 0.31084
vt 0.93888 0.31084
vt 0.41623 0.71538
vt 0.36388 0.70241
vt 0.41563 0.71843
vt 0.36288 0.70552
vt 0.46674 0.72284
vt 0.46643 0.72581
vt 0.51622 0.72584
vt 0.51617 0.72876
vt 0.56552 0.72467
vt 0.56572 0.72763
vt 0.61556 0.71908
vt 0.61604 0.72208
vt 0.66717 0.70813
vt 0.66804 0.71118
vt 0.57322 0.31557
vt 0.56211 0.31556
usemtl mat3
f 1101/1101/1161 1102/1102/1162 1103/1103/1163
f 1103/1103/1163 1104/1104/1161 1101/1101/1161
f 1105/1105/1161 1104/1104/1161 1103/1103/1163
f 1103/1103/1163 1106/1106/1164 1105/1105/1161
f 1107/1107/1161 1108/1108/1161 1109/1109/1165
f 1109/1109/1165 1110/1110/1165 1107/1107/1161
f 1111/1111/1161 1112/1112/1161 1113/1113/1166
f 1113/1113/1166 1114/1114/1167 1111/1111/1161
f 1115/1115/1161 1116/1116/1168 1117/1117/1169
f 1117/1117/1169 1118/1118/1161 1115/1115/1161
f 1118/1118/1161 1117/1117/1169 1119/1119/1170
f 1119/1119/1170 1120/1120/1161 1118/1118/1161
f 1120/1120/1161 1119/1119/1170 1121/1121/1171
f 1121/1121/1171 1122/1122/1161 1120/1120/1161
f 1122/1122/1161 1121/1121/1171 1123/1123/1172
f 1123/1123/1172 1124/1124/1161 1122/1122/1161
f 1124/1124/1161 1123/1123/1172 1125/1125/1173
f 1125/1125/1173 1126/1126/1161 1124/1124/1161
f 1127/1127/1161 1126/1126/1161 1125/1125/1173
f 1125/1125/1173 1128/1128/1174 1127/1127/1161
f 1129/1129/1175 1130/1130/1176 1131/1131/1177
f 1129/1129/1175 1131/1131/1177 1132/1132/1178
f 1129/1129/1175 1132/1132/1178 1133/1133/1178
f 1133/1133/1178 1134/1134/1179 1129/1129/1175
f 1135/1135/1180 1136/1136/1181 1137/1137/1182
f 1135/1135/1180 1137/1137/1182 1138/1138/1183
f 1135/1135/1180 1138/1138/1183 1139/1139/1183
f 1139/1139/1183 1140/1140/1184 1135/1135/1180
f 1141/1141/1185 1142/1142/1186 1143/1143/1187
f 1143/1143/1187 1144/1144/1188 1141/1141/1185
f 1144/1144/1188 1143/1143/1187 1145/1145/1189
f 1145/1145/1189 1146/1146/1190 1144/1144/1188
f 1146/1146/1190 1145/1145/1189 1147/1147/1191
f 1147/1147/1191 1148/1148/1192 1146/1146/1190
f 1148/1148/1192 1147/1147/1191 1149/1149/1193
f 1149/1149/1193 1150/1150/1194 1148/1148/1192
f 1151/1151/1195 1152/1152/1196 1153/1153/1197
f 1151/1151/1195 1153/1153/1197 1154/1154/1198
f 1151/1151/1195 1154/1154/1198 1155/1155/1198
f 1155/1155/1198 1156/1156/1199 1151/1151/1195
f 1157/1157/1200 1158/1158/1187 1159/1159/1201
f 1157/1157/1200 1159/1159/1201 1160/1160/1202
f 1157/1157/1200 1160/1160/1202 1161/1161/1202
f 1161/1161/1202 1162/1162/1203 1157/1157/1200
f 1163/1163/1204 1164/1164/1205 1165/1165/1206
f 1163/1163/1204 1165/1165/1206 1166/1166/1207
f 1163/1163/1204 1166/1166/1207 1167/1167/1207
f 1167/1167/1207 1168/1168/1208 1163/1163/1204
f 1169/1169/1209 1170/1170/1210 1171/1171/1211
f 1169/1169/1209 1171/1171/1211 1172/1172/1212
f 1169/1169/1209 1172/1172/1212 1173/1173/1212
f 1173/1173/1212 1174/1174/1213 1169/1169/1209
f 1175/1175/1214 1176/1176/1215 1177/1177/1216
f 1177/1177/1216 1178/1178/1217 1175/1175/1214
f 1175/1175/1214 1178/1178/1217 1179/1179/1218
f 1179/1179/1218 1180/1180/1219 1175/1175/1214
f 1181/1181/1220 1182/1182/1221 1183/1183/1221
f 1183/1183/1221 1184/1184/1222 1181/1181/1220
f 1185/1185/1223 1186/1186/1224 1187/1187/1224
f 1187/1187/1224 1188/1188/1225 1185/1185/1223
f 1189/1189/1226 1190/1190/1227 1191/1191/1228
f 1191/1191/1228 1192/1192/1229 1189/1189/1226
f 1193/1193/1230 1189/1189/1226 1192/1192/1229
f 1192/1192/1229 1194/1194/1231 1193/1193/1230
f 1195/1195/1232 1193/1193/1230 1194/1194/1231
f 1194/1194/1231 1196/1196/1233 1195/1195/1232
f 1197/1197/1234 1195/1195/1232 1196/1196/1233
f 1196/1196/1233 1198/1198/1235 1197/1197/1234
f 1199/1199/1236 1197/1197/1234 1198/1198/1235
f 1198/1198/1235 1200/1200/1237 1199/1199/1236
f 1199/1199/1236 1200/1200/1237 1201/1201/1238
f 1201/1201/1238 1202/1202/1239 1199/1199/1236
f 1203/1203/1240 1204/1204/1241 1205/1205/1242
f 1205/1205/1242 1206/1206/1243 1203/1203/1240
f 1207/1207/1244 1208/1208/1245 1142/1142/1186
f 1142/1142/1186 1141/1141/1185 1207/1207/1244
f 1209/1209/1246 1210/1210/1247 1211/1211/1248
f 1211/1211/1248 1212/1212/1249 1209/1209/1246
f 1213/1213/1250 1209/1209/1246 1212/1212/1249
f 1212/1212/1249 1214/1214/1251 1213/1213/1250
f 1215/1215/1252 1213/1213/1250 1214/1214/1251
f 1214/1214/1251 1216/1216/1253 1215/1215/1252
f 1217/1217/1254 1215/1215/1252 1216/1216/1253
f 1216/1216/1253 1218/1218/1255 1217/1217/1254
f 1219/1219/1256 1220/1220/1257 1221/1221/1257
f 1219/1219/1256 1221/1221/1257 1222/1222/1258
f 1219/1219/1256 1222/1222/1258 1223/1223/1259
f 1223/1223/1259 1224/1224/1257 1219/1219/1256
f 1225/1225/1260 1226/1226/1261 1227/1227/1262
f 1225/1225/1260 1227/1227/1262 1228/1228/1263
f 1225/1225/1260 1228/1228/1263 1229/1229/1263
f 1229/1229/1263 1230/1230/1264 1225/1225/1260
f 1231/1231/1265 1232/1232/1265 1233/1233/1266
f 1231/1231/1265 1233/1233/1266 1164/1164/1205
f 1231/1231/1265 1164/1164/1205 1163/1163/1204
f 1163/1163/1204 1234/1234/1267 1231/1231/1265
f 1235/1235/1268 1236/1236/1268 1237/1237/1269
f 1235/1235/1268 1237/1237/1269 1170/1170/1210
f 1235/1235/1268 1170/1170/1210 1169/1169/1209
f 1169/1169/1209 1238/1238/1270 1235/1235/1268
f 1239/1239/1271 1240/1240/1271 1241/1241/1271
f 1241/1241/1271 1242/1242/1271 1239/1239/1271
f 1243/1243/1272 1244/1244/1273 1208/1208/1245
f 1208/1208/1245 1207/1207/1244 1243/1243/1272
f 1245/1245/1161 1246/1246/1161 1247/1247/1161
f 1247/1247/1161 1248/1248/1161 1245/1245/1161
f 1249/1249/1274 1250/1250/1274 1251/1251/1274
f 1251/1251/1274 1252/1252/1274 1249/1249/1274
f 1253/1253/1275 1254/1254/1275 1255/1255/1276
f 1255/1255/1276 1256/1256/1276 1253/1253/1275
f 1257/1257/1277 1258/1258/1277 1254/1254/1275
f 1254/1254/1275 1253/1253/1275 1257/1257/1277
f 1259/1259/1278 1260/1260/1279 1224/1224/1257
f 1259/1259/1278 1224/1224/1257 1223/1223/1259
f 1259/1259/1278 1223/1223/1259 1261/1261/1280
f 1261/1261/1280 1262/1262/1278 1259/1259/1278
f 1263/1263/1281 1264/1264/1282 1265/1265/1283
f 1265/1265/1283 1266/1266/1284 1263/1263/1281
f 1267/1267/1161 1268/1268/1161 1246/1246/1161
f 1246/1246/1161 1245/1245/1161 1267/1267/1161
f 1269/1269/1161 1270/1270/1161 1271/1271/1161
f 1271/1271/1161 1272/1272/1161 1269/1269/1161
f 1273/1273/1285 1274/1274/1286 1275/1275/1286
f 1275/1275/1286 1276/1276/1285 1273/1273/1285
f 1277/1277/1161 1278/1278/1161 1279/1279/1161
f 1279/1279/1161 1280/1280/1161 1277/1277/1161
f 1281/1281/1287 1282/1282/1287 1283/1283/1288
f 1283/1283/1288 1284/1284/1288 1281/1281/1287
f 1285/1285/1289 1286/1286/1289 1287/1287/1290
f 1287/1287/1290 1288/1288/1290 1285/1285/1289
f 1289/1289/1291 1290/1290/1291 1291/1291/1292
f 1289/1289/1291 1291/1291/1292 1136/1136/1181
f 1289/1289/1291 1136/1136/1181 1135/1135/1180
f 1135/1135/1180 1292/1292/1293 1289/1289/1291
f 1210/1210/1247 1293/1293/1294 1294/1294/1295
f 1294/1294/1295 1211/1211/1248 1210/1210/1247
f 1295/1295/1161 1296/1296/1161 1268/1268/1161
f 1268/1268/1161 1267/1267/1161 1295/1295/1161
f 1284/1284/1288 1283/1283/1288 1297/1297/1296
f 1297/1297/1296 1298/1298/1296 1284/1284/1288
f 1293/1293/1294 1299/1299/1297 1300/1300/1298
f 1300/1300/1298 1294/1294/1295 1293/1293/1294
f 1301/1301/1161 1302/1302/1161 1278/1278/1161
f 1278/1278/1161 1277/1277/1161 1301/1301/1161
f 1298/1298/1296 1297/1297/1296 1303/1303/1299
f 1303/1303/1299 1304/1304/1299 1298/1298/1296
f 1305/1305/1161 1306/1306/1161 1307/1307/1161
f 1307/1307/1161 1308/1308/1161 1305/1305/1161
f 1288/1288/1290 1287/1287/1290 1309/1309/1300
f 1309/1309/1300 1310/1310/1300 1288/1288/1290
f 1311/1311/1301 1312/1312/1301 1313/1313/1302
f 1311/1311/1301 1313/1313/1302 1152/1152/1196
f 1311/1311/1301 1152/1152/1196 1151/1151/1195
f 1151/1151/1195 1314/1314/1303 1311/1311/1301
f 1315/1315/1161 1316/1316/1161 1296/1296/1161
f 1296/1296/1161 1295/1295/1161 1315/1315/1161
f 1310/1310/1300 1309/1309/1300 1282/1282/1287
f 1282/1282/1287 1281/1281/1287 1310/1310/1300
f 1317/1317/1304 1318/1318/1304 1319/1319/1305
f 1319/1319/1305 1320/1320/1306 1317/1317/1304
f 1248/1248/1161 1247/1247/1161 1306/1306/1161
f 1306/1306/1161 1305/1305/1161 1248/1248/1161
f 1321/1321/1161 1322/1322/1161 1323/1323/1161
f 1323/1323/1161 1324/1324/1161 1321/1321/1161
f 1325/1325/1307 1263/1263/1281 1266/1266/1284
f 1266/1266/1284 1326/1326/1308 1325/1325/1307
f 1327/1327/1309 1328/1328/1309 1329/1329/1310
f 1327/1327/1309 1329/1329/1310 1226/1226/1261
f 1327/1327/1309 1226/1226/1261 1225/1225/1260
f 1225/1225/1260 1330/1330/1311 1327/1327/1309
f 1331/1331/1312 1332/1332/1312 1333/1333/1313
f 1333/1333/1313 1334/1334/1314 1331/1331/1312
f 1335/1335/1315 1336/1336/1316 1337/1337/1316
f 1337/1337/1316 1338/1338/1315 1335/1335/1315
f 1339/1339/1202 1340/1340/1202 1341/1341/1317
f 1339/1339/1202 1341/1341/1317 1158/1158/1187
f 1339/1339/1202 1158/1158/1187 1157/1157/1200
f 1157/1157/1200 1342/1342/1202 1339/1339/1202
f 1134/1134/1179 1343/1343/1318 1129/1129/1175
f 1343/1343/1318 1344/1344/1319 1129/1129/1175
f 1168/1168/1208 1345/1345/1320 1163/1163/1204
f 1345/1345/1320 1234/1234/1267 1163/1163/1204
f 1156/1156/1199 1346/1346/1321 1151/1151/1195
f 1346/1346/1321 1314/1314/1303 1151/1151/1195
f 1222/1222/1258 1347/1347/1322 1223/1223/1259
f 1347/1347/1322 1261/1261/1280 1223/1223/1259
f 1162/1162/1203 1348/1348/1323 1157/1157/1200
f 1348/1348/1323 1342/1342/1202 1157/1157/1200
f 1230/1230/1264 1349/1349/1324 1225/1225/1260
f 1349/1349/1324 1330/1330/1311 1225/1225/1260
f 1140/1140/1184 1350/1350/1325 1135/1135/1180
f 1350/1350/1325 1292/1292/1293 1135/1135/1180
f 1174/1174/1213 1351/1351/1326 1169/1169/1209
f 1351/1351/1326 1238/1238/1270 1169/1169/1209
f 1352/1352/1327 1266/1266/1284 1265/1265/1283
f 1265/1265/1283 1353/1353/1328 1352/1352/1327
f 1175/1175/1214 1352/1352/1329 1353/1353/1330
f 1353/1353/1330 1176/1176/1215 1175/1175/1214
f 1354/1354/1331 1326/1326/1308 1266/1266/1284
f 1266/1266/1284 1352/1352/1327 1354/1354/1331
f 1180/1180/1219 1354/1354/1332 1352/1352/1329
f 1352/1352/1329 1175/1175/1214 1180/1180/1219
f 1355/1355/1333 1320/1320/1306 1319/1319/1305
f 1319/1319/1305 1356/1356/1333 1355/1355/1333
f 1184/1184/1222 1355/1355/1334 1356/1356/1334
f 1356/1356/1334 1181/1181/1220 1184/1184/1222
f 1357/1357/1335 1334/1334/1314 1333/1333/1313
f 1333/1333/1313 1358/1358/1335 1357/1357/1335
f 1188/1188/1225 1357/1357/1336 1358/1358/1336
f 1358/1358/1336 1185/1185/1223 1188/1188/1225
f 1359/1359/1337 1294/1294/1295 1300/1300/1298
f 1300/1300/1298 1360/1360/1338 1359/1359/1337
f 1189/1189/1226 1359/1359/1339 1360/1360/1340
f 1360/1360/1340 1190/1190/1227 1189/1189/1226
f 1361/1361/1341 1211/1211/1248 1294/1294/1295
f 1294/1294/1295 1359/1359/1337 1361/1361/1341
f 1193/1193/1230 1361/1361/1342 1359/1359/1339
f 1359/1359/1339 1189/1189/1226 1193/1193/1230
f 1362/1362/1343 1212/1212/1249 1211/1211/1248
f 1211/1211/1248 1361/1361/1341 1362/1362/1343
f 1195/1195/1232 1362/1362/1344 1361/1361/1342
f 1361/1361/1342 1193/1193/1230 1195/1195/1232
f 1363/1363/1345 1214/1214/1251 1212/1212/1249
f 1212/1212/1249 1362/1362/1343 1363/1363/1345
f 1197/1197/1234 1363/1363/1346 1362/1362/1344
f 1362/1362/1344 1195/1195/1232 1197/1197/1234
f 1364/1364/1347 1216/1216/1253 1214/1214/1251
f 1214/1214/1251 1363/1363/1345 1364/1364/1347
f 1199/1199/1236 1364/1364/1348 1363/1363/1346
f 1363/1363/1346 1197/1197/1234 1199/1199/1236
f 1365/1365/1349 1218/1218/1255 1216/1216/1253
f 1216/1216/1253 1364/1364/1347 1365/1365/1349
f 1202/1202/1239 1365/1365/1350 1364/1364/1348
f 1364/1364/1348 1199/1199/1236 1202/1202/1239
f 1366/1366/1351 1367/1367/1352 1204/1204/1241
f 1204/1204/1241 1203/1203/1240 1366/1366/1351
f 1368/1368/1353 1369/1369/1354 1130/1130/1176
f 1369/1369/1354 1370/1370/1355 1130/1130/1176
f 1370/1370/1355 1131/1131/1177 1130/1130/1176
f 1233/1233/1266 1371/1371/1356 1164/1164/1205
f 1371/1371/1356 1372/1372/1357 1164/1164/1205
f 1372/1372/1357 1165/1165/1206 1164/1164/1205
f 1313/1313/1302 1373/1373/1358 1152/1152/1196
f 1373/1373/1358 1374/1374/1359 1152/1152/1196
f 1374/1374/1359 1153/1153/1197 1152/1152/1196
f 1260/1260/1279 1375/1375/1360 1224/1224/1257
f 1375/1375/1360 1376/1376/1361 1224/1224/1257
f 1376/1376/1361 1219/1219/1256 1224/1224/1257
f 1341/1341/1317 1377/1377/1362 1158/1158/1187
f 1377/1377/1362 1378/1378/1363 1158/1158/1187
f 1378/1378/1363 1159/1159/1201 1158/1158/1187
f 1329/1329/1310 1379/1379/1364 1226/1226/1261
f 1379/1379/1364 1380/1380/1365 1226/1226/1261
f 1380/1380/1365 1227/1227/1262 1226/1226/1261
f 1291/1291/1292 1381/1381/1366 1136/1136/1181
f 1381/1381/1366 1382/1382/1367 1136/1136/1181
f 1382/1382/1367 1137/1137/1182 1136/1136/1181
f 1237/1237/1269 1383/1383/1368 1170/1170/1210
f 1383/1383/1368 1384/1384/1369 1170/1170/1210
f 1384/1384/1369 1171/1171/1211 1170/1170/1210
f 1385/1385/1370 1103/1103/1163 1102/1102/1162
f 1102/1102/1162 1386/1386/1371 1385/1385/1370
f 1387/1387/1372 1385/1385/1370 1386/1386/1371
f 1386/1386/1371 1388/1388/1373 1387/1387/1372
f 1203/1203/1240 1387/1387/1374 1388/1388/1375
f 1388/1388/1375 1366/1366/1351 1203/1203/1240
f 1389/1389/1376 1106/1106/1164 1103/1103/1163
f 1103/1103/1163 1385/1385/1370 1389/1389/1376
f 1390/1390/1377 1389/1389/1376 1385/1385/1370
f 1385/1385/1370 1387/1387/1372 1390/1390/1377
f 1206/1206/1243 1390/1390/1378 1387/1387/1374
f 1387/1387/1374 1203/1203/1240 1206/1206/1243
f 1391/1391/1379 1110/1110/1165 1109/1109/1165
f 1109/1109/1165 1392/1392/1379 1391/1391/1379
f 1393/1393/1380 1391/1391/1381 1392/1392/1381
f 1392/1392/1381 1394/1394/1382 1393/1393/1380
f 1276/1276/1285 1393/1393/1380 1394/1394/1382
f 1394/1394/1382 1273/1273/1285 1276/1276/1285
f 1395/1395/1383 1114/1114/1167 1113/1113/1166
f 1113/1113/1166 1396/1396/1383 1395/1395/1383
f 1397/1397/1384 1395/1395/1383 1396/1396/1383
f 1396/1396/1383 1398/1398/1384 1397/1397/1384
f 1338/1338/1315 1397/1397/1385 1398/1398/1385
f 1398/1398/1385 1335/1335/1315 1338/1338/1315
f 1399/1399/1386 1117/1117/1169 1116/1116/1168
f 1116/1116/1168 1400/1400/1387 1399/1399/1386
f 1401/1401/1388 1399/1399/1386 1400/1400/1387
f 1400/1400/1387 1402/1402/1389 1401/1401/1388
f 1207/1207/1244 1401/1401/1388 1402/1402/1390
f 1402/1402/1390 1243/1243/1272 1207/1207/1244
f 1403/1403/1391 1119/1119/1170 1117/1117/1169
f 1117/1117/1169 1399/1399/1386 1403/1403/1391
f 1404/1404/1392 1403/1403/1391 1399/1399/1386
f 1399/1399/1386 1401/1401/1388 1404/1404/1392
f 1141/1141/1185 1404/1404/1392 1401/1401/1388
f 1401/1401/1388 1207/1207/1244 1141/1141/1185
f 1405/1405/1393 1121/1121/1171 1119/1119/1170
f 1119/1119/1170 1403/1403/1391 1405/1405/1393
f 1406/1406/1394 1405/1405/1393 1403/1403/1391
f 1403/1403/1391 1404/1404/1392 1406/1406/1394
f 1144/1144/1188 1406/1406/1394 1404/1404/1392
f 1404/1404/1392 1141/1141/1185 1144/1144/1188
f 1407/1407/1395 1123/1123/1172 1121/1121/1171
f 1121/1121/1171 1405/1405/1393 1407/1407/1395
f 1408/1408/1396 1407/1407/1395 1405/1405/1393
f 1405/1405/1393 1406/1406/1394 1408/1408/1396
f 1146/1146/1190 1408/1408/1397 1406/1406/1394
f 1406/1406/1394 1144/1144/1188 1146/1146/1190
f 1409/1409/1398 1125/1125/1173 1123/1123/1172
f 1123/1123/1172 1407/1407/1395 1409/1409/1398
f 1410/1410/1399 1409/1409/1398 1407/1407/1395
f 1407/1407/1395 1408/1408/1396 1410/1410/1399
f 1148/1148/1192 1410/1410/1400 1408/1408/1397
f 1408/1408/1397 1146/1146/1190 1148/1148/1192
f 1411/1411/1401 1128/1128/1174 1125/1125/1173
f 1125/1125/1173 1409/1409/1398 1411/1411/1401
f 1412/1412/1402 1411/1411/1401 1409/1409/1398
f 1409/1409/1398 1410/1410/1399 1412/1412/1402
f 1150/1150/1194 1412/1412/1403 1410/1410/1400
f 1410/1410/1400 1148/1148/1192 1150/1150/1194
f 1413/1413/1404 1414/1414/1404 1368/1368/1353
f 1413/1413/1404 1368/1368/1353 1130/1130/1176
f 1413/1413/1404 1130/1130/1176 1129/1129/1175
f 1129/1129/1175 1344/1344/1319 1413/1413/1404
# Vertices: 314, normals: 244, texture coordinates: 314, faces: 324

o obj16
v 52.45197372 -125.00008539 366.48027489
v 52.45197344 -110.63558579 366.48027638
v 87.57323295 -110.63558452 359.27072893
v 87.57323324 -125.00008412 359.27072744
v 55.14794527 -125.00009105 420.64469037
v 55.14794498 -110.63559145 420.64469186
v 51.981122 -110.63558587 367.17391026
v 51.98112228 -125.00008547 367.17390877
v 106.37916191 -125.61638963 413.25762137
v 55.80040677 -125.61639114 420.55509041
v 52.54370658 -125.61638556 367.0896842
v 87.72895846 -125.61638428 359.86698116
v 88.27923819 -125.00008415 359.72273442
v 88.27923791 -110.63558456 359.72273591
v 107.01914062 -110.6355899 413.08197668
v 107.0191409 -125.00008949 413.08197519
v 106.54176554 -125.00008958 413.85207483
v 106.54176525 -110.63558998 413.85207632
v 55.88469333 -110.6355915 421.16556173
v 55.88469362 -125.0000911 421.16556024
v 87.61876943 -110.19978443 359.44541989
v 87.72895815 -110.01928447 359.86698278
v 88.11813388 -110.19978446 359.7651892
v 87.95656387 -110.27978448 359.43965773
v 88.00746807 -110.63558452 359.34364422
v 87.57323295 -110.63558452 359.27072893
v 88.27923791 -110.63558456 359.72273591
v 87.61876974 -125.43588424 359.44541831
v 87.57323324 -125.00008412 359.27072744
v 88.00746836 -125.00008412 359.34364273
v 87.95656418 -125.35588437 359.43965617
v 88.11813418 -125.43588427 359.76518762
v 88.27923819 -125.00008415 359.72273442
v 106.83173672 -110.1997898 413.13346359
v 106.37916159 -110.01928982 413.25762298
v 106.49414205 -110.19978986 413.67787973
v 106.84298248 -110.27968986 413.49937728
v 106.94721594 -110.63558995 413.55367654
v 107.01914062 -110.6355899 413.08197668
v 106.54176525 -110.63558998 413.85207632
v 106.49414235 -125.43588967 413.67787815
v 106.83173703 -125.43588961 413.13346201
v 106.84298279 -125.35588978 413.49937571
v 106.94721623 -125.00008955 413.55367505
v 106.54176554 -125.00008958 413.85207483
v 107.0191409 -125.00008949 413.08197519
v 52.14589824 -110.19978576 367.14930029
v 52.54370626 -110.01928575 367.08968582
v 52.47878792 -110.19978571 366.6587167
v 52.16625683 -110.27978577 366.78652429
v 52.081487 -110.63558582 366.71838237
v 51.981122 -110.63558587 367.17391026
v 52.45197344 -110.63558579 366.48027638
v 52.47878823 -125.43588552 366.65871512
v 52.14589854 -125.43588557 367.14929871
v 52.16625714 -125.35588567 366.78652273
v 52.08148728 -125.00008542 366.71838088
v 52.45197372 -125.00008539 366.48027489
v 51.98112228 -125.00008547 367.17390877
v 55.85997595 -110.19979137 420.98674598
v 55.80040646 -110.01929133 420.55509203
v 55.33898896 -110.19979134 420.61859015
v 55.47201184 -110.2796914 420.9594555
v 55.3981526 -110.63559149 421.05025576
v 55.88469333 -110.6355915 421.16556173
v 55.14794498 -110.63559145 420.64469186
v 55.33898926 -125.43589115 420.61858857
v 55.85997626 -125.43589118 420.9867444
v 55.47201215 -125.35589132 420.95945394
v 55.39815289 -125.00009109 421.05025427
v 55.14794527 -125.00009105 420.64469037
v 55.88469362 -125.0000911 421.16556024
v 88.00746807 -110.63558452 359.34364422
v 88.00746836 -125.00008412 359.34364273
v 106.94721623 -125.00008955 413.55367505
v 106.94721594 -110.63558995 413.55367654
v 55.39815289 -125.00009109 421.05025427
v 55.3981526 -110.63559149 421.05025576
v 55.3981526 -110.63559149 421.05025576
v 55.39815289 -125.00009109 421.05025427
v 52.08148728 -125.00008542 366.71838088
v 52.081487 -110.63558582 366.71838237
v 339.20852798 -125.00004881 58.88597282
v 339.20852745 -98.83144909 58.88597553
v 339.65971722 -98.83144412 11.74178929
v 339.65971775 -125.00004385 11.74178658
v 396.05608502 -125.00004844 63.23399032
v 396.05608449 -98.83144871 63.23399304
v 339.77736011 -98.83144915 59.50189803
v 339.77736063 -125.00004887 59.50189531
v 399.79734419 -125.61634311 12.09555019
v 396.10774176 -125.61634847 62.57243966
v 339.82285601 -125.61634892 58.93484839
v 340.27482663 -125.61634394 11.70466334
v 340.24014671 -125.00004377 11.13682118
v 340.24004525 -98.83144405 11.13683276
v 399.76321823 -98.83144321 11.42767984
v 399.76321875 -125.00004293 11.42767712
v 400.41289423 -125.00004299 12.06461256
v 400.4128937 -98.83144326 12.06461527
v 396.72225103 -98.83144864 62.61999774
v 396.72225155 -125.00004836 62.61999503
v 339.83985421 -98.3957446 11.73089803
v 340.27482608 -98.21524384 11.70466618
v 340.25042846 -98.39574454 11.30316212
v 339.89972958 -98.47564459 11.39858991
v 339.81550024 -98.83144408 11.32989122
v 339.65971722 -98.83144412 11.74178929
v 340.24004525 -98.83144405 11.13683276
v 339.83985475 -125.43584395 11.73089522
v 339.65971775 -125.00004385 11.74178658
v 339.81550076 -125.0000438 11.3298885
v 339.89973012 -125.35584405 11.39858713
v 340.25042901 -125.4358439 11.30315932
v 340.24014671 -125.00004377 11.13682118
v 399.77336375 -98.3957437 11.62334188
v 399.79734364 -98.21524301 12.09555303
v 400.23259065 -98.39574375 12.07361475
v 400.13312296 -98.47564373 11.6917485
v 400.20856996 -98.83144322 11.60090456
v 399.76321823 -98.83144321 11.42767984
v 400.4128937 -98.83144326 12.06461527
v 400.23259119 -125.4358431 12.07361195
v 399.77336429 -125.43584306 11.62333908
v 400.13312349 -125.3558432 11.69174572
v 400.20857921 -125.00004294 11.6010013
v 400.41289423 -125.00004299 12.06461256
v 399.76321875 -125.00004293 11.42767712
v 339.79069691 -98.39574961 59.33589743
v 339.82285546 -98.21524882 58.93485123
v 339.38846899 -98.39574957 58.90029667
v 339.44202328 -98.47564963 59.23369301
v 339.35635927 -98.83154897 59.30074022
v 339.77736011 -98.83144915 59.50189803
v 339.20852745 -98.83144909 58.88597553
v 339.38846953 -125.43584892 58.90029387
v 339.79069745 -125.43584896 59.33589462
v 339.44202382 -125.35584909 59.23369022
v 339.35635979 -125.00004886 59.30073751
v 339.20852798 -125.00004881 58.88597282
v 339.77736063 -125.00004887 59.50189531
v 396.54224642 -98.39574912 62.60608311
v 396.10774121 -98.21524837 62.5724425
v 396.07130814 -98.39574917 63.04032124
v 396.43271147 -98.47564918 62.98220266
v 396.50564936 -98.83144869 63.07437711
v 396.72225103 -98.83144864 62.61999774
v 396.05608449 -98.83144871 63.23399304
v 396.07130868 -125.43584852 63.04031844
v 396.54224696 -125.43584847 62.6060803
v 396.432712 -125.35584865 62.98219987
v 396.50564988 -125.00004841 63.07437439
v 396.05608502 -125.00004844 63.23399032
v 396.72225155 -125.00004836 62.61999503
v 339.81550024 -98.83144408 11.32989122
v 339.81550076 -125.0000438 11.3298885
v 400.20857921 -125.00004294 11.6010013
v 400.20856996 -98.83144322 11.60090456
v 396.50564988 -125.00004841 63.07437439
v 396.50564936 -98.83144869 63.07437711
v 396.50564936 -98.83144869 63.07437711
v 396.50564988 -125.00004841 63.07437439
v 339.35635979 -125.00004886 59.30073751
v 339.35635927 -98.83154897 59.30074022
v 333.07014115 -125.00005339 101.5052761
v 333.07014068 -101.80755381 101.50527851
v 339.09646299 -98.83144924 60.26033852
v 339.09646351 -125.00004896 60.26033581
v 387.54283122 -125.00005446 119.29370917
v 387.54283075 -101.80755488 119.29371158
v 333.55603691 -101.80755388 102.18851146
v 333.55603737 -125.00005345 102.18850905
v 395.93460383 -125.6163487 64.73325705
v 387.68879099 -125.6163545 118.6463612
v 333.67331544 -125.6163535 101.63182556
v 339.71060025 -125.61634906 60.31163348
v 339.75741017 -125.0000489 59.74466876
v 339.75740965 -98.83144917 59.74467147
v 395.98887637 -98.8314488 64.07177876
v 395.9888769 -125.00004853 64.07177604
v 396.54880508 -125.00004859 64.7841483
v 396.54880456 -98.83144887 64.78415101
v 388.28999287 -101.80755482 118.78131939
v 388.28999334 -125.0000544 118.78131699
v 339.27636753 -98.39574971 60.27536296
v 339.7105997 -98.21524896 60.31163633
v 339.74387147 -98.39574967 59.91069582
v 339.38316564 -98.4756497 59.95499738
v 339.30958214 -98.83154903 59.87493005
v 339.09646299 -98.83144924 60.26033852
v 339.75740965 -98.83144917 59.74467147
v 339.27636807 -125.43584907 60.27536016
v 339.09646351 -125.00004896 60.26033581
v 339.30958266 -125.00004892 59.87492734
v 339.38316618 -125.35584917 59.95499459
v 339.74387201 -125.43584902 59.91069301
v 339.75741017 -125.0000489 59.74466876
v 395.97305301 -98.3957493 64.26550328
v 395.93460328 -98.2152486 64.73325989
v 396.36891131 -98.39574935 64.7692214
v 396.32072549 -98.47564933 64.38034867
v 396.40741724 -98.83144882 64.30096321
v 395.98887637 -98.8314488 64.07177876
v 396.54880456 -98.83144887 64.78415101
v 396.36891185 -125.4358487 64.7692186
v 395.97305355 -125.43584865 64.26550047
v 396.32072603 -125.3558488 64.38034588
v 396.40742663 -125.00004854 64.30106144
v 396.54880508 -125.00004859 64.7841483
v 395.9888769 -125.00004853 64.07177604
v 333.59051558 -101.37185359 102.02547188
v 333.67331495 -101.19135355 101.63182809
v 333.24675965 -101.37185355 101.54238278
v 333.25760385 -101.45175361 101.8798269
v 333.16411542 -101.80755386 101.93551033
v 333.55603691 -101.80755388 102.18851146
v 333.07014068 -101.80755381 101.50527851
v 333.24676013 -125.4358535 101.54238029
v 333.59051606 -125.43585354 102.02546938
v 333.25760433 -125.35585367 101.87982442
v 333.16411588 -125.00005343 101.93550792
v 333.07014115 -125.00005339 101.5052761
v 333.55603737 -125.00005345 102.18850905
v 388.11386922 -101.37185455 118.74187411
v 387.6887905 -101.19135455 118.64636373
v 387.58562066 -101.3718546 119.1041482
v 387.95172957 -101.45175462 119.09850967
v 388.01074211 -101.80755487 119.20014543
v 388.28999287 -101.80755482 118.78131939
v 387.54283075 -101.80755488 119.29371158
v 387.58562114 -125.43585455 119.1041457
v 388.1138697 -125.4358545 118.74187162
v 387.95173004 -125.35585468 119.09850719
v 388.01074257 -125.00005445 119.20014303
v 387.54283122 -125.00005446 119.29370917
v 388.28999334 -125.0000544 118.78131699
v 339.30958214 -98.83154903 59.87493005
v 339.30958266 -125.00004892 59.87492734
v 396.40742663 -125.00004854 64.30106144
v 396.40741724 -98.83144882 64.30096321
v 388.01074257 -125.00005445 119.20014303
v 388.01074211 -101.80755487 119.20014543
v 388.01074211 -101.80755487 119.20014543
v 388.01074257 -125.00005445 119.20014303
v 333.16411588 -125.00005343 101.93550792
v 333.16411542 -101.80755386 101.93551033
v 319.80966431 -125.00005847 147.93307249
v 319.8096639 -104.411659 147.93307463
v 332.70798063 -101.807554 103.20977192
v 332.70798109 -125.00005357 103.20976951
v 374.74625324 -125.00005932 163.63786117
v 374.74625283 -104.41165985 163.63786331
v 320.1933077 -104.41165907 148.67848634
v 320.19330811 -125.00005854 148.6784842
v 382.91526114 -125.61635463 119.25425902
v 374.96667579 -125.61635935 163.01199187
v 320.38873729 -125.61635859 148.14415233
v 333.31052094 -125.61635369 103.33938429
v 333.42964426 -125.00005352 102.78313731
v 333.4296438 -101.80755394 102.78313971
v 383.06109661 -101.80755488 118.61465497
v 383.06109707 -125.00005446 118.61465257
v 383.51598365 -125.00005453 119.39175797
v 383.51598319 -101.80755495 119.39176038
v 375.54805124 -104.41165979 163.21614654
v 375.54805165 -125.00005926 163.2161444
v 332.88448183 -101.37185373 103.24778404
v 333.31052045 -101.19135373 103.33938683
v 333.39485937 -101.37185369 102.94610449
v 333.03156128 -101.45175372 102.9437598
v 332.96875228 -101.80755396 102.85491456
v 332.70798063 -101.807554 103.20977192
v 333.4296438 -101.80755394 102.78313971
v 332.88448231 -125.43585368 103.24778154
v 332.70798109 -125.00005357 103.20976951
v 332.96875274 -125.00005353 102.85491215
v 333.03156175 -125.35585378 102.94375732
v 333.39485985 -125.43585364 102.946102
v 333.42964426 -125.00005352 102.78313731
v 383.01851347 -101.37185463 118.80199841
v 382.91526065 -101.19135468 119.25426155
v 383.33998898 -101.37185468 119.35150196
v 383.34653745 -101.45175467 118.964042
v 383.44339731 -101.8075549 118.89872254
v 383.06109661 -101.80755488 118.61465497
v 383.51598319 -101.80755495 119.39176038
v 383.33998946 -125.43585463 119.35149947
v 383.01851395 -125.43585458 118.80199592
v 383.34653792 -125.35585473 118.96403952
v 383.44339778 -125.00005448 118.89872014
v 383.51598365 -125.00005453 119.39175797
v 383.06109707 -125.00005446 118.61465257
v 320.25065014 -103.97595879 148.52207405
v 320.38873686 -103.79545875 148.1441546
v 319.9793142 -103.97595874 147.99487962
v 319.94182026 -104.0558588 148.33053507
v 319.84138559 -104.41165905 148.37228257
v 320.1933077 -104.41165907 148.67848634
v 319.8096639 -104.411659 147.93307463
v 319.97931463 -125.43585858 147.99487739
v 320.25065057 -125.43585863 148.52207183
v 319.94182068 -125.35585875 148.33053286
v 319.841386 -125.00005852 148.37228043
v 319.80966431 -125.00005847 147.93307249
v 320.19330811 -125.00005854 148.6784842
v 375.37776655 -103.97595952 163.15630003
v 374.96667536 -103.79545951 163.01199413
v 374.81087851 -103.97595956 163.45461655
v 375.17510806 -104.05585958 163.49161299
v 375.22191403 -104.41165984 163.59942992
v 375.54805124 -104.41165979 163.21614654
v 374.74625283 -104.41165985 163.63786331
v 374.81087894 -125.4358594 163.45461433
v 375.37776698 -125.43585936 163.15629781
v 375.17510848 -125.35585954 163.49161078
v 375.22191444 -125.00005931 163.59942778
v 374.74625324 -125.00005932 163.63786117
v 375.54805165 -125.00005926 163.2161444
v 332.96875228 -101.80755396 102.85491456
v 332.96875274 -125.00005353 102.85491215
v 383.44339778 -125.00005448 118.89872014
v 383.44339731 -101.8075549 118.89872254
v 375.22191444 -125.00005931 163.59942778
v 375.22191403 -104.41165984 163.59942992
v 375.22191403 -104.41165984 163.59942992
v 375.22191444 -125.00005931 163.59942778
v 319.841386 -125.00005852 148.37228043
v 319.84138559 -104.41165905 148.37228257
v 300.09470285 -125.00006339 191.95709053
v 300.09470249 -107.01576366 191.9570924
v 319.22502001 -104.41165918 149.52398297
v 319.22502042 -125.00005865 149.52398083
v 352.23783576 -125.00006508 215.31854759
v 352.23783544 -108.87586538 215.31854927
v 300.36833286 -107.01576374 192.74950809
v 300.36833322 -125.00006347 192.74950622
v 374.24599802 -125.61635958 165.04649256
v 352.5449835 -125.61636512 214.7303248
v 300.63775107 -125.61636352 192.24842206
v 319.80295133 -125.61635877 149.73806883
v 320.00004755 -125.0000586 149.20439255
v 320.00004714 -104.41165913 149.20439468
v 374.46869942 -104.41165993 164.42143068
v 374.46869983 -125.0000594 164.42142855
v 374.82625027 -125.00005948 165.25385507
v 374.82624986 -104.41166002 165.2538572
v 353.09147652 -108.87586534 215.01513304
v 353.09147684 -125.00006504 215.01513137
v 319.3943566 -103.97595891 149.58671299
v 319.8029509 -103.79545892 149.73807109
v 319.94248508 -103.97595888 149.3606229
v 319.58309775 -104.05585891 149.30674716
v 319.53363174 -104.41165914 149.20979011
v 319.22502001 -104.41165918 149.52398297
v 320.00004714 -104.41165913 149.20439468
v 319.39435703 -125.43585876 149.58671077
v 319.22502042 -125.00005865 149.52398083
v 319.53363215 -125.00005861 149.20978797
v 319.58309817 -125.35585886 149.30674495
v 319.94249489 -125.43585872 149.36072755
v 320.00004755 -125.0000586 149.20439255
v 374.40355902 -103.97595969 164.60453123
v 374.24599758 -103.79545973 165.04649482
v 374.6562939 -103.97595974 165.19318007
v 374.70986076 -104.05585973 164.80501586
v 374.81410993 -104.41165996 164.7506915
v 374.46869942 -104.41165993 164.42143068
v 374.82624986 -104.41166002 165.2538572
v 374.65629433 -125.43585959 165.19317785
v 374.40355945 -125.43585953 164.60452901
v 374.70986119 -125.35585968 164.80501365
v 374.81411034 -125.00005943 164.75068937
v 374.82625027 -125.00005948 165.25385507
v 374.46869983 -125.0000594 164.42142855
v 300.44731086 -106.57996399 192.60284053
v 300.63775069 -106.39946395 192.24842405
v 300.25376741 -106.57996393 192.04240772
v 300.16892225 -106.65996383 192.36928306
v 300.06358902 -107.0157637 192.39639436
v 300.36833286 -107.01576374 192.74950809
v 300.09470249 -107.01576366 191.9570924
v 300.25376778 -125.4358635 192.04240576
v 300.44731123 -125.43586356 192.60283858
v 300.16892263 -125.35586368 192.36928112
v 300.06358938 -125.00006344 192.39639249
v 300.09470285 -125.00006339 191.95709053
v 300.36833322 -125.00006347 192.74950622
v 352.93147155 -108.44006523 214.93171926
v 352.54498316 -108.25956521 214.7303266
v 352.32792973 -108.44006526 215.1464101
v 352.68311697 -108.5200655 215.23478364
v 352.71405366 -108.87586538 215.34821766
v 353.09147652 -108.87586534 215.01513304
v 352.23783544 -108.87586538 215.31854927
v 352.32793007 -125.43586517 215.14640833
v 352.93147189 -125.43586514 214.9317175
v 352.68311731 -125.35586531 215.23478189
v 352.71405398 -125.00006508 215.34821598
v 352.23783576 -125.00006508 215.31854759
v 353.09147684 -125.00006504 215.01513137
v 319.53363174 -104.41165914 149.20979011
v 319.53363215 -125.00005861 149.20978797
v 374.81411034 -125.00005943 164.75068937
v 374.81410993 -104.41165996 164.7506915
v 352.71405398 -125.00006508 215.34821598
v 352.71405366 -108.87586538 215.34821766
v 352.71405366 -108.87586538 215.34821766
v 352.71405398 -125.00006508 215.34821598
v 300.06358938 -125.00006344 192.39639249
v 300.06358902 -107.0157637 192.39639436
v 280.57541536 -125.00006704 223.94702646
v 280.57541504 -108.87586734 223.94702813
v 299.32366937 -107.01576382 193.38587572
v 299.32366973 -125.00006355 193.38587386
v 321.94922368 -125.00007013 259.00795333
v 321.9492234 -110.63557053 259.00795482
v 280.75972857 -108.87586742 224.76483828
v 280.75972889 -125.00006713 224.76483661
v 351.58115096 -125.61636533 216.56783343
v 322.3297949 -125.61637017 258.47053521
v 281.08293234 -125.61636718 224.29669113
v 299.86534554 -125.61636368 193.67983886
v 300.13624387 -125.00006352 193.17953435
v 300.13624351 -107.01576379 193.17953622
v 351.89050305 -108.87586546 215.98073527
v 351.89050337 -125.00006516 215.9807336
v 352.12619507 -125.00006525 216.85559134
v 352.12619475 -108.87586554 216.85559302
v 322.83302997 -110.6355705 258.8262974
v 322.83303026 -125.00007009 258.82629591
v 299.4824039 -106.57996409 193.47192608
v 299.86534516 -106.39946411 193.67984085
v 300.05705528 -106.57996407 193.32612658
v 299.70898744 -106.65996393 193.22165515
v 299.67375404 -107.01576379 193.11874598
v 299.32366937 -107.01576382 193.38587572
v 300.13624351 -107.01576379 193.17953622
v 299.48240427 -125.43586367 193.47192412
v 299.32366973 -125.00006355 193.38587386
v 299.6737544 -125.00006352 193.11874412
v 299.70898782 -125.35586377 193.22165321
v 300.05705566 -125.43586364 193.32612463
v 300.13624387 -125.00006352 193.17953435
v 351.79999128 -108.44006537 216.15271971
v 351.58115061 -108.25956542 216.56783523
v 351.96651673 -108.44006543 216.7713368
v 352.07470264 -108.52006563 216.39472533
v 352.18561436 -108.87586549 216.35567216
v 351.89050305 -108.87586546 215.98073527
v 352.12619475 -108.87586554 216.85559302
v 351.96651707 -125.43586535 216.77133504
v 351.79999162 -125.43586528 216.15271794
v 352.07470298 -125.35586544 216.39472359
v 352.18561469 -125.00006519 216.35567049
v 352.12619507 -125.00006525 216.85559134
v 351.89050337 -125.00006516 215.9807336
v 280.85450674 -108.4400673 224.62782928
v 281.08293199 -108.25956726 224.29669293
v 280.72413644 -108.44006724 224.04940641
v 280.60364985 -108.52006752 224.36484642
v 280.49597264 -108.87586739 224.38011292
v 280.75972857 -108.87586742 224.76483828
v 280.57541504 -108.87586734 223.94702813
v 280.72413678 -125.43586716 224.04940465
v 280.85450708 -125.43586722 224.62782752
v 280.60365018 -125.35586733 224.36484467
v 280.49597296 -125.00006709 224.38011124
v 280.57541536 -125.00006704 223.94702646
v 280.75972889 -125.00006713 224.76483661
v 322.68564881 -110.19977038 258.72207836
v 322.32979458 -110.01927036 258.47053683
v 322.06069436 -110.1997704 258.85062111
v 322.40049113 -110.27967044 258.98663286
v 322.41628715 -110.63557053 259.10259243
v 322.83302997 -110.6355705 258.8262974
v 321.9492234 -110.63557053 259.00795482
v 322.06069467 -125.43587021 258.85061953
v 322.68564912 -125.43587019 258.72207678
v 322.40049143 -125.35587036 258.9866313
v 322.41628744 -125.00007013 259.10259094
v 321.94922368 -125.00007013 259.00795333
v 322.83303026 -125.00007009 258.82629591
v 299.67375404 -107.01576379 193.11874598
v 299.6737544 -125.00006352 193.11874412
v 352.18561469 -125.00006519 216.35567049
v 352.18561436 -108.87586549 216.35567216
v 322.41628744 -125.00007013 259.10259094
v 322.41628715 -110.63557053 259.10259243
v 322.41628715 -110.63557053 259.10259243
v 322.41628744 -125.00007013 259.10259094
v 280.49597296 -125.00006709 224.38011124
v 280.49597264 -108.87586739 224.38011292
v 248.87123927 -125.00007165 263.3057147
v 248.87123899 -110.63557205 263.30571619
v 279.5377645 -108.87586751 225.44448237
v 279.53776483 -125.00006722 225.4444807
v 294.97977158 -125.00007483 299.95749884
v 294.97977129 -110.63557523 299.95750033
v 248.93159001 -110.63557214 264.14194543
v 248.93159029 -125.00007174 264.14194394
v 323.31873573 -125.61637056 262.27865273
v 295.42925263 -125.61637488 299.46520243
v 249.32091026 -125.6163718 263.72711127
v 280.04331563 -125.61636735 225.79683095
v 280.36822291 -125.00006719 225.32982846
v 280.36822259 -108.87586749 225.32983014
v 323.70481416 -110.63557079 261.73881422
v 323.70481445 -125.00007039 261.73881273
v 323.819639 -125.00007048 262.63763373
v 323.81962829 -110.63557088 262.63751647
v 295.88470358 -110.63557521 299.88046891
v 295.88470387 -125.00007481 299.88046742
v 279.68576114 -108.44006742 225.547738
v 280.04331529 -108.25956744 225.79683275
v 280.27313084 -108.4400674 225.46667528
v 279.93888297 -108.52006763 225.32414525
v 279.91539983 -108.87586748 225.21788323
v 279.5377645 -108.87586751 225.44448237
v 280.36822259 -108.87586749 225.32983014
v 279.68576148 -125.43586733 225.54773623
v 279.53776483 -125.00006722 225.4444807
v 279.91540015 -125.00006719 225.21788155
v 279.93888331 -125.35586744 225.3241435
v 280.27313118 -125.43586731 225.46667352
v 280.36822291 -125.00006719 225.32982846
v 323.59181443 -110.1997707 261.89700021
v 323.31872708 -110.01927075 262.27855935
v 323.67287658 -110.19977077 262.53235665
v 323.8311543 -110.27967075 262.17403765
v 323.94632247 -110.63557083 262.15038309
v 323.70481416 -110.63557079 261.73881422
v 323.81962829 -110.63557088 262.63751647
v 323.67287689 -125.43587058 262.53235507
v 323.59181473 -125.43587051 261.89699863
v 323.8311546 -125.35587067 262.17403609
v 323.94632275 -125.00007043 262.1503816
v 323.819639 -125.00007048 262.63763373
v 323.70481445 -125.00007039 261.73881273
v 249.04570781 -110.19977202 264.02049507
v 249.32090995 -110.01927198 263.72711289
v 249.00294033 -110.19977196 263.42918984
v 248.83681414 -110.27967202 263.72324213
v 248.72800797 -110.6355721 263.72223719
v 248.93159001 -110.63557214 264.14194543
v 248.87123899 -110.63557205 263.30571619
v 249.00294063 -125.43587177 263.42918826
v 249.04570811 -125.43587183 264.02049349
v 248.83681444 -125.35587194 263.72324056
v 248.72800826 -125.0000717 263.7222357
v 248.87123927 -125.00007165 263.3057147
v 248.93159029 -125.00007174 264.14194394
v 295.7512582 -110.1997751 299.75887164
v 295.42925232 -110.01927507 299.46520405
v 295.11158149 -110.19977511 299.81341171
v 295.43260835 -110.27967515 299.98950809
v 295.43320832 -110.63557524 300.10732794
v 295.88470358 -110.63557521 299.88046891
v 294.97977129 -110.63557523 299.95750033
v 295.11158179 -125.43587492 299.81341013
v 295.75125851 -125.4358749 299.75887006
v 295.43260865 -125.35587507 299.98950653
v 295.43320861 -125.00007484 300.10732645
v 294.97977158 -125.00007483 299.95749884
v 295.88470387 -125.00007481 299.88046742
v 279.91539983 -108.87586748 225.21788323
v 279.91540015 -125.00006719 225.21788155
v 323.94632275 -125.00007043 262.1503816
v 323.94632247 -110.63557083 262.15038309
v 295.43320861 -125.00007484 300.10732645
v 295.43320832 -110.63557524 300.10732794
v 295.43320832 -110.63557524 300.10732794
v 295.43320861 -125.00007484 300.10732645
v 248.72800826 -125.0000717 263.7222357
v 248.72800797 -110.6355721 263.72223719
v 213.00145141 -125.00007566 296.43147271
v 213.00145113 -110.63557607 296.4314742
v 247.71699337 -110.6355722 264.53153888
v 247.71699366 -125.0000718 264.53153739
v 248.69079612 -125.00007982 340.8928127
v 248.69079583 -110.63558022 340.89281419
v 212.94073235 -110.63557615 297.26767917
v 212.94073264 -125.00007575 297.26767768
v 294.1574851 -125.61637504 300.85372453
v 249.20903152 -125.61637987 340.47822517
v 213.38574189 -125.61637582 296.91319998
v 248.16454782 -125.61637194 264.95513016
v 248.55528516 -125.00007179 264.54158529
v 248.55528487 -110.63557219 264.54158678
v 294.60839397 -110.63557528 300.36290794
v 294.60839426 -125.00007488 300.36290645
v 294.61091003 -125.00007498 301.27105811
v 294.61090974 -110.63557538 301.2710596
v 249.5943621 -110.63558021 340.9592644
v 249.59436239 -125.00007981 340.95926291
v 247.84803577 -110.1997721 264.65554903
v 248.16454751 -110.01927213 264.95513178
v 248.44093808 -110.1997721 264.66274618
v 248.13157833 -110.27967211 264.47205548
v 248.12406989 -110.63557218 264.36360157
v 247.71699337 -110.6355722 264.53153888
v 248.55528487 -110.63557219 264.54158678
v 247.84803607 -125.43587191 264.65554745
v 247.71699366 -125.0000718 264.53153739
v 248.12407018 -125.00007177 264.36360008
v 248.13157863 -125.35587203 264.47205391
v 248.44093838 -125.43587191 264.6627446
v 248.55528516 -125.00007179 264.54158529
v 294.47646999 -110.19977519 300.50679124
v 294.15748479 -110.01927523 300.85372615
v 294.47812123 -110.19977526 301.14890207
v 294.67996397 -110.27967525 300.81117161
v 294.79746257 -110.63557532 300.8014572
v 294.60839397 -110.63557528 300.36290794
v 294.61090974 -110.63557538 301.2710596
v 294.47812153 -125.43587507 301.14890049
v 294.4764703 -125.435875 300.50678966
v 294.67996427 -125.35587517 300.81117004
v 294.7974712 -125.00007492 300.80155072
v 294.61091003 -125.00007498 301.27105811
v 294.60839426 -125.00007488 300.36290645
v 213.07104688 -110.19977604 297.16388226
v 213.38574158 -110.019276 296.9132016
v 213.11391343 -110.19977597 296.57257616
v 212.90716771 -110.27967603 296.83958261
v 212.79970227 -110.63557611 296.82290322
v 212.94073235 -110.63557615 297.26767917
v 213.00145113 -110.63557607 296.4314742
v 213.11391373 -125.43587578 296.57257458
v 213.07104719 -125.43587585 297.16388068
v 212.90716801 -125.35587595 296.83958104
v 212.79970256 -125.00007571 296.82290173
v 213.00145141 -125.00007566 296.43147271
v 212.94073264 -125.00007575 297.26767768
v 249.48150436 -110.1997801 340.81829297
v 249.20903121 -110.01928006 340.47822678
v 248.84266634 -110.1997801 340.77147282
v 249.13207073 -110.27968015 340.99562687
v 249.11466784 -110.63558024 341.11189151
v 249.5943621 -110.63558021 340.9592644
v 248.69079583 -110.63558022 340.89281419
v 248.84266665 -125.43587991 340.77147124
v 249.48150467 -125.4358799 340.81829139
v 249.13207103 -125.35588006 340.9956253
v 249.11466812 -125.00007984 341.11189002
v 248.69079612 -125.00007982 340.8928127
v 249.59436239 -125.00007981 340.95926291
v 248.12406989 -110.63557218 264.36360157
v 248.12407018 -125.00007177 264.36360008
v 294.7974712 -125.00007492 300.80155072
v 294.79746257 -110.63557532 300.8014572
v 249.11466812 -125.00007984 341.11189002
v 249.11466784 -110.63558024 341.11189151
v 249.11466784 -110.63558024 341.11189151
v 249.11466812 -125.00007984 341.11189002
v 212.79970256 -125.00007571 296.82290173
v 212.79970227 -110.63557611 296.82290322
v 177.70028369 -125.00007878 321.08734703
v 177.7002834 -110.63557918 321.08734852
v 211.92180367 -110.63557617 297.28913809
v 211.92180396 -125.00007577 297.2891366
v 201.9569732 -125.00008388 373.00384929
v 201.95697291 -110.63558429 373.00385078
v 177.53381163 -110.63557927 321.90906932
v 177.53381191 -125.00007887 321.90906783
v 247.51364401 -125.61638004 341.82901596
v 202.52918373 -125.61638395 372.66771731
v 178.02026669 -125.61637893 321.61408911
v 212.3041378 -125.61637592 297.77256734
v 212.74994565 -125.00007577 297.41914455
v 212.74994536 -110.63557617 297.41914604
v 248.03346029 -110.63558028 341.41649315
v 248.03346058 -125.00007988 341.41649166
v 247.89634261 -125.00007998 342.31210368
v 247.89634233 -110.63558038 342.31210517
v 202.8417133 -110.63558429 373.19884879
v 202.84171359 -125.00008389 373.1988473
v 212.03371807 -110.19977608 297.43081467
v 212.30413749 -110.01927611 297.77256896
v 212.6194933 -110.19977608 297.52273971
v 212.34065669 -110.27967609 297.28973613
v 212.34870702 -110.63557615 297.1813048
v 211.92180367 -110.63557617 297.28913809
v 212.74994536 -110.63557617 297.41914604
v 212.03371838 -125.43587589 297.43081309
v 211.92180396 -125.00007577 297.2891366
v 212.3487073 -125.00007575 297.18130331
v 212.34065699 -125.35587601 297.28973457
v 212.61949361 -125.43587589 297.52273813
v 212.74994565 -125.00007577 297.41914455
v 247.88135244 -110.19978019 341.53744858
v 247.5136437 -110.01928023 341.82901758
v 247.78423645 -110.19978026 342.17056515
v 248.03507714 -110.27968025 341.86958017
v 248.15232395 -110.63558033 341.87867568
v 248.03346029 -110.63558028 341.41649315
v 247.89634233 -110.63558038 342.31210517
v 247.78423676 -125.43588007 342.17056357
v 247.88135275 -125.43588 341.537447
v 248.03507744 -125.35588017 341.86957861
v 248.15232423 -125.00007993 341.87867419
v 247.89634261 -125.00007998 342.31210368
v 248.03346058 -125.00007988 341.41649166
v 177.67630089 -110.19977915 321.82277625
v 178.02026638 -110.01927912 321.61409073
v 177.79405146 -110.19977909 321.24165113
v 177.55497199 -110.27967914 321.48016651
v 177.45044723 -110.63557922 321.45008952
v 177.53381163 -110.63557927 321.90906932
v 177.7002834 -110.63557918 321.08734852
v 177.79405176 -125.4358789 321.24164955
v 177.6763012 -125.43587896 321.82277467
v 177.5549723 -125.35587906 321.48016494
v 177.45044752 -125.00007882 321.45008803
v 177.70028369 -125.00007878 321.08734703
v 177.53381191 -125.00007887 321.90906783
v 202.75017335 -110.19978417 373.0433455
v 202.52918342 -110.01928414 372.66771893
v 202.12462415 -110.19978417 372.9055126
v 202.37900428 -110.27978424 373.16868882
v 202.34521867 -110.63558431 373.28126958
v 202.8417133 -110.63558429 373.19884879
v 201.95697291 -110.63558429 373.00385078
v 202.12462446 -125.43588398 372.90551102
v 202.75017366 -125.43588398 373.04334392
v 202.37900458 -125.35588414 373.16868725
v 202.34521896 -125.00008391 373.28126809
v 201.9569732 -125.00008388 373.00384929
v 202.84171359 -125.00008389 373.1988473
v 212.34870702 -110.63557615 297.1813048
v 212.3487073 -125.00007575 297.18130331
v 248.15232423 -125.00007993 341.87867419
v 248.15232395 -110.63558033 341.87867568
v 202.34521896 -125.00008391 373.28126809
v 202.34521867 -110.63558431 373.28126958
v 202.34521867 -110.63558431 373.28126958
v 202.34521896 -125.00008391 373.28126809
v 177.45044752 -125.00007882 321.45008803
v 177.45044723 -110.63557922 321.45008952
v 134.75062885 -125.00008173 343.14905513
v 134.75062857 -110.63558213 343.14905662
v 176.20865277 -110.63557929 321.98832777
v 176.20865305 -125.00007889 321.98832628
v 160.84518841 -125.00008669 393.97948293
v 160.84518812 -110.6355871 393.97948442
v 134.46889329 -110.63558222 343.93860344
v 134.46889358 -125.00008182 343.93860195
v 198.82221172 -125.61638368 369.5994932
v 161.45278039 -125.61638676 393.71242904
v 134.99242083 -125.61638189 343.71587965
v 176.52598023 -125.61637905 322.51671353
v 177.01340092 -125.00007891 322.22346911
v 177.01340063 -110.63557931 322.2234706
v 199.38877476 -110.63558393 369.26869306
v 199.38877504 -125.00008353 369.26869157
v 199.13256721 -125.00008362 370.13189104
v 199.13256692 -110.63558402 370.13189253
v 161.70123585 -110.63558711 394.27637268
v 161.70123614 -125.00008671 394.27637119
v 176.30164666 -110.1997792 322.14308126
v 176.52597992 -110.01927924 322.51671515
v 176.87075716 -110.19977921 322.30937042
v 176.62399811 -110.27967922 322.04262934
v 176.64595225 -110.63557928 321.93608904
v 176.20865277 -110.63557929 321.98832777
v 177.01340063 -110.63557931 322.2234706
v 176.30164697 -125.43587901 322.14307968
v 176.20865305 -125.00007889 321.98832628
v 176.64595254 -125.00007888 321.93608755
v 176.62399841 -125.35587913 322.04262778
v 176.87075747 -125.43587902 322.30936884
v 177.01340092 -125.00007891 322.22346911
v 199.22291723 -110.19978384 369.36565329
v 198.82221141 -110.01928387 369.59949482
v 199.04167051 -110.1997839 369.97594982
v 199.32882774 -110.27978392 369.71583898
v 199.44275154 -110.63558398 369.74188386
v 199.38877476 -110.63558393 369.26869306
v 199.13256692 -110.63558402 370.13189253
v 199.04167082 -125.43588371 369.97594824
v 199.22291753 -125.43588365 369.36565171
v 199.32882805 -125.35588382 369.71583741
v 199.44275183 -125.00008358 369.74188237
v 199.13256721 -125.00008362 370.13189104
v 199.38877504 -125.00008353 369.26869157
v 134.62229265 -110.1997821 343.87353917
v 134.99242052 -110.01928208 343.71588127
v 134.82151616 -110.19978204 343.31508443
v 134.5509532 -110.27968209 343.51720784
v 134.45186203 -110.63558217 343.47241352
v 134.46889329 -110.63558222 343.93860344
v 134.75062857 -110.63558213 343.14905662
v 134.82151646 -125.43588185 343.31508285
v 134.62229295 -125.43588191 343.87353759
v 134.55095351 -125.35588201 343.51720628
v 134.45186232 -125.00008177 343.47241203
v 134.75062885 -125.00008173 343.14905513
v 134.46889358 -125.00008182 343.93860195
v 161.62841365 -110.19978699 394.11120884
v 161.45278008 -110.01928695 393.71243065
v 161.02315127 -110.19978698 393.90142233
v 161.24514708 -110.27978706 394.1925232
v 161.19842151 -110.63558712 394.30042385
v 161.70123585 -110.63558711 394.27637268
v 160.84518812 -110.6355871 393.97948442
v 161.02315157 -125.43588679 393.90142075
v 161.62841395 -125.4358868 394.11120726
v 161.24514739 -125.35588695 394.19252164
v 161.1984218 -125.00008672 394.30042236
v 160.84518841 -125.00008669 393.97948293
v 161.70123614 -125.00008671 394.27637119
v 176.64595225 -110.63557928 321.93608904
v 176.64595254 -125.00007888 321.93608755
v 199.44275183 -125.00008358 369.74188237
v 199.44275154 -110.63558398 369.74188386
v 161.1984218 -125.00008672 394.30042236
v 161.19842151 -110.63558712 394.30042385
v 161.19842151 -110.63558712 394.30042385
v 161.1984218 -125.00008672 394.30042236
v 134.45186232 -125.00008177 343.47241203
v 134.45186203 -110.63558217 343.47241352
v 89.14292825 -125.00008405 358.85669278
v 89.14292796 -110.63558445 358.85669427
v 133.18993842 -110.63558222 343.80994097
v 133.18993871 -125.00008182 343.80993948
v 107.73979348 -125.00008946 412.88280602
v 107.73979319 -110.63558986 412.88280751
v 88.75166439 -110.63558454 359.59815055
v 88.75166468 -125.00008413 359.59814906
v 159.47512627 -125.61638688 394.57734863
v 108.37919446 -125.61638954 412.70493677
v 89.30160434 -125.61638422 359.45220883
v 133.42873067 -125.61638198 344.37803252
v 133.953008 -125.00008185 344.15703952
v 133.95300772 -110.63558225 344.15704101
v 160.08361724 -110.63558714 394.31263471
v 160.08361753 -125.00008674 394.31263322
v 159.72049533 -125.00008683 395.14266265
v 159.72049504 -110.63558723 395.14266414
v 108.54491993 -110.6355899 413.29842363
v 108.54492022 -125.0000895 413.29842214
v 133.25985558 -110.19978213 343.97636509
v 133.42873035 -110.01928217 344.37803414
v 133.79949666 -110.19978215 344.22192371
v 133.59322963 -110.27968215 343.92269308
v 133.63003647 -110.63558222 343.82040175
v 133.18993842 -110.63558222 343.80994097
v 133.95300772 -110.63558225 344.15704101
v 133.25985589 -125.43588194 343.97636351
v 133.18993871 -125.00008182 343.80993948
v 133.63003676 -125.00008182 343.82040026
v 133.59322994 -125.35588207 343.92269152
v 133.79949697 -125.43588196 344.22192213
v 133.953008 -125.00008185 344.15703952
v 159.90552572 -110.19978705 394.39032521
v 159.47512596 -110.01928707 394.57735025
v 159.64864535 -110.19978711 394.97712773
v 159.96859557 -110.27978713 394.75087663
v 160.0795147 -110.63558719 394.78972638
v 160.08361724 -110.63558714 394.31263471
v 159.72049504 -110.63558723 395.14266414
v 159.64864566 -125.43588692 394.97712615
v 159.90552603 -125.43588686 394.39032363
v 159.96859587 -125.35588703 394.75087506
v 160.07951499 -125.00008679 394.78972489
v 159.72049533 -125.00008683 395.14266265
v 160.08361753 -125.00008674 394.31263322
v 88.91275173 -110.19978442 359.55550736
v 89.30160403 -110.01928441 359.45221045
v 89.18946904 -110.19978436 359.03110559
v 88.89284713 -110.27978444 359.19265125
v 88.8011155 -110.63558449 359.13435869
v 88.75166439 -110.63558454 359.59815055
v 89.14292796 -110.63558445 358.85669427
v 89.18946934 -125.43588417 359.03110401
v 88.91275203 -125.43588423 359.55550578
v 88.89284743 -125.35588433 359.19264968
v 88.80111579 -125.00008409 359.1343572
v 89.14292825 -125.00008405 358.85669278
v 88.75166468 -125.00008413 359.59814906
v 108.49632422 -110.19978977 413.1245996
v 108.37919415 -110.01928973 412.70493839
v 107.92708413 -110.19978975 412.83085194
v 108.10530598 -110.27968981 413.15058991
v 108.04372378 -110.6355899 413.2506519
v 108.54491993 -110.6355899 413.29842363
v 107.73979319 -110.63558986 412.88280751
v 107.92708443 -125.43588956 412.83085036
v 108.49632452 -125.43588958 413.12459802
v 108.10530628 -125.35588973 413.15058834
v 108.04372407 -125.0000895 413.25065041
v 107.73979348 -125.00008946 412.88280602
v 108.54492022 -125.0000895 413.29842214
v 133.63003647 -110.63558222 343.82040175
v 133.63003676 -125.00008182 343.82040026
v 160.07951499 -125.00008679 394.78972489
v 160.0795147 -110.63558719 394.78972638
v 108.04372407 -125.0000895 413.25065041
v 108.04372378 -110.6355899 413.2506519
v 108.04372378 -110.6355899 413.2506519
v 108.04372407 -125.0000895 413.25065041
v 88.80111579 -125.00008409 359.1343572
v 88.8011155 -110.63558449 359.13435869
v 2.05285707 -125.00008653 370.24853792
v 2.05285678 -110.63558693 370.24853941
v 50.6496602 -110.63558585 366.74669048
v 50.64966048 -125.00008545 366.74668899
v 6.82467159 -125.00009264 428.95614377
v 6.82467131 -110.63559304 428.95614526
v 1.48381173 -110.635587 370.86424803
v 1.48381202 -125.0000866 370.86424654
v 53.69716655 -125.61639152 423.88012476
v 7.49119163 -125.61639273 428.94764119
v 2.05273731 -125.6163867 370.86481233
v 50.73813244 -125.61638562 367.35657596
v 51.30102098 -125.00008549 367.2744549
v 51.3010207 -110.63558589 367.27445639
v 54.35496468 -110.6355918 423.7929779
v 54.35496497 -125.00009139 423.79297641
v 53.77760707 -125.00009148 424.49121938
v 53.77760678 -110.63559188 424.49122087
v 7.49949221 -110.63559309 429.56387223
v 7.4994925 -125.00009269 429.56387074
v 50.6754855 -110.19978576 366.92531334
v 50.73813213 -110.0192858 367.35657758
v 51.13617483 -110.19978579 367.29854602
v 51.01177674 -110.27978581 366.9572348
v 51.07315653 -110.63558585 366.86741011
v 50.6496602 -110.63558585 366.74669048
v 51.3010207 -110.63558589 367.27445639
v 50.6754858 -125.43588557 366.92531176
v 50.64966048 -125.00008545 366.74668899
v 51.07315682 -125.00008545 366.86740862
v 51.01177704 -125.3558857 366.95723323
v 51.13617513 -125.4358856 367.29854444
v 51.30102098 -125.00008549 367.2744549
v 54.16237229 -110.1997917 423.81861726
v 53.69716624 -110.01929171 423.88012638
v 53.75406859 -110.19979175 424.31220589
v 54.12386492 -110.27969176 424.182675
v 54.21977341 -110.63559185 424.25065297
v 54.35496468 -110.6355918 423.7929779
v 53.77760678 -110.63559188 424.49122087
v 53.7540689 -125.43589156 424.31220431
v 54.16237259 -125.43589151 423.81861568
v 54.12386523 -125.35589168 424.18267344
v 54.2197737 -125.00009144 424.25065148
v 53.77760707 -125.00009148 424.49121938
v 54.35496497 -125.00009139 423.79297641
v 1.65037091 -110.19978689 370.86458783
v 2.052737 -110.01928689 370.86481395
v 2.05282979 -110.19978684 370.42902443
v 1.7246455 -110.27978691 370.50883105
v 1.65096247 -110.63558695 370.42875451
v 1.48381173 -110.635587 370.86424803
v 2.05285678 -110.63558693 370.24853941
v 2.05283009 -125.43588665 370.42902285
v 1.65037121 -125.4358867 370.86458625
v 1.7246458 -125.3558868 370.50882949
v 1.65096275 -125.00008655 370.42875302
v 2.05285707 -125.00008653 370.24853792
v 1.48381202 -125.0000866 370.86424654
v 7.49710161 -110.19979297 429.38338409
v 7.49119132 -110.01929292 428.94764281
v 7.01980947 -110.19979293 428.95378525
v 7.11077522 -110.27969299 429.30848972
v 7.02524476 -110.63559308 429.3895682
v 7.49949221 -110.63559309 429.56387223
v 6.82467131 -110.63559304 428.95614526
v 7.01980978 -125.43589274 428.95378367
v 7.49710192 -125.43589278 429.38338251
v 7.11077552 -125.35589291 429.30848816
v 7.02524505 -125.00009268 429.38956671
v 6.82467159 -125.00009264 428.95614377
v 7.4994925 -125.00009269 429.56387074
v 51.07315653 -110.63558585 366.86741011
v 51.07315682 -125.00008545 366.86740862
v 54.2197737 -125.00009144 424.25065148
v 54.21977341 -110.63559185 424.25065297
v 7.02524505 -125.00009268 429.38956671
v 7.02524476 -110.63559308 429.3895682
v 7.02524476 -110.63559308 429.3895682
v 7.02524505 -125.00009268 429.38956671
v 1.65096275 -125.00008655 370.42875302
v 1.65096247 -110.63558695 370.42875451
v -46.44145637 -125.00008687 366.7450997
v -46.44145666 -110.63558727 366.74510119
v 0.57477631 -110.63558695 370.24505474
v 0.5747766 -125.00008655 370.24505325
v -54.45797415 -125.00009293 423.19226319
v -54.45797444 -110.63559333 423.19226468
v -47.09294747 -110.63558734 367.2727906
v -47.09294718 -125.00008694 367.27278911
v 5.84964568 -125.61639276 428.96652141
v -53.80108683 -125.61639304 423.28670642
v -46.52999638 -125.61638704 367.35498995
v 0.57195427 -125.61638672 370.86134947
v 1.14091586 -125.00008661 370.86342001
v 1.14091558 -110.63558701 370.8634215
v 6.51609131 -110.63559304 428.9596305
v 6.5160916 -125.00009264 428.95962901
v 5.85545981 -125.00009272 429.58277775
v 5.85545952 -110.63559312 429.58277924
v -53.8882721 -110.6355934 423.89676655
v -53.88827181 -125.00009299 423.89676506
v 0.57395722 -110.19978686 370.42551355
v 0.57194562 -110.01928691 370.86125608
v 0.97422095 -110.1997869 370.86290221
v 0.9017344 -110.27978692 370.50686303
v 0.97573379 -110.63558696 370.42720342
v 0.57477631 -110.63558695 370.24505474
v 1.14091558 -110.63558701 370.8634215
v 0.57395752 -125.43588667 370.42551197
v 0.5747766 -125.00008655 370.24505325
v 0.97573408 -125.00008656 370.42720193
v 0.90173471 -125.35588681 370.50686147
v 0.97422125 -125.43588671 370.86290063
v 1.14091586 -125.00008661 370.86342001
v 6.32092811 -110.19979294 428.96170559
v 5.84964536 -110.01929295 428.96652303
v 5.85366269 -110.19979299 429.40223898
v 6.23822542 -110.279693 429.31851322
v 6.32555797 -110.63559309 429.39758316
v 6.51609131 -110.63559304 428.9596305
v 5.85545952 -110.63559312 429.58277924
v 5.85366299 -125.4358928 429.4022374
v 6.32092842 -125.43589275 428.96170401
v 6.23822573 -125.35589292 429.31851166
v 6.32555825 -125.00009269 429.39758167
v 5.85545981 -125.00009272 429.58277775
v 6.5160916 -125.00009264 428.95962901
v -46.92817217 -110.19978723 367.29698115
v -46.52999669 -110.01928723 367.35499156
v -46.46746695 -110.19978719 366.9237741
v -46.80366965 -110.27978724 366.9555798
v -46.86506407 -110.63558729 366.86580863
v -47.09294747 -110.63558734 367.2727906
v -46.44145666 -110.63558727 366.74510119
v -46.46746665 -125.435887 366.92377252
v -46.92817186 -125.43588704 367.29697957
v -46.80366935 -125.35588714 366.95557823
v -46.86506379 -125.00008689 366.86580714
v -46.44145637 -125.00008687 366.7450997
v -47.09294718 -125.00008694 367.27278911
v -53.86269767 -110.19979327 423.71803625
v -53.80108714 -110.01929322 423.28670803
v -54.2655982 -110.19979322 423.22006397
v -54.23098562 -110.27969329 423.58442938
v -54.32770042 -110.63559338 423.65124384
v -53.8882721 -110.6355934 423.89676655
v -54.45797444 -110.63559333 423.19226468
v -54.2655979 -125.43589303 423.22006239
v -53.86269737 -125.43589308 423.71803467
v -54.23098532 -125.35589321 423.58442782
v -54.32770013 -125.00009298 423.65124236
v -54.45797415 -125.00009293 423.19226319
v -53.88827181 -125.00009299 423.89676506
v 0.97573379 -110.63558696 370.42720342
v 0.97573408 -125.00008656 370.42720193
v 6.32555825 -125.00009269 429.39758167
v 6.32555797 -110.63559309 429.39758316
v -54.32770013 -125.00009298 423.65124236
v -54.32770042 -110.63559338 423.65124384
v -54.32770042 -110.63559338 423.65124384
v -54.32770013 -125.00009298 423.65124236
v -46.86506379 -125.00008689 366.86580714
v -46.86506407 -110.63558729 366.86580863
v -88.57434224 -125.00008655 357.86256748
v -88.57434253 -110.63558696 357.86256897
v -47.80566575 -110.63558727 366.54441426
v -47.80566546 -125.00008687 366.54441277
v -109.84952997 -125.00009247 411.07037971
v -109.84953026 -110.63559287 411.0703812
v -89.28765722 -110.63558701 358.30322944
v -89.28765694 -125.00008661 358.30322795
v -55.94602292 -125.61639303 422.97403637
v -109.21291198 -125.61639258 411.25783649
v -88.73969974 -125.61638673 358.4561998
v -47.89658722 -125.61638704 367.15388979
v -47.33395973 -125.00008694 367.23731579
v -47.33396001 -110.63558734 367.23731728
v -55.2895262 -110.63559333 423.07112422
v -55.28952592 -125.00009293 423.07112273
v -56.03659343 -125.00009299 423.58369808
v -56.03659372 -110.63559339 423.58369957
v -109.38646513 -110.63559294 411.8491741
v -109.38646484 -125.00009254 411.84917261
v -47.83236816 -110.19978719 366.72283678
v -47.89658753 -110.01928723 367.1538914
v -47.49869617 -110.19978723 367.21302766
v -47.51961995 -110.27978724 366.85028494
v -47.43496014 -110.63558729 366.7819197
v -47.80566575 -110.63558727 366.54441426
v -47.33396001 -110.63558734 367.23731728
v -47.83236785 -125.43588699 366.7228352
v -47.80566546 -125.00008687 366.54441277
v -47.43495985 -125.00008689 366.78191821
v -47.51961965 -125.35588714 366.85028337
v -47.49869586 -125.43588704 367.21302608
v -47.33395973 -125.00008694 367.23731579
v -55.48185123 -110.19979322 423.04281792
v -55.94602323 -110.01929322 422.97403798
v -56.01008967 -110.19979327 423.40519882
v -55.61888002 -110.27969329 423.38220732
v -55.54539516 -110.63559338 423.47393287
v -55.2895262 -110.63559333 423.07112422
v -56.03659372 -110.63559339 423.58369957
v -56.01008936 -125.43589308 423.40519724
v -55.48185093 -125.43589303 423.04281634
v -55.61887972 -125.35589321 423.38220575
v -55.54539487 -125.00009297 423.47393138
v -56.03659343 -125.00009299 423.58369808
v -55.28952592 -125.00009293 423.07112273
v -89.12718811 -110.19978691 358.34816535
v -88.73970005 -110.01928691 358.45620142
v -88.62283659 -110.19978687 358.03648994
v -88.96041435 -110.27978692 358.02535993
v -89.00974629 -110.63558697 357.92849882
v -89.28765722 -110.63558701 358.30322944
v -88.57434253 -110.63558696 357.86256897
v -88.62283628 -125.43588668 358.03648836
v -89.1271878 -125.43588672 358.34816377
v -88.96041405 -125.35588682 358.02535837
v -89.009746 -125.00008657 357.92849733
v -88.57434224 -125.00008655 357.86256748
v -89.28765694 -125.00008661 358.30322795
v -109.33570474 -110.19979282 411.67598772
v -109.21291229 -110.01929277 411.25783811
v -109.66308659 -110.19979277 411.12548278
v -109.68097373 -110.27979285 411.49105747
v -109.78633365 -110.63559292 411.54336113
v -109.38646513 -110.63559294 411.8491741
v -109.84953026 -110.63559287 411.0703812
v -109.66308629 -125.43589257 411.1254812
v -109.33570443 -125.43589263 411.67598614
v -109.68097343 -125.35589275 411.49105591
v -109.78633336 -125.00009251 411.54335964
v -109.84952997 -125.00009247 411.07037971
v -109.38646484 -125.00009254 411.84917261
v -47.43496014 -110.63558729 366.7819197
v -47.43495985 -125.00008689 366.78191821
v -55.54539487 -125.00009297 423.47393138
v -55.54539516 -110.63559338 423.47393287
v -109.78633336 -125.00009251 411.54335964
v -109.78633365 -110.63559292 411.54336113
v -109.78633365 -110.63559292 411.54336113
v -109.78633336 -125.00009251 411.54335964
v -89.009746 -125.00008657 357.92849733
v -89.00974629 -110.63558697 357.92849882
v -134.04726253 -125.00008551 341.62652491
v -134.04726282 -110.63558591 341.6265264
v -90.25202062 -110.63558693 357.39096787
v -90.25202034 -125.00008653 357.39096638
v -153.27294199 -125.00009146 395.43191055
v -153.27294228 -110.63559186 395.43191204
v -134.81594383 -110.63558596 341.96101874
v -134.81594354 -125.00008556 341.96101726
v -109.51076372 -125.61639208 406.4549859
v -152.66261156 -125.61639158 395.69235022
v -134.2953946 -125.61638568 342.19056464
v -90.42032588 -125.6163867 357.98373257
v -89.87286696 -125.0000866 358.13866296
v -89.87286725 -110.635587 358.13866445
v -108.88189795 -110.63559239 406.641928
v -108.88189766 -125.00009199 406.64192651
v -109.68691336 -125.00009204 407.04564046
v -109.68691365 -110.63559244 407.04564195
v -152.90396694 -110.63559194 396.25943465
v -152.90396665 -125.00009154 396.25943316
v -90.30131223 -110.19978684 357.56452803
v -90.42032619 -110.01928689 357.98373419
v -90.03327682 -110.1997869 358.09331653
v -90.00745597 -110.27978691 357.73087486
v -89.91465119 -110.63558696 357.6740487
v -90.25202062 -110.63558693 357.39096787
v -89.87286725 -110.635587 358.13866445
v -90.30131192 -125.43588665 357.56452645
v -90.25202034 -125.00008653 357.39096638
v -89.91465091 -125.00008655 357.67404721
v -90.00745567 -125.3558868 357.73087329
v -90.03327651 -125.43588671 358.09331495
v -89.87286696 -125.0000866 358.13866296
v -109.06609612 -110.19979228 406.5873235
v -109.51076403 -110.01929227 406.45498752
v -109.63532072 -110.19979232 406.8726697
v -109.24909645 -110.27969234 406.90413369
v -109.19012195 -110.63559243 407.00505479
v -108.88189795 -110.63559239 406.641928
v -109.68691365 -110.63559244 407.04564195
v -109.63532042 -125.43589213 406.87266812
v -109.06609582 -125.43589209 406.58732192
v -109.24909615 -125.35589226 406.90413213
v -109.19012167 -125.00009203 407.0050533
v -109.68691336 -125.00009204 407.04564046
v -108.88189766 -125.00009199 406.64192651
v -134.66346634 -110.19978586 342.02833983
v -134.29539491 -110.01928587 342.19056626
v -134.11989215 -110.19978583 341.79160414
v -134.45242961 -110.27978588 341.73264341
v -134.48755021 -110.63558592 341.62972434
v -134.81594383 -110.63558596 341.96101874
v -134.04726282 -110.63558591 341.6265264
v -134.11989184 -125.43588564 341.79160256
v -134.66346603 -125.43588567 342.02833825
v -134.45242931 -125.35588577 341.73264184
v -134.48754992 -125.00008552 341.62972285
v -134.04726253 -125.00008551 341.62652491
v -134.81594354 -125.00008556 341.96101726
v -152.83320148 -110.19979182 396.09329998
v -152.66261187 -110.01929177 395.69235184
v -153.09415862 -110.19979176 395.50826875
v -153.15461132 -110.27979185 395.86934624
v -153.26538241 -110.63559191 395.90908106
v -152.90396694 -110.63559194 396.25943465
v -153.27294228 -110.63559186 395.43191204
v -153.09415831 -125.43589157 395.50826717
v -152.83320117 -125.43589163 396.0932984
v -153.15461102 -125.35589174 395.86934468
v -153.26538213 -125.00009151 395.90907958
v -153.27294199 -125.00009146 395.43191055
v -152.90396665 -125.00009154 396.25943316
v -89.91465119 -110.63558696 357.6740487
v -89.91465091 -125.00008655 357.67404721
v -109.19012167 -125.00009203 407.0050533
v -109.19012195 -110.63559243 407.00505479
v -153.26538213 -125.00009151 395.90907958
v -153.26538241 -110.63559191 395.90908106
v -153.26538241 -110.63559191 395.90908106
v -153.26538213 -125.00009151 395.90907958
v -134.48754992 -125.00008552 341.62972285
v -134.48755021 -110.63558592 341.62972434
v -176.7035132 -125.00008377 319.10481811
v -176.70351349 -110.63558417 319.1048196
v -135.59689335 -110.63558587 340.94008435
v -135.59689306 -125.00008546 340.94008286
v -203.38927544 -125.00008948 369.6274964
v -203.38927573 -110.63558988 369.62749789
v -177.51214154 -110.63558421 319.32666872
v -177.51214125 -125.0000838 319.32666723
v -154.64631127 -125.61639152 394.84162411
v -202.82219706 -125.61638961 369.97214885
v -177.02943275 -125.61638394 319.62791386
v -135.8479486 -125.61638563 341.50299104
v -135.32812337 -125.00008554 341.73410988
v -135.32812365 -110.63558595 341.73411137
v -154.03689023 -110.63559184 395.10425133
v -154.03688994 -125.00009143 395.10424984
v -154.89066443 -125.00009148 395.40727091
v -154.89066471 -110.63559188 395.4072724
v -203.14175657 -110.63558997 370.498996
v -203.14175628 -125.00008957 370.49899451
v -135.67045229 -110.19978578 341.10493255
v -135.84794891 -110.01928582 341.50299266
v -135.48042784 -110.19978583 341.6665837
v -135.40327147 -110.27978585 341.31148345
v -135.30347041 -110.6355859 341.26837942
v -135.59689335 -110.63558587 340.94008435
v -135.32812365 -110.63558595 341.73411137
v -135.67045199 -125.43588559 341.10493097
v -135.59689306 -125.00008546 340.94008286
v -135.30347012 -125.00008549 341.26837793
v -135.40327116 -125.35588574 341.31148189
v -135.48042753 -125.43588564 341.66658212
v -135.32812337 -125.00008554 341.73410988
v -154.21537684 -110.19979172 395.02746177
v -154.64631158 -110.01929171 394.84162572
v -154.81919047 -110.19979176 395.24157812
v -154.43534479 -110.27979181 395.32011269
v -154.38775361 -110.63559187 395.4276812
v -154.03689023 -110.63559184 395.10425133
v -154.89066471 -110.63559188 395.4072724
v -154.81919016 -125.43589157 395.24157654
v -154.21537654 -125.43589153 395.02746019
v -154.43534449 -125.3558917 395.32011113
v -154.38775332 -125.00009147 395.42767971
v -154.89066443 -125.00009148 395.40727091
v -154.03688994 -125.00009143 395.10424984
v -177.37084374 -110.19978411 319.41495551
v -177.02943306 -110.01928412 319.62791548
v -176.79900819 -110.19978408 319.25807064
v -177.11976305 -110.27978413 319.15229095
v -177.14001384 -110.63558417 319.04536229
v -177.51214154 -110.63558421 319.32666872
v -176.70351349 -110.63558417 319.1048196
v -176.79900788 -125.43588389 319.25806905
v -177.37084344 -125.43588392 319.41495393
v -177.11976274 -125.35588402 319.15228939
v -177.14001355 -125.00008377 319.0453608
v -176.7035132 -125.00008377 319.10481811
v -177.51214125 -125.0000838 319.32666723
v -203.04807615 -110.19978984 370.34470762
v -202.82219738 -110.0192898 369.97215046
v -203.22321787 -110.19978978 369.72847424
v -203.33443799 -110.27978987 370.07723013
v -203.44964417 -110.63558993 370.10079222
v -203.14175657 -110.63558997 370.498996
v -203.38927573 -110.63558988 369.62749789
v -203.22321757 -125.43588959 369.72847266
v -203.04807585 -125.43588965 370.34470604
v -203.33443769 -125.35588977 370.07722856
v -203.44964388 -125.00008953 370.10079073
v -203.38927544 -125.00008948 369.6274964
v -203.14175628 -125.00008957 370.49899451
v -135.30347041 -110.6355859 341.26837942
v -135.30347012 -125.00008549 341.26837793
v -154.38775332 -125.00009147 395.42767971
v -154.38775361 -110.63559187 395.4276812
v -203.44964388 -125.00008953 370.10079073
v -203.44964417 -110.63558993 370.10079222
v -203.44964417 -110.63558993 370.10079222
v -203.44964388 -125.00008953 370.10079073
v -177.14001355 -125.00008377 319.0453608
v -177.14001384 -110.63558417 319.04536229
v -207.36381233 -125.00008195 297.55712295
v -207.36381262 -110.63558235 297.55712444
v -178.07955533 -110.6355841 318.2430267
v -178.07955505 -125.0000837 318.24302521
v -245.02758881 -125.00008661 336.57617047
v -245.0275891 -110.63558701 336.57617196
v -208.19180691 -110.63558238 297.68812242
v -208.19180662 -125.00008198 297.68812093
v -204.59335095 -125.61638952 368.89145889
v -244.51597854 -125.61638675 336.99074255
v -207.74560202 -125.61638211 298.04084536
v -178.40791099 -125.61638387 318.76453979
v -177.92616371 -125.00008378 319.06737873
v -177.926164 -110.63558419 319.06738022
v -204.02749408 -110.63558985 369.23801514
v -204.02749379 -125.00008945 369.23801365
v -204.91577407 -125.00008948 369.4167609
v -204.91577436 -110.63558988 369.41676239
v -244.90348725 -110.6355871 337.46984673
v -244.90348697 -125.0000867 337.46984524
v -178.17575883 -110.19978401 318.39583735
v -178.4079113 -110.01928405 318.76454141
v -178.06725141 -110.19978407 318.97876391
v -177.94046587 -110.27978409 318.63828705
v -177.83556187 -110.63558414 318.60969358
v -178.07955533 -110.6355841 318.2430267
v -177.926164 -110.63558419 319.06738022
v -178.17575852 -125.43588382 318.39583577
v -178.07955505 -125.0000837 318.24302521
v -177.83556159 -125.00008373 318.60969209
v -177.94046557 -125.35588398 318.63828549
v -178.0672511 -125.43588388 318.97876233
v -177.92616371 -125.00008378 319.06737873
v -204.1933953 -110.19978973 369.1366422
v -204.59335126 -110.01928971 368.8914605
v -204.82134599 -110.19978976 369.26281523
v -204.45260059 -110.27978982 369.39508953
v -204.42088165 -110.63558988 369.50833522
v -204.02749408 -110.63558985 369.23801514
v -204.91577436 -110.63558988 369.41676239
v -204.82134568 -125.43588957 369.26281365
v -204.19339499 -125.43588954 369.13664062
v -204.45260029 -125.35588971 369.39508796
v -204.42088137 -125.00008948 369.50833373
v -204.91577407 -125.00008948 369.4167609
v -204.02749379 -125.00008945 369.23801365
v -208.06110492 -110.19978228 297.7914839
v -207.74560233 -110.0192823 298.04084698
v -207.47555084 -110.19978226 297.69873345
v -207.78240034 -110.2797823 297.55832213
v -207.79073506 -110.63558235 297.44972534
v -208.19180691 -110.63558238 297.68812242
v -207.36381262 -110.63558235 297.55712444
v -207.47555053 -125.43588207 297.69873187
v -208.06110461 -125.43588209 297.79148232
v -207.78240004 -125.3558822 297.55832057
v -207.79073477 -125.00008195 297.44972385
v -207.36381233 -125.00008195 297.55712295
v -208.19180662 -125.00008198 297.68812093
v -244.79001102 -110.19978698 337.32949734
v -244.51597885 -110.01928694 336.99074417
v -244.87783361 -110.19978692 336.69755841
v -245.03553009 -110.27978701 337.02780024
v -245.15227289 -110.63558706 337.03603616
v -244.90348725 -110.6355871 337.46984673
v -245.0275891 -110.63558701 336.57617196
v -244.87783331 -125.43588673 336.69755683
v -244.79001072 -125.43588679 337.32949576
v -245.03552978 -125.3558869 337.02779867
v -245.1522726 -125.00008666 337.03603467
v -245.02758881 -125.00008661 336.57617047
v -244.90348697 -125.0000867 337.46984524
v -177.83556187 -110.63558414 318.60969358
v -177.83556159 -125.00008373 318.60969209
v -204.42088137 -125.00008948 369.50833373
v -204.42088165 -110.63558988 369.50833522
v -245.1522726 -125.00008666 337.03603467
v -245.15227289 -110.63558706 337.03603616
v -245.15227289 -110.63558706 337.03603616
v -245.1522726 -125.00008666 337.03603467
v -207.79073477 -125.00008195 297.44972385
v -207.79073506 -110.63558235 297.44972534
v -244.58916347 -125.0000789 263.37311557
v -244.58916376 -110.6355793 263.37311706
v -208.79099123 -110.63558226 296.42465618
v -208.79099095 -125.00008185 296.42465469
v -284.14680495 -125.00008407 307.01415872
v -284.14680524 -110.63558448 307.01416021
v -245.42754238 -110.63557932 263.37925586
v -245.4275421 -125.00007891 263.37925437
v -248.38005572 -125.61638689 337.73122877
v -283.68469905 -125.61638422 307.4946088
v -245.03874475 -125.61637906 263.79452958
v -209.17534747 -125.61638202 296.9064005
v -208.73033951 -125.00008194 297.26076183
v -208.73033979 -110.63558234 297.26076332
v -247.86646876 -110.63558722 338.15142087
v -247.86646847 -125.00008682 338.15141938
v -248.77069728 -125.00008684 338.20790196
v -248.77069756 -110.63558724 338.20790345
v -284.1284306 -110.63558457 307.92214057
v -284.12843031 -125.00008417 307.92213908
v -208.90358909 -110.19978217 296.5657423
v -209.17534778 -110.01928221 296.90640212
v -208.86072806 -110.19978223 297.15715899
v -208.69671695 -110.27978224 296.83287284
v -208.58928147 -110.63558229 296.8162154
v -208.79099123 -110.63558226 296.42465618
v -208.73033979 -110.63558234 297.26076332
v -208.90358879 -125.43588198 296.56574072
v -208.79099095 -125.00008185 296.42465469
v -208.58928118 -125.00008189 296.81621391
v -208.69671665 -125.35588214 296.83287127
v -208.86072776 -125.43588204 297.15715741
v -208.73033951 -125.00008194 297.26076183
v -248.0169877 -110.1997871 338.02842616
v -248.38005604 -110.01928708 337.73123039
v -248.65625002 -110.19978712 338.06825862
v -248.30888365 -110.27978718 338.24927114
v -248.29271873 -110.63558725 338.3658206
v -247.86646876 -110.63558722 338.15142087
v -248.77069756 -110.63558724 338.20790345
v -248.65624972 -125.43588693 338.06825704
v -248.0169874 -125.43588691 338.02842458
v -248.30888335 -125.35588708 338.24926958
v -248.29271845 -125.00008685 338.36581911
v -248.77069728 -125.00008684 338.20790196
v -247.86646847 -125.00008682 338.15141938
v -245.31366078 -110.19977922 263.50094283
v -245.03874506 -110.01927925 263.7945312
v -244.72088092 -110.19977921 263.49651905
v -245.00341693 -110.27977925 263.31189865
v -244.99547828 -110.63557929 263.20328565
v -245.42754238 -110.63557932 263.37925586
v -244.58916376 -110.6355793 263.37311706
v -244.72088062 -125.43587902 263.49651747
v -245.31366048 -125.43587903 263.50094125
v -245.00341663 -125.35587914 263.31189708
v -244.99547799 -125.00007889 263.20328416
v -244.58916347 -125.0000789 263.37311557
v -245.4275421 -125.00007891 263.37925437
v -283.99849317 -110.19978445 307.79700412
v -283.68469937 -110.01928441 307.49461042
v -284.01157044 -110.19978438 307.15498666
v -284.20808695 -110.27978447 307.46396022
v -284.32577969 -110.63558452 307.45700994
v -284.1284306 -110.63558457 307.92214057
v -284.14680524 -110.63558448 307.01416021
v -284.01157014 -125.43588419 307.15498508
v -283.99849287 -125.43588426 307.79700254
v -284.20808665 -125.35588436 307.46395866
v -284.3257794 -125.00008412 307.45700845
v -284.14680495 -125.00008407 307.01415872
v -284.12843031 -125.00008417 307.92213908
v -208.58928147 -110.63558229 296.8162154
v -208.58928118 -125.00008189 296.81621391
v -248.29271845 -125.00008685 338.36581911
v -248.29271873 -110.63558725 338.3658206
v -284.3257794 -125.00008412 307.45700845
v -284.32577969 -110.63558452 307.45700994
v -284.32577969 -110.63558452 307.45700994
v -284.3257794 -125.00008412 307.45700845
v -244.99547799 -125.00007889 263.20328416
v -244.99547828 -110.63557929 263.20328565
v -276.46710842 -125.0000752 223.78649016
v -276.46710874 -108.8758755 223.78649183
v -247.09789475 -110.63557905 260.66781645
v -247.09789446 -125.00007865 260.66781496
v -323.33743481 -125.00007931 256.24740079
v -323.3374351 -110.63557971 256.24740228
v -277.29694601 -108.8758755 223.6668882
v -277.29694568 -125.0000752 223.66688653
v -286.6086688 -125.61638394 304.42781069
v -322.96064449 -125.61637947 256.79365291
v -276.97480858 -125.61637535 224.13581962
v -247.55211861 -125.61637881 261.08432324
v -247.16710829 -125.00007874 261.50335346
v -247.16710858 -110.63557914 261.50335495
v -286.15096148 -110.63558428 304.91214272
v -286.15096119 -125.00008388 304.91214123
v -287.05703459 -125.00008389 304.85053023
v -287.05703488 -110.63558429 304.85053172
v -323.46744156 -110.6355798 257.14400564
v -323.46744128 -125.0000794 257.14400415
v -247.23093285 -110.19977896 260.78980263
v -247.55211892 -110.019279 261.08432486
v -247.27997897 -110.19977903 261.3806459
v -247.06798552 -110.27977904 261.08548778
v -246.95921459 -110.6355791 261.08568199
v -247.09789475 -110.63557905 260.66781645
v -247.16710858 -110.63557914 261.50335495
v -247.23093255 -125.43587877 260.78980105
v -247.09789446 -125.00007865 260.66781496
v -246.95921431 -125.0000787 261.0856805
v -247.06798522 -125.35587894 261.08548621
v -247.27997866 -125.43587884 261.38064432
v -247.16710829 -125.00007874 261.50335346
v -286.28507755 -110.19978417 304.77042835
v -286.60866911 -110.01928413 304.42781231
v -286.92573109 -110.19978417 304.72678317
v -286.60311407 -110.27978424 304.95194728
v -286.60171574 -110.63558431 305.06986459
v -286.15096148 -110.63558428 304.91214272
v -287.05703488 -110.63558429 304.85053172
v -286.92573078 -125.43588398 304.72678159
v -286.28507725 -125.43588398 304.77042677
v -286.60311377 -125.35588413 304.95194572
v -286.60171545 -125.00008391 305.0698631
v -287.05703459 -125.00008389 304.85053023
v -286.15096119 -125.00008388 304.91214123
v -277.20255751 -108.44007541 223.80426323
v -276.97480893 -108.25957544 224.13582142
v -276.61580407 -108.44007541 223.88879074
v -276.86757643 -108.52007562 223.66364334
v -276.84337471 -108.87587548 223.55762377
v -277.29694601 -108.8758755 223.6668882
v -276.46710874 -108.8758755 223.78649183
v -276.61580373 -125.43587532 223.88878897
v -277.20255717 -125.43587532 223.80426147
v -276.86757609 -125.35587544 223.66364159
v -276.84337438 -125.00007519 223.5576221
v -276.46710842 -125.0000752 223.78649016
v -277.29694568 -125.0000752 223.66688653
v -323.31906565 -110.19977969 257.04133995
v -322.96064481 -110.01927965 256.79365452
v -323.22713401 -110.19977962 256.40737402
v -323.47108796 -110.2797797 256.68033871
v -323.58586591 -110.63557976 256.65478756
v -323.46744156 -110.6355798 257.14400564
v -323.3374351 -110.63557971 256.24740228
v -323.22713371 -125.43587943 256.40737244
v -323.31905701 -125.4358795 257.04143338
v -323.47108766 -125.3558796 256.68033715
v -323.58586562 -125.00007935 256.65478607
v -323.33743481 -125.00007931 256.24740079
v -323.46744128 -125.0000794 257.14400415
v -246.95921459 -110.6355791 261.08568199
v -246.95921431 -125.0000787 261.0856805
v -286.60171545 -125.00008391 305.0698631
v -286.60171574 -110.63558431 305.06986459
v -323.58586562 -125.00007935 256.65478607
v -323.58586591 -110.63557976 256.65478756
v -323.58586591 -110.63557976 256.65478756
v -323.58586562 -125.00007935 256.65478607
v -276.84337438 -125.00007519 223.5576221
v -276.84337471 -108.87587548 223.55762377
v -298.56892285 -125.00007164 186.83250473
v -298.56892321 -107.01577191 186.83250659
v -277.24641934 -108.87587539 222.64897706
v -277.24641902 -125.0000751 222.64897539
v -352.06847255 -125.00007459 207.36302989
v -352.06847291 -107.01577485 207.36303176
v -299.37681187 -107.01577189 186.60848131
v -299.37681151 -125.00007163 186.60847944
v -324.18832554 -125.6163793 255.00713935
v -351.77375172 -125.61637475 207.95753112
v -299.11684638 -125.61637178 187.11458119
v -277.75553766 -125.61637525 222.9963232
v -277.434631 -125.00007518 223.46596275
v -277.43463132 -108.87587548 223.46596442
v -323.81333031 -110.63557964 255.55475925
v -323.81333002 -125.00007924 255.55475776
v -324.69708563 -125.00007923 255.35475499
v -324.69708592 -110.63557963 255.35475648
v -352.32557425 -107.01577495 208.23173059
v -352.32557389 -125.00007468 208.23172872
v -277.39550034 -108.4400753 222.75069951
v -277.755538 -108.25957533 222.996325
v -277.52860066 -108.44007536 223.32845696
v -277.2766249 -108.52007557 223.06671905
v -277.16892156 -108.87587544 223.08256374
v -277.24641934 -108.87587539 222.64897706
v -277.43463132 -108.87587548 223.46596442
v -277.3955 -125.43587521 222.75069775
v -277.24641902 -125.0000751 222.64897539
v -277.16892124 -125.00007514 223.08256207
v -277.27662456 -125.35587538 223.0667173
v -277.52860032 -125.43587528 223.3284552
v -277.434631 -125.00007518 223.46596275
v -323.92337246 -110.19977952 255.3944657
v -324.18832585 -110.01927948 255.00714096
v -324.54810828 -110.19977952 255.25294745
v -324.26550738 -110.27977959 255.52447668
v -324.28282715 -110.63557966 255.64073403
v -323.81333031 -110.63557964 255.55475925
v -324.69708592 -110.63557963 255.35475648
v -324.54810798 -125.43587933 255.25294587
v -323.92337216 -125.43587933 255.39446412
v -324.26550708 -125.35587949 255.52447512
v -324.28282686 -125.00007926 255.64073254
v -324.69708563 -125.00007923 255.35475499
v -323.81333002 -125.00007924 255.55475776
v -299.30085668 -106.57997218 186.75671254
v -299.11684676 -106.39947221 187.11458318
v -298.72939587 -106.57997218 186.91514866
v -298.95048594 -106.65997202 186.66000018
v -298.91317304 -107.01577188 186.5577482
v -299.37681187 -107.01577189 186.60848131
v -298.56892321 -107.01577191 186.83250659
v -298.7293955 -125.43587176 186.91514671
v -299.3008563 -125.43587175 186.75671059
v -298.95048556 -125.35587187 186.65999824
v -298.91317268 -125.00007162 186.55774634
v -298.56892285 -125.00007164 186.83250473
v -299.37681151 -125.00007163 186.60847944
v -352.16379958 -106.5799752 208.15137965
v -351.77376044 -106.39947518 207.95743811
v -351.98220388 -106.57997514 207.53715132
v -352.26273777 -106.65997503 207.77237635
v -352.37281764 -107.01577489 207.73054493
v -352.32557425 -107.01577495 208.23173059
v -352.06847291 -107.01577485 207.36303176
v -351.9822035 -125.43587471 207.53714937
v -352.1637992 -125.43587477 208.15137769
v -352.2627374 -125.35587487 207.77237441
v -352.37281728 -125.00007463 207.73054307
v -352.06847255 -125.00007459 207.36302989
v -352.32557389 -125.00007468 208.23172872
v -277.16892156 -108.87587544 223.08256374
v -277.16892124 -125.00007514 223.08256207
v -324.28282686 -125.00007926 255.64073254
v -324.28282715 -110.63557966 255.64073403
v -352.37281728 -125.00007463 207.73054307
v -352.37281764 -107.01577489 207.73054493
v -352.37281764 -107.01577489 207.73054493
v -352.37281728 -125.00007463 207.73054307
v -298.91317268 -125.00007162 186.55774634
v -298.91317304 -107.01577188 186.5577482
v -317.54301591 -125.00006725 142.43242836
v -317.54301632 -104.41166778 142.4324305
v -299.36230868 -107.01577175 185.28102861
v -299.36230832 -125.00007149 185.28102675
v -370.08901243 -125.00007038 164.87279716
v -370.08901284 -104.41167091 164.8727993
v -318.31069254 -104.41166775 142.09555951
v -318.31069212 -125.00006722 142.09555737
v -348.45129994 -125.61637433 204.47641244
v -369.86553415 -125.61637055 165.4976523
v -318.12542739 -125.61636738 142.63351918
v -299.91182349 -125.61637163 185.56023925
v -299.65360194 -125.00007157 186.06720019
v -299.6536023 -107.01577184 186.06720206
v -348.16131825 -107.01577455 205.0649174
v -348.16131789 -125.00007429 205.06491553
v -349.0043208 -125.00007426 204.74840567
v -349.00432116 -107.01577453 204.74840754
v -370.44556784 -104.411671 165.70566286
v -370.44556743 -125.00007047 165.70566072
v -299.52328702 -106.57997203 185.36281756
v -299.91182388 -106.39947206 185.56024124
v -299.72933667 -106.57997209 185.91876007
v -299.44585314 -106.65997193 185.69150926
v -299.3410811 -107.0157718 185.72085844
v -299.36230868 -107.01577175 185.28102861
v -299.6536023 -107.01577184 186.06720206
v -299.52328665 -125.4358716 185.3628156
v -299.36230832 -125.00007149 185.28102675
v -299.34108074 -125.00007153 185.72085657
v -299.44585276 -125.35587177 185.69150733
v -299.7293363 -125.43587167 185.91875811
v -299.65360194 -125.00007157 186.06720019
v -348.24632905 -106.5799748 204.8925902
v -348.45130033 -106.39947476 204.47641444
v -348.84238999 -106.57997479 204.6687489
v -348.60312262 -106.65997468 204.97338805
v -348.63713743 -107.01577456 205.08540256
v -348.16131825 -107.01577455 205.0649174
v -349.00432116 -107.01577453 204.74840754
v -348.84238962 -125.43587436 204.66874695
v -348.24632867 -125.43587437 204.89258824
v -348.60312225 -125.35587452 204.97338611
v -348.63713707 -125.0000743 205.08540069
v -349.0043208 -125.00007426 204.74840567
v -348.16131789 -125.00007429 205.06491553
v -318.2565028 -103.9759675 142.25322217
v -318.12542782 -103.79546754 142.63352144
v -317.71361992 -103.97596752 142.49126835
v -317.89602324 -104.05586752 142.20733092
v -317.84441308 -104.41166775 142.1114529
v -318.31069254 -104.41166775 142.09555951
v -317.54301632 -104.41166778 142.4324305
v -317.71361949 -125.43586736 142.49126612
v -318.25650237 -125.43586734 142.25321995
v -317.89602282 -125.35586747 142.20732871
v -317.84441267 -125.00006722 142.11145077
v -317.54301591 -125.00006725 142.43242836
v -318.31069212 -125.00006722 142.09555737
v -370.27562324 -103.97597072 165.6447708
v -369.86553458 -103.7954707 165.49765457
v -370.02364947 -103.97597066 165.0557842
v -370.32974731 -104.05587071 165.25661672
v -370.43411388 -104.41167095 165.20243677
v -370.44556784 -104.411671 165.70566286
v -370.08901284 -104.41167091 164.8727993
v -370.02364904 -125.4358705 165.05578197
v -370.27562281 -125.43587057 165.64476858
v -370.32974689 -125.35587066 165.25661451
v -370.43411347 -125.00007042 165.20243463
v -370.08901243 -125.00007038 164.87279716
v -370.44556743 -125.00007047 165.70566072
v -299.3410811 -107.0157718 185.72085844
v -299.34108074 -125.00007153 185.72085657
v -348.63713707 -125.0000743 205.08540069
v -348.63713743 -107.01577456 205.08540256
v -370.43411347 -125.00007042 165.20243463
v -370.43411388 -104.41167095 165.20243677
v -370.43411388 -104.41167095 165.20243677
v -370.43411347 -125.00007042 165.20243463
v -317.84441267 -125.00006722 142.11145077
v -317.84441308 -104.41166775 142.1114529
v -329.99107599 -125.00006252 95.829426
v -329.99107646 -101.80756295 95.8294284
v -318.09201522 -104.41166762 140.82888608
v -318.09201481 -125.00006708 140.82888394
v -385.19541892 -125.00006489 110.56521863
v -385.19541939 -101.80756531 110.56522103
v -330.70322284 -101.80756291 95.38680089
v -330.70322238 -125.00006249 95.38679848
v -370.58870477 -125.61637034 163.46399208
v -385.06314159 -125.61636506 111.21554384
v -330.59635419 -125.61636265 95.9455943
v -318.67549594 -125.61636722 141.027059
v -318.49214385 -125.00006717 141.5655897
v -318.49214426 -104.4116677 141.56559183
v -370.36754987 -104.41167083 164.0896517
v -370.36754946 -125.0000703 164.08964957
v -371.16992043 -125.00007027 163.6688912
v -371.16992084 -104.4116708 163.66889333
v -385.66696603 -101.8075654 111.33901241
v -385.66696556 -125.00006497 111.33901
v -318.26287813 -103.97596736 140.88695089
v -318.67549637 -103.79546738 141.02706127
v -318.54590651 -103.97596742 141.40789173
v -318.23307581 -104.05586742 141.22323369
v -318.13342756 -104.41166766 141.26728497
v -318.09201522 -104.41166762 140.82888608
v -318.49214426 -104.4116677 141.56559183
v -318.2628777 -125.4358672 140.88694867
v -318.09201481 -125.00006708 140.82888394
v -318.13342715 -125.00006713 141.26728284
v -318.23307538 -125.35586737 141.22323148
v -318.54590608 -125.43586726 141.40788951
v -318.49214385 -125.00006717 141.5655897
v -370.43231346 -103.97597054 163.90641082
v -370.58870521 -103.7954705 163.46399434
v -370.99970754 -103.97597052 163.60888119
v -370.79665865 -104.05587058 163.94370815
v -370.84317649 -104.41167083 164.051794
v -370.36754987 -104.41167083 164.0896517
v -371.16992084 -104.4116708 163.66889333
v -370.99970711 -125.43587036 163.60887896
v -370.43231303 -125.43587039 163.90640859
v -370.79665822 -125.35587053 163.94370594
v -370.84317608 -125.0000703 164.05179186
v -371.16992043 -125.00007027 163.6688912
v -370.36754946 -125.0000703 164.08964957
v -330.67201506 -101.37186266 95.55039677
v -330.59635468 -101.1913627 95.94559683
v -330.16830937 -101.37186268 95.86345464
v -330.30847048 -101.45176268 95.55633378
v -330.2438782 -101.80756291 95.46875212
v -330.70322284 -101.80756291 95.38680089
v -329.99107646 -101.80756295 95.8294284
v -330.16830889 -125.43586264 95.86345215
v -330.67201458 -125.43586261 95.55039428
v -330.30847 -125.35586274 95.5563313
v -330.24387774 -125.00006249 95.46874972
v -329.99107599 -125.00006252 95.829426
v -330.70322238 -125.00006249 95.38679848
v -385.49006794 -101.37186512 111.30280778
v -385.06314208 -101.19136511 111.21554637
v -385.15682805 -101.37186506 110.75567745
v -385.48841571 -101.45176511 110.91096392
v -385.58385404 -101.80756534 110.84234329
v -385.66696603 -101.8075654 111.33901241
v -385.19541939 -101.80756531 110.56522103
v -385.15682757 -125.43586501 110.75567495
v -385.49006746 -125.43586507 111.30280528
v -385.48841523 -125.35586517 110.91096145
v -385.58385358 -125.00006492 110.84234089
v -385.19541892 -125.00006489 110.56521863
v -385.66696556 -125.00006497 111.33901
v -318.13342756 -104.41166766 141.26728497
v -318.13342715 -125.00006713 141.26728284
v -370.84317608 -125.0000703 164.05179186
v -370.84317649 -104.41167083 164.051794
v -385.58385358 -125.00006492 110.84234089
v -385.58385404 -101.80756534 110.84234329
v -385.58385404 -101.80756534 110.84234329
v -385.58385358 -125.00006492 110.84234089
v -330.24387774 -125.00006249 95.46874972
v -330.2438782 -101.80756291 95.46875212
v -335.00493504 -125.00005869 58.69168408
v -335.00493556 -98.8315588 58.69168679
v -330.29339987 -101.80756278 94.23425518
v -330.2933908 -125.00006236 94.23435075
v -389.22464992 -125.00005937 57.55650909
v -389.22465045 -98.83155948 57.5565118
v -335.66363724 -98.83155876 58.1729926
v -335.66363672 -125.00005864 58.17298989
v -385.47324674 -125.61636485 109.18151095
v -389.18119207 -125.61635954 58.21362617
v -335.61935893 -125.61635881 58.74019047
v -330.8991214 -125.61636249 94.34754612
v -330.79404083 -125.00006244 94.9066994
v -330.79404129 -101.80756286 94.90670181
v -385.34327113 -101.80756523 109.83234284
v -385.34327067 -125.00006481 109.83234043
v -386.07763557 -125.00006477 109.30181362
v -386.07763603 -101.80756519 109.30181602
v -389.79616852 -98.83155956 58.2547553
v -389.796168 -125.00005945 58.25475259
v -330.47079787 -101.37186252 94.26749115
v -330.89912189 -101.19136254 94.34754866
v -330.82497295 -101.37186258 94.74298006
v -330.48887151 -101.45176258 94.60476288
v -330.3966927 -101.80756283 94.66242376
v -330.29339987 -101.80756278 94.23425518
v -330.79404129 -101.80756286 94.90670181
v -330.47079739 -125.43586247 94.26748865
v -330.2933908 -125.00006236 94.23435075
v -330.39669223 -125.00006241 94.66242136
v -330.48887103 -125.35586264 94.6047604
v -330.82497246 -125.43586253 94.74297756
v -330.79404083 -125.00006244 94.9066994
v -385.38145243 -101.37186495 109.64165008
v -385.47324723 -101.1913649 109.18151349
v -385.9006504 -101.37186491 109.26660892
v -385.74724786 -101.45176498 109.62697443
v -385.80871708 -101.80756523 109.72723293
v -385.34327113 -101.80756523 109.83234284
v -386.07763603 -101.80756519 109.30181602
v -385.90064991 -125.43586486 109.26660642
v -385.38145195 -125.4358649 109.64164758
v -385.74724739 -125.35586504 109.62697195
v -385.80871662 -125.00006481 109.72723053
v -386.07763557 -125.00006477 109.30181362
v -385.34327067 -125.00006481 109.83234043
v -335.65081977 -98.39575942 58.33920854
v -335.61936822 -98.21525871 58.74009367
v -335.18500964 -98.39575945 58.70588555
v -335.29032053 -98.47565944 58.3851649
v -335.21632247 -98.83155877 58.30549007
v -335.66363724 -98.83155876 58.1729926
v -335.00493556 -98.8315588 58.69168679
v -335.1850091 -125.4358588 58.70588274
v -335.65081923 -125.43585877 58.33920573
v -335.29031999 -125.3558589 58.38516211
v -335.21632195 -125.00005865 58.30548736
v -335.00493504 -125.00005869 58.69168408
v -335.66363672 -125.00005864 58.17298989
v -389.61604462 -98.3957602 58.2427605
v -389.18119262 -98.21525944 58.21362901
v -389.21206853 -98.39576014 57.74894888
v -389.56149453 -98.47566018 57.85751589
v -389.64683047 -98.83155951 57.77747036
v -389.79616852 -98.83155956 58.2547553
v -389.22465045 -98.83155948 57.5565118
v -389.21206799 -125.43585949 57.74894607
v -389.61604408 -125.43585955 58.2427577
v -389.561494 -125.35585964 57.8575131
v -389.64682994 -125.0000594 57.77746765
v -389.22464992 -125.00005937 57.55650909
v -389.796168 -125.00005945 58.25475259
v -330.3966927 -101.80756283 94.66242376
v -330.39669223 -125.00006241 94.66242136
v -385.80871662 -125.00006481 109.72723053
v -385.80871708 -101.80756523 109.72723293
v -389.64682994 -125.0000594 57.77746765
v -389.64683047 -98.83155951 57.77747036
v -389.64683047 -98.83155951 57.77747036
v -389.64682994 -125.0000594 57.77746765
v -335.21632195 -125.00005865 58.30548736
v -335.21632247 -98.83155877 58.30549007
v -335.20520358 -125.00005337 8.15225406
v -335.2052041 -98.83155349 8.15225677
v -335.14350983 -98.83155861 56.87504578
v -335.1435093 -125.0000585 56.87504307
v -394.10331238 -125.0000543 8.76702385
v -394.1033129 -98.83155442 8.76702656
v -335.77934041 -98.83155343 7.54121551
v -335.77933989 -125.00005332 7.54121279
v -392.34961768 -125.61635934 55.88091664
v -394.1418788 -125.61635448 9.43254724
v -335.81986337 -125.61635349 8.10863097
v -335.75812672 -125.61635862 56.92025371
v -335.71594774 -125.00005857 57.48753841
v -335.71594826 -98.83155869 57.48754112
v -392.30904835 -98.83155942 56.54330859
v -392.30904783 -125.0000593 56.54330587
v -392.96470585 -125.00005925 55.91803732
v -392.96470637 -98.83155936 55.91804003
v -394.75709624 -98.83155449 9.39730475
v -394.75709571 -125.00005438 9.39730203
v -335.3235201 -98.39575926 56.88833545
v -335.75812727 -98.21525852 56.92025655
v -335.72841575 -98.39575931 57.32149537
v -335.37900658 -98.47565932 57.22146249
v -335.29381351 -98.83155866 57.2889726
v -335.14350983 -98.83155861 56.87504578
v -335.71594826 -98.83155869 57.48754112
v -335.32351956 -125.43585861 56.88833264
v -335.1435093 -125.0000585 56.87504307
v -335.29381299 -125.00005855 57.28896988
v -335.37900605 -125.35585878 57.22145971
v -335.72841521 -125.43585866 57.32149257
v -335.71594774 -125.00005857 57.48753841
v -392.32113517 -98.39576004 56.34942281
v -392.34961823 -98.21525924 55.88091948
v -392.78458126 -98.39576 55.90714981
v -392.6814294 -98.47566006 56.28507797
v -392.7560457 -98.83155941 56.37625132
v -392.30904835 -98.83155942 56.54330859
v -392.96470637 -98.83155936 55.91804003
v -392.78458072 -125.43585935 55.907147
v -392.32113463 -125.43585939 56.34942
v -392.68142886 -125.35585952 56.28507518
v -392.75604517 -125.00005929 56.37624861
v -392.96470585 -125.00005925 55.91803732
v -392.30904783 -125.0000593 56.54330587
v -335.79112228 -98.39575409 7.7074806
v -335.81986391 -98.21525339 8.10863381
v -335.3852073 -98.39575413 8.13944894
v -335.44160935 -98.47565412 7.8066017
v -335.35661189 -98.83155345 7.73881115
v -335.77934041 -98.83155343 7.54121551
v -335.2052041 -98.83155349 8.15225677
v -335.38520676 -125.43585348 8.13944614
v -335.79112174 -125.43585344 7.7074778
v -335.44160881 -125.35585358 7.80659891
v -335.35661137 -125.00005333 7.73880843
v -335.20520358 -125.00005337 8.15225406
v -335.77933989 -125.00005332 7.54121279
v -394.5770264 -98.39575513 9.40759978
v -394.14187934 -98.21525438 9.43255008
v -394.11469272 -98.39575508 8.96186889
v -394.47485723 -98.47565512 9.02771097
v -394.54968469 -98.83155444 8.93650407
v -394.75709624 -98.83155449 9.39730475
v -394.1033129 -98.83155442 8.76702656
v -394.11469218 -125.43585443 8.96186608
v -394.57702586 -125.43585448 9.40759698
v -394.47485669 -125.35585458 9.02770818
v -394.54968417 -125.00005433 8.93650135
v -394.10331238 -125.0000543 8.76702385
v -394.75709571 -125.00005438 9.39730203
v -335.29381351 -98.83155866 57.2889726
v -335.29381299 -125.00005855 57.28896988
v -392.75604517 -125.00005929 56.37624861
v -392.7560457 -98.83155941 56.37625132
v -394.54968417 -125.00005433 8.93650135
v -394.54968469 -98.83155444 8.93650407
v -394.54968469 -98.83155444 8.93650407
v -394.54968417 -125.00005433 8.93650135
v -335.35661137 -125.00005333 7.73880843
v -335.35661189 -98.83155345 7.73881115
vn -0.94419 -0.2768 -0.17859
vn -0.94418 -0.27681 0.17859
vn -0.98242 0.05444 0.17859
vn -0.98242 0.05444 -0.17859
vn 0.19941 -0.96263 -0.18327
vn 0.19941 -0.96262 0.18328
vn -0.15188 -0.97301 0.17373
vn -0.15188 -0.97301 -0.17372
vn 0.14817 0.19579 -0.96939
vn 0.18168 -0.17094 -0.96839
vn -0.1715 -0.1954 -0.96561
vn -0.21081 0.15149 -0.96572
vn -0.36588 0.91423 -0.17413
vn -0.36588 0.91423 0.17413
vn -0.0197 0.9827 0.18416
vn -0.0197 0.9827 -0.18416
vn 0.9426 0.28125 -0.18001
vn 0.9426 0.28124 0.18002
vn 0.9767 -0.11776 0.17942
vn 0.9767 -0.11776 -0.17942
vn -0.38395 0.11528 0.91613
vn -0.21081 0.15149 0.96572
vn -0.23031 0.33683 0.91296
vn -0.37608 0.29013 0.87999
vn -0.96071 0.22797 0.15833
vn -0.93302 0.04066 0.35753
vn -0.92599 0.19692 0.32212
vn -0.33917 0.87432 0.34718
vn -0.48798 0.86029 0.14759
vn -0.45231 0.83816 0.30479
vn -0.93302 0.04068 -0.35753
vn -0.96071 0.22799 -0.15833
vn -0.92599 0.19694 -0.32212
vn -0.23031 0.33684 -0.91296
vn -0.38395 0.11528 -0.91613
vn -0.37609 0.29014 -0.87999
vn -0.48798 0.86029 -0.14758
vn -0.33917 0.87432 -0.34718
vn -0.45232 0.83817 -0.30478
vn 0.08348 0.37106 0.92485
vn 0.14817 0.19579 0.96939
vn 0.33075 0.19294 0.92378
vn 0.26775 0.35767 0.89464
vn 0.21343 0.96222 0.16908
vn -0.03278 0.92771 0.37186
vn 0.18178 0.92107 0.34436
vn 0.89704 0.25066 0.36398
vn 0.85263 0.49794 0.15836
vn 0.82588 0.45903 0.32742
vn 0.33075 0.19294 -0.92379
vn 0.08348 0.37107 -0.92485
vn 0.26775 0.35767 -0.89464
vn 0.85262 0.49795 -0.15836
vn 0.89704 0.25068 -0.36398
vn 0.82587 0.45907 -0.3274
vn -0.03278 0.92771 -0.37187
vn 0.21343 0.96222 -0.16908
vn 0.18177 0.92107 -0.34436
vn -0.14882 -0.38117 0.91245
vn -0.1715 -0.1954 0.96561
vn -0.34759 -0.19973 0.91612
vn -0.3001 -0.3682 0.87998
vn -0.27915 -0.94883 0.14763
vn -0.13498 -0.92839 0.34621
vn -0.24947 -0.91914 0.30487
vn -0.89922 -0.25216 0.35752
vn -0.88352 -0.44083 0.15832
vn -0.85678 -0.4027 0.32211
vn -0.34759 -0.19973 -0.91613
vn -0.14882 -0.38117 -0.91245
vn -0.3001 -0.36819 -0.87999
vn -0.88352 -0.44082 -0.15832
vn -0.89922 -0.25214 -0.35752
vn -0.8568 -0.40266 -0.32212
vn -0.13498 -0.9284 -0.3462
vn -0.27914 -0.94883 -0.14765
vn -0.24947 -0.91913 -0.3049
vn 0.36793 -0.13038 0.92067
vn 0.18169 -0.17094 0.96839
vn 0.16464 -0.34415 0.92437
vn 0.3419 -0.2896 0.894
vn 0.94278 -0.29341 0.15837
vn 0.92757 -0.10054 0.35988
vn 0.90804 -0.26158 0.32716
vn 0.1741 -0.91248 0.37024
vn 0.42419 -0.88987 0.16794
vn 0.38444 -0.85734 0.3423
vn 0.16464 -0.34416 -0.92436
vn 0.36793 -0.13038 -0.92067
vn 0.34189 -0.28961 -0.894
vn 0.42418 -0.88987 -0.16794
vn 0.17409 -0.91248 -0.37022
vn 0.38443 -0.85734 -0.34231
vn 0.92757 -0.10053 -0.35987
vn 0.94278 -0.2934 -0.15837
vn 0.90805 -0.26157 -0.32716
vn 0.06368 -0.98188 -0.17847
vn 0.06368 -0.98188 0.17847
vn -0.252 -0.95113 0.17847
vn -0.252 -0.95113 -0.17847
vn 0.98232 0.03471 -0.18397
vn 0.98232 0.03471 0.18397
vn 0.93089 -0.32097 0.17441
vn 0.93089 -0.32096 -0.17441
vn -0.14986 0.19859 -0.96856
vn 0.20065 0.15093 -0.96797
vn 0.16098 -0.20218 -0.96603
vn -0.1998 -0.16201 -0.96635
vn -0.97842 -0.11016 -0.17482
vn -0.97842 -0.11016 0.17482
vn -0.94959 0.25343 0.18456
vn -0.94959 0.25343 -0.18456
vn -0.07101 0.98109 -0.18004
vn -0.07101 0.98109 0.18004
vn 0.32268 0.92934 0.17946
vn 0.32268 0.92934 -0.17946
vn -0.19017 -0.35412 0.91566
vn -0.19981 -0.16201 0.96635
vn -0.37492 -0.13871 0.91662
vn -0.3576 -0.31263 0.87999
vn -0.41 -0.89824 0.15833
vn -0.22902 -0.90565 0.35685
vn -0.3728 -0.8702 0.32213
vn -0.93153 -0.09008 0.35234
vn -0.93863 -0.31176 0.1476
vn -0.90999 -0.2811 0.3048
vn -0.22902 -0.90565 -0.35686
vn -0.41 -0.89824 -0.15833
vn -0.3728 -0.8702 -0.32213
vn -0.37492 -0.13871 -0.91662
vn -0.19016 -0.35412 -0.91566
vn -0.35759 -0.31263 -0.88
vn -0.93863 -0.31176 -0.1476
vn -0.93153 -0.09008 -0.35234
vn -0.90999 -0.28109 -0.3048
vn -0.34215 0.17983 0.92228
vn -0.14986 0.19859 0.96856
vn -0.11632 0.3645 0.92391
vn -0.28963 0.33855 0.89527
vn -0.89247 0.41779 0.17016
vn -0.90019 0.23045 0.36953
vn -0.85878 0.37758 0.34631
vn -0.05115 0.93001 0.36397
vn -0.30062 0.94051 0.15834
vn -0.26856 0.90584 0.32762
vn -0.11632 0.3645 -0.92391
vn -0.34215 0.17983 -0.92228
vn -0.28962 0.33855 -0.89527
vn -0.30061 0.94051 -0.15834
vn -0.05115 0.93001 -0.36397
vn -0.26856 0.90584 -0.32762
vn -0.90019 0.23045 -0.36953
vn -0.89247 0.41779 -0.17016
vn -0.85878 0.37758 -0.3463
vn 0.34028 -0.21577 0.91523
vn 0.16098 -0.20218 0.96603
vn 0.11824 -0.38416 0.91566
vn 0.29053 -0.37576 0.88
vn 0.86082 -0.48704 0.14759
vn 0.88956 -0.29335 0.3502
vn 0.83864 -0.45144 0.30479
vn 0.04991 -0.93282 0.35686
vn 0.22891 -0.96048 0.15833
vn 0.19782 -0.92579 0.32214
vn 0.11824 -0.38416 -0.91566
vn 0.34028 -0.21577 -0.91523
vn 0.29052 -0.37576 -0.88
vn 0.22891 -0.96048 -0.15833
vn 0.04991 -0.93283 -0.35686
vn 0.19782 -0.9258 -0.32213
vn 0.88956 -0.29335 -0.35019
vn 0.86082 -0.48704 -0.14759
vn 0.83864 -0.45143 -0.30479
vn 0.20497 0.33189 0.92078
vn 0.20065 0.15093 0.96797
vn 0.37176 0.1006 0.92286
vn 0.35368 0.27298 0.89465
vn 0.48529 0.85989 0.15836
vn 0.2955 0.88497 0.35987
vn 0.44682 0.83256 0.3274
vn 0.92901 0.02202 0.36941
vn 0.95898 0.22754 0.16906
vn 0.91831 0.19532 0.34432
vn 0.37176 0.10059 -0.92286
vn 0.20497 0.33189 -0.92078
vn 0.35368 0.27298 -0.89465
vn 0.95898 0.22754 -0.16906
vn 0.92901 0.02202 -0.36941
vn 0.91831 0.19533 -0.34432
vn 0.29549 0.88497 -0.35987
vn 0.48529 0.85989 -0.15836
vn 0.44682 0.83256 -0.3274
vn -0.06558 -0.98175 -0.17853
vn -0.05905 -0.98299 0.17392
vn -0.37488 -0.90881 0.18312
vn -0.38186 -0.90681 -0.17853
vn 0.97089 -0.15321 -0.18412
vn 0.97089 -0.15321 0.18412
vn 0.85654 -0.48585 0.17402
vn 0.85654 -0.48585 -0.17402
vn -0.13417 0.20982 -0.96849
vn 0.21831 0.11513 -0.96907
vn 0.12305 -0.22902 -0.96561
vn -0.21734 -0.14014 -0.96598
vn -0.98467 -0.00394 -0.17438
vn -0.98467 -0.00394 0.17438
vn -0.91925 0.34801 0.18404
vn -0.91925 0.34801 -0.18404
vn 0.03237 0.98317 -0.17981
vn 0.03758 0.98232 0.18339
vn 0.42877 0.88606 0.17622
vn 0.42408 0.8876 -0.17981
vn -0.20288 -0.33378 0.92056
vn -0.18648 -0.14834 0.9712
vn -0.39292 -0.09367 0.91479
vn -0.39865 -0.25823 0.88
vn -0.53435 -0.8303 0.15834
vn -0.34273 -0.86887 0.35723
vn -0.49352 -0.80788 0.32214
vn -0.93685 0.00821 0.34963
vn -0.97359 -0.1742 0.14759
vn -0.94086 -0.14796 0.30479
vn -0.35253 -0.86495 -0.35719
vn -0.53435 -0.8303 -0.15834
vn -0.49352 -0.80788 -0.32214
vn -0.39292 -0.09367 -0.91479
vn -0.23766 -0.32352 -0.91589
vn -0.39865 -0.25823 -0.88
vn -0.97358 -0.17421 -0.14759
vn -0.93685 0.0082 -0.34962
vn -0.94085 -0.14797 -0.30479
vn -0.31844 0.21474 0.9233
vn -0.10722 0.20268 0.97336
vn -0.04899 0.37396 0.92615
vn -0.24427 0.37408 0.89465
vn -0.83084 0.53021 0.16906
vn -0.87284 0.31823 0.36998
vn -0.80304 0.48638 0.34432
vn 0.05194 0.93056 0.36245
vn -0.1756 0.97164 0.15835
vn -0.14825 0.93318 0.3274
vn -0.07521 0.37869 -0.92246
vn -0.31844 0.21474 -0.9233
vn -0.24427 0.37408 -0.89465
vn -0.1756 0.97164 -0.15835
vn 0.04427 0.93105 -0.3622
vn -0.14825 0.93318 -0.3274
vn -0.87284 0.31824 -0.36998
vn -0.83084 0.53021 -0.16906
vn -0.80304 0.48638 -0.34432
vn 0.30411 -0.2736 0.9125
vn 0.15498 -0.23703 0.95906
vn 0.10234 -0.40156 0.9101
vn 0.24043 -0.40965 0.87999
vn 0.79194 -0.59249 0.1476
vn 0.82062 -0.45442 0.34653
vn 0.77447 -0.55434 0.3048
vn -0.06176 -0.93205 0.35703
vn 0.10502 -0.98179 0.15833
vn 0.07859 -0.94343 0.32213
vn 0.06726 -0.39576 -0.91589
vn 0.30411 -0.2736 -0.9125
vn 0.24043 -0.40965 -0.87999
vn 0.10502 -0.98179 -0.15833
vn -0.07301 -0.93118 -0.35718
vn 0.07859 -0.94343 -0.32214
vn 0.82062 -0.45442 -0.34653
vn 0.79194 -0.59249 -0.1476
vn 0.77447 -0.55434 -0.3048
vn 0.26612 0.29348 0.91818
vn 0.24448 0.10799 0.96362
vn 0.37807 0.03307 0.92518
vn 0.38911 0.21955 0.89465
vn 0.60337 0.78158 0.15835
vn 0.39692 0.8435 0.36188
vn 0.56138 0.76004 0.32739
vn 0.91437 -0.15942 0.37218
vn 0.98167 0.08796 0.16906
vn 0.93681 0.06186 0.34432
vn 0.37807 0.03308 -0.92519
vn 0.24117 0.3015 -0.92246
vn 0.38911 0.21956 -0.89464
vn 0.98167 0.08796 -0.16906
vn 0.91437 -0.15943 -0.37218
vn 0.93681 0.06185 -0.34432
vn 0.38951 0.84682 -0.36219
vn 0.60337 0.78158 -0.15835
vn 0.56138 0.76004 -0.3274
vn -0.20126 -0.96314 -0.17847
vn -0.19627 -0.96483 0.17487
vn -0.49279 -0.85088 0.18207
vn -0.49797 -0.84863 -0.17848
vn 0.96427 -0.19099 -0.18359
vn 0.96427 -0.19099 0.18359
vn 0.82992 -0.52992 0.17443
vn 0.82992 -0.52992 -0.17443
vn -0.10899 0.22992 -0.96709
vn 0.22041 0.11557 -0.96854
vn 0.10803 -0.23338 -0.96637
vn -0.2378 -0.09828 -0.96633
vn -0.9696 0.17218 -0.17387
vn -0.9696 0.17218 0.17387
vn -0.83965 0.51165 0.18219
vn -0.83965 0.51165 -0.1822
vn 0.11447 0.97715 -0.17907
vn 0.12016 0.97574 0.18302
vn 0.49258 0.85222 0.1763
vn 0.48784 0.85417 -0.18003
vn -0.25231 -0.30172 0.91941
vn -0.21319 -0.10798 0.97103
vn -0.39885 -0.02802 0.91659
vn -0.42846 -0.20502 0.87999
vn -0.6363 -0.75501 0.15834
vn -0.4563 -0.8151 0.35693
vn -0.59294 -0.738 0.32215
vn -0.91887 0.17971 0.35124
vn -0.98788 -0.04801 0.1476
vn -0.95206 -0.02617 0.30481
vn -0.4636 -0.81099 -0.3569
vn -0.63631 -0.75501 -0.15834
vn -0.59294 -0.738 -0.32215
vn -0.39884 -0.02802 -0.91659
vn -0.27821 -0.29004 -0.91568
vn -0.42846 -0.20502 -0.88
vn -0.98788 -0.04802 -0.1476
vn -0.91888 0.17971 -0.35124
vn -0.95206 -0.02618 -0.3048
vn -0.28292 0.27183 0.91982
vn -0.08211 0.21966 0.97212
vn -0.01022 0.38311 0.92365
vn -0.19189 0.4056 0.89368
vn -0.75008 0.63981 0.16739
vn -0.8 0.47694 0.36404
vn -0.7291 0.59323 0.34131
vn 0.12718 0.92487 0.35839
vn -0.03966 0.98658 0.1584
vn -0.01775 0.94483 0.32707
vn -0.03828 0.3919 -0.91921
vn -0.28292 0.27183 -0.91982
vn -0.19189 0.40561 -0.89368
vn -0.03966 0.98658 -0.15839
vn 0.1184 0.92621 -0.35793
vn -0.01775 0.94483 -0.32707
vn -0.8 0.47694 -0.36404
vn -0.75008 0.63981 -0.16739
vn -0.7291 0.59323 -0.34131
vn 0.27473 -0.29015 0.9167
vn 0.13291 -0.24283 0.96092
vn 0.03795 -0.41005 0.91127
vn 0.17963 -0.4397 0.88
vn 0.6995 -0.69922 0.14758
vn 0.79714 -0.49058 0.35199
vn 0.68764 -0.65898 0.30477
vn -0.19282 -0.91407 0.3568
vn -0.03589 -0.98673 0.15832
vn -0.05659 -0.94501 0.32212
vn 0.01123 -0.40174 -0.91569
vn 0.27472 -0.29015 -0.9167
vn 0.17963 -0.4397 -0.88
vn -0.03589 -0.98673 -0.15832
vn -0.20144 -0.91217 -0.35689
vn -0.05659 -0.94501 -0.32212
vn 0.79714 -0.49059 -0.35199
vn 0.6995 -0.69923 -0.14758
vn 0.68764 -0.65899 -0.30477
vn 0.28856 0.26376 0.92041
vn 0.24686 0.10511 0.96333
vn 0.38895 0.00977 0.92121
vn 0.41207 0.17269 0.89464
vn 0.69039 0.7059 0.15836
vn 0.45309 0.81343 0.36474
vn 0.64618 0.68939 0.3274
vn 0.91059 -0.18971 0.36719
vn 0.98523 -0.02711 0.16906
vn 0.93763 -0.04779 0.34433
vn 0.38895 0.00977 -0.92121
vn 0.26338 0.27544 -0.92453
vn 0.41207 0.1727 -0.89464
vn 0.98523 -0.02712 -0.16906
vn 0.91059 -0.18971 -0.36719
vn 0.93763 -0.04779 -0.34433
vn 0.44587 0.81736 -0.36485
vn 0.69039 0.70589 -0.15836
vn 0.64618 0.68939 -0.32741
vn -0.33625 -0.92471 -0.17847
vn -0.33154 -0.92709 0.17487
vn -0.60885 -0.77211 0.18208
vn -0.61365 -0.76914 -0.17848
vn 0.92729 -0.32623 -0.18358
vn 0.92871 -0.32341 0.18138
vn 0.74782 -0.64001 0.1765
vn 0.74607 -0.64261 -0.17443
vn -0.08225 0.23318 -0.96895
vn 0.24006 0.07339 -0.96798
vn 0.07372 -0.24637 -0.96637
vn -0.24577 -0.08442 -0.96564
vn -0.95891 0.224 -0.17412
vn -0.95891 0.224 0.17412
vn -0.81667 0.54694 0.18413
vn -0.81667 0.54694 -0.18413
vn 0.28425 0.94174 -0.17981
vn 0.29165 0.93842 0.18522
vn 0.644 0.74488 0.1744
vn 0.63787 0.74886 -0.17981
vn -0.29266 -0.26275 0.91941
vn -0.21541 -0.09472 0.97192
vn -0.40801 0.00425 0.91297
vn -0.45326 -0.14198 0.88
vn -0.73726 -0.65679 0.15834
vn -0.56764 -0.74188 0.35694
vn -0.69192 -0.64612 0.32215
vn -0.9109 0.22299 0.34717
vn -0.98466 0.09301 0.1476
vn -0.9461 0.10951 0.30481
vn -0.57427 -0.73677 -0.35691
vn -0.73726 -0.65679 -0.15834
vn -0.69192 -0.64612 -0.32215
vn -0.40801 0.00425 -0.91297
vn -0.31664 -0.2475 -0.91569
vn -0.45326 -0.14198 -0.88
vn -0.98466 0.09301 -0.1476
vn -0.9109 0.223 -0.34717
vn -0.9461 0.10952 -0.30481
vn -0.25627 0.28105 0.92485
vn -0.04856 0.22032 0.97422
vn 0.06126 0.36808 0.92777
vn -0.13971 0.42439 0.89464
vn -0.6663 0.72627 0.16905
vn -0.7791 0.50473 0.37182
vn -0.65073 0.67676 0.34431
vn 0.29314 0.88466 0.36256
vn 0.08051 0.98409 0.15837
vn 0.09702 0.93988 0.32742
vn 0.02478 0.38532 -0.92245
vn -0.25627 0.28104 -0.92485
vn -0.13971 0.42439 -0.89464
vn 0.08051 0.98409 -0.15837
vn 0.28232 0.88832 -0.3622
vn 0.09702 0.93989 -0.32742
vn -0.7791 0.50473 -0.37182
vn -0.6663 0.72627 -0.16905
vn -0.65073 0.67676 -0.34431
vn 0.24009 -0.3133 0.9188
vn 0.10685 -0.24927 0.96252
vn -0.02078 -0.41127 0.91128
vn 0.11525 -0.46077 0.88001
vn 0.5929 -0.79164 0.14758
vn 0.72225 -0.59545 0.35185
vn 0.58688 -0.75013 0.30477
vn -0.32091 -0.87733 0.35679
vn -0.1759 -0.97159 0.15831
vn -0.19046 -0.92735 0.3221
vn -0.04604 -0.39925 -0.91569
vn 0.23065 -0.32628 -0.9167
vn 0.11525 -0.46078 -0.88
vn -0.17591 -0.97159 -0.15832
vn -0.32917 -0.87423 -0.35689
vn -0.19047 -0.92734 -0.32211
vn 0.71922 -0.59902 -0.35198
vn 0.59289 -0.79164 -0.14758
vn 0.58687 -0.75013 -0.30477
vn 0.34356 0.20812 0.91578
vn 0.27903 0.06604 0.95801
vn 0.39431 -0.03116 0.91845
vn 0.43242 0.11235 0.89465
vn 0.78378 0.60051 0.15837
vn 0.60364 0.71049 0.3617
vn 0.73767 0.59046 0.32742
vn 0.87621 -0.31254 0.36685
vn 0.97136 -0.16695 0.16906
vn 0.92132 -0.1806 0.34432
vn 0.38637 -0.04564 -0.92122
vn 0.31054 0.22947 -0.92245
vn 0.43242 0.11235 -0.89465
vn 0.97136 -0.16698 -0.16906
vn 0.87435 -0.31731 -0.36718
vn 0.92131 -0.18065 -0.34431
vn 0.59399 0.71832 -0.36219
vn 0.78377 0.60052 -0.15836
vn 0.73765 0.59048 -0.32741
vn -0.44348 -0.87831 -0.1786
vn -0.43942 -0.88102 0.17524
vn -0.70729 -0.68311 0.18194
vn -0.71131 -0.67981 -0.17859
vn 0.83886 -0.51256 -0.18327
vn 0.84073 -0.51023 0.18119
vn 0.60862 -0.77372 0.17588
vn 0.6063 -0.77603 -0.17371
vn -0.04159 0.24198 -0.96939
vn 0.24895 0.01575 -0.96839
vn 0.02537 -0.25874 -0.96562
vn -0.25466 -0.05029 -0.96572
vn -0.91736 0.35796 -0.17411
vn -0.91581 0.36086 0.17629
vn -0.72897 0.6599 0.18203
vn -0.73068 0.65742 -0.18413
vn 0.43916 0.88019 -0.18002
vn 0.44185 0.87839 0.18224
vn 0.75601 0.63015 0.17711
vn 0.75364 0.63232 -0.17941
vn -0.32644 -0.21822 0.91968
vn -0.22678 -0.05074 0.97262
vn -0.39509 0.07659 0.91544
vn -0.46882 -0.07613 0.88001
vn -0.82311 -0.54537 0.15832
vn -0.66206 -0.65865 0.35757
vn -0.77669 -0.54128 0.32212
vn -0.868 0.35503 0.34718
vn -0.96146 0.23195 0.14759
vn -0.92094 0.24282 0.30479
vn -0.66748 -0.65319 -0.35752
vn -0.8231 -0.54537 -0.15832
vn -0.77669 -0.5413 -0.32211
vn -0.40325 0.06218 -0.91297
vn -0.3466 -0.2014 -0.91614
vn -0.46882 -0.07613 -0.88001
vn -0.96146 0.23197 -0.14759
vn -0.86998 0.35017 -0.34715
vn -0.92094 0.24286 -0.30479
vn -0.2041 0.32752 0.92254
vn -0.01847 0.24383 0.96964
vn 0.0992 0.3642 0.92602
vn -0.07798 0.43993 0.89464
vn -0.55635 0.81357 0.16906
vn -0.69646 0.61386 0.37166
vn -0.54795 0.76236 0.34432
vn 0.43446 0.82383 0.36407
vn 0.21953 0.96267 0.15836
vn 0.22959 0.91657 0.32741
vn 0.0853 0.37328 -0.92379
vn -0.21373 0.31459 -0.92485
vn -0.07798 0.43992 -0.89464
vn 0.21953 0.96267 -0.15836
vn 0.43031 0.82605 -0.36398
vn 0.22959 0.91656 -0.32741
vn -0.69949 0.61031 -0.37181
vn -0.55635 0.81357 -0.16906
vn -0.54795 0.76236 -0.34431
vn 0.18787 -0.35718 0.91495
vn 0.05438 -0.25977 0.96414
vn -0.07008 -0.40417 0.912
vn 0.06355 -0.47069 0.88001
vn 0.50165 -0.85238 0.14761
vn 0.5894 -0.72989 0.34623
vn 0.50028 -0.81043 0.30482
vn -0.42356 -0.83238 0.35742
vn -0.28232 -0.94616 0.15834
vn -0.29188 -0.90057 0.32215
vn -0.09186 -0.3902 -0.91614
vn 0.17644 -0.36917 -0.91246
vn 0.06355 -0.47069 -0.88001
vn -0.28233 -0.94616 -0.15834
vn -0.43073 -0.82864 -0.35754
vn -0.29188 -0.90057 -0.32215
vn 0.58531 -0.73319 -0.34618
vn 0.50165 -0.85238 -0.14761
vn 0.50028 -0.81043 -0.30482
vn 0.35941 0.16842 0.91786
vn 0.27311 0.01727 0.96183
vn 0.37326 -0.10218 0.92208
vn 0.44508 0.05157 0.89401
vn 0.85864 0.4875 0.15836
vn 0.71095 0.60435 0.3596
vn 0.8116 0.48402 0.32715
vn 0.78745 -0.4929 0.3701
vn 0.93942 -0.2988 0.16795
vn 0.88849 -0.30562 0.34231
vn 0.36371 -0.1151 -0.92437
vn 0.34667 0.1794 -0.92067
vn 0.44508 0.05157 -0.89401
vn 0.93942 -0.2988 -0.16795
vn 0.78495 -0.49678 -0.37023
vn 0.8885 -0.30561 -0.34231
vn 0.70745 0.60829 -0.35986
vn 0.85864 0.4875 -0.15836
vn 0.8116 0.48402 -0.32715
vn -0.56173 -0.80785 -0.17844
vn -0.55916 -0.81014 0.17611
vn -0.78571 -0.5916 0.18076
vn -0.7882 -0.58899 -0.17845
vn 0.81553 -0.54869 -0.18398
vn 0.81553 -0.5487 0.18398
vn 0.55933 -0.81035 0.17462
vn 0.55932 -0.81035 -0.17462
vn -0.00393 0.25213 -0.96769
vn 0.24989 0.01388 -0.96817
vn 0.00918 -0.25672 -0.96644
vn -0.25709 0.00034 -0.96639
vn -0.82947 0.53062 -0.17443
vn -0.82758 0.53291 0.17639
vn -0.5756 0.79735 0.18144
vn -0.57777 0.7953 -0.18353
vn 0.51298 0.83939 -0.17962
vn 0.51299 0.83939 0.17963
vn 0.8003 0.57195 0.17997
vn 0.8003 0.57195 -0.17997
vn -0.35663 -0.17311 0.91807
vn -0.24058 0.00018 0.97063
vn -0.36938 0.13892 0.91884
vn -0.47441 -0.02351 0.87999
vn -0.87865 -0.45046 0.15832
vn -0.73865 -0.57193 0.35677
vn -0.83207 -0.45155 0.32211
vn -0.77733 0.52136 0.35206
vn -0.92969 0.33748 0.1476
vn -0.88821 0.34377 0.30481
vn -0.742 -0.56759 -0.35676
vn -0.87865 -0.45045 -0.15832
vn -0.83209 -0.45152 -0.32212
vn -0.37852 0.12683 -0.91686
vn -0.36906 -0.15965 -0.91559
vn -0.47441 -0.02352 -0.87999
vn -0.9297 0.33746 -0.1476
vn -0.77973 0.51766 -0.3522
vn -0.88822 0.34373 -0.30482
vn -0.1438 0.36866 0.91837
vn 0.00683 0.25697 0.9664
vn 0.12485 0.36829 0.92129
vn -0.01757 0.44644 0.89464
vn -0.44082 0.88153 0.16906
vn -0.55022 0.75025 0.36658
vn -0.43945 0.82965 0.34433
vn 0.49634 0.78968 0.36064
vn 0.34812 0.92397 0.15837
vn 0.35184 0.87693 0.32743
vn 0.12485 0.36828 -0.92129
vn -0.15475 0.35749 -0.92101
vn -0.01757 0.44644 -0.89464
vn 0.34812 0.92398 -0.15837
vn 0.49633 0.78968 -0.36064
vn 0.35183 0.87693 -0.32742
vn -0.55403 0.74728 -0.36691
vn -0.44083 0.88153 -0.16906
vn -0.43946 0.82965 -0.34433
vn 0.13957 -0.37352 0.91706
vn 0.02088 -0.26267 0.96466
vn -0.13314 -0.38601 0.91284
vn -0.00732 -0.47488 0.88002
vn 0.36906 -0.91762 0.14758
vn 0.54463 -0.76095 0.35261
vn 0.37393 -0.87595 0.30478
vn -0.53732 -0.76424 0.35669
vn -0.42017 -0.89353 0.1583
vn -0.42284 -0.84704 0.32208
vn -0.14697 -0.37427 -0.9156
vn 0.13956 -0.37353 -0.91706
vn -0.00732 -0.4749 -0.88001
vn -0.42017 -0.89353 -0.15831
vn -0.54193 -0.76095 -0.35674
vn -0.42284 -0.84703 -0.32209
vn 0.54463 -0.76095 -0.35262
vn 0.36906 -0.91761 -0.14759
vn 0.37393 -0.87595 -0.30479
vn 0.35573 0.14532 0.92322
vn 0.25572 0.01343 0.96666
vn 0.36212 -0.14148 0.92133
vn 0.44607 -0.00114 0.895
vn 0.91082 0.38121 0.15835
vn 0.74937 0.55368 0.36316
vn 0.86367 0.38313 0.32754
vn 0.7665 -0.5265 0.3678
vn 0.89682 -0.40856 0.16968
vn 0.84462 -0.40901 0.34544
vn 0.36212 -0.14148 -0.92133
vn 0.35573 0.14532 -0.92322
vn 0.44606 -0.00114 -0.895
vn 0.89682 -0.40855 -0.16968
vn 0.7665 -0.52649 -0.36781
vn 0.84463 -0.40899 -0.34544
vn 0.74938 0.55367 -0.36316
vn 0.91083 0.38121 -0.15835
vn 0.86367 0.38312 -0.32754
vn -0.67306 -0.71773 -0.17847
vn -0.67306 -0.71773 0.17847
vn -0.86644 -0.46629 0.17847
vn -0.86644 -0.4663 -0.17847
vn 0.69689 -0.69318 -0.18397
vn 0.69689 -0.69318 0.18398
vn 0.40212 -0.89882 0.17443
vn 0.40212 -0.89882 -0.17443
vn 0.01822 0.2448 -0.9694
vn 0.24717 -0.03828 -0.96822
vn -0.03751 -0.25571 -0.96603
vn -0.25934 0.01719 -0.96563
vn -0.79834 0.57644 -0.17426
vn -0.79835 0.57643 0.17426
vn -0.54286 0.81928 0.18463
vn -0.54286 0.81928 -0.18463
vn 0.64281 0.74459 -0.17995
vn 0.64281 0.74459 0.17995
vn 0.89016 0.41875 0.17964
vn 0.89015 0.41877 -0.17964
vn -0.38845 -0.10331 0.91566
vn -0.25934 0.01719 0.96563
vn -0.37496 0.16206 0.91276
vn -0.47261 0.04725 0.88
vn -0.93586 -0.3148 0.15833
vn -0.81755 -0.45196 0.35686
vn -0.88998 -0.32276 0.32213
vn -0.75466 0.5568 0.34706
vn -0.86922 0.47189 0.14759
vn -0.82727 0.47194 0.30478
vn -0.81754 -0.45198 -0.35686
vn -0.93585 -0.31482 -0.15833
vn -0.88996 -0.3228 -0.32213
vn -0.37496 0.16205 -0.91277
vn -0.38844 -0.10331 -0.91566
vn -0.47261 0.04723 -0.88
vn -0.86921 0.47189 -0.14759
vn -0.75466 0.55681 -0.34707
vn -0.82726 0.47196 -0.30479
vn -0.1269 0.35691 0.92548
vn 0.01822 0.2448 0.9694
vn 0.17665 0.3408 0.92339
vn 0.03782 0.44445 0.895
vn -0.32868 0.92907 0.1697
vn -0.52467 0.76518 0.37314
vn -0.33367 0.8771 0.34548
vn 0.62024 0.69519 0.36335
vn 0.45926 0.87407 0.15836
vn 0.45708 0.82691 0.32756
vn 0.17665 0.3408 -0.92339
vn -0.1269 0.35691 -0.92548
vn 0.03782 0.44444 -0.89501
vn 0.45926 0.87407 -0.15836
vn 0.62024 0.69519 -0.36335
vn 0.45708 0.82691 -0.32757
vn -0.52466 0.76518 -0.37314
vn -0.32867 0.92907 -0.1697
vn -0.33366 0.87711 -0.34548
vn 0.07516 -0.39585 0.91524
vn -0.03751 -0.25571 0.96603
vn -0.19955 -0.34892 0.91566
vn -0.07563 -0.4689 0.88
vn 0.233 -0.96121 0.1476
vn 0.39402 -0.84976 0.35023
vn 0.24383 -0.92067 0.30481
vn -0.64667 -0.67415 0.35686
vn -0.54447 -0.8237 0.15832
vn -0.54041 -0.7773 0.32212
vn -0.19954 -0.34892 -0.91566
vn 0.07516 -0.39585 -0.91524
vn -0.07563 -0.4689 -0.88001
vn -0.54448 -0.82369 -0.15834
vn -0.64668 -0.67413 -0.35687
vn -0.54043 -0.77728 -0.32215
vn 0.39402 -0.84976 -0.35023
vn 0.233 -0.96121 -0.1476
vn 0.24382 -0.92068 -0.30481
vn 0.37867 0.08244 0.92185
vn 0.24717 -0.03828 0.96822
vn 0.32757 -0.20257 0.92286
vn 0.44102 -0.07154 0.89464
vn 0.95935 0.23358 0.15839
vn 0.83828 0.40834 0.36132
vn 0.91311 0.24292 0.32745
vn 0.65116 -0.66295 0.36944
vn 0.82168 -0.5443 0.16905
vn 0.77034 -0.53667 0.34432
vn 0.32757 -0.20257 -0.92286
vn 0.37867 0.08244 -0.92185
vn 0.44101 -0.07154 -0.89464
vn 0.82167 -0.54432 -0.16905
vn 0.65115 -0.66297 -0.36942
vn 0.77033 -0.5367 -0.34431
vn 0.83826 0.40838 -0.36131
vn 0.95934 0.23362 -0.15838
vn 0.91309 0.24301 -0.32744
vn -0.76137 -0.62325 -0.17854
vn -0.76137 -0.62325 0.17854
vn -0.92286 -0.34125 0.17854
vn -0.92287 -0.34123 -0.17854
vn 0.55194 -0.8133 -0.18412
vn 0.55193 -0.81331 0.18411
vn 0.23099 -0.95727 0.174
vn 0.23099 -0.95727 -0.174
vn 0.06141 0.24137 -0.96849
vn 0.23326 -0.08062 -0.96907
vn -0.08303 -0.24635 -0.96562
vn -0.25086 0.06282 -0.96598
vn -0.67604 0.71593 -0.17439
vn -0.67603 0.71594 0.17439
vn -0.37443 0.90881 0.18404
vn -0.37443 0.90881 -0.18404
vn 0.73967 0.6485 -0.17982
vn 0.73967 0.6485 0.17982
vn 0.93771 0.29725 0.17982
vn 0.93771 0.29725 -0.17982
vn -0.39859 -0.04772 0.91589
vn -0.25086 0.06282 0.96598
vn -0.33698 0.22273 0.91479
vn -0.461 0.1144 0.88
vn -0.97127 -0.17766 0.15833
vn -0.87225 -0.33405 0.3572
vn -0.92699 -0.19217 0.32213
vn -0.63446 0.68935 0.34965
vn -0.79272 0.59145 0.14759
vn -0.75118 0.58551 0.30479
vn -0.87226 -0.33401 -0.3572
vn -0.97128 -0.17762 -0.15833
vn -0.927 -0.19209 -0.32213
vn -0.33698 0.22274 -0.91479
vn -0.39859 -0.04771 -0.91589
vn -0.461 0.11441 -0.87999
vn -0.79273 0.59143 -0.1476
vn -0.63448 0.68934 -0.34964
vn -0.75121 0.58548 -0.30479
vn -0.06097 0.37922 0.9233
vn 0.06141 0.24136 0.96849
vn 0.22496 0.31379 0.92246
vn 0.10603 0.43403 0.89464
vn -0.18101 0.96884 0.16905
vn -0.36444 0.85457 0.36999
vn -0.19401 0.91859 0.34431
vn 0.70975 0.60419 0.36223
vn 0.58909 0.7924 0.15838
vn 0.57969 0.74615 0.32744
vn 0.22496 0.3138 -0.92245
vn -0.06097 0.37923 -0.92329
vn 0.10603 0.43404 -0.89463
vn 0.58908 0.79241 -0.15837
vn 0.70975 0.6042 -0.36223
vn 0.57968 0.74617 -0.32743
vn -0.36445 0.85457 -0.36999
vn -0.18102 0.96884 -0.16906
vn -0.19402 0.91858 -0.34432
vn 0.00821 -0.40896 0.91252
vn -0.08303 -0.24635 0.96562
vn -0.24286 -0.31962 0.9159
vn -0.13462 -0.45546 0.88002
vn 0.10904 -0.98302 0.14756
vn 0.22937 -0.90958 0.34648
vn 0.12491 -0.94421 0.30473
vn -0.72953 -0.58326 0.3572
vn -0.64481 -0.74776 0.15833
vn -0.63488 -0.70225 0.32214
vn -0.24286 -0.31961 -0.9159
vn 0.00821 -0.40895 -0.91252
vn -0.13462 -0.45545 -0.88002
vn -0.64481 -0.74777 -0.15833
vn -0.72952 -0.58327 -0.3572
vn -0.63486 -0.70227 -0.32214
vn 0.22936 -0.90958 -0.34648
vn 0.10903 -0.98303 -0.14755
vn 0.1249 -0.94422 -0.30472
vn 0.38493 0.0301 0.92246
vn 0.23327 -0.08062 0.96907
vn 0.28261 -0.25331 0.92518
vn 0.42625 -0.13391 0.89464
vn 0.98291 0.09389 0.15837
vn 0.88431 0.2946 0.36222
vn 0.93848 0.10982 0.32741
vn 0.50876 -0.77632 0.37215
vn 0.73534 -0.65628 0.16905
vn 0.6856 -0.64141 0.34431
vn 0.2826 -0.25332 -0.92518
vn 0.38492 0.03009 -0.92246
vn 0.42624 -0.13392 -0.89464
vn 0.73535 -0.65626 -0.16906
vn 0.50877 -0.7763 -0.37218
vn 0.68562 -0.64137 -0.34432
vn 0.88431 0.29461 -0.36222
vn 0.98291 0.09389 -0.15837
vn 0.93848 0.10984 -0.32741
vn -0.84052 -0.51154 -0.1785
vn -0.84051 -0.51155 0.17849
vn -0.95978 -0.21673 0.17848
vn -0.95978 -0.21671 -0.17848
vn 0.5198 -0.83433 -0.18358
vn 0.51979 -0.83433 0.18359
vn 0.18061 -0.96796 0.17446
vn 0.18061 -0.96796 -0.17446
vn 0.09329 0.23671 -0.96709
vn 0.23502 -0.08185 -0.96854
vn -0.09647 -0.2384 -0.96636
vn -0.2343 0.10635 -0.96633
vn -0.53718 0.82536 -0.17386
vn -0.53717 0.82536 0.17385
vn -0.20061 0.96258 0.1822
vn -0.20061 0.96258 -0.18219
vn 0.79141 0.58447 -0.17909
vn 0.79141 0.58447 0.17909
vn 0.95689 0.22794 0.18003
vn 0.95689 0.22793 -0.18003
vn -0.40188 0.00476 0.91568
vn -0.2343 0.10635 0.96633
vn -0.29311 0.27191 0.9166
vn -0.44255 0.17252 0.87999
vn -0.98603 -0.05176 0.15833
vn -0.90881 -0.21606 0.35691
vn -0.94397 -0.07177 0.32214
vn -0.49701 0.79349 0.35121
vn -0.71035 0.6882 0.14758
vn -0.66995 0.67696 0.30478
vn -0.90881 -0.21604 -0.35691
vn -0.98603 -0.05173 -0.15833
vn -0.94397 -0.07172 -0.32214
vn -0.29311 0.27191 -0.9166
vn -0.40188 0.00477 -0.91568
vn -0.44255 0.17254 -0.87999
vn -0.71037 0.68818 -0.14759
vn -0.49703 0.79348 -0.35121
vn -0.66999 0.67692 -0.30479
vn 0.00498 0.39229 0.91983
vn 0.09329 0.23671 0.96709
vn 0.25985 0.29585 0.91921
vn 0.16486 0.41732 0.89368
vn -0.04584 0.98482 0.16741
vn -0.19881 0.90992 0.36404
vn -0.06546 0.93766 0.34135
vn 0.75691 0.54676 0.35797
vn 0.69292 0.7034 0.15842
vn 0.67743 0.65884 0.32714
vn 0.25985 0.29586 -0.91921
vn 0.00498 0.39229 -0.91983
vn 0.16486 0.41733 -0.89368
vn 0.69291 0.7034 -0.15842
vn 0.75691 0.54677 -0.35796
vn 0.67742 0.65885 -0.32713
vn -0.19881 0.90992 -0.36403
vn -0.04584 0.98482 -0.16741
vn -0.06546 0.93766 -0.34134
vn -0.02395 -0.39887 0.91669
vn -0.09647 -0.23839 0.96636
vn -0.28552 -0.28286 0.91568
vn -0.1981 -0.43173 0.87998
vn -0.03211 -0.98852 0.14763
vn 0.18689 -0.91713 0.35206
vn -0.01086 -0.95233 0.30489
vn -0.80341 -0.47658 0.35693
vn -0.74467 -0.64837 0.15835
vn -0.72835 -0.60474 0.32218
vn -0.28552 -0.28286 -0.91568
vn -0.02394 -0.39888 -0.91669
vn -0.1981 -0.43173 -0.87998
vn -0.74468 -0.64836 -0.15836
vn -0.80342 -0.47656 -0.35694
vn -0.72837 -0.60471 -0.32219
vn 0.1869 -0.91713 -0.35204
vn -0.03211 -0.98852 -0.14763
vn -0.01086 -0.95233 -0.30488
vn 0.38107 -0.00391 0.92454
vn 0.23502 -0.08185 0.96854
vn 0.27302 -0.27716 0.92122
vn 0.40773 -0.18264 0.89465
vn 0.98716 -0.0212 0.15835
vn 0.90134 0.2334 0.36485
vn 0.94489 -0.00025 0.3274
vn 0.48405 -0.79427 0.36719
vn 0.6537 -0.73763 0.16905
vn 0.60611 -0.717 0.3443
vn 0.27302 -0.27717 -0.92121
vn 0.38106 -0.00391 -0.92454
vn 0.40772 -0.18264 -0.89465
vn 0.65371 -0.73762 -0.16905
vn 0.48405 -0.79427 -0.36719
vn 0.60612 -0.71699 -0.3443
vn 0.90134 0.23338 -0.36485
vn 0.98716 -0.02121 -0.15835
vn 0.94489 -0.00029 -0.3274
vn -0.90475 -0.38674 -0.17848
vn -0.90475 -0.38673 0.17848
vn -0.98085 -0.07795 0.17848
vn -0.98085 -0.07794 -0.17848
vn 0.39584 -0.89979 -0.18357
vn 0.39584 -0.89978 0.18357
vn 0.04107 -0.98381 0.17443
vn 0.04107 -0.98381 -0.17443
vn 0.11395 0.21944 -0.96895
vn 0.21766 -0.12503 -0.96798
vn -0.12941 -0.22223 -0.96637
vn -0.22963 0.12165 -0.96564
vn -0.49207 0.85296 -0.17414
vn -0.49208 0.85296 0.17414
vn -0.15916 0.96992 0.18416
vn -0.15916 0.96992 -0.18416
vn 0.88163 0.43633 -0.17983
vn 0.88163 0.43634 0.17983
vn 0.98261 0.04639 0.17982
vn 0.9826 0.04642 -0.17981
vn -0.3971 0.0619 0.91569
vn -0.22963 0.12166 0.96564
vn -0.27583 0.30069 0.91297
vn -0.41348 0.23374 0.88
vn -0.98336 0.08909 0.15834
vn -0.9303 -0.08458 0.35691
vn -0.94458 0.06324 0.32214
vn -0.45998 0.81723 0.34721
vn -0.6053 0.78219 0.14762
vn -0.56686 0.76534 0.30484
vn -0.9303 -0.08457 -0.35691
vn -0.98336 0.08909 -0.15834
vn -0.94457 0.06325 -0.32215
vn -0.27582 0.30068 -0.91297
vn -0.3971 0.06189 -0.91569
vn -0.41347 0.23372 -0.88001
vn -0.60529 0.7822 -0.1476
vn -0.45996 0.81724 -0.3472
vn -0.56684 0.76537 -0.30481
vn 0.02992 0.37916 0.92485
vn 0.11395 0.21943 0.96895
vn 0.29817 0.24533 0.92245
vn 0.21423 0.39207 0.89464
vn 0.07448 0.98278 0.16908
vn -0.16426 0.91364 0.37186
vn 0.04903 0.93756 0.34436
vn 0.84132 0.40122 0.36223
vn 0.77326 0.61399 0.15839
vn 0.75228 0.5717 0.32748
vn 0.29816 0.24533 -0.92245
vn 0.02992 0.37916 -0.92485
vn 0.21423 0.39207 -0.89464
vn 0.77327 0.61398 -0.15839
vn 0.84132 0.40121 -0.36223
vn 0.75229 0.57167 -0.32748
vn -0.16427 0.91364 -0.37186
vn 0.07448 0.98278 -0.16908
vn 0.04903 0.93756 -0.34435
vn -0.08047 -0.39137 0.91671
vn -0.12941 -0.22223 0.96637
vn -0.32286 -0.23933 0.91569
vn -0.25752 -0.3991 0.88
vn -0.17239 -0.97391 0.14761
vn 0.05453 -0.93441 0.35199
vn -0.14621 -0.94112 0.30481
vn -0.86307 -0.35739 0.3569
vn -0.82937 -0.53579 0.15833
vn -0.80704 -0.4949 0.32213
vn -0.32286 -0.23934 -0.91568
vn -0.08047 -0.39139 -0.9167
vn -0.25752 -0.39911 -0.88
vn -0.82937 -0.53581 -0.15832
vn -0.86307 -0.3574 -0.35689
vn -0.80702 -0.49493 -0.32211
vn 0.05453 -0.93442 -0.35198
vn -0.17239 -0.97391 -0.1476
vn -0.14621 -0.94113 -0.3048
vn 0.37975 -0.06976 0.92246
vn 0.21766 -0.12502 0.96798
vn 0.2308 -0.31318 0.92122
vn 0.37757 -0.23879 0.89466
vn 0.97408 -0.16153 0.15837
vn 0.93032 0.05751 0.3622
vn 0.93522 -0.13478 0.32742
vn 0.36614 -0.85506 0.36716
vn 0.54219 -0.82308 0.16904
vn 0.49797 -0.79592 0.34429
vn 0.2308 -0.31318 -0.92122
vn 0.37975 -0.06976 -0.92246
vn 0.37757 -0.23879 -0.89466
vn 0.54218 -0.82308 -0.16904
vn 0.36614 -0.85507 -0.36716
vn 0.49796 -0.79592 -0.3443
vn 0.93032 0.05755 -0.3622
vn 0.97409 -0.16148 -0.15837
vn 0.93523 -0.13468 -0.32742
vn -0.9736 -0.1423 -0.17846
vn -0.97361 -0.14228 0.17846
vn -0.96869 0.1726 0.17846
vn -0.96869 0.17261 -0.17846
vn 0.15702 -0.97031 -0.18397
vn 0.15702 -0.97031 0.18397
vn -0.20905 -0.96218 0.17464
vn -0.20905 -0.96218 -0.17464
vn 0.18133 0.17521 -0.96769
vn 0.18097 -0.17287 -0.96818
vn -0.18109 -0.1822 -0.96644
vn -0.1755 0.18784 -0.96639
vn -0.17976 0.96813 -0.1744
vn -0.17975 0.96813 0.1744
vn 0.18545 0.96537 0.18351
vn 0.18545 0.96536 -0.18352
vn 0.96331 0.19943 -0.17963
vn 0.96331 0.19944 0.17963
vn 0.96456 -0.19299 0.17996
vn 0.96456 -0.19299 -0.17996
vn -0.36882 0.16017 0.9156
vn -0.1755 0.18784 0.96639
vn -0.16621 0.3629 0.91689
vn -0.34148 0.33009 0.88002
vn -0.92942 0.33334 0.15835
vn -0.92148 0.15353 0.35679
vn -0.89834 0.29865 0.32217
vn -0.15523 0.92299 0.35212
vn -0.38922 0.90925 0.14757
vn -0.35631 0.88327 0.30475
vn -0.92148 0.15354 -0.35679
vn -0.92941 0.33334 -0.15835
vn -0.89834 0.29866 -0.32217
vn -0.1662 0.3629 -0.91688
vn -0.36881 0.16018 -0.9156
vn -0.34148 0.33011 -0.88001
vn -0.38922 0.90925 -0.14757
vn -0.15523 0.92299 -0.35213
vn -0.35632 0.88327 -0.30475
vn 0.15511 0.3573 0.92102
vn 0.18133 0.17521 0.96769
vn 0.35414 0.16065 0.92129
vn 0.31382 0.318 0.89465
vn 0.34199 0.92437 0.16907
vn 0.16663 0.91522 0.36688
vn 0.30506 0.8879 0.34435
vn 0.91564 0.1776 0.36064
vn 0.91233 0.37759 0.15837
vn 0.88053 0.34271 0.32743
vn 0.35414 0.16065 -0.92129
vn 0.15511 0.3573 -0.92102
vn 0.31381 0.31801 -0.89465
vn 0.91234 0.37757 -0.15837
vn 0.91564 0.17759 -0.36064
vn 0.88055 0.34268 -0.32744
vn 0.16663 0.91522 -0.3669
vn 0.34199 0.92437 -0.16908
vn 0.30507 0.88789 -0.34436
vn -0.1772 -0.35721 0.91706
vn -0.18109 -0.18219 0.96644
vn -0.37363 -0.14861 0.9156
vn -0.3516 -0.31932 0.88001
vn -0.41743 -0.89664 0.14762
vn -0.18307 -0.91767 0.35266
vn -0.38372 -0.87168 0.30484
vn -0.92583 -0.12468 0.35678
vn -0.93937 -0.30416 0.15834
vn -0.90724 -0.27043 0.32215
vn -0.37363 -0.14861 -0.9156
vn -0.1772 -0.35722 -0.91706
vn -0.35161 -0.31933 -0.88
vn -0.93936 -0.3042 -0.15833
vn -0.92582 -0.12472 -0.35678
vn -0.90722 -0.27051 -0.32215
vn -0.18307 -0.91767 -0.35266
vn -0.41743 -0.89664 -0.14762
vn -0.38372 -0.87168 -0.30485
vn 0.34926 -0.16022 0.92323
vn 0.18097 -0.17287 0.96818
vn 0.14431 -0.36095 0.92135
vn 0.30413 -0.32623 0.89503
vn 0.90097 -0.40396 0.15834
vn 0.9164 -0.16831 0.36315
vn 0.87013 -0.36823 0.32753
vn 0.13972 -0.91936 0.36777
vn 0.31481 -0.93387 0.16963
vn 0.27886 -0.89609 0.34535
vn 0.14431 -0.36096 -0.92135
vn 0.34926 -0.16022 -0.92323
vn 0.30413 -0.32623 -0.89503
vn 0.31481 -0.93387 -0.16964
vn 0.13973 -0.91936 -0.36778
vn 0.27886 -0.89608 -0.34537
vn 0.91641 -0.1683 -0.36314
vn 0.90097 -0.40395 -0.15834
vn 0.87014 -0.36821 -0.32752
vn -0.98394 -4E-05 -0.17848
vn -0.98394 -4E-05 0.17848
vn -0.93283 0.31302 0.17848
vn -0.93283 0.31302 -0.17848
vn -0.02886 -0.98252 -0.18392
vn -0.02886 -0.98252 0.18393
vn -0.38051 -0.90819 0.17438
vn -0.38051 -0.90819 -0.17438
vn 0.19102 0.15415 -0.96941
vn 0.14117 -0.20648 -0.96821
vn -0.21218 -0.14754 -0.96603
vn -0.16487 0.20092 -0.96563
vn -0.12565 0.97666 -0.17421
vn -0.12565 0.97666 0.1742
vn 0.22618 0.95643 0.1846
vn 0.22617 0.95644 -0.18459
vn 0.98284 0.04046 -0.17994
vn 0.98284 0.04046 0.17994
vn 0.91438 -0.36282 0.17963
vn 0.91439 -0.36279 -0.17963
vn -0.34108 0.21269 0.91566
vn -0.16487 0.20092 0.96563
vn -0.13829 0.38434 0.91277
vn -0.28885 0.37709 0.87998
vn -0.86982 0.46727 0.15833
vn -0.88893 0.28712 0.35688
vn -0.84427 0.42829 0.32214
vn -0.11009 0.9314 0.34695
vn -0.25037 0.95684 0.14754
vn -0.22163 0.92631 0.30469
vn -0.88893 0.28713 -0.35688
vn -0.86981 0.46728 -0.15833
vn -0.84426 0.42831 -0.32214
vn -0.13829 0.38434 -0.91278
vn -0.34108 0.21268 -0.91566
vn -0.28884 0.37708 -0.87999
vn -0.25037 0.95684 -0.14756
vn -0.11009 0.9314 -0.34696
vn -0.22164 0.9263 -0.30471
vn 0.17352 0.33667 0.9255
vn 0.19102 0.15415 0.96941
vn 0.36942 0.10428 0.92339
vn 0.35005 0.27643 0.89502
vn 0.45274 0.87534 0.1697
vn 0.19918 0.90617 0.37308
vn 0.41145 0.84341 0.34549
vn 0.93138 0.02314 0.36332
vn 0.95174 0.2629 0.15834
vn 0.91585 0.23224 0.32753
vn 0.36941 0.10428 -0.9234
vn 0.17351 0.33667 -0.9255
vn 0.35004 0.27643 -0.89502
vn 0.95174 0.2629 -0.15835
vn 0.93138 0.02314 -0.36332
vn 0.91585 0.23224 -0.32753
vn 0.19916 0.90618 -0.37306
vn 0.45272 0.87535 -0.16969
vn 0.41142 0.84344 -0.34547
vn -0.23732 -0.32557 0.91525
vn -0.21218 -0.14754 0.96603
vn -0.39102 -0.09311 0.91566
vn -0.39378 -0.26555 0.88001
vn -0.54168 -0.82753 0.14753
vn -0.35027 -0.86875 0.35013
vn -0.50474 -0.80772 0.30466
vn -0.93409 0.01053 0.35687
vn -0.97328 -0.16632 0.15833
vn -0.93665 -0.13754 0.32213
vn -0.39102 -0.09311 -0.91566
vn -0.23733 -0.32557 -0.91525
vn -0.39379 -0.26555 -0.88001
vn -0.97328 -0.16631 -0.15833
vn -0.93409 0.01054 -0.35687
vn -0.93665 -0.13751 -0.32214
vn -0.35027 -0.86874 -0.35013
vn -0.54169 -0.82753 -0.14754
vn -0.50474 -0.80771 -0.30469
vn 0.31919 -0.21983 0.92184
vn 0.14117 -0.20647 0.96822
vn 0.07635 -0.3775 0.92286
vn 0.24955 -0.37065 0.89462
vn 0.82667 -0.53995 0.15836
vn 0.87131 -0.3321 0.36129
vn 0.80186 -0.49982 0.32741
vn -0.0381 -0.92852 0.36933
vn 0.16512 -0.97169 0.16898
vn 0.13557 -0.92907 0.34417
vn 0.07635 -0.37751 -0.92285
vn 0.3192 -0.21983 -0.92184
vn 0.24956 -0.37066 -0.89461
vn 0.16511 -0.97169 -0.169
vn -0.03811 -0.92852 -0.36933
vn 0.13556 -0.92906 -0.34419
vn 0.87133 -0.33205 -0.3613
vn 0.8267 -0.5399 -0.15837
vn 0.80192 -0.49972 -0.32742
vn -0.97545 0.12895 -0.17853
vn -0.97545 0.12895 0.17853
vn -0.88022 0.43972 0.17851
vn -0.88021 0.43973 -0.1785
vn -0.21567 -0.95895 -0.18414
vn -0.21567 -0.95895 0.18414
vn -0.54029 -0.82328 0.17404
vn -0.54029 -0.82329 -0.17404
vn 0.21807 0.12032 -0.96849
vn 0.10077 -0.22529 -0.96907
vn -0.23649 -0.10795 -0.96562
vn -0.12578 0.22597 -0.96598
vn 0.05974 0.98286 -0.17442
vn 0.05975 0.98286 0.17442
vn 0.40674 0.89481 0.18407
vn 0.40674 0.89481 -0.18407
vn 0.97902 -0.09592 -0.17979
vn 0.97902 -0.09592 0.17979
vn 0.8583 -0.48061 0.1798
vn 0.8583 -0.48062 -0.17979
vn -0.30747 0.25811 0.91588
vn -0.12579 0.22596 0.96598
vn -0.06806 0.39818 0.91478
vn -0.23191 0.41456 0.87997
vn -0.79401 0.58694 0.15829
vn -0.84035 0.40775 0.35715
vn -0.7743 0.54475 0.32204
vn 0.06878 0.93433 0.3497
vn -0.1109 0.98281 0.14761
vn -0.08681 0.94844 0.30484
vn -0.84034 0.40778 -0.35714
vn -0.79399 0.58697 -0.15828
vn -0.77426 0.54481 -0.32201
vn -0.06805 0.39819 -0.91478
vn -0.30746 0.25811 -0.91588
vn -0.2319 0.41456 -0.87998
vn -0.11091 0.98281 -0.14761
vn 0.06878 0.93433 -0.3497
vn -0.08681 0.94844 -0.30484
vn 0.23491 0.30388 0.9233
vn 0.21807 0.12032 0.96849
vn 0.38278 0.05056 0.92245
vn 0.38913 0.21957 0.89463
vn 0.58285 0.7948 0.16908
vn 0.37402 0.8504 0.37005
vn 0.53729 0.76989 0.34436
vn 0.92625 -0.1044 0.36217
vn 0.98097 0.11234 0.15835
vn 0.94083 0.0876 0.32737
vn 0.38278 0.05056 -0.92245
vn 0.23491 0.30389 -0.92329
vn 0.38912 0.21956 -0.89464
vn 0.98097 0.11233 -0.15834
vn 0.92625 -0.10441 -0.36217
vn 0.94083 0.08758 -0.32737
vn 0.37401 0.8504 -0.37005
vn 0.58284 0.7948 -0.16908
vn 0.53729 0.7699 -0.34436
vn -0.29268 -0.28575 0.91252
vn -0.23649 -0.10796 0.96562
vn -0.39926 -0.04149 0.9159
vn -0.42431 -0.21336 0.88002
vn -0.64256 -0.75189 0.14757
vn -0.50661 -0.78946 0.34656
vn -0.60339 -0.73692 0.30476
vn -0.9245 0.13308 0.35719
vn -0.98652 -0.0413 0.15834
vn -0.94654 -0.01743 0.32213
vn -0.39926 -0.04148 -0.9159
vn -0.29267 -0.28574 -0.91252
vn -0.4243 -0.21336 -0.88003
vn -0.98652 -0.0413 -0.15834
vn -0.9245 0.13308 -0.35719
vn -0.94654 -0.01743 -0.32213
vn -0.5066 -0.78946 -0.34656
vn -0.64256 -0.75189 -0.14757
vn -0.60337 -0.73693 -0.30476
vn 0.28525 -0.26018 0.92246
vn 0.10076 -0.22529 0.96907
vn 0.00854 -0.37942 0.92519
vn 0.19389 -0.40249 0.89466
vn 0.7409 -0.65268 0.15835
vn 0.81982 -0.44353 0.36218
vn 0.72208 -0.60944 0.32738
vn -0.2182 -0.90213 0.37221
vn 0.02434 -0.98531 0.16904
vn 0.00117 -0.93887 0.34428
vn 0.00855 -0.37941 -0.92519
vn 0.28526 -0.26018 -0.92246
vn 0.1939 -0.4025 -0.89465
vn 0.02434 -0.98531 -0.16903
vn -0.2182 -0.90214 -0.37221
vn 0.00118 -0.93887 -0.34427
vn 0.81983 -0.44353 -0.36217
vn 0.7409 -0.65268 -0.15834
vn 0.72208 -0.60946 -0.32735
vn -0.94811 0.26314 -0.17847
vn -0.94811 0.26314 0.17848
vn -0.81462 0.55184 0.17849
vn -0.81463 0.55184 -0.1785
vn -0.25293 -0.94991 -0.18357
vn -0.25293 -0.94991 0.18357
vn -0.58252 -0.79388 0.17443
vn -0.58252 -0.79388 -0.17443
vn 0.23649 0.09389 -0.96709
vn 0.10106 -0.22745 -0.96853
vn -0.23987 -0.09271 -0.96637
vn -0.08268 0.24364 -0.96633
vn 0.2345 0.95644 -0.1739
vn 0.2345 0.95644 0.1739
vn 0.56492 0.80478 0.18222
vn 0.5649 0.80478 -0.18223
vn 0.9677 -0.17745 -0.17909
vn 0.9677 -0.17743 0.17909
vn 0.82079 -0.5421 0.18006
vn 0.82079 -0.5421 -0.18007
vn -0.27141 0.29636 0.9157
vn -0.08269 0.24364 0.96633
vn -0.00215 0.39979 0.9166
vn -0.17686 0.44076 0.88003
vn -0.71223 0.68385 0.15835
vn -0.77928 0.51509 0.35693
vn -0.69807 0.63946 0.32217
vn 0.23875 0.90531 0.3513
vn 0.0159 0.98892 0.14762
vn 0.03541 0.95174 0.30485
vn -0.77928 0.51509 -0.35694
vn -0.71223 0.68384 -0.15836
vn -0.69807 0.63945 -0.3222
vn -0.00215 0.3998 -0.9166
vn -0.27141 0.29636 -0.9157
vn -0.17686 0.44076 -0.88003
vn 0.0159 0.98892 -0.14761
vn 0.23875 0.90531 -0.35131
vn 0.03541 0.95175 -0.30483
vn 0.28955 0.26473 0.91983
vn 0.23648 0.09388 0.96709
vn 0.39356 0.01283 0.91921
vn 0.41716 0.1652 0.89369
vn 0.68703 0.70708 0.16741
vn 0.52773 0.76742 0.36409
vn 0.63923 0.68911 0.34135
vn 0.91661 -0.17803 0.35796
vn 0.98708 -0.02421 0.15839
vn 0.944 -0.04334 0.32708
vn 0.39356 0.01283 -0.91921
vn 0.28956 0.26474 -0.91982
vn 0.41717 0.16521 -0.89369
vn 0.98708 -0.02425 -0.15839
vn 0.9166 -0.17807 -0.35796
vn 0.944 -0.04342 -0.32708
vn 0.52771 0.76744 -0.3641
vn 0.68701 0.7071 -0.1674
vn 0.63919 0.68916 -0.34132
vn -0.3073 -0.2554 0.9167
vn -0.23987 -0.09271 0.96637
vn -0.40161 0.01478 0.91569
vn -0.45038 -0.15082 0.88001
vn -0.74305 -0.65276 0.14759
vn -0.54116 -0.76371 0.35199
vn -0.70215 -0.6435 0.30478
vn -0.89723 0.26002 0.3569
vn -0.98235 0.09963 0.15831
vn -0.93937 0.11759 0.3221
vn -0.4016 0.01478 -0.91569
vn -0.30729 -0.25539 -0.9167
vn -0.45038 -0.15082 -0.88001
vn -0.98235 0.09963 -0.15831
vn -0.89723 0.26002 -0.35689
vn -0.93937 0.11759 -0.3221
vn -0.54117 -0.7637 -0.352
vn -0.74305 -0.65276 -0.14759
vn -0.70216 -0.64349 -0.30478
vn 0.25782 -0.28067 0.92453
vn 0.10106 -0.22744 0.96853
vn -0.01542 -0.3888 0.92119
vn 0.14566 -0.42243 0.89462
vn 0.65969 -0.73465 0.1584
vn 0.78678 -0.49781 0.36491
vn 0.6461 -0.68943 0.32749
vn -0.24818 -0.89644 0.36715
vn -0.09071 -0.98143 0.16903
vn -0.10828 -0.93261 0.34425
vn -0.01542 -0.38881 -0.92119
vn 0.25782 -0.28068 -0.92453
vn 0.14567 -0.42245 -0.89461
vn -0.09071 -0.98143 -0.16904
vn -0.24818 -0.89643 -0.36717
vn -0.10827 -0.9326 -0.34428
vn 0.78678 -0.49781 -0.36492
vn 0.65969 -0.73466 -0.15841
vn 0.64609 -0.68943 -0.32751
vn -0.901 0.3954 -0.17849
vn -0.90101 0.39538 0.1785
vn -0.72781 0.66215 0.17849
vn -0.72781 0.66215 -0.17848
vn -0.38552 -0.90425 -0.18359
vn -0.38552 -0.90426 0.18357
vn -0.68953 -0.70294 0.17444
vn -0.68952 -0.70294 -0.17444
vn 0.23802 0.06698 -0.96895
vn 0.05772 -0.24429 -0.96798
vn -0.25063 -0.05759 -0.96637
vn -0.06835 0.25072 -0.96564
vn 0.28556 0.94241 -0.1741
vn 0.28556 0.94241 0.17411
vn 0.59863 0.77957 0.18415
vn 0.59863 0.77958 -0.18414
vn 0.92138 -0.34457 -0.17982
vn 0.92138 -0.34458 0.17981
vn 0.70601 -0.68499 0.17985
vn 0.706 -0.685 -0.17985
vn -0.2265 0.332 0.91568
vn -0.06835 0.25073 0.96564
vn 0.03065 0.4069 0.91296
vn -0.11235 0.46151 0.87999
vn -0.60765 0.77826 0.15835
vn -0.69806 0.62074 0.35692
vn -0.59997 0.73229 0.32216
vn 0.28145 0.89458 0.34714
vn 0.15651 0.97659 0.14756
vn 0.1705 0.93705 0.30473
vn -0.69806 0.62075 -0.35691
vn -0.60765 0.77826 -0.15834
vn -0.59997 0.7323 -0.32214
vn 0.03065 0.40688 -0.91297
vn -0.2265 0.332 -0.91568
vn -0.11235 0.46151 -0.87999
vn 0.15651 0.97659 -0.14758
vn 0.28145 0.89458 -0.34714
vn 0.17049 0.93705 -0.30476
vn 0.29704 0.23755 0.92484
vn 0.23803 0.06699 0.96895
vn 0.38294 -0.04968 0.92244
vn 0.43256 0.11193 0.89463
vn 0.76785 0.61792 0.16908
vn 0.55408 0.7448 0.37185
vn 0.71744 0.60554 0.34437
vn 0.8682 -0.3392 0.36219
vn 0.97682 -0.14399 0.15837
vn 0.93164 -0.15763 0.32742
vn 0.38293 -0.04967 -0.92244
vn 0.29704 0.23754 -0.92485
vn 0.43256 0.11193 -0.89463
vn 0.97683 -0.14399 -0.15837
vn 0.86819 -0.33919 -0.36221
vn 0.93164 -0.15762 -0.32742
vn 0.55408 0.74481 -0.37182
vn 0.76785 0.61792 -0.16907
vn 0.71744 0.60556 -0.34435
vn -0.3405 -0.20899 0.91673
vn -0.25062 -0.05759 0.96637
vn -0.39544 0.07183 0.91568
vn -0.4673 -0.08509 0.87999
vn -0.82833 -0.54044 0.1476
vn -0.64431 -0.67894 0.35201
vn -0.78654 -0.53706 0.30482
vn -0.8511 0.385 0.35694
vn -0.95816 0.23842 0.15836
vn -0.91306 0.24999 0.3222
vn -0.39545 0.07183 -0.91567
vn -0.3405 -0.20899 -0.91672
vn -0.46731 -0.08511 -0.87999
vn -0.95815 0.23847 -0.15836
vn -0.85108 0.38505 -0.35693
vn -0.91304 0.2501 -0.3222
vn -0.64431 -0.67894 -0.35201
vn -0.82833 -0.54045 -0.14759
vn -0.78655 -0.53707 -0.30479
vn 0.20889 -0.32474 0.92244
vn 0.05772 -0.24429 0.96798
vn -0.07054 -0.38257 0.92123
vn 0.0841 -0.43879 0.89464
vn 0.54851 -0.821 0.15843
vn 0.67836 -0.63921 0.36226
vn 0.54146 -0.77429 0.32756
vn -0.37321 -0.852 0.36716
vn -0.22944 -0.95853 0.16903
vn -0.23988 -0.90771 0.34427
vn -0.07054 -0.38256 -0.92123
vn 0.20889 -0.32474 -0.92245
vn 0.0841 -0.43878 -0.89465
vn -0.22945 -0.95852 -0.16906
vn -0.37322 -0.85198 -0.36719
vn -0.2399 -0.90769 -0.34432
vn 0.67834 -0.63923 -0.36228
vn 0.54849 -0.82101 -0.15843
vn 0.54142 -0.77432 -0.32756
vn -0.8478 0.49934 -0.17859
vn -0.8478 0.49934 0.17858
vn -0.63243 0.75376 0.17858
vn -0.63242 0.75376 -0.17859
vn -0.56578 -0.80394 -0.18326
vn -0.56578 -0.80394 0.18326
vn -0.81365 -0.55477 0.17376
vn -0.81366 -0.55476 -0.17376
vn 0.24417 0.02586 -0.96939
vn -0.00041 -0.24946 -0.96838
vn -0.25987 -0.00859 -0.9656
vn -0.03373 0.25738 -0.96572
vn 0.41659 0.89226 -0.17415
vn 0.4166 0.89226 0.17414
vn 0.70332 0.68661 0.18415
vn 0.70332 0.68661 -0.18416
vn 0.84997 -0.49512 -0.18003
vn 0.84996 -0.49513 0.18003
vn 0.5822 -0.793 0.17941
vn 0.58221 -0.793 -0.17942
vn -0.17857 0.35889 0.91614
vn -0.03373 0.25737 0.96572
vn 0.08811 0.39836 0.91299
vn -0.04568 0.47274 0.88002
vn -0.4911 0.85659 0.15834
vn -0.60868 0.70831 0.3575
vn -0.49 0.81001 0.32215
vn 0.40575 0.84547 0.34721
vn 0.29377 0.94441 0.14763
vn 0.30201 0.90324 0.30486
vn -0.60867 0.70831 -0.35751
vn -0.49109 0.8566 -0.15834
vn -0.48998 0.81003 -0.32215
vn 0.08812 0.39836 -0.91299
vn -0.17858 0.3589 -0.91614
vn -0.04568 0.47274 -0.88002
vn 0.29377 0.94441 -0.14763
vn 0.40575 0.84546 -0.34723
vn 0.30201 0.90324 -0.30487
vn 0.32778 0.19294 0.92484
vn 0.24417 0.02586 0.96939
vn 0.36701 -0.10925 0.92378
vn 0.4441 0.04941 0.89461
vn 0.84786 0.50254 0.16907
vn 0.65427 0.65853 0.37185
vn 0.7962 0.49747 0.34435
vn 0.79649 -0.48281 0.36401
vn 0.94647 -0.28124 0.15842
vn 0.89979 -0.28831 0.32751
vn 0.36701 -0.10926 -0.92378
vn 0.32778 0.19294 -0.92484
vn 0.4441 0.04941 -0.89461
vn 0.94648 -0.28121 -0.15841
vn 0.79651 -0.48278 -0.36401
vn 0.89981 -0.28824 -0.3275
vn 0.65427 0.65852 -0.37186
vn 0.84786 0.50254 -0.16906
vn 0.79621 0.49748 -0.34433
vn -0.37988 -0.15224 0.91242
vn -0.25987 -0.0086 0.96561
vn -0.38348 0.1169 0.91612
vn -0.47391 -0.03301 0.87995
vn -0.88311 -0.44534 0.14764
vn -0.76956 -0.53654 0.34627
vn -0.84116 -0.44664 0.30489
vn -0.79907 0.4834 0.35751
vn -0.92594 0.34287 0.15833
vn -0.87984 0.34943 0.32215
vn -0.38349 0.11691 -0.91612
vn -0.37988 -0.15223 -0.91242
vn -0.47391 -0.03299 -0.87995
vn -0.92594 0.34288 -0.15834
vn -0.79906 0.4834 -0.35753
vn -0.87983 0.34944 -0.32217
vn -0.76957 -0.53652 -0.34627
vn -0.88312 -0.44531 -0.14766
vn -0.84118 -0.44658 -0.30492
vn 0.15659 -0.35752 0.92068
vn -0.00042 -0.24946 0.96839
vn -0.13842 -0.35552 0.92436
vn 0.02264 -0.44745 0.89402
vn 0.43083 -0.88842 0.1584
vn 0.5612 -0.74535 0.35987
vn 0.43038 -0.84126 0.32719
vn -0.54655 -0.75116 0.3702
vn -0.35902 -0.91812 0.16784
vn -0.36254 -0.8669 0.34212
vn -0.13842 -0.35553 -0.92436
vn 0.15659 -0.35753 -0.92068
vn 0.02263 -0.44746 -0.89402
vn -0.35901 -0.91812 -0.16785
vn -0.54655 -0.75116 -0.37019
vn -0.36253 -0.86689 -0.34215
vn 0.5612 -0.74534 -0.35989
vn 0.43083 -0.88842 -0.15843
vn 0.43038 -0.84124 -0.32723
vn -0.76983 0.6128 -0.17845
vn -0.76983 0.61279 0.17846
vn -0.53681 0.82462 0.17845
vn -0.53681 0.82462 -0.17844
vn -0.60027 -0.77834 -0.18402
vn -0.60026 -0.77834 0.18403
vn -0.84485 -0.50567 0.17469
vn -0.84485 -0.50568 -0.17468
vn 0.25187 -0.01238 -0.96768
vn -0.00231 -0.25026 -0.96818
vn -0.2568 0.00745 -0.96644
vn 0.01697 0.25649 -0.9664
vn 0.58323 0.79336 -0.17441
vn 0.58323 0.79336 0.1744
vn 0.83104 0.52507 0.18353
vn 0.83103 0.52507 -0.18355
vn 0.80448 -0.56617 -0.17962
vn 0.80449 -0.56616 0.1796
vn 0.51901 -0.83562 0.17993
vn 0.51901 -0.83562 -0.17994
vn -0.13543 0.37855 0.91562
vn 0.01697 0.25649 0.9664
vn 0.15102 0.36946 0.91689
vn 0.00722 0.47481 0.88006
vn -0.39277 0.9059 0.15833
vn -0.51845 0.77713 0.35675
vn -0.39686 0.8595 0.32213
vn 0.56713 0.74455 0.35214
vn 0.39705 0.90586 0.14758
vn 0.40068 0.86404 0.30476
vn -0.51845 0.77714 -0.35674
vn -0.39276 0.90591 -0.15833
vn -0.39685 0.8595 -0.32212
vn 0.15102 0.36946 -0.91689
vn -0.13544 0.37856 -0.91562
vn 0.00722 0.47481 -0.88006
vn 0.39705 0.90585 -0.14758
vn 0.56713 0.74454 -0.35216
vn 0.40069 0.86404 -0.30476
vn 0.36677 0.13133 0.921
vn 0.25187 -0.01238 0.96768
vn 0.35948 -0.1484 0.92128
vn 0.44672 -0.0113 0.8946
vn 0.90823 0.38278 0.16911
vn 0.7816 0.50445 0.36692
vn 0.85637 0.38472 0.3444
vn 0.75597 -0.54633 0.36059
vn 0.89958 -0.40704 0.15833
vn 0.85242 -0.40769 0.32738
vn 0.35947 -0.1484 -0.92128
vn 0.36678 0.13133 -0.92099
vn 0.44671 -0.0113 -0.8946
vn 0.89957 -0.40707 -0.15833
vn 0.75594 -0.54634 -0.36064
vn 0.85239 -0.40773 -0.32739
vn 0.78158 0.50446 -0.36695
vn 0.90823 0.38279 -0.16912
vn 0.85636 0.38474 -0.34442
vn -0.38182 -0.11514 0.91704
vn -0.2568 0.00745 0.96644
vn -0.36404 0.17085 0.91558
vn -0.47355 0.03799 0.87994
vn -0.9396 -0.30879 0.14768
vn -0.79461 -0.49412 0.35275
vn -0.89833 -0.31625 0.30495
vn -0.72432 0.58996 0.35679
vn -0.86451 0.47703 0.15835
vn -0.81794 0.47663 0.32219
vn -0.36404 0.17086 -0.91558
vn -0.38182 -0.11514 -0.91704
vn -0.47355 0.03799 -0.87995
vn -0.86451 0.47703 -0.15833
vn -0.72433 0.58998 -0.35676
vn -0.81794 0.47664 -0.32217
vn -0.79462 -0.49413 -0.35274
vn -0.9396 -0.30879 -0.14766
vn -0.89833 -0.31626 -0.30492
vn 0.12204 -0.36437 0.92322
vn -0.0023 -0.25026 0.96818
vn -0.16458 -0.35219 0.92134
vn -0.02994 -0.44503 0.89502
vn 0.32156 -0.93356 0.1583
vn 0.5041 -0.78362 0.36308
vn 0.32656 -0.88665 0.32743
vn -0.57492 -0.73083 0.3679
vn -0.46565 -0.86854 0.16973
vn -0.46269 -0.81641 0.34553
vn -0.16458 -0.35219 -0.92134
vn 0.12203 -0.36437 -0.92323
vn -0.02994 -0.44503 -0.89502
vn -0.46565 -0.86854 -0.16971
vn -0.57493 -0.73084 -0.36788
vn -0.46269 -0.81642 -0.34549
vn 0.50409 -0.78361 -0.36311
vn 0.32156 -0.93357 -0.15828
vn 0.32657 -0.88666 -0.3274
vn -0.66837 0.7221 -0.1785
vn -0.66535 0.72429 0.18087
vn -0.40093 0.89902 0.1761
vn -0.40398 0.89718 -0.1785
vn -0.74068 -0.64619 -0.18396
vn -0.73904 -0.64863 0.18192
vn -0.92357 -0.34045 0.17637
vn -0.92495 -0.33774 -0.17435
vn 0.24289 -0.03548 -0.9694
vn -0.05563 -0.24384 -0.96822
vn -0.25241 0.05547 -0.96603
vn 0.03546 0.25747 -0.96564
vn 0.63136 0.75565 -0.1743
vn 0.63136 0.75565 0.17432
vn 0.85555 0.4837 0.18457
vn 0.85555 0.48371 -0.18456
vn 0.69732 -0.6938 -0.17995
vn 0.69732 -0.6938 0.17995
vn 0.35487 -0.9175 0.17962
vn 0.35487 -0.9175 -0.17961
vn -0.05938 0.40407 0.9128
vn 0.04843 0.26117 0.96408
vn 0.18812 0.36256 0.91278
vn 0.08048 0.46808 0.88002
vn -0.24802 0.95572 0.15837
vn -0.38784 0.84984 0.35687
vn -0.25917 0.91049 0.32224
vn 0.60865 0.71345 0.34717
vn 0.53206 0.83372 0.14776
vn 0.52907 0.79182 0.30512
vn -0.39313 0.84739 -0.35691
vn -0.24802 0.95573 -0.15834
vn -0.25917 0.91051 -0.32218
vn 0.18812 0.36256 -0.91278
vn -0.07563 0.39476 -0.91567
vn 0.08048 0.46808 -0.88002
vn 0.53205 0.83372 -0.14773
vn 0.60866 0.71347 -0.34714
vn 0.52906 0.79185 -0.30507
vn 0.36497 0.10136 0.92549
vn 0.24766 -0.03617 0.96817
vn 0.32748 -0.20029 0.92339
vn 0.44067 -0.06916 0.895
vn 0.94994 0.26237 0.16963
vn 0.80034 0.46938 0.37302
vn 0.89851 0.27097 0.34534
vn 0.64964 -0.6678 0.36333
vn 0.83943 -0.51988 0.15835
vn 0.79254 -0.51438 0.32756
vn 0.32747 -0.2003 -0.92339
vn 0.36496 0.10136 -0.92549
vn 0.44065 -0.06917 -0.89501
vn 0.83943 -0.51988 -0.15835
vn 0.64964 -0.6678 -0.36334
vn 0.79254 -0.51438 -0.32756
vn 0.80034 0.4694 -0.373
vn 0.94994 0.26238 -0.16963
vn 0.8985 0.27099 -0.34534
vn -0.39336 -0.06077 0.91738
vn -0.23638 0.05287 0.97022
vn -0.31878 0.23504 0.91822
vn -0.46237 0.1086 0.88001
vn -0.97525 -0.16471 0.14751
vn -0.87383 -0.33752 0.35001
vn -0.9356 -0.17843 0.30465
vn -0.62255 0.69646 0.3569
vn -0.78311 0.60139 0.15835
vn -0.73711 0.59405 0.32215
vn -0.33395 0.22371 -0.91566
vn -0.40017 -0.04696 -0.91524
vn -0.46239 0.10861 -0.88
vn -0.78311 0.60138 -0.15838
vn -0.62674 0.69268 -0.35692
vn -0.73711 0.59402 -0.3222
vn -0.87549 -0.33314 -0.35007
vn -0.97525 -0.1647 -0.14751
vn -0.93561 -0.17841 -0.30465
vn 0.05552 -0.38354 0.92185
vn -0.04672 -0.25087 0.96689
vn -0.21664 -0.32535 0.92044
vn -0.10246 -0.43486 0.89465
vn 0.1653 -0.97345 0.15833
vn 0.34816 -0.86503 0.36127
vn 0.1779 -0.928 0.32737
vn -0.70431 -0.60635 0.36918
vn -0.601 -0.78115 0.16913
vn -0.58965 -0.73052 0.34446
vn -0.22518 -0.31242 -0.92287
vn 0.05552 -0.38354 -0.92185
vn -0.10246 -0.43486 -0.89465
vn -0.601 -0.78115 -0.16911
vn -0.70727 -0.60275 -0.3694
vn -0.58966 -0.73053 -0.34442
vn 0.34816 -0.86503 -0.36125
vn 0.1653 -0.97346 -0.15831
vn 0.1779 -0.92801 -0.32733
vn -0.56796 0.80346 -0.17852
vn -0.56404 0.80558 0.1814
vn -0.27133 0.94633 0.17561
vn -0.27522 0.94467 -0.17849
vn -0.8503 -0.49305 -0.1841
vn -0.8503 -0.49305 0.18409
vn -0.9712 -0.16278 0.17402
vn -0.9712 -0.16277 -0.17402
vn 0.2364 -0.0783 -0.9685
vn -0.09688 -0.227 -0.96906
vn -0.23988 0.10023 -0.96561
vn 0.08038 0.24581 -0.96598
vn 0.76187 0.6238 -0.17442
vn 0.76351 0.62122 0.17645
vn 0.93424 0.30671 0.18199
vn 0.93297 0.30935 -0.18403
vn 0.59465 -0.78362 -0.17982
vn 0.59982 -0.78066 0.17546
vn 0.23636 -0.95405 0.18419
vn 0.23032 -0.95635 -0.17983
vn 0.00127 0.40934 0.91238
vn 0.10846 0.24585 0.96322
vn 0.25435 0.30742 0.91695
vn 0.14671 0.45183 0.87996
vn -0.10859 0.9814 0.15828
vn -0.26492 0.89574 0.35703
vn -0.12613 0.93828 0.32207
vn 0.73534 0.58053 0.34966
vn 0.64591 0.749 0.14766
vn 0.63699 0.70801 0.30492
vn -0.27158 0.89371 -0.35712
vn -0.10859 0.9814 -0.1583
vn -0.12613 0.93827 -0.3221
vn 0.24599 0.32042 -0.91478
vn -0.01943 0.40099 -0.91588
vn 0.14671 0.45183 -0.87996
vn 0.64591 0.749 -0.14765
vn 0.73238 0.58425 -0.34969
vn 0.63698 0.70802 -0.30489
vn 0.38919 0.02009 0.92094
vn 0.26826 -0.0756 0.96037
vn 0.32474 -0.23088 0.91719
vn 0.42537 -0.13641 0.89468
vn 0.97921 0.11219 0.16903
vn 0.87976 0.29886 0.36975
vn 0.93001 0.1287 0.34428
vn 0.56061 -0.74484 0.36183
vn 0.74882 -0.64357 0.15839
vn 0.70335 -0.63093 0.32744
vn 0.29707 -0.24656 -0.92247
vn 0.38253 0.03403 -0.92332
vn 0.42536 -0.13641 -0.89468
vn 0.74882 -0.64357 -0.15839
vn 0.55256 -0.75065 -0.36221
vn 0.70335 -0.63094 -0.32744
vn 0.87818 0.30321 -0.36996
vn 0.97921 0.11219 -0.16902
vn 0.93001 0.12871 -0.34425
vn -0.40853 0.02068 0.91251
vn -0.21474 0.10698 0.97079
vn -0.28193 0.27579 0.91894
vn -0.44487 0.16647 0.87999
vn -0.98826 -0.03925 0.14766
vn -0.9235 -0.16451 0.34652
vn -0.95063 -0.0578 0.3049
vn -0.52479 0.77266 0.35721
vn -0.70041 0.69595 0.15835
vn -0.6557 0.68282 0.32221
vn -0.3017 0.26483 -0.91588
vn -0.40853 0.02068 -0.91251
vn -0.44488 0.16647 -0.87998
vn -0.70041 0.69595 -0.15835
vn -0.53031 0.7689 -0.35717
vn -0.65569 0.68282 -0.32221
vn -0.9235 -0.1645 -0.34653
vn -0.98826 -0.03925 -0.14766
vn -0.95063 -0.05779 -0.30489
vn 0.03295 -0.37396 0.92686
vn -0.06914 -0.21831 0.97343
vn -0.27264 -0.26401 0.92519
vn -0.16367 -0.41576 0.89463
vn 0.02429 -0.98708 0.15838
vn 0.24037 -0.90043 0.36255
vn 0.04326 -0.94387 0.32748
vn -0.81032 -0.45268 0.37211
vn -0.70669 -0.68703 0.16905
vn -0.68824 -0.63857 0.34431
vn -0.27264 -0.264 -0.92519
vn 0.00284 -0.3861 -0.92245
vn -0.16367 -0.41576 -0.89463
vn -0.70668 -0.68703 -0.16906
vn -0.81031 -0.45268 -0.37213
vn -0.68823 -0.63858 -0.34431
vn 0.23142 -0.9029 -0.36224
vn 0.02429 -0.98708 -0.15839
vn 0.04326 -0.94386 -0.3275
vn -0.45096 0.87451 -0.1785
vn -0.44567 0.87648 0.1821
vn -0.14333 0.97411 0.17485
vn -0.14841 0.97269 -0.17845
vn -0.86898 -0.45956 -0.18353
vn -0.86898 -0.45956 0.18353
vn -0.9783 -0.11178 0.17446
vn -0.9783 -0.11178 -0.17446
vn 0.22957 -0.10979 -0.96708
vn -0.09824 -0.22864 -0.96854
vn -0.23102 0.11307 -0.96636
vn 0.12264 0.22618 -0.96633
vn 0.86121 0.47758 -0.17387
vn 0.86121 0.47758 0.17387
vn 0.97434 0.13214 0.18221
vn 0.97434 0.13214 -0.1822
vn 0.52717 -0.83067 -0.1791
vn 0.53209 -0.82837 0.17516
vn 0.16506 -0.96901 0.18378
vn 0.15979 -0.97059 -0.18006
vn 0.06027 0.40733 0.91129
vn 0.14793 0.23405 0.9609
vn 0.29195 0.27315 0.9166
vn 0.20336 0.42918 0.88003
vn 0.018 0.98723 0.15828
vn -0.14265 0.92325 0.35675
vn -0.00492 0.94672 0.32201
vn 0.82659 0.43975 0.35124
vn 0.73656 0.66007 0.1476
vn 0.72255 0.62049 0.30483
vn -0.15135 0.92182 -0.35685
vn 0.018 0.98723 -0.15827
vn -0.00492 0.94673 -0.32199
vn 0.29194 0.27314 -0.9166
vn 0.03314 0.40049 -0.9157
vn 0.20336 0.42917 -0.88003
vn 0.73656 0.66007 -0.14761
vn 0.82659 0.43975 -0.35124
vn 0.72254 0.62049 -0.30485
vn 0.39103 -0.03265 0.9198
vn 0.25683 -0.10068 0.9612
vn 0.30345 -0.26914 0.91405
vn 0.40476 -0.19395 0.89362
vn 0.98559 -0.0238 0.16744
vn 0.92168 0.13403 0.36407
vn 0.93992 -0.001 0.34138
vn 0.49999 -0.78882 0.35745
vn 0.65279 -0.7408 0.15835
vn 0.60948 -0.7222 0.32704
vn 0.27682 -0.28013 -0.91919
vn 0.39102 -0.03266 -0.9198
vn 0.40474 -0.19396 -0.89362
vn 0.6528 -0.74079 -0.15838
vn 0.49201 -0.79358 -0.35798
vn 0.60949 -0.72217 -0.3271
vn 0.92169 0.13403 -0.36405
vn 0.9856 -0.02381 -0.16743
vn 0.93993 -0.00101 -0.34137
vn -0.39624 0.05206 0.91667
vn -0.20572 0.12128 0.97107
vn -0.23551 0.31505 0.91939
vn -0.41674 0.22813 0.87993
vn -0.98377 0.10191 0.14766
vn -0.92805 -0.12161 0.35204
vn -0.94916 0.0782 0.30491
vn -0.41119 0.83874 0.35698
vn -0.59424 0.78854 0.15837
vn -0.55188 0.76915 0.32224
vn -0.26203 0.30481 -0.91566
vn -0.39625 0.05206 -0.91667
vn -0.41676 0.22813 -0.87993
vn -0.59424 0.78854 -0.15835
vn -0.4187 0.83503 -0.35695
vn -0.55189 0.76917 -0.32218
vn -0.92805 -0.12161 -0.35204
vn -0.98377 0.10191 -0.14765
vn -0.94917 0.07819 -0.30491
vn -0.00357 -0.37257 0.928
vn -0.0713 -0.21991 0.97291
vn -0.29575 -0.25275 0.92122
vn -0.21097 -0.39375 0.89468
vn -0.09088 -0.98319 0.15838
vn 0.17668 -0.9141 0.36496
vn -0.06695 -0.9425 0.32742
vn -0.82655 -0.42671 0.36707
vn -0.78201 -0.59993 0.16894
vn -0.75816 -0.55389 0.3441
vn -0.29575 -0.25275 -0.92122
vn -0.03081 -0.37981 -0.92455
vn -0.21097 -0.39375 -0.89468
vn -0.78201 -0.59993 -0.16895
vn -0.82655 -0.4267 -0.36708
vn -0.75815 -0.55388 -0.34413
vn 0.16917 -0.91555 -0.3649
vn -0.09088 -0.98319 -0.15839
vn -0.06695 -0.9425 -0.32744
vn -0.32188 0.92981 -0.17847
vn -0.31637 0.931 0.18207
vn -0.00327 0.98458 0.17491
vn -0.0085 0.9839 -0.1785
vn -0.92552 -0.33125 -0.18353
vn -0.92552 -0.33125 0.18352
vn -0.98426 0.02851 0.17441
vn -0.98426 0.02851 -0.17441
vn 0.21089 -0.12917 -0.96894
vn -0.14006 -0.2083 -0.96798
vn -0.21252 0.1448 -0.96637
vn 0.13759 0.22047 -0.96564
vn 0.88559 0.4306 -0.17414
vn 0.88558 0.4306 0.17414
vn 0.97875 0.0902 0.18417
vn 0.97875 0.0902 -0.18417
vn 0.37301 -0.91023 -0.17983
vn 0.37723 -0.9091 0.1767
vn -0.01846 -0.98293 0.18304
vn -0.02306 -0.98342 -0.17985
vn 0.11763 0.39465 0.91127
vn 0.16358 0.22585 0.96033
vn 0.31945 0.25392 0.91295
vn 0.2624 0.39596 0.87998
vn 0.15829 0.97461 0.15837
vn -0.00982 0.9341 0.35688
vn 0.12986 0.93772 0.32222
vn 0.84768 0.40112 0.34721
vn 0.82301 0.54852 0.14761
vn 0.80346 0.51139 0.30484
vn -0.01864 0.93394 -0.35694
vn 0.15829 0.97461 -0.15837
vn 0.12986 0.93772 -0.32222
vn 0.31945 0.25391 -0.91295
vn 0.0898 0.39173 -0.91569
vn 0.2624 0.39595 -0.87998
vn 0.82301 0.54851 -0.14761
vn 0.84768 0.40111 -0.34721
vn 0.80347 0.51138 -0.30485
vn 0.37618 -0.05661 0.92482
vn 0.23371 -0.12398 0.96437
vn 0.24609 -0.30899 0.91868
vn 0.3761 -0.2414 0.89458
vn 0.97504 -0.14384 0.16911
vn 0.92296 0.09925 0.37188
vn 0.93172 -0.1153 0.3444
vn 0.3475 -0.86498 0.36202
vn 0.55789 -0.81467 0.15834
vn 0.51722 -0.79076 0.3274
vn 0.22373 -0.31477 -0.92243
vn 0.37618 -0.05661 -0.92482
vn 0.37609 -0.2414 -0.89458
vn 0.55788 -0.81467 -0.15834
vn 0.34083 -0.86754 -0.36224
vn 0.5172 -0.79076 -0.32741
vn 0.92296 0.09925 -0.37188
vn 0.97504 -0.14384 -0.16911
vn 0.93172 -0.11529 -0.34439
vn -0.38469 0.10791 0.91672
vn -0.18791 0.1502 0.97063
vn -0.18825 0.34535 0.9194
vn -0.37993 0.28513 0.87997
vn -0.95929 0.24076 0.14763
vn -0.93595 0.01168 0.35194
vn -0.92841 0.21245 0.30484
vn -0.2876 0.88876 0.35692
vn -0.47588 0.86515 0.15827
vn -0.4367 0.83998 0.32208
vn -0.21594 0.33898 -0.91568
vn -0.38469 0.10792 -0.91672
vn -0.37993 0.28514 -0.87997
vn -0.47588 0.86515 -0.15829
vn -0.29556 0.88616 -0.35688
vn -0.4367 0.83997 -0.3221
vn -0.93595 0.01168 -0.35195
vn -0.95929 0.24076 -0.14763
vn -0.92841 0.21245 -0.30484
vn -0.07311 -0.37107 0.92572
vn -0.11611 -0.20304 0.97226
vn -0.32865 -0.2081 0.92124
vn -0.26483 -0.35978 0.89467
vn -0.22981 -0.96026 0.1584
vn -0.00148 -0.93196 0.36256
vn -0.20035 -0.92337 0.32749
vn -0.87884 -0.3048 0.36706
vn -0.85939 -0.48258 0.169
vn -0.82918 -0.44043 0.34421
vn -0.32865 -0.20811 -0.92124
vn -0.0964 -0.37389 -0.92245
vn -0.26484 -0.35979 -0.89466
vn -0.85939 -0.48257 -0.16901
vn -0.87883 -0.3048 -0.36708
vn -0.82917 -0.44043 -0.34424
vn -0.00826 -0.93203 -0.36227
vn -0.22981 -0.96026 -0.15841
vn -0.20034 -0.92336 -0.32751
vn -0.20951 0.96136 -0.17861
vn -0.20108 0.96214 0.18396
vn 0.13128 0.97609 0.17324
vn 0.12362 0.97613 -0.1786
vn -0.9743 -0.13094 -0.18329
vn -0.9743 -0.13094 0.18329
vn -0.95983 0.22029 0.17376
vn -0.95983 0.22029 -0.17377
vn 0.18484 -0.1616 -0.96939
vn -0.18331 -0.16912 -0.9684
vn -0.18284 0.18488 -0.9656
vn 0.16599 0.19958 -0.96572
vn 0.93778 0.30041 -0.17413
vn 0.93778 0.30041 0.17413
vn 0.98163 -0.04978 0.18419
vn 0.98163 -0.04978 -0.1842
vn 0.21393 -0.96012 -0.18001
vn 0.21908 -0.95966 0.17626
vn -0.18061 -0.96632 0.18331
vn -0.18635 -0.96596 -0.17943
vn 0.18321 0.37374 0.90926
vn 0.20313 0.2008 0.95834
vn 0.35223 0.20594 0.91298
vn 0.31589 0.35461 0.88004
vn 0.29513 0.94224 0.15834
vn 0.11943 0.9263 0.35735
vn 0.26172 0.9098 0.32213
vn 0.89609 0.27659 0.34718
vn 0.89261 0.42601 0.14754
vn 0.86804 0.392 0.30471
vn 0.1064 0.92782 -0.35754
vn 0.29513 0.94224 -0.15834
vn 0.26172 0.9098 -0.32213
vn 0.35223 0.20595 -0.91297
vn 0.14208 0.37484 -0.91614
vn 0.31591 0.35463 -0.88002
vn 0.89261 0.42601 -0.14754
vn 0.89608 0.27659 -0.34718
vn 0.86804 0.392 -0.30471
vn 0.36426 -0.10948 0.92484
vn 0.21433 -0.16017 0.96354
vn 0.19664 -0.34041 0.91949
vn 0.33789 -0.29234 0.89463
vn 0.9447 -0.28096 0.16911
vn 0.92768 -0.03289 0.37194
vn 0.90588 -0.24647 0.34444
vn 0.1949 -0.91087 0.36378
vn 0.43641 -0.8857 0.15839
vn 0.39955 -0.85623 0.32746
vn 0.16911 -0.34352 -0.9238
vn 0.36426 -0.10948 -0.92484
vn 0.33788 -0.29234 -0.89464
vn 0.43641 -0.8857 -0.15836
vn 0.18669 -0.91251 -0.36397
vn 0.39956 -0.85624 -0.32741
vn 0.92767 -0.03289 -0.37194
vn 0.9447 -0.28096 -0.16911
vn 0.90588 -0.24646 -0.34444
vn -0.36979 0.17538 0.91241
vn -0.14579 0.18664 0.97155
vn -0.13281 0.36498 0.92149
vn -0.34621 0.32537 0.87993
vn -0.92668 0.34562 0.14766
vn -0.9165 0.20028 0.34629
vn -0.89916 0.31391 0.30492
vn -0.1762 0.91709 0.35764
vn -0.37747 0.91238 0.15835
vn -0.34132 0.88301 0.32216
vn -0.17474 0.36085 -0.91611
vn -0.36979 0.17538 -0.91241
vn -0.34621 0.32538 -0.87992
vn -0.37747 0.91238 -0.15835
vn -0.18809 0.91475 -0.35756
vn -0.34132 0.88301 -0.32216
vn -0.9165 0.20027 -0.34629
vn -0.92668 0.34562 -0.14766
vn -0.89916 0.31391 -0.30492
vn -0.12709 -0.35828 0.92492
vn -0.15354 -0.1679 0.97377
vn -0.35484 -0.13992 0.9244
vn -0.31285 -0.32051 0.89409
vn -0.35908 -0.91977 0.1584
vn -0.1572 -0.91951 0.36026
vn -0.32477 -0.88739 0.32721
vn -0.92249 -0.10919 0.37026
vn -0.91761 -0.36028 0.16792
vn -0.88239 -0.32288 0.34226
vn -0.35485 -0.13993 -0.92439
vn -0.15596 -0.35773 -0.92071
vn -0.31286 -0.32052 -0.89408
vn -0.91761 -0.36028 -0.16791
vn -0.92249 -0.10919 -0.37026
vn -0.88239 -0.32287 -0.34226
vn -0.16564 -0.91817 -0.35989
vn -0.35908 -0.91977 -0.15841
vn -0.32477 -0.88738 -0.32723
vn -0.07326 0.98122 -0.17843
vn -0.07326 0.98122 0.17844
vn 0.24052 0.9541 0.17845
vn 0.24052 0.9541 -0.17842
vn -0.97896 -0.0882 -0.18403
vn -0.97896 -0.0882 0.18402
vn -0.945 0.27653 0.17465
vn -0.945 0.27653 -0.17465
vn 0.16196 -0.19323 -0.96769
vn -0.18523 -0.16831 -0.96817
vn -0.169 0.19352 -0.96643
vn 0.19975 0.1618 -0.9664
vn 0.97842 0.11089 -0.17433
vn 0.97842 0.11088 0.17433
vn 0.94987 -0.25313 0.18352
vn 0.94987 -0.25313 -0.18352
vn 0.13092 -0.97498 -0.17967
vn 0.13092 -0.97498 0.17965
vn -0.26072 -0.94848 0.18002
vn -0.26072 -0.94848 -0.18003
vn 0.18582 0.35657 0.9156
vn 0.19975 0.1618 0.9664
vn 0.37372 0.14015 0.91689
vn 0.35337 0.31727 0.88004
vn 0.39803 0.90361 0.15832
vn 0.21813 0.90837 0.35676
vn 0.36117 0.87511 0.32209
vn 0.93171 0.08959 0.35199
vn 0.93452 0.32393 0.14748
vn 0.90634 0.29289 0.30456
vn 0.21814 0.9084 -0.3567
vn 0.39803 0.90361 -0.15829
vn 0.36118 0.87512 -0.32204
vn 0.37372 0.14015 -0.91689
vn 0.18582 0.35656 -0.91561
vn 0.35337 0.31728 -0.88004
vn 0.93452 0.32393 -0.14747
vn 0.93171 0.08958 -0.35199
vn 0.90634 0.29289 -0.30456
vn 0.34543 -0.17992 0.92103
vn 0.16196 -0.19324 0.96769
vn 0.13521 -0.36458 0.9213
vn 0.29499 -0.33547 0.89467
vn 0.89792 -0.40638 0.16912
vn 0.90115 -0.23091 0.36689
vn 0.86406 -0.36711 0.34443
vn 0.11252 -0.92587 0.36069
vn 0.31222 -0.93672 0.15837
vn 0.27971 -0.90251 0.32748
vn 0.1352 -0.36457 -0.92131
vn 0.34543 -0.17992 -0.92104
vn 0.29499 -0.33547 -0.89467
vn 0.31221 -0.93672 -0.15839
vn 0.11252 -0.92586 -0.36072
vn 0.2797 -0.90249 -0.32752
vn 0.90115 -0.23091 -0.36688
vn 0.89792 -0.40638 -0.16912
vn 0.86406 -0.3671 -0.34443
vn -0.34389 0.20201 0.91702
vn -0.16899 0.19352 0.96643
vn -0.12192 0.38323 0.91557
vn -0.29384 0.37332 0.87994
vn -0.86486 0.47983 0.14761
vn -0.90244 0.24746 0.35267
vn -0.84239 0.44438 0.30482
vn -0.05907 0.93233 0.35675
vn -0.23723 0.95847 0.1583
vn -0.20585 0.92406 0.32207
vn -0.12193 0.38323 -0.91557
vn -0.3439 0.20202 -0.91702
vn -0.29386 0.37334 -0.87992
vn -0.23724 0.95847 -0.1583
vn -0.05907 0.93234 -0.35672
vn -0.20585 0.92406 -0.32208
vn -0.90243 0.24746 -0.35267
vn -0.86486 0.47983 -0.14761
vn -0.84238 0.44439 -0.30481
vn -0.1845 -0.33709 0.92322
vn -0.18523 -0.16832 0.96817
vn -0.37028 -0.11846 0.92134
vn -0.34694 -0.28038 0.895
vn -0.46678 -0.87007 0.1584
vn -0.2327 -0.90216 0.36326
vn -0.42896 -0.84179 0.32769
vn -0.92688 -0.07459 0.36788
vn -0.95371 -0.24826 0.16973
vn -0.91341 -0.21515 0.34552
vn -0.37027 -0.11846 -0.92134
vn -0.18449 -0.33708 -0.92322
vn -0.34694 -0.28037 -0.895
vn -0.95371 -0.24826 -0.16974
vn -0.92687 -0.0746 -0.36789
vn -0.91341 -0.21515 -0.34554
vn -0.2327 -0.90215 -0.36329
vn -0.46678 -0.87007 -0.15842
vn -0.42896 -0.84177 -0.32774
vt 0.91657 0.66974
vt 0.9431 0.66974
vt 0.9431 0.60353
vt 0.91657 0.60353
vt 0.91657 0.77033
vt 0.9431 0.77033
vt 0.9431 0.67141
vt 0.91657 0.67141
vt 0.38424 0.04514
vt 0.29081 0.04518
vt 0.29863 0.14414
vt 0.3653 0.1475
vt 0.91657 0.60186
vt 0.9431 0.60186
vt 0.9431 0.49742
vt 0.91657 0.49742
vt 0.91657 0.49561
vt 0.9431 0.49561
vt 0.9431 0.40109
vt 0.91657 0.40109
vt 0.5286 0.13382
vt 0.52856 0.13295
vt 0.52776 0.1331
vt 0.52797 0.13374
vt 0.52752 0.13432
vt 0.52841 0.13474
vt 0.52689 0.13348
vt 0.36527 0.14837
vt 0.36546 0.14929
vt 0.36634 0.14886
vt 0.36589 0.14829
vt 0.3661 0.14765
vt 0.36697 0.14802
vt 0.50871 0.03064
vt 0.50963 0.03059
vt 0.50948 0.02974
vt 0.50879 0.02996
vt 0.5082 0.0295
vt 0.50775 0.03049
vt 0.50914 0.02884
vt 0.38439 0.04428
vt 0.38515 0.04519
vt 0.38508 0.04451
vt 0.38566 0.04405
vt 0.38472 0.04339
vt 0.38611 0.04504
vt 0.59605 0.12965
vt 0.59523 0.12959
vt 0.59529 0.13046
vt 0.59591 0.13032
vt 0.59642 0.13085
vt 0.59696 0.12994
vt 0.59557 0.13138
vt 0.29858 0.145
vt 0.29782 0.1442
vt 0.29796 0.14487
vt 0.29744 0.1454
vt 0.2983 0.14593
vt 0.2969 0.14448
vt 0.60312 0.02977
vt 0.60305 0.03064
vt 0.60397 0.0306
vt 0.60383 0.02993
vt 0.60437 0.02942
vt 0.60339 0.02884
vt 0.60491 0.03036
vt 0.2899 0.04514
vt 0.29074 0.04432
vt 0.29004 0.04448
vt 0.2895 0.04396
vt 0.28896 0.04491
vt 0.29048 0.04339
vt 0.9431 0.60272
vt 0.91657 0.60272
vt 0.91657 0.49654
vt 0.9431 0.49654
vt 0.91657 0.77121
vt 0.9431 0.77121
vt 0.9431 0.40017
vt 0.91657 0.40017
vt 0.91657 0.67055
vt 0.9431 0.67055
vt 0.04909 0.70422
vt 0.00077 0.70422
vt 0.00077 0.79128
vt 0.04909 0.79128
vt 0.04909 0.59839
vt 0.00077 0.59839
vt 0.00077 0.70254
vt 0.04909 0.70254
vt 0.16388 0.26673
vt 0.25754 0.26628
vt 0.2577 0.16189
vt 0.17075 0.15774
vt 0.04909 0.79295
vt 0.00077 0.79295
vt 0.00077 0.90288
vt 0.04909 0.90288
vt 0.04909 0.90469
vt 0.00077 0.90469
vt 0.00077 0.9983
vt 0.04909 0.9983
vt 0.7249 0.3499
vt 0.72487 0.34904
vt 0.72407 0.34918
vt 0.72427 0.34983
vt 0.72381 0.3504
vt 0.72471 0.35085
vt 0.72319 0.34953
vt 0.17078 0.15688
vt 0.17059 0.15596
vt 0.1697 0.15639
vt 0.17016 0.15696
vt 0.16995 0.15759
vt 0.16909 0.15725
vt 0.7171 0.23982
vt 0.71803 0.23978
vt 0.71789 0.23892
vt 0.71719 0.23913
vt 0.71662 0.23865
vt 0.71614 0.23963
vt 0.71758 0.23801
vt 0.16375 0.26759
vt 0.16296 0.2667
vt 0.16305 0.26738
vt 0.16247 0.26786
vt 0.16343 0.2685
vt 0.16199 0.26688
vt 0.81264 0.34464
vt 0.81183 0.34458
vt 0.81189 0.34543
vt 0.8125 0.34529
vt 0.81301 0.34581
vt 0.81353 0.34491
vt 0.81217 0.34633
vt 0.25775 0.16103
vt 0.25851 0.16182
vt 0.25837 0.16116
vt 0.25889 0.16064
vt 0.25803 0.16011
vt 0.25941 0.16155
vt 0.81173 0.23957
vt 0.81167 0.24044
vt 0.81259 0.24039
vt 0.81244 0.23972
vt 0.81298 0.2392
vt 0.81199 0.23863
vt 0.81353 0.24014
vt 0.25847 0.26633
vt 0.2576 0.26715
vt 0.25832 0.267
vt 0.25886 0.26752
vt 0.25941 0.26658
vt 0.25787 0.26809
vt 0.00077 0.79209
vt 0.04909 0.79209
vt 0.04909 0.90376
vt 0.00077 0.90376
vt 0.04909 0.5975
vt 0.00077 0.5975
vt 0.00077 0.99923
vt 0.04909 0.99923
vt 0.04909 0.7034
vt 0.00077 0.7034
vt 0.14882 0.71282
vt 0.10599 0.71282
vt 0.1005 0.78979
vt 0.14882 0.78979
vt 0.14882 0.60656
vt 0.10599 0.60656
vt 0.10599 0.71115
vt 0.14882 0.71115
vt 0.71273 0.24511
vt 0.61297 0.2451
vt 0.62796 0.34847
vt 0.7056 0.34904
vt 0.14882 0.79147
vt 0.1005 0.79147
vt 0.1005 0.89562
vt 0.14882 0.89562
vt 0.14882 0.89743
vt 0.1005 0.89743
vt 0.10599 0.9983
vt 0.14882 0.9983
vt 0.2964 0.47785
vt 0.2964 0.47699
vt 0.2956 0.47709
vt 0.29578 0.47774
vt 0.29529 0.4783
vt 0.29618 0.47878
vt 0.2947 0.47741
vt 0.7056 0.34991
vt 0.70583 0.35085
vt 0.70672 0.35036
vt 0.70623 0.3498
vt 0.7064 0.34914
vt 0.70731 0.34947
vt 0.28989 0.37427
vt 0.2908 0.37428
vt 0.29072 0.37344
vt 0.29002 0.3736
vt 0.28948 0.3731
vt 0.28896 0.37404
vt 0.29045 0.37251
vt 0.71284 0.24425
vt 0.71366 0.24511
vt 0.71354 0.24444
vt 0.7141 0.24395
vt 0.71313 0.24333
vt 0.7146 0.2449
vt 0.37521 0.47887
vt 0.3744 0.47877
vt 0.37441 0.47965
vt 0.37503 0.47953
vt 0.37552 0.48008
vt 0.37611 0.47921
vt 0.37466 0.48056
vt 0.62795 0.34934
vt 0.62715 0.34858
vt 0.62733 0.34923
vt 0.62685 0.34978
vt 0.62771 0.35025
vt 0.62626 0.34891
vt 0.39069 0.37341
vt 0.39055 0.37428
vt 0.39148 0.37431
vt 0.39139 0.37363
vt 0.39197 0.37316
vt 0.39102 0.37251
vt 0.39244 0.37414
vt 0.61205 0.2451
vt 0.61285 0.24423
vt 0.61216 0.24443
vt 0.61159 0.24395
vt 0.6111 0.24492
vt 0.61255 0.24333
vt 0.1005 0.79061
vt 0.14882 0.79061
vt 0.14882 0.8965
vt 0.1005 0.8965
vt 0.14882 0.60568
vt 0.10599 0.60568
vt 0.10599 0.99923
vt 0.14882 0.99923
vt 0.14882 0.71201
vt 0.10599 0.71201
vt 0.28742 0.73041
vt 0.2494 0.73041
vt 0.24459 0.81637
vt 0.28742 0.81637
vt 0.28742 0.62428
vt 0.2494 0.62428
vt 0.2494 0.72874
vt 0.28742 0.72874
vt 0.61508 0.12002
vt 0.6973 0.12761
vt 0.69848 0.02378
vt 0.6128 0.02376
vt 0.28742 0.81804
vt 0.24459 0.81804
vt 0.24459 0.91425
vt 0.28742 0.91425
vt 0.28742 0.91605
vt 0.24459 0.91605
vt 0.2494 0.9983
vt 0.28742 0.9983
vt 0.97196 0.89183
vt 0.97196 0.89268
vt 0.97276 0.89258
vt 0.97258 0.89193
vt 0.97307 0.89137
vt 0.97217 0.8909
vt 0.97365 0.89227
vt 0.61278 0.0229
vt 0.61254 0.02199
vt 0.61167 0.02247
vt 0.61216 0.02301
vt 0.612 0.02366
vt 0.6111 0.02337
vt 0.97129 0.98808
vt 0.97038 0.98808
vt 0.97048 0.98893
vt 0.97117 0.98875
vt 0.97172 0.98925
vt 0.97223 0.98831
vt 0.97077 0.98984
vt 0.61498 0.12088
vt 0.61417 0.12002
vt 0.61428 0.1207
vt 0.61373 0.12119
vt 0.61468 0.1218
vt 0.61322 0.12025
vt 0.88518 0.8926
vt 0.88599 0.89268
vt 0.88596 0.89181
vt 0.88534 0.89194
vt 0.88483 0.89141
vt 0.88428 0.89232
vt 0.88568 0.8909
vt 0.69849 0.02292
vt 0.69928 0.02368
vt 0.69912 0.02303
vt 0.69961 0.02249
vt 0.69874 0.02199
vt 0.70018 0.02339
vt 0.88823 0.9983
vt 0.88831 0.99742
vt 0.88738 0.99745
vt 0.88751 0.99813
vt 0.88697 0.99864
vt 0.88796 0.99923
vt 0.88643 0.9977
vt 0.69822 0.12763
vt 0.69738 0.12847
vt 0.69808 0.12831
vt 0.69863 0.12882
vt 0.69917 0.12788
vt 0.69763 0.1294
vt 0.24459 0.81718
vt 0.28742 0.81718
vt 0.28742 0.91513
vt 0.24459 0.91513
vt 0.28742 0.6234
vt 0.2494 0.6234
vt 0.2494 0.99923
vt 0.28742 0.99923
vt 0.28742 0.7296
vt 0.2494 0.7296
vt 0.32698 0.70415
vt 0.29377 0.70415
vt 0.28896 0.7901
vt 0.32698 0.7901
vt 0.32698 0.59801
vt 0.2972 0.59801
vt 0.29377 0.70247
vt 0.32698 0.70247
vt 0.05251 0.37512
vt 0.15216 0.37514
vt 0.15232 0.27099
vt 0.06599 0.27154
vt 0.32698 0.79178
vt 0.28896 0.79178
vt 0.28896 0.89622
vt 0.32698 0.89622
vt 0.32698 0.89802
vt 0.28896 0.89803
vt 0.2972 0.9983
vt 0.32698 0.9983
vt 0.06368 0.48352
vt 0.0637 0.48267
vt 0.0629 0.48276
vt 0.06307 0.48341
vt 0.06259 0.48396
vt 0.06346 0.48444
vt 0.06201 0.48308
vt 0.06598 0.27068
vt 0.06575 0.26977
vt 0.06488 0.27024
vt 0.06536 0.27079
vt 0.06518 0.27144
vt 0.0643 0.2711
vt 0.05157 0.38021
vt 0.05248 0.38024
vt 0.0524 0.37939
vt 0.0517 0.37955
vt 0.05116 0.37904
vt 0.05063 0.37999
vt 0.05215 0.37846
vt 0.0524 0.37599
vt 0.05159 0.37511
vt 0.0517 0.37579
vt 0.05113 0.37628
vt 0.0521 0.37692
vt 0.05063 0.3753
vt 0.1508 0.48587
vt 0.14999 0.48577
vt 0.15 0.48664
vt 0.15063 0.48653
vt 0.15113 0.48708
vt 0.15171 0.48618
vt 0.15025 0.48757
vt 0.15233 0.27012
vt 0.15313 0.27088
vt 0.15296 0.27022
vt 0.15345 0.26967
vt 0.15257 0.26918
vt 0.15403 0.27057
vt 0.15272 0.37935
vt 0.1526 0.38022
vt 0.15353 0.38023
vt 0.15342 0.37956
vt 0.15398 0.37908
vt 0.15305 0.37846
vt 0.15446 0.38002
vt 0.15308 0.37514
vt 0.15226 0.37599
vt 0.15296 0.37581
vt 0.15351 0.37631
vt 0.15403 0.37537
vt 0.15255 0.3769
vt 0.28896 0.79092
vt 0.32698 0.79092
vt 0.32698 0.8971
vt 0.28896 0.8971
vt 0.32698 0.59713
vt 0.2972 0.59713
vt 0.2972 0.99923
vt 0.32698 0.99923
vt 0.32698 0.70333
vt 0.29377 0.70333
vt 0.46736 0.72966
vt 0.43758 0.72966
vt 0.43414 0.79587
vt 0.46736 0.79587
vt 0.46736 0.62907
vt 0.44083 0.62907
vt 0.43758 0.72798
vt 0.46736 0.72798
vt 0.96929 0.7745
vt 0.87586 0.77455
vt 0.88368 0.8735
vt 0.95035 0.87686
vt 0.46736 0.79754
vt 0.43414 0.79754
vt 0.43758 0.90198
vt 0.46736 0.90198
vt 0.46736 0.90379
vt 0.43758 0.90379
vt 0.44083 0.99831
vt 0.46736 0.99831
vt 0.18326 0.59354
vt 0.18322 0.59269
vt 0.18243 0.59284
vt 0.18264 0.59347
vt 0.18219 0.59405
vt 0.18309 0.59448
vt 0.18156 0.5932
vt 0.95032 0.87773
vt 0.95051 0.87865
vt 0.9514 0.87822
vt 0.95094 0.87765
vt 0.95115 0.87701
vt 0.95202 0.87738
vt 0.16296 0.49093
vt 0.16388 0.4909
vt 0.16375 0.49004
vt 0.16305 0.49025
vt 0.16247 0.48977
vt 0.16199 0.49076
vt 0.16343 0.48911
vt 0.96944 0.77365
vt 0.97021 0.77455
vt 0.97013 0.77387
vt 0.97071 0.77341
vt 0.96977 0.77275
vt 0.97117 0.7744
vt 0.25029 0.5902
vt 0.24948 0.59015
vt 0.24955 0.59101
vt 0.25016 0.59086
vt 0.25068 0.59137
vt 0.2512 0.59046
vt 0.24985 0.59191
vt 0.88363 0.87436
vt 0.88287 0.87356
vt 0.88301 0.87423
vt 0.88249 0.87476
vt 0.88335 0.87529
vt 0.88196 0.87385
vt 0.25831 0.49002
vt 0.25823 0.49089
vt 0.25915 0.49085
vt 0.25901 0.49019
vt 0.25955 0.48968
vt 0.25859 0.48911
vt 0.26009 0.49061
vt 0.87495 0.77451
vt 0.8758 0.77368
vt 0.87509 0.77384
vt 0.87455 0.77333
vt 0.87401 0.77427
vt 0.87553 0.77275
vt 0.43414 0.79668
vt 0.46736 0.79668
vt 0.46736 0.90286
vt 0.43758 0.90286
vt 0.46736 0.62819
vt 0.44083 0.62819
vt 0.44083 0.99923
vt 0.46736 0.99923
vt 0.46736 0.72885
vt 0.43758 0.72885
vt 0.60956 0.48426
vt 0.58303 0.48426
vt 0.57979 0.57423
vt 0.60956 0.57423
vt 0.60956 0.37485
vt 0.58303 0.37485
vt 0.58303 0.48258
vt 0.60956 0.48258
vt 0.51147 0.24249
vt 0.59771 0.24534
vt 0.59919 0.13807
vt 0.50945 0.13806
vt 0.60956 0.57591
vt 0.57979 0.57591
vt 0.58303 0.68043
vt 0.60956 0.68043
vt 0.60956 0.68224
vt 0.58303 0.68224
vt 0.58303 0.76821
vt 0.60956 0.76821
vt 0.88106 0.88916
vt 0.88105 0.89001
vt 0.88185 0.88991
vt 0.88168 0.88926
vt 0.88217 0.88871
vt 0.88129 0.88823
vt 0.88274 0.88961
vt 0.50943 0.13719
vt 0.50919 0.13628
vt 0.50832 0.13677
vt 0.50881 0.13731
vt 0.50865 0.13796
vt 0.50775 0.13766
vt 0.8813 0.99432
vt 0.88037 0.99431
vt 0.88046 0.99518
vt 0.88117 0.995
vt 0.88172 0.9955
vt 0.88225 0.99456
vt 0.88075 0.99611
vt 0.51138 0.24336
vt 0.51055 0.2425
vt 0.51067 0.24318
vt 0.51012 0.24368
vt 0.51109 0.24429
vt 0.5096 0.24274
vt 0.79069 0.88991
vt 0.7915 0.89
vt 0.79147 0.88914
vt 0.79085 0.88926
vt 0.79035 0.88873
vt 0.7898 0.88962
vt 0.79121 0.88823
vt 0.5992 0.13721
vt 0.6 0.13797
vt 0.59983 0.13732
vt 0.60032 0.13677
vt 0.59945 0.13628
vt 0.60089 0.13767
vt 0.79381 0.99831
vt 0.79389 0.99744
vt 0.79296 0.99746
vt 0.7931 0.99814
vt 0.79255 0.99865
vt 0.79354 0.99923
vt 0.79202 0.9977
vt 0.59864 0.24536
vt 0.5978 0.24621
vt 0.59851 0.24603
vt 0.59905 0.24654
vt 0.59958 0.2456
vt 0.59808 0.24713
vt 0.57979 0.57505
vt 0.60956 0.57505
vt 0.60956 0.68131
vt 0.58303 0.68131
vt 0.60956 0.37397
vt 0.58303 0.37397
vt 0.58303 0.76915
vt 0.60956 0.76915
vt 0.60956 0.48344
vt 0.58303 0.48344
vt 0.6111 0.66243
vt 0.63763 0.66243
vt 0.63763 0.57537
vt 0.6111 0.57537
vt 0.6111 0.76827
vt 0.63763 0.76827
vt 0.63763 0.66411
vt 0.6111 0.66411
vt 0.3969 0.59371
vt 0.39687 0.48398
vt 0.29291 0.48746
vt 0.29077 0.57511
vt 0.6111 0.5737
vt 0.63763 0.5737
vt 0.63763 0.46595
vt 0.6111 0.46595
vt 0.6111 0.46414
vt 0.63763 0.46414
vt 0.63763 0.35331
vt 0.6111 0.35331
vt 0.40377 0.48795
vt 0.40464 0.48792
vt 0.4045 0.48712
vt 0.40385 0.48732
vt 0.40328 0.48685
vt 0.40283 0.48774
vt 0.40414 0.48624
vt 0.2899 0.57508
vt 0.28896 0.57529
vt 0.28941 0.57618
vt 0.28998 0.57571
vt 0.29063 0.57591
vt 0.29027 0.57679
vt 0.51073 0.4684
vt 0.51077 0.46932
vt 0.51162 0.46918
vt 0.51141 0.46848
vt 0.51188 0.46791
vt 0.51089 0.46744
vt 0.51253 0.46886
vt 0.39776 0.59385
vt 0.39686 0.59464
vt 0.39754 0.59455
vt 0.39801 0.59513
vt 0.39866 0.59417
vt 0.39702 0.59559
vt 0.40668 0.57638
vt 0.40677 0.57557
vt 0.40591 0.5756
vt 0.40603 0.57622
vt 0.4055 0.57671
vt 0.40639 0.57727
vt 0.40501 0.57586
vt 0.29205 0.48743
vt 0.29282 0.48665
vt 0.29217 0.48681
vt 0.29163 0.48632
vt 0.29114 0.48717
vt 0.29252 0.48577
vt 0.5116 0.57914
vt 0.51074 0.57906
vt 0.51075 0.57998
vt 0.51142 0.57985
vt 0.51193 0.5804
vt 0.51253 0.57942
vt 0.51098 0.58093
vt 0.39688 0.48305
vt 0.39773 0.48389
vt 0.39755 0.48318
vt 0.39806 0.48263
vt 0.39711 0.4821
vt 0.39866 0.48361
vt 0.63763 0.57456
vt 0.6111 0.57456
vt 0.6111 0.46507
vt 0.63763 0.46507
vt 0.6111 0.76915
vt 0.63763 0.76915
vt 0.63763 0.35238
vt 0.6111 0.35238
vt 0.6111 0.66325
vt 0.63763 0.66325
vt 0.84595 0.77152
vt 0.87247 0.77152
vt 0.87247 0.69454
vt 0.84595 0.69454
vt 0.84595 0.87777
vt 0.87247 0.87777
vt 0.87247 0.77319
vt 0.84595 0.77319
vt 0.7864 0.89376
vt 0.68665 0.89375
vt 0.7019 0.99736
vt 0.77955 0.99745
vt 0.84595 0.69287
vt 0.87247 0.69287
vt 0.87247 0.58872
vt 0.84595 0.58872
vt 0.84595 0.58691
vt 0.87247 0.58691
vt 0.87247 0.48603
vt 0.84595 0.48603
vt 0.6755 0.76796
vt 0.67551 0.7671
vt 0.67471 0.7672
vt 0.67488 0.76785
vt 0.67439 0.7684
vt 0.67526 0.76888
vt 0.67381 0.76751
vt 0.77956 0.99831
vt 0.77979 0.99923
vt 0.78066 0.99875
vt 0.78018 0.99821
vt 0.78035 0.99755
vt 0.78125 0.99787
vt 0.66816 0.66357
vt 0.66908 0.66357
vt 0.66898 0.66271
vt 0.66828 0.6629
vt 0.66773 0.66241
vt 0.66723 0.66336
vt 0.66869 0.66181
vt 0.7865 0.89291
vt 0.78732 0.89376
vt 0.78721 0.89309
vt 0.78776 0.8926
vt 0.7868 0.89198
vt 0.78826 0.89355
vt 0.75397 0.76745
vt 0.75316 0.76734
vt 0.75316 0.76821
vt 0.75379 0.76811
vt 0.75427 0.76867
vt 0.75487 0.76779
vt 0.75339 0.76915
vt 0.7019 0.99823
vt 0.70109 0.99747
vt 0.70127 0.99813
vt 0.70078 0.99868
vt 0.70166 0.99916
vt 0.7002 0.9978
vt 0.76895 0.66274
vt 0.76884 0.6636
vt 0.76976 0.66361
vt 0.76966 0.66294
vt 0.77023 0.66245
vt 0.76926 0.66181
vt 0.77072 0.66343
vt 0.68573 0.89376
vt 0.68654 0.89289
vt 0.68584 0.89309
vt 0.68527 0.8926
vt 0.68478 0.89358
vt 0.68623 0.89198
vt 0.87247 0.69373
vt 0.84595 0.69373
vt 0.84595 0.58784
vt 0.87247 0.58784
vt 0.84595 0.87865
vt 0.87247 0.87865
vt 0.87247 0.4851
vt 0.84595 0.4851
vt 0.84595 0.77233
vt 0.87247 0.77233
vt 0.94464 0.66419
vt 0.97117 0.66419
vt 0.97117 0.57824
vt 0.94464 0.57824
vt 0.94464 0.77033
vt 0.97117 0.77033
vt 0.97117 0.66587
vt 0.94464 0.66587
vt 0.90996 0.22775
vt 0.99224 0.23468
vt 0.99285 0.13117
vt 0.90719 0.1312
vt 0.94464 0.57656
vt 0.97116 0.57656
vt 0.97116 0.48036
vt 0.94464 0.48036
vt 0.94464 0.47856
vt 0.97116 0.47856
vt 0.97116 0.39631
vt 0.94464 0.39631
vt 0.89818 0.01809
vt 0.89816 0.01895
vt 0.89897 0.01886
vt 0.89881 0.0182
vt 0.89931 0.01766
vt 0.89843 0.01715
vt 0.89987 0.01856
vt 0.90717 0.13034
vt 0.90692 0.1294
vt 0.90604 0.1299
vt 0.90654 0.13045
vt 0.90638 0.13111
vt 0.90547 0.13082
vt 0.89638 0.11545
vt 0.89546 0.11544
vt 0.89556 0.1163
vt 0.89626 0.11612
vt 0.89681 0.11662
vt 0.89733 0.11568
vt 0.89586 0.11723
vt 0.90987 0.22862
vt 0.90904 0.22776
vt 0.90917 0.22843
vt 0.90861 0.22894
vt 0.90957 0.22954
vt 0.9081 0.22799
vt 0.8117 0.01882
vt 0.8125 0.01892
vt 0.81248 0.01806
vt 0.81187 0.01818
vt 0.81138 0.01764
vt 0.81081 0.01852
vt 0.81224 0.01715
vt 0.99287 0.13031
vt 0.99365 0.13107
vt 0.99348 0.13042
vt 0.99397 0.12988
vt 0.9931 0.1294
vt 0.99453 0.13077
vt 0.81311 0.12337
vt 0.81319 0.1225
vt 0.81227 0.12252
vt 0.8124 0.1232
vt 0.81186 0.12371
vt 0.81285 0.12429
vt 0.81133 0.12276
vt 0.99316 0.2347
vt 0.99232 0.23555
vt 0.99303 0.23538
vt 0.99357 0.23589
vt 0.99411 0.23494
vt 0.99259 0.23647
vt 0.97117 0.57743
vt 0.94464 0.57743
vt 0.94464 0.47948
vt 0.97116 0.47948
vt 0.94464 0.77121
vt 0.97117 0.77121
vt 0.97117 0.39538
vt 0.94464 0.39538
vt 0.94464 0.66501
vt 0.97117 0.66501
vt 0.52365 0.54709
vt 0.55018 0.54709
vt 0.55018 0.46113
vt 0.52365 0.46113
vt 0.52365 0.65322
vt 0.55018 0.65322
vt 0.55018 0.54876
vt 0.52365 0.54876
vt 0.58173 0.87649
vt 0.68137 0.87686
vt 0.68154 0.77249
vt 0.59519 0.77315
vt 0.52365 0.45946
vt 0.55018 0.45946
vt 0.55018 0.35502
vt 0.52365 0.35502
vt 0.52365 0.35321
vt 0.55018 0.35321
vt 0.55018 0.25294
vt 0.52365 0.25294
vt 0.41818 0.35519
vt 0.41819 0.35432
vt 0.41738 0.35443
vt 0.41756 0.35508
vt 0.41707 0.35564
vt 0.41795 0.35612
vt 0.41648 0.35476
vt 0.59518 0.77229
vt 0.59495 0.77138
vt 0.59408 0.77184
vt 0.59456 0.77239
vt 0.59439 0.77305
vt 0.5935 0.77271
vt 0.40378 0.25048
vt 0.40471 0.25047
vt 0.4046 0.2496
vt 0.40389 0.2498
vt 0.40332 0.2493
vt 0.40283 0.25028
vt 0.4043 0.24867
vt 0.58161 0.87735
vt 0.58081 0.87648
vt 0.58091 0.87715
vt 0.58035 0.87764
vt 0.58131 0.87826
vt 0.57986 0.87667
vt 0.50533 0.35466
vt 0.50452 0.35456
vt 0.50453 0.35543
vt 0.50515 0.35532
vt 0.50564 0.35586
vt 0.50621 0.35497
vt 0.50477 0.35634
vt 0.68155 0.77162
vt 0.68235 0.77238
vt 0.68217 0.77173
vt 0.68267 0.77118
vt 0.68178 0.77069
vt 0.68324 0.77207
vt 0.50446 0.24982
vt 0.50436 0.25068
vt 0.50527 0.25068
vt 0.50515 0.25001
vt 0.5057 0.24951
vt 0.50474 0.24892
vt 0.50621 0.25045
vt 0.68229 0.87687
vt 0.68146 0.87772
vt 0.68217 0.87754
vt 0.68272 0.87805
vt 0.68324 0.87709
vt 0.68175 0.87865
vt 0.55018 0.46032
vt 0.52365 0.46032
vt 0.52365 0.35414
vt 0.55018 0.35414
vt 0.52365 0.6541
vt 0.55018 0.6541
vt 0.55018 0.25201
vt 0.52365 0.25201
vt 0.52365 0.5479
vt 0.55018 0.5479
vt 0.81634 0.59376
vt 0.78982 0.59376
vt 0.78982 0.68374
vt 0.81634 0.68374
vt 0.81634 0.48436
vt 0.78982 0.48436
vt 0.78982 0.59209
vt 0.81634 0.59209
vt 0.61482 0.23715
vt 0.70106 0.24
vt 0.70254 0.13273
vt 0.6128 0.13271
vt 0.81634 0.68541
vt 0.78982 0.68541
vt 0.78982 0.78993
vt 0.81634 0.78993
vt 0.81634 0.79175
vt 0.78982 0.79175
vt 0.78982 0.87772
vt 0.81634 0.87772
vt 0.49429 0.13713
vt 0.49428 0.13798
vt 0.49508 0.13789
vt 0.49491 0.13724
vt 0.4954 0.1367
vt 0.49453 0.13621
vt 0.49597 0.13759
vt 0.61278 0.13185
vt 0.61254 0.13094
vt 0.61167 0.13143
vt 0.61216 0.13197
vt 0.612 0.13262
vt 0.6111 0.13232
vt 0.49325 0.24237
vt 0.49233 0.24236
vt 0.49242 0.24323
vt 0.49313 0.24305
vt 0.49368 0.24355
vt 0.4942 0.2426
vt 0.49271 0.24415
vt 0.61473 0.23802
vt 0.61389 0.23716
vt 0.61402 0.23784
vt 0.61347 0.23834
vt 0.61444 0.23895
vt 0.61295 0.2374
vt 0.40372 0.13791
vt 0.40453 0.13801
vt 0.40452 0.13714
vt 0.40389 0.13726
vt 0.4034 0.13671
vt 0.40283 0.13761
vt 0.40427 0.13621
vt 0.70255 0.13187
vt 0.70334 0.13263
vt 0.70318 0.13198
vt 0.70367 0.13143
vt 0.7028 0.13094
vt 0.70424 0.13233
vt 0.40601 0.24621
vt 0.4061 0.24534
vt 0.40517 0.24536
vt 0.4053 0.24604
vt 0.40475 0.24654
vt 0.40573 0.24713
vt 0.40422 0.2456
vt 0.70199 0.24002
vt 0.70115 0.24087
vt 0.70186 0.24069
vt 0.7024 0.2412
vt 0.70293 0.24026
vt 0.70142 0.24179
vt 0.78982 0.68455
vt 0.81634 0.68455
vt 0.81634 0.79082
vt 0.78982 0.79082
vt 0.81634 0.48348
vt 0.78982 0.48348
vt 0.78982 0.87865
vt 0.81634 0.87865
vt 0.81634 0.59295
vt 0.78982 0.59295
vt 0.66569 0.4591
vt 0.63917 0.4591
vt 0.63917 0.54616
vt 0.66569 0.54616
vt 0.66569 0.35327
vt 0.63917 0.35327
vt 0.63917 0.45742
vt 0.66569 0.45742
vt 0.57649 0.76727
vt 0.57645 0.65752
vt 0.47214 0.66141
vt 0.47067 0.74906
vt 0.66569 0.54783
vt 0.63917 0.54783
vt 0.63917 0.65558
vt 0.66569 0.65558
vt 0.66569 0.65739
vt 0.63917 0.65739
vt 0.63917 0.76822
vt 0.66569 0.76822
vt 0.46981 0.90596
vt 0.47067 0.90595
vt 0.47055 0.90514
vt 0.4699 0.90534
vt 0.46934 0.90488
vt 0.46889 0.90575
vt 0.47019 0.90427
vt 0.46981 0.74904
vt 0.46889 0.74925
vt 0.46934 0.75012
vt 0.4699 0.74966
vt 0.47054 0.74986
vt 0.47018 0.75073
vt 0.57653 0.88668
vt 0.57656 0.88761
vt 0.57742 0.88747
vt 0.5772 0.88677
vt 0.57767 0.88619
vt 0.57669 0.88573
vt 0.57832 0.88715
vt 0.57735 0.76741
vt 0.57645 0.76819
vt 0.57713 0.7681
vt 0.5776 0.76868
vt 0.57825 0.76773
vt 0.57662 0.76915
vt 0.47221 0.99441
vt 0.4723 0.9936
vt 0.47143 0.99362
vt 0.47155 0.99425
vt 0.47101 0.99475
vt 0.4719 0.9953
vt 0.4705 0.99388
vt 0.47126 0.66139
vt 0.47204 0.6606
vt 0.47138 0.66077
vt 0.47084 0.66027
vt 0.47033 0.66114
vt 0.47174 0.65971
vt 0.57739 0.99744
vt 0.57653 0.99735
vt 0.57654 0.99828
vt 0.57721 0.99815
vt 0.57772 0.9987
vt 0.57832 0.99773
vt 0.57677 0.99923
vt 0.57647 0.6566
vt 0.57732 0.65743
vt 0.57714 0.65672
vt 0.57765 0.65617
vt 0.57669 0.65564
vt 0.57825 0.65715
vt 0.63917 0.54697
vt 0.66569 0.54697
vt 0.66569 0.65646
vt 0.63917 0.65646
vt 0.66569 0.35238
vt 0.63917 0.35238
vt 0.63917 0.76915
vt 0.66569 0.76915
vt 0.66569 0.45828
vt 0.63917 0.45828
vt 0.84441 0.59224
vt 0.81788 0.59224
vt 0.81788 0.66921
vt 0.84441 0.66921
vt 0.84441 0.48598
vt 0.81788 0.48598
vt 0.81788 0.59056
vt 0.84441 0.59056
vt 0.76885 0.55472
vt 0.6691 0.55471
vt 0.68422 0.65825
vt 0.76185 0.65849
vt 0.84441 0.67089
vt 0.81788 0.67089
vt 0.81788 0.77504
vt 0.84441 0.77504
vt 0.84441 0.77685
vt 0.81788 0.77685
vt 0.81788 0.87772
vt 0.84441 0.87772
vt 0.69319 0.87771
vt 0.6932 0.87685
vt 0.69239 0.87695
vt 0.69256 0.87761
vt 0.69207 0.87816
vt 0.69295 0.87865
vt 0.69149 0.87726
vt 0.76186 0.65936
vt 0.7621 0.66027
vt 0.76297 0.6598
vt 0.76248 0.65925
vt 0.76266 0.65859
vt 0.76356 0.65891
vt 0.68571 0.77318
vt 0.68663 0.77318
vt 0.68652 0.77233
vt 0.68583 0.77251
vt 0.68528 0.77202
vt 0.68478 0.77297
vt 0.68623 0.77143
vt 0.76896 0.55386
vt 0.76978 0.55472
vt 0.76966 0.55405
vt 0.77022 0.55356
vt 0.76925 0.55294
vt 0.77071 0.55451
vt 0.77165 0.87694
vt 0.77084 0.87683
vt 0.77085 0.8777
vt 0.77147 0.87759
vt 0.77195 0.87815
vt 0.77254 0.87728
vt 0.77108 0.87861
vt 0.68421 0.65911
vt 0.68341 0.65835
vt 0.68359 0.65901
vt 0.6831 0.65957
vt 0.68398 0.66005
vt 0.68252 0.65869
vt 0.7865 0.77236
vt 0.78639 0.77322
vt 0.78732 0.77323
vt 0.78721 0.77256
vt 0.78779 0.77207
vt 0.78681 0.77143
vt 0.78828 0.77305
vt 0.66818 0.55472
vt 0.66899 0.55384
vt 0.66829 0.55404
vt 0.66773 0.55356
vt 0.66723 0.55453
vt 0.66868 0.55294
vt 0.81788 0.67003
vt 0.84441 0.67003
vt 0.84441 0.77592
vt 0.81788 0.77592
vt 0.84441 0.4851
vt 0.81788 0.4851
vt 0.81788 0.87865
vt 0.84441 0.87865
vt 0.84441 0.59143
vt 0.81788 0.59143
vt 0.9727 0.77163
vt 0.99923 0.77163
vt 0.99923 0.68568
vt 0.9727 0.68568
vt 0.9727 0.87777
vt 0.99923 0.87777
vt 0.99923 0.77331
vt 0.9727 0.77331
vt 0.9063 0.11591
vt 0.98861 0.1225
vt 0.98879 0.01899
vt 0.90313 0.01937
vt 0.9727 0.68401
vt 0.99923 0.68401
vt 0.99923 0.5878
vt 0.9727 0.5878
vt 0.9727 0.586
vt 0.99923 0.586
vt 0.99923 0.50375
vt 0.9727 0.50375
vt 0.49023 0.02817
vt 0.49021 0.02903
vt 0.49101 0.02894
vt 0.49084 0.02829
vt 0.49134 0.02775
vt 0.49047 0.02726
vt 0.49191 0.02864
vt 0.90311 0.01851
vt 0.90286 0.01757
vt 0.90198 0.01808
vt 0.90248 0.01862
vt 0.90232 0.01928
vt 0.90141 0.01899
vt 0.48884 0.1253
vt 0.48792 0.12529
vt 0.48802 0.12616
vt 0.48872 0.12597
vt 0.48927 0.12647
vt 0.48978 0.12552
vt 0.48833 0.12708
vt 0.90621 0.11678
vt 0.90538 0.11592
vt 0.90551 0.1166
vt 0.90496 0.1171
vt 0.90591 0.1177
vt 0.90443 0.11616
vt 0.40372 0.02896
vt 0.40453 0.02906
vt 0.40451 0.02819
vt 0.40389 0.02831
vt 0.40339 0.02776
vt 0.40283 0.02866
vt 0.40427 0.02726
vt 0.9888 0.01813
vt 0.98959 0.01888
vt 0.98942 0.01824
vt 0.9899 0.0177
vt 0.98904 0.01722
vt 0.99047 0.01858
vt 0.40563 0.13375
vt 0.40571 0.13288
vt 0.40479 0.1329
vt 0.40492 0.13358
vt 0.40438 0.1341
vt 0.40537 0.13468
vt 0.40384 0.13315
vt 0.98953 0.12252
vt 0.98869 0.12337
vt 0.9894 0.12319
vt 0.98994 0.1237
vt 0.99047 0.12275
vt 0.98896 0.12429
vt 0.99923 0.68487
vt 0.9727 0.68487
vt 0.9727 0.58692
vt 0.99923 0.58692
vt 0.9727 0.87865
vt 0.99923 0.87865
vt 0.99923 0.50282
vt 0.9727 0.50282
vt 0.9727 0.77245
vt 0.99923 0.77245
vt 0.55172 0.54709
vt 0.57825 0.54709
vt 0.57825 0.46113
vt 0.55172 0.46113
vt 0.55172 0.65322
vt 0.57825 0.65322
vt 0.57825 0.54876
vt 0.55172 0.54876
vt 0.29085 0.36917
vt 0.39049 0.36885
vt 0.39066 0.26506
vt 0.3043 0.26525
vt 0.55172 0.45946
vt 0.57825 0.45946
vt 0.57825 0.35502
vt 0.55172 0.35502
vt 0.55172 0.35321
vt 0.57825 0.35321
vt 0.57825 0.25294
vt 0.55172 0.25294
vt 0.59518 0.99763
vt 0.59519 0.99676
vt 0.59439 0.99687
vt 0.59456 0.99752
vt 0.59408 0.99807
vt 0.59495 0.99854
vt 0.5935 0.9972
vt 0.3043 0.26438
vt 0.30407 0.26345
vt 0.30319 0.26393
vt 0.30368 0.26448
vt 0.3035 0.26514
vt 0.3026 0.26481
vt 0.58081 0.89344
vt 0.58173 0.89343
vt 0.58161 0.89257
vt 0.58091 0.89276
vt 0.58035 0.89228
vt 0.57986 0.89325
vt 0.58131 0.89166
vt 0.29074 0.37004
vt 0.28992 0.36917
vt 0.29003 0.36985
vt 0.28945 0.37034
vt 0.29043 0.37098
vt 0.28896 0.36936
vt 0.68235 0.99753
vt 0.68154 0.99743
vt 0.68155 0.99829
vt 0.68217 0.99819
vt 0.68267 0.99874
vt 0.68324 0.99784
vt 0.68178 0.99923
vt 0.39067 0.2642
vt 0.39146 0.26495
vt 0.39129 0.26431
vt 0.39178 0.26376
vt 0.39091 0.26328
vt 0.39235 0.26465
vt 0.68146 0.89219
vt 0.68137 0.89306
vt 0.68229 0.89305
vt 0.68217 0.89237
vt 0.68272 0.89187
vt 0.68175 0.89126
vt 0.68324 0.89282
vt 0.3914 0.36885
vt 0.39059 0.36971
vt 0.39129 0.36952
vt 0.39183 0.37002
vt 0.39235 0.36908
vt 0.39088 0.37061
vt 0.57825 0.46032
vt 0.55172 0.46032
vt 0.55172 0.35414
vt 0.57825 0.35414
vt 0.55172 0.6541
vt 0.57825 0.6541
vt 0.57825 0.25201
vt 0.55172 0.25201
vt 0.55172 0.5479
vt 0.57825 0.5479
vt 0.88851 0.66974
vt 0.91503 0.66974
vt 0.91503 0.60353
vt 0.88851 0.60353
vt 0.88851 0.77033
vt 0.91503 0.77033
vt 0.91503 0.67141
vt 0.88851 0.67141
vt 0.14589 0.05474
vt 0.05248 0.05478
vt 0.06016 0.15359
vt 0.12683 0.15723
vt 0.88851 0.60186
vt 0.91503 0.60186
vt 0.91503 0.49742
vt 0.88851 0.49742
vt 0.88851 0.49561
vt 0.91503 0.49561
vt 0.91503 0.40109
vt 0.88851 0.40109
vt 0.81095 0.48099
vt 0.81091 0.48012
vt 0.81011 0.48027
vt 0.81032 0.48092
vt 0.80986 0.4815
vt 0.81077 0.48194
vt 0.80923 0.48065
vt 0.12679 0.1581
vt 0.12697 0.15904
vt 0.12787 0.15861
vt 0.12742 0.15803
vt 0.12763 0.15738
vt 0.1285 0.15776
vt 0.79078 0.37761
vt 0.79169 0.37756
vt 0.79154 0.37671
vt 0.79085 0.37693
vt 0.79027 0.37647
vt 0.78982 0.37747
vt 0.79121 0.37581
vt 0.14604 0.05388
vt 0.14681 0.05479
vt 0.14673 0.05411
vt 0.14732 0.05364
vt 0.14638 0.05298
vt 0.14777 0.05464
vt 0.87839 0.4764
vt 0.87758 0.47635
vt 0.87764 0.47721
vt 0.87825 0.47707
vt 0.87876 0.47759
vt 0.87929 0.47668
vt 0.87792 0.47811
vt 0.0601 0.15446
vt 0.05934 0.15365
vt 0.05948 0.15432
vt 0.05897 0.15484
vt 0.05981 0.15536
vt 0.05844 0.15393
vt 0.88517 0.37674
vt 0.8851 0.3776
vt 0.88601 0.37756
vt 0.88587 0.3769
vt 0.88641 0.37639
vt 0.88543 0.37581
vt 0.88695 0.37733
vt 0.05157 0.05474
vt 0.05242 0.05392
vt 0.05171 0.05408
vt 0.05117 0.05356
vt 0.05063 0.0545
vt 0.05215 0.05298
vt 0.91503 0.60272
vt 0.88851 0.60272
vt 0.88851 0.49654
vt 0.91503 0.49654
vt 0.88851 0.77121
vt 0.91503 0.77121
vt 0.91503 0.40017
vt 0.88851 0.40017
vt 0.88851 0.67055
vt 0.91503 0.67055
vt 0.0273 0.31108
vt 0.00077 0.31108
vt 0.00077 0.40105
vt 0.0273 0.40105
vt 0.0273 0.20167
vt 0.00077 0.20167
vt 0.00077 0.3094
vt 0.0273 0.3094
vt 0.2926 0.25697
vt 0.37883 0.25996
vt 0.3804 0.15262
vt 0.29065 0.1526
vt 0.0273 0.40273
vt 0.00077 0.40273
vt 0.00077 0.50725
vt 0.0273 0.50725
vt 0.0273 0.50906
vt 0.00077 0.50906
vt 0.00077 0.59503
vt 0.0273 0.59503
vt 0.90224 0.12676
vt 0.90223 0.12763
vt 0.90303 0.12753
vt 0.90287 0.12688
vt 0.90337 0.12633
vt 0.90249 0.12583
vt 0.90394 0.12724
vt 0.29064 0.15174
vt 0.2904 0.15083
vt 0.28953 0.15131
vt 0.29002 0.15185
vt 0.28985 0.1525
vt 0.28896 0.1522
vt 0.90076 0.23226
vt 0.89983 0.23225
vt 0.89992 0.23312
vt 0.90063 0.23294
vt 0.90118 0.23345
vt 0.90171 0.2325
vt 0.90021 0.23405
vt 0.29251 0.25784
vt 0.29168 0.25699
vt 0.2918 0.25766
vt 0.29125 0.25816
vt 0.29222 0.25877
vt 0.29073 0.25722
vt 0.8117 0.1275
vt 0.8125 0.1276
vt 0.81249 0.12674
vt 0.81187 0.12685
vt 0.81138 0.12631
vt 0.81081 0.1272
vt 0.81225 0.12583
vt 0.38041 0.15176
vt 0.3812 0.15252
vt 0.38104 0.15187
vt 0.38153 0.15132
vt 0.38066 0.15083
vt 0.3821 0.15222
vt 0.81347 0.23556
vt 0.81357 0.23469
vt 0.81264 0.2347
vt 0.81277 0.23538
vt 0.81222 0.23588
vt 0.81319 0.23647
vt 0.81169 0.23494
vt 0.37976 0.25997
vt 0.37892 0.26083
vt 0.37963 0.26065
vt 0.38018 0.26116
vt 0.38071 0.26021
vt 0.3792 0.26174
vt 0.00077 0.40187
vt 0.0273 0.40187
vt 0.0273 0.50813
vt 0.00077 0.50813
vt 0.0273 0.20079
vt 0.00077 0.20079
vt 0.00077 0.59597
vt 0.0273 0.59597
vt 0.0273 0.31027
vt 0.00077 0.31027
vt 0.4326 0.68918
vt 0.40283 0.68918
vt 0.40608 0.77624
vt 0.4326 0.77624
vt 0.4326 0.58335
vt 0.40608 0.58335
vt 0.40283 0.68751
vt 0.4326 0.68751
vt 0.57656 0.88231
vt 0.57653 0.77256
vt 0.4723 0.77632
vt 0.47067 0.86397
vt 0.4326 0.77792
vt 0.40608 0.77792
vt 0.40608 0.88566
vt 0.4326 0.88566
vt 0.4326 0.88748
vt 0.40608 0.88748
vt 0.40608 0.9983
vt 0.4326 0.9983
vt 0.05155 0.50873
vt 0.05242 0.50872
vt 0.0523 0.50791
vt 0.05165 0.5081
vt 0.05109 0.50763
vt 0.05063 0.5085
vt 0.05195 0.50703
vt 0.46981 0.86395
vt 0.46889 0.86416
vt 0.46934 0.86504
vt 0.4699 0.86458
vt 0.47055 0.86477
vt 0.47019 0.86565
vt 0.15866 0.49006
vt 0.15869 0.49099
vt 0.15956 0.49085
vt 0.15934 0.49016
vt 0.15981 0.48958
vt 0.15883 0.48911
vt 0.16046 0.49053
vt 0.57742 0.88245
vt 0.57653 0.88323
vt 0.5772 0.88314
vt 0.57767 0.88372
vt 0.57832 0.88277
vt 0.57669 0.88419
vt 0.05472 0.5973
vt 0.0548 0.59649
vt 0.05394 0.59651
vt 0.05406 0.59714
vt 0.05351 0.59764
vt 0.05442 0.59821
vt 0.05301 0.59676
vt 0.47143 0.77629
vt 0.47221 0.7755
vt 0.47155 0.77567
vt 0.47101 0.77517
vt 0.4705 0.77604
vt 0.4719 0.77461
vt 0.15953 0.60075
vt 0.15867 0.60067
vt 0.15869 0.60159
vt 0.15936 0.60146
vt 0.15987 0.602
vt 0.16046 0.60103
vt 0.15893 0.60252
vt 0.57654 0.77164
vt 0.57739 0.77247
vt 0.57721 0.77176
vt 0.57772 0.77121
vt 0.57677 0.77069
vt 0.57832 0.77219
vt 0.40608 0.77706
vt 0.4326 0.77706
vt 0.4326 0.88654
vt 0.40608 0.88654
vt 0.4326 0.58247
vt 0.40608 0.58247
vt 0.40608 0.99923
vt 0.4326 0.99923
vt 0.4326 0.68837
vt 0.40283 0.68837
vt 0.40129 0.71282
vt 0.36808 0.71282
vt 0.37151 0.78979
vt 0.40129 0.78979
vt 0.40129 0.60656
vt 0.36808 0.60656
vt 0.36808 0.71115
vt 0.40129 0.71115
vt 0.76888 0.44584
vt 0.66912 0.44588
vt 0.68453 0.54943
vt 0.76217 0.54959
vt 0.40129 0.79147
vt 0.37151 0.79147
vt 0.37476 0.89562
vt 0.40129 0.89562
vt 0.40129 0.89743
vt 0.37476 0.89743
vt 0.36808 0.9983
vt 0.40129 0.9983
vt 0.17325 0.48665
vt 0.17326 0.48578
vt 0.17245 0.48589
vt 0.17263 0.48654
vt 0.17214 0.48709
vt 0.17301 0.48757
vt 0.17155 0.4862
vt 0.76217 0.55046
vt 0.76241 0.5514
vt 0.7633 0.55091
vt 0.7628 0.55035
vt 0.76297 0.54969
vt 0.76388 0.55001
vt 0.16294 0.38117
vt 0.16388 0.38115
vt 0.16375 0.38028
vt 0.16305 0.38049
vt 0.16248 0.38001
vt 0.16199 0.38097
vt 0.16342 0.37938
vt 0.76899 0.44499
vt 0.7698 0.44584
vt 0.76968 0.44517
vt 0.77023 0.44469
vt 0.76928 0.44409
vt 0.77073 0.44563
vt 0.25141 0.48391
vt 0.25061 0.4838
vt 0.25062 0.48466
vt 0.25123 0.48456
vt 0.25172 0.48511
vt 0.2523 0.48423
vt 0.25084 0.48558
vt 0.68453 0.55029
vt 0.68373 0.54953
vt 0.68391 0.55018
vt 0.68343 0.55073
vt 0.6843 0.5512
vt 0.68284 0.54987
vt 0.26441 0.38031
vt 0.26432 0.38116
vt 0.26523 0.38115
vt 0.26511 0.38048
vt 0.26566 0.37998
vt 0.26467 0.37938
vt 0.26618 0.38094
vt 0.66819 0.4459
vt 0.669 0.44502
vt 0.66829 0.44522
vt 0.66772 0.44473
vt 0.66723 0.44571
vt 0.66869 0.44409
vt 0.37151 0.79061
vt 0.40129 0.79061
vt 0.40129 0.8965
vt 0.37476 0.8965
vt 0.40129 0.60568
vt 0.36808 0.60568
vt 0.36808 0.99923
vt 0.40129 0.99923
vt 0.40129 0.71201
vt 0.36808 0.71201
vt 0.36654 0.73041
vt 0.32852 0.73041
vt 0.33333 0.81637
vt 0.36654 0.81637
vt 0.36654 0.62428
vt 0.32852 0.62428
vt 0.32852 0.72874
vt 0.36654 0.72874
vt 0.72055 0.11523
vt 0.80282 0.12229
vt 0.80351 0.01872
vt 0.71785 0.01874
vt 0.36654 0.81804
vt 0.33333 0.81804
vt 0.33333 0.91425
vt 0.36654 0.91425
vt 0.36654 0.91605
vt 0.33333 0.91605
vt 0.32852 0.9983
vt 0.36654 0.9983
vt 0.91141 0.34994
vt 0.91144 0.34906
vt 0.91063 0.34915
vt 0.91079 0.34981
vt 0.91028 0.35034
vt 0.91114 0.35085
vt 0.90973 0.34943
vt 0.71783 0.01788
vt 0.71758 0.01695
vt 0.7167 0.01745
vt 0.7172 0.01799
vt 0.71704 0.01865
vt 0.71614 0.01835
vt 0.91329 0.25201
vt 0.91421 0.25202
vt 0.9141 0.25115
vt 0.91341 0.25134
vt 0.91286 0.25085
vt 0.91235 0.25179
vt 0.91378 0.25025
vt 0.72046 0.1161
vt 0.71963 0.11524
vt 0.71975 0.11592
vt 0.7192 0.11642
vt 0.72015 0.11702
vt 0.71869 0.11547
vt 0.99795 0.34877
vt 0.99716 0.34866
vt 0.99715 0.34951
vt 0.99777 0.34942
vt 0.99825 0.34997
vt 0.99883 0.34908
vt 0.99737 0.35044
vt 0.80353 0.01785
vt 0.80431 0.01861
vt 0.80414 0.01797
vt 0.80463 0.01743
vt 0.80377 0.01695
vt 0.8052 0.01832
vt 0.99704 0.24504
vt 0.99696 0.2459
vt 0.99788 0.24587
vt 0.99775 0.2452
vt 0.99829 0.24467
vt 0.99728 0.24409
vt 0.99883 0.24563
vt 0.80374 0.12231
vt 0.8029 0.12316
vt 0.80361 0.12299
vt 0.80415 0.1235
vt 0.80469 0.12255
vt 0.80316 0.12409
vt 0.33333 0.81718
vt 0.36654 0.81718
vt 0.36654 0.91513
vt 0.33333 0.91513
vt 0.36654 0.6234
vt 0.32852 0.6234
vt 0.32852 0.99923
vt 0.36654 0.99923
vt 0.36654 0.7296
vt 0.32852 0.7296
vt 0.20022 0.89222
vt 0.24305 0.89222
vt 0.23824 0.80626
vt 0.20022 0.80626
vt 0.20022 0.99835
vt 0.24305 0.99835
vt 0.24305 0.89389
vt 0.20022 0.89389
vt 0.16386 0.37578
vt 0.2635 0.37604
vt 0.26368 0.27181
vt 0.17733 0.2723
vt 0.20022 0.80458
vt 0.23824 0.80458
vt 0.23824 0.70015
vt 0.20022 0.70015
vt 0.20022 0.69834
vt 0.23824 0.69834
vt 0.24305 0.59806
vt 0.20022 0.59806
vt 0.41791 0.46499
vt 0.41793 0.46411
vt 0.41712 0.46421
vt 0.41729 0.46487
vt 0.4168 0.46541
vt 0.41766 0.4659
vt 0.41622 0.46453
vt 0.17733 0.27143
vt 0.17709 0.2705
vt 0.17622 0.27098
vt 0.17671 0.27153
vt 0.17653 0.27219
vt 0.17563 0.27186
vt 0.40378 0.35967
vt 0.40471 0.35966
vt 0.40459 0.35878
vt 0.40388 0.35899
vt 0.40332 0.35851
vt 0.40283 0.35948
vt 0.40427 0.35788
vt 0.16374 0.37663
vt 0.16294 0.37577
vt 0.16305 0.37644
vt 0.16249 0.37692
vt 0.16344 0.37754
vt 0.16199 0.37596
vt 0.50534 0.46385
vt 0.50454 0.46373
vt 0.50454 0.46459
vt 0.50516 0.46449
vt 0.50565 0.46505
vt 0.50623 0.46416
vt 0.50476 0.46552
vt 0.26369 0.27095
vt 0.26449 0.27171
vt 0.26431 0.27106
vt 0.2648 0.27052
vt 0.26393 0.27004
vt 0.26537 0.2714
vt 0.50446 0.35965
vt 0.50437 0.3605
vt 0.50529 0.36049
vt 0.50516 0.35982
vt 0.5057 0.35931
vt 0.50473 0.35872
vt 0.50623 0.36026
vt 0.26442 0.37605
vt 0.26359 0.37691
vt 0.2643 0.37673
vt 0.26486 0.37723
vt 0.26537 0.37628
vt 0.26388 0.37784
vt 0.23824 0.80545
vt 0.20022 0.80545
vt 0.20022 0.69927
vt 0.23824 0.69927
vt 0.20022 0.99923
vt 0.24305 0.99923
vt 0.24305 0.59713
vt 0.20022 0.59713
vt 0.20022 0.89303
vt 0.24305 0.89303
vt 0.15036 0.89776
vt 0.19869 0.89776
vt 0.19319 0.83155
vt 0.15036 0.83155
vt 0.15036 0.99835
vt 0.19869 0.99835
vt 0.19869 0.89943
vt 0.15036 0.89943
vt 0.25727 0.05027
vt 0.16385 0.05031
vt 0.17167 0.14927
vt 0.23834 0.15263
vt 0.15036 0.82988
vt 0.19319 0.82988
vt 0.19319 0.72544
vt 0.15036 0.72544
vt 0.15036 0.72363
vt 0.19319 0.72363
vt 0.19869 0.62911
vt 0.15036 0.62911
vt 0.07285 0.26671
vt 0.07281 0.26582
vt 0.07201 0.26598
vt 0.07222 0.26663
vt 0.07176 0.2672
vt 0.07264 0.26764
vt 0.07113 0.26636
vt 0.2383 0.15349
vt 0.23849 0.15442
vt 0.23938 0.15399
vt 0.23893 0.15342
vt 0.23914 0.15277
vt 0.24001 0.15315
vt 0.0516 0.1624
vt 0.05252 0.16233
vt 0.05235 0.16148
vt 0.05166 0.16172
vt 0.05106 0.16127
vt 0.05063 0.16227
vt 0.05199 0.16058
vt 0.25742 0.04941
vt 0.25819 0.05032
vt 0.25811 0.04964
vt 0.2587 0.04918
vt 0.25776 0.04852
vt 0.25915 0.05017
vt 0.14056 0.26017
vt 0.13975 0.26011
vt 0.13981 0.26097
vt 0.14042 0.26083
vt 0.14093 0.26136
vt 0.14147 0.26045
vt 0.14007 0.26188
vt 0.17162 0.15013
vt 0.17085 0.14933
vt 0.171 0.15
vt 0.17048 0.15052
vt 0.17133 0.15105
vt 0.16994 0.14961
vt 0.14597 0.16151
vt 0.14592 0.16236
vt 0.14682 0.1623
vt 0.14667 0.16165
vt 0.14719 0.16112
vt 0.1462 0.16058
vt 0.14775 0.16205
vt 0.16293 0.05027
vt 0.16378 0.04945
vt 0.16307 0.04961
vt 0.16253 0.04909
vt 0.16199 0.05004
vt 0.16351 0.04852
vt 0.19319 0.83074
vt 0.15036 0.83074
vt 0.15036 0.72456
vt 0.19319 0.72456
vt 0.15036 0.99923
vt 0.19869 0.99923
vt 0.19869 0.62819
vt 0.15036 0.62819
vt 0.15036 0.89857
vt 0.19869 0.89857
vt 0.05063 0.88895
vt 0.09896 0.88895
vt 0.09896 0.79897
vt 0.05063 0.79897
vt 0.05063 0.99835
vt 0.09896 0.99835
vt 0.09896 0.89062
vt 0.05063 0.89062
vt 0.71986 0.23183
vt 0.8061 0.23469
vt 0.80758 0.12742
vt 0.71784 0.1274
vt 0.05063 0.7973
vt 0.09896 0.7973
vt 0.09896 0.69277
vt 0.05063 0.69277
vt 0.05063 0.69096
vt 0.09896 0.69096
vt 0.09896 0.60499
vt 0.05063 0.60499
vt 0.81676 0.34918
vt 0.81678 0.34832
vt 0.81598 0.34841
vt 0.81614 0.34906
vt 0.81563 0.3496
vt 0.81651 0.35011
vt 0.81507 0.34869
vt 0.71782 0.12653
vt 0.71757 0.12562
vt 0.71671 0.12611
vt 0.7172 0.12665
vt 0.71703 0.1273
vt 0.71614 0.127
vt 0.81911 0.2437
vt 0.82003 0.24372
vt 0.81995 0.24285
vt 0.81924 0.24302
vt 0.8187 0.24251
vt 0.81816 0.24345
vt 0.81967 0.24192
vt 0.71976 0.2327
vt 0.71893 0.23185
vt 0.71905 0.23252
vt 0.7185 0.23303
vt 0.71947 0.23363
vt 0.71798 0.23208
vt 0.9073 0.34918
vt 0.90651 0.34907
vt 0.90651 0.34993
vt 0.90713 0.34983
vt 0.90761 0.35037
vt 0.90819 0.34949
vt 0.90674 0.35085
vt 0.80759 0.12655
vt 0.80838 0.12731
vt 0.80821 0.12666
vt 0.80871 0.12612
vt 0.80783 0.12562
vt 0.80927 0.12701
vt 0.90642 0.24111
vt 0.90632 0.24198
vt 0.90724 0.24198
vt 0.90712 0.2413
vt 0.90767 0.2408
vt 0.9067 0.2402
vt 0.90819 0.24175
vt 0.80702 0.2347
vt 0.80619 0.23556
vt 0.80689 0.23538
vt 0.80744 0.23589
vt 0.80797 0.23494
vt 0.80646 0.23647
vt 0.09896 0.79816
vt 0.05063 0.79816
vt 0.05063 0.69189
vt 0.09896 0.69189
vt 0.05063 0.99923
vt 0.09896 0.99923
vt 0.09896 0.60406
vt 0.05063 0.60406
vt 0.05063 0.88976
vt 0.09896 0.88976
usemtl mat2
f 1415/1415/1405 1416/1416/1406 1417/1417/1407
f 1417/1417/1407 1418/1418/1408 1415/1415/1405
f 1419/1419/1409 1420/1420/1410 1421/1421/1411
f 1421/1421/1411 1422/1422/1412 1419/1419/1409
f 1423/1423/1413 1424/1424/1414 1425/1425/1415
f 1425/1425/1415 1426/1426/1416 1423/1423/1413
f 1427/1427/1417 1428/1428/1418 1429/1429/1419
f 1429/1429/1419 1430/1430/1420 1427/1427/1417
f 1431/1431/1421 1432/1432/1422 1433/1433/1423
f 1433/1433/1423 1434/1434/1424 1431/1431/1421
f 1435/1435/1425 1436/1436/1426 1437/1437/1427
f 1437/1437/1427 1438/1438/1428 1435/1435/1425
f 1439/1439/1429 1440/1440/1407 1435/1435/1430
f 1435/1435/1430 1438/1438/1431 1439/1439/1429
f 1437/1437/1432 1441/1441/1418 1439/1439/1433
f 1439/1439/1433 1438/1438/1434 1437/1437/1432
f 1442/1442/1435 1443/1443/1408 1444/1444/1436
f 1444/1444/1436 1445/1445/1437 1442/1442/1435
f 1446/1446/1438 1426/1426/1416 1442/1442/1439
f 1442/1442/1439 1445/1445/1440 1446/1446/1438
f 1444/1444/1441 1447/1447/1417 1446/1446/1442
f 1446/1446/1442 1445/1445/1443 1444/1444/1441
f 1448/1448/1444 1449/1449/1445 1450/1450/1446
f 1450/1450/1446 1451/1451/1447 1448/1448/1444
f 1452/1452/1448 1453/1453/1419 1448/1448/1449
f 1448/1448/1449 1451/1451/1450 1452/1452/1448
f 1450/1450/1451 1454/1454/1422 1452/1452/1452
f 1452/1452/1452 1451/1451/1453 1450/1450/1451
f 1455/1455/1454 1423/1423/1413 1456/1456/1455
f 1456/1456/1455 1457/1457/1456 1455/1455/1454
f 1458/1458/1457 1459/1459/1421 1455/1455/1458
f 1455/1455/1458 1457/1457/1459 1458/1458/1457
f 1456/1456/1460 1460/1460/1420 1458/1458/1461
f 1458/1458/1461 1457/1457/1462 1456/1456/1460
f 1461/1461/1463 1462/1462/1464 1463/1463/1465
f 1463/1463/1465 1464/1464/1466 1461/1461/1463
f 1465/1465/1467 1466/1466/1411 1461/1461/1468
f 1461/1461/1468 1464/1464/1469 1465/1465/1467
f 1463/1463/1470 1467/1467/1406 1465/1465/1471
f 1465/1465/1471 1464/1464/1472 1463/1463/1470
f 1468/1468/1473 1425/1425/1415 1469/1469/1474
f 1469/1469/1474 1470/1470/1475 1468/1468/1473
f 1471/1471/1476 1472/1472/1405 1468/1468/1477
f 1468/1468/1477 1470/1470/1478 1471/1471/1476
f 1469/1469/1479 1473/1473/1412 1471/1471/1480
f 1471/1471/1480 1470/1470/1481 1469/1469/1479
f 1474/1474/1482 1475/1475/1483 1476/1476/1484
f 1476/1476/1484 1477/1477/1485 1474/1474/1482
f 1478/1478/1486 1479/1479/1423 1474/1474/1487
f 1474/1474/1487 1477/1477/1488 1478/1478/1486
f 1476/1476/1489 1480/1480/1410 1478/1478/1490
f 1478/1478/1490 1477/1477/1491 1476/1476/1489
f 1481/1481/1492 1424/1424/1414 1482/1482/1493
f 1482/1482/1493 1483/1483/1494 1481/1481/1492
f 1484/1484/1495 1485/1485/1409 1481/1481/1496
f 1481/1481/1496 1483/1483/1497 1484/1484/1495
f 1482/1482/1498 1486/1486/1424 1484/1484/1499
f 1484/1484/1499 1483/1483/1500 1482/1482/1498
f 1436/1436/1426 1449/1449/1445 1448/1448/1444
f 1448/1448/1444 1437/1437/1427 1436/1436/1426
f 1437/1437/1432 1448/1448/1449 1453/1453/1419
f 1453/1453/1419 1441/1441/1418 1437/1437/1432
f 1418/1418/1408 1417/1417/1407 1487/1487/1429
f 1487/1487/1429 1488/1488/1436 1418/1418/1408
f 1488/1488/1441 1487/1487/1433 1428/1428/1418
f 1428/1428/1418 1427/1427/1417 1488/1488/1441
f 1423/1423/1413 1426/1426/1416 1446/1446/1438
f 1446/1446/1438 1456/1456/1455 1423/1423/1413
f 1456/1456/1460 1446/1446/1442 1447/1447/1417
f 1447/1447/1417 1460/1460/1420 1456/1456/1460
f 1432/1432/1422 1431/1431/1421 1489/1489/1457
f 1489/1489/1457 1490/1490/1452 1432/1432/1422
f 1490/1490/1448 1489/1489/1461 1430/1430/1420
f 1430/1430/1420 1429/1429/1419 1490/1490/1448
f 1449/1449/1445 1475/1475/1483 1474/1474/1482
f 1474/1474/1482 1450/1450/1446 1449/1449/1445
f 1450/1450/1451 1474/1474/1487 1479/1479/1423
f 1479/1479/1423 1454/1454/1422 1450/1450/1451
f 1424/1424/1414 1423/1423/1413 1455/1455/1454
f 1455/1455/1454 1482/1482/1493 1424/1424/1414
f 1482/1482/1498 1455/1455/1458 1459/1459/1421
f 1459/1459/1421 1486/1486/1424 1482/1482/1498
f 1420/1420/1410 1419/1419/1409 1491/1491/1495
f 1491/1491/1495 1492/1492/1490 1420/1420/1410
f 1493/1493/1486 1494/1494/1499 1434/1434/1424
f 1434/1434/1424 1433/1433/1423 1493/1493/1486
f 1475/1475/1483 1462/1462/1464 1461/1461/1463
f 1461/1461/1463 1476/1476/1484 1475/1475/1483
f 1476/1476/1489 1461/1461/1468 1466/1466/1411
f 1466/1466/1411 1480/1480/1410 1476/1476/1489
f 1425/1425/1415 1424/1424/1414 1481/1481/1492
f 1481/1481/1492 1469/1469/1474 1425/1425/1415
f 1469/1469/1479 1481/1481/1496 1485/1485/1409
f 1485/1485/1409 1473/1473/1412 1469/1469/1479
f 1416/1416/1406 1415/1415/1405 1495/1495/1476
f 1495/1495/1476 1496/1496/1471 1416/1416/1406
f 1496/1496/1467 1495/1495/1480 1422/1422/1412
f 1422/1422/1412 1421/1421/1411 1496/1496/1467
f 1462/1462/1464 1436/1436/1426 1435/1435/1425
f 1435/1435/1425 1463/1463/1465 1462/1462/1464
f 1463/1463/1470 1435/1435/1430 1440/1440/1407
f 1440/1440/1407 1467/1467/1406 1463/1463/1470
f 1426/1426/1416 1425/1425/1415 1468/1468/1473
f 1468/1468/1473 1442/1442/1439 1426/1426/1416
f 1442/1442/1435 1468/1468/1477 1472/1472/1405
f 1472/1472/1405 1443/1443/1408 1442/1442/1435
f 1475/1475/1483 1449/1449/1445 1436/1436/1426
f 1436/1436/1426 1462/1462/1464 1475/1475/1483
f 1497/1497/1501 1498/1498/1502 1499/1499/1503
f 1499/1499/1503 1500/1500/1504 1497/1497/1501
f 1501/1501/1505 1502/1502/1506 1503/1503/1507
f 1503/1503/1507 1504/1504/1508 1501/1501/1505
f 1505/1505/1509 1506/1506/1510 1507/1507/1511
f 1507/1507/1511 1508/1508/1512 1505/1505/1509
f 1509/1509/1513 1510/1510/1514 1511/1511/1515
f 1511/1511/1515 1512/1512/1516 1509/1509/1513
f 1513/1513/1517 1514/1514/1518 1515/1515/1519
f 1515/1515/1519 1516/1516/1520 1513/1513/1517
f 1517/1517/1521 1518/1518/1522 1519/1519/1523
f 1519/1519/1523 1520/1520/1524 1517/1517/1521
f 1521/1521/1525 1522/1522/1503 1517/1517/1526
f 1517/1517/1526 1520/1520/1527 1521/1521/1525
f 1519/1519/1528 1523/1523/1514 1521/1521/1529
f 1521/1521/1529 1520/1520/1530 1519/1519/1528
f 1524/1524/1531 1525/1525/1504 1526/1526/1532
f 1526/1526/1532 1527/1527/1533 1524/1524/1531
f 1528/1528/1534 1508/1508/1512 1524/1524/1535
f 1524/1524/1535 1527/1527/1536 1528/1528/1534
f 1526/1526/1537 1529/1529/1513 1528/1528/1538
f 1528/1528/1538 1527/1527/1539 1526/1526/1537
f 1530/1530/1540 1531/1531/1541 1532/1532/1542
f 1532/1532/1542 1533/1533/1543 1530/1530/1540
f 1534/1534/1544 1535/1535/1515 1530/1530/1545
f 1530/1530/1545 1533/1533/1546 1534/1534/1544
f 1532/1532/1547 1536/1536/1518 1534/1534/1548
f 1534/1534/1548 1533/1533/1549 1532/1532/1547
f 1537/1537/1550 1505/1505/1509 1538/1538/1551
f 1538/1538/1551 1539/1539/1552 1537/1537/1550
f 1540/1540/1553 1541/1541/1517 1537/1537/1554
f 1537/1537/1554 1539/1539/1555 1540/1540/1553
f 1538/1538/1556 1542/1542/1516 1540/1540/1557
f 1540/1540/1557 1539/1539/1558 1538/1538/1556
f 1543/1543/1559 1544/1544/1560 1545/1545/1561
f 1545/1545/1561 1546/1546/1562 1543/1543/1559
f 1547/1547/1563 1548/1548/1507 1543/1543/1564
f 1543/1543/1564 1546/1546/1565 1547/1547/1563
f 1545/1545/1566 1549/1549/1502 1547/1547/1567
f 1547/1547/1567 1546/1546/1568 1545/1545/1566
f 1550/1550/1569 1507/1507/1511 1551/1551/1570
f 1551/1551/1570 1552/1552/1571 1550/1550/1569
f 1553/1553/1572 1554/1554/1501 1550/1550/1573
f 1550/1550/1573 1552/1552/1574 1553/1553/1572
f 1551/1551/1575 1555/1555/1508 1553/1553/1576
f 1553/1553/1576 1552/1552/1577 1551/1551/1575
f 1556/1556/1578 1557/1557/1579 1558/1558/1580
f 1558/1558/1580 1559/1559/1581 1556/1556/1578
f 1560/1560/1582 1561/1561/1519 1556/1556/1583
f 1556/1556/1583 1559/1559/1584 1560/1560/1582
f 1558/1558/1585 1562/1562/1506 1560/1560/1586
f 1560/1560/1586 1559/1559/1587 1558/1558/1585
f 1563/1563/1588 1506/1506/1510 1564/1564/1589
f 1564/1564/1589 1565/1565/1590 1563/1563/1588
f 1566/1566/1591 1567/1567/1505 1563/1563/1592
f 1563/1563/1592 1565/1565/1593 1566/1566/1591
f 1564/1564/1594 1568/1568/1520 1566/1566/1595
f 1566/1566/1595 1565/1565/1596 1564/1564/1594
f 1518/1518/1522 1531/1531/1541 1530/1530/1540
f 1530/1530/1540 1519/1519/1523 1518/1518/1522
f 1519/1519/1528 1530/1530/1545 1535/1535/1515
f 1535/1535/1515 1523/1523/1514 1519/1519/1528
f 1500/1500/1504 1499/1499/1503 1569/1569/1525
f 1569/1569/1525 1570/1570/1532 1500/1500/1504
f 1570/1570/1537 1569/1569/1529 1510/1510/1514
f 1510/1510/1514 1509/1509/1513 1570/1570/1537
f 1505/1505/1509 1508/1508/1512 1528/1528/1534
f 1528/1528/1534 1538/1538/1551 1505/1505/1509
f 1538/1538/1556 1528/1528/1538 1529/1529/1513
f 1529/1529/1513 1542/1542/1516 1538/1538/1556
f 1514/1514/1518 1513/1513/1517 1571/1571/1553
f 1571/1571/1553 1572/1572/1548 1514/1514/1518
f 1572/1572/1544 1571/1571/1557 1512/1512/1516
f 1512/1512/1516 1511/1511/1515 1572/1572/1544
f 1531/1531/1541 1557/1557/1579 1556/1556/1578
f 1556/1556/1578 1532/1532/1542 1531/1531/1541
f 1532/1532/1547 1556/1556/1583 1561/1561/1519
f 1561/1561/1519 1536/1536/1518 1532/1532/1547
f 1506/1506/1510 1505/1505/1509 1537/1537/1550
f 1537/1537/1550 1564/1564/1589 1506/1506/1510
f 1564/1564/1594 1537/1537/1554 1541/1541/1517
f 1541/1541/1517 1568/1568/1520 1564/1564/1594
f 1502/1502/1506 1501/1501/1505 1573/1573/1591
f 1573/1573/1591 1574/1574/1586 1502/1502/1506
f 1575/1575/1582 1576/1576/1595 1516/1516/1520
f 1516/1516/1520 1515/1515/1519 1575/1575/1582
f 1557/1557/1579 1544/1544/1560 1543/1543/1559
f 1543/1543/1559 1558/1558/1580 1557/1557/1579
f 1558/1558/1585 1543/1543/1564 1548/1548/1507
f 1548/1548/1507 1562/1562/1506 1558/1558/1585
f 1507/1507/1511 1506/1506/1510 1563/1563/1588
f 1563/1563/1588 1551/1551/1570 1507/1507/1511
f 1551/1551/1575 1563/1563/1592 1567/1567/1505
f 1567/1567/1505 1555/1555/1508 1551/1551/1575
f 1498/1498/1502 1497/1497/1501 1577/1577/1572
f 1577/1577/1572 1578/1578/1567 1498/1498/1502
f 1578/1578/1563 1577/1577/1576 1504/1504/1508
f 1504/1504/1508 1503/1503/1507 1578/1578/1563
f 1544/1544/1560 1518/1518/1522 1517/1517/1521
f 1517/1517/1521 1545/1545/1561 1544/1544/1560
f 1545/1545/1566 1517/1517/1526 1522/1522/1503
f 1522/1522/1503 1549/1549/1502 1545/1545/1566
f 1508/1508/1512 1507/1507/1511 1550/1550/1569
f 1550/1550/1569 1524/1524/1535 1508/1508/1512
f 1524/1524/1531 1550/1550/1573 1554/1554/1501
f 1554/1554/1501 1525/1525/1504 1524/1524/1531
f 1557/1557/1579 1531/1531/1541 1518/1518/1522
f 1518/1518/1522 1544/1544/1560 1557/1557/1579
f 1579/1579/1597 1580/1580/1598 1581/1581/1599
f 1581/1581/1599 1582/1582/1600 1579/1579/1597
f 1583/1583/1601 1584/1584/1602 1585/1585/1603
f 1585/1585/1603 1586/1586/1604 1583/1583/1601
f 1587/1587/1605 1588/1588/1606 1589/1589/1607
f 1589/1589/1607 1590/1590/1608 1587/1587/1605
f 1591/1591/1609 1592/1592/1610 1593/1593/1611
f 1593/1593/1611 1594/1594/1612 1591/1591/1609
f 1595/1595/1613 1596/1596/1614 1597/1597/1615
f 1597/1597/1615 1598/1598/1616 1595/1595/1613
f 1599/1599/1617 1600/1600/1618 1601/1601/1619
f 1601/1601/1619 1602/1602/1620 1599/1599/1617
f 1603/1603/1621 1604/1604/1599 1599/1599/1622
f 1599/1599/1622 1602/1602/1623 1603/1603/1621
f 1601/1601/1624 1605/1605/1610 1603/1603/1625
f 1603/1603/1625 1602/1602/1626 1601/1601/1624
f 1606/1606/1627 1607/1607/1600 1608/1608/1628
f 1608/1608/1628 1609/1609/1629 1606/1606/1627
f 1610/1610/1630 1590/1590/1608 1606/1606/1631
f 1606/1606/1631 1609/1609/1632 1610/1610/1630
f 1608/1608/1633 1611/1611/1609 1610/1610/1634
f 1610/1610/1634 1609/1609/1635 1608/1608/1633
f 1612/1612/1636 1613/1613/1637 1614/1614/1638
f 1614/1614/1638 1615/1615/1639 1612/1612/1636
f 1616/1616/1640 1617/1617/1611 1612/1612/1641
f 1612/1612/1641 1615/1615/1642 1616/1616/1640
f 1614/1614/1643 1618/1618/1614 1616/1616/1644
f 1616/1616/1644 1615/1615/1645 1614/1614/1643
f 1619/1619/1646 1587/1587/1605 1620/1620/1647
f 1620/1620/1647 1621/1621/1648 1619/1619/1646
f 1622/1622/1649 1623/1623/1613 1619/1619/1650
f 1619/1619/1650 1621/1621/1651 1622/1622/1649
f 1620/1620/1652 1624/1624/1612 1622/1622/1653
f 1622/1622/1653 1621/1621/1654 1620/1620/1652
f 1625/1625/1655 1626/1626/1656 1627/1627/1657
f 1627/1627/1657 1628/1628/1658 1625/1625/1655
f 1629/1629/1659 1630/1630/1603 1625/1625/1660
f 1625/1625/1660 1628/1628/1661 1629/1629/1659
f 1627/1627/1662 1631/1631/1598 1629/1629/1663
f 1629/1629/1663 1628/1628/1664 1627/1627/1662
f 1632/1632/1665 1589/1589/1607 1633/1633/1666
f 1633/1633/1666 1634/1634/1667 1632/1632/1665
f 1635/1635/1668 1636/1636/1597 1632/1632/1669
f 1632/1632/1669 1634/1634/1670 1635/1635/1668
f 1633/1633/1671 1637/1637/1604 1635/1635/1672
f 1635/1635/1672 1634/1634/1673 1633/1633/1671
f 1638/1638/1674 1639/1639/1675 1640/1640/1676
f 1640/1640/1676 1641/1641/1677 1638/1638/1674
f 1642/1642/1678 1643/1643/1615 1638/1638/1679
f 1638/1638/1679 1641/1641/1680 1642/1642/1678
f 1640/1640/1681 1644/1644/1602 1642/1642/1682
f 1642/1642/1682 1641/1641/1683 1640/1640/1681
f 1645/1645/1684 1588/1588/1606 1646/1646/1685
f 1646/1646/1685 1647/1647/1686 1645/1645/1684
f 1648/1648/1687 1649/1649/1601 1645/1645/1688
f 1645/1645/1688 1647/1647/1689 1648/1648/1687
f 1646/1646/1690 1650/1650/1616 1648/1648/1691
f 1648/1648/1691 1647/1647/1692 1646/1646/1690
f 1600/1600/1618 1613/1613/1637 1612/1612/1636
f 1612/1612/1636 1601/1601/1619 1600/1600/1618
f 1601/1601/1624 1612/1612/1641 1617/1617/1611
f 1617/1617/1611 1605/1605/1610 1601/1601/1624
f 1582/1582/1600 1581/1581/1599 1651/1651/1621
f 1651/1651/1621 1652/1652/1628 1582/1582/1600
f 1652/1652/1633 1651/1651/1625 1592/1592/1610
f 1592/1592/1610 1591/1591/1609 1652/1652/1633
f 1587/1587/1605 1590/1590/1608 1610/1610/1630
f 1610/1610/1630 1620/1620/1647 1587/1587/1605
f 1620/1620/1652 1610/1610/1634 1611/1611/1609
f 1611/1611/1609 1624/1624/1612 1620/1620/1652
f 1596/1596/1614 1595/1595/1613 1653/1653/1649
f 1653/1653/1649 1654/1654/1644 1596/1596/1614
f 1654/1654/1640 1653/1653/1653 1594/1594/1612
f 1594/1594/1612 1593/1593/1611 1654/1654/1640
f 1613/1613/1637 1639/1639/1675 1638/1638/1674
f 1638/1638/1674 1614/1614/1638 1613/1613/1637
f 1614/1614/1643 1638/1638/1679 1643/1643/1615
f 1643/1643/1615 1618/1618/1614 1614/1614/1643
f 1588/1588/1606 1587/1587/1605 1619/1619/1646
f 1619/1619/1646 1646/1646/1685 1588/1588/1606
f 1646/1646/1690 1619/1619/1650 1623/1623/1613
f 1623/1623/1613 1650/1650/1616 1646/1646/1690
f 1584/1584/1602 1583/1583/1601 1655/1655/1687
f 1655/1655/1687 1656/1656/1682 1584/1584/1602
f 1657/1657/1678 1658/1658/1691 1598/1598/1616
f 1598/1598/1616 1597/1597/1615 1657/1657/1678
f 1639/1639/1675 1626/1626/1656 1625/1625/1655
f 1625/1625/1655 1640/1640/1676 1639/1639/1675
f 1640/1640/1681 1625/1625/1660 1630/1630/1603
f 1630/1630/1603 1644/1644/1602 1640/1640/1681
f 1589/1589/1607 1588/1588/1606 1645/1645/1684
f 1645/1645/1684 1633/1633/1666 1589/1589/1607
f 1633/1633/1671 1645/1645/1688 1649/1649/1601
f 1649/1649/1601 1637/1637/1604 1633/1633/1671
f 1580/1580/1598 1579/1579/1597 1659/1659/1668
f 1659/1659/1668 1660/1660/1663 1580/1580/1598
f 1660/1660/1659 1659/1659/1672 1586/1586/1604
f 1586/1586/1604 1585/1585/1603 1660/1660/1659
f 1626/1626/1656 1600/1600/1618 1599/1599/1617
f 1599/1599/1617 1627/1627/1657 1626/1626/1656
f 1627/1627/1662 1599/1599/1622 1604/1604/1599
f 1604/1604/1599 1631/1631/1598 1627/1627/1662
f 1590/1590/1608 1589/1589/1607 1632/1632/1665
f 1632/1632/1665 1606/1606/1631 1590/1590/1608
f 1606/1606/1627 1632/1632/1669 1636/1636/1597
f 1636/1636/1597 1607/1607/1600 1606/1606/1627
f 1639/1639/1675 1613/1613/1637 1600/1600/1618
f 1600/1600/1618 1626/1626/1656 1639/1639/1675
f 1661/1661/1693 1662/1662/1694 1663/1663/1695
f 1663/1663/1695 1664/1664/1696 1661/1661/1693
f 1665/1665/1697 1666/1666/1698 1667/1667/1699
f 1667/1667/1699 1668/1668/1700 1665/1665/1697
f 1669/1669/1701 1670/1670/1702 1671/1671/1703
f 1671/1671/1703 1672/1672/1704 1669/1669/1701
f 1673/1673/1705 1674/1674/1706 1675/1675/1707
f 1675/1675/1707 1676/1676/1708 1673/1673/1705
f 1677/1677/1709 1678/1678/1710 1679/1679/1711
f 1679/1679/1711 1680/1680/1712 1677/1677/1709
f 1681/1681/1713 1682/1682/1714 1683/1683/1715
f 1683/1683/1715 1684/1684/1716 1681/1681/1713
f 1685/1685/1717 1686/1686/1695 1681/1681/1718
f 1681/1681/1718 1684/1684/1719 1685/1685/1717
f 1683/1683/1720 1687/1687/1706 1685/1685/1721
f 1685/1685/1721 1684/1684/1722 1683/1683/1720
f 1688/1688/1723 1689/1689/1696 1690/1690/1724
f 1690/1690/1724 1691/1691/1725 1688/1688/1723
f 1692/1692/1726 1672/1672/1704 1688/1688/1727
f 1688/1688/1727 1691/1691/1728 1692/1692/1726
f 1690/1690/1729 1693/1693/1705 1692/1692/1730
f 1692/1692/1730 1691/1691/1731 1690/1690/1729
f 1694/1694/1732 1695/1695/1733 1696/1696/1734
f 1696/1696/1734 1697/1697/1735 1694/1694/1732
f 1698/1698/1736 1699/1699/1707 1694/1694/1737
f 1694/1694/1737 1697/1697/1738 1698/1698/1736
f 1696/1696/1739 1700/1700/1710 1698/1698/1740
f 1698/1698/1740 1697/1697/1741 1696/1696/1739
f 1701/1701/1742 1669/1669/1701 1702/1702/1743
f 1702/1702/1743 1703/1703/1744 1701/1701/1742
f 1704/1704/1745 1705/1705/1709 1701/1701/1746
f 1701/1701/1746 1703/1703/1747 1704/1704/1745
f 1702/1702/1748 1706/1706/1708 1704/1704/1749
f 1704/1704/1749 1703/1703/1750 1702/1702/1748
f 1707/1707/1751 1708/1708/1752 1709/1709/1753
f 1709/1709/1753 1710/1710/1754 1707/1707/1751
f 1711/1711/1755 1712/1712/1699 1707/1707/1756
f 1707/1707/1756 1710/1710/1757 1711/1711/1755
f 1709/1709/1758 1713/1713/1694 1711/1711/1759
f 1711/1711/1759 1710/1710/1760 1709/1709/1758
f 1714/1714/1761 1671/1671/1703 1715/1715/1762
f 1715/1715/1762 1716/1716/1763 1714/1714/1761
f 1717/1717/1764 1718/1718/1693 1714/1714/1765
f 1714/1714/1765 1716/1716/1766 1717/1717/1764
f 1715/1715/1767 1719/1719/1700 1717/1717/1768
f 1717/1717/1768 1716/1716/1769 1715/1715/1767
f 1720/1720/1770 1721/1721/1771 1722/1722/1772
f 1722/1722/1772 1723/1723/1773 1720/1720/1770
f 1724/1724/1774 1725/1725/1711 1720/1720/1775
f 1720/1720/1775 1723/1723/1776 1724/1724/1774
f 1722/1722/1777 1726/1726/1698 1724/1724/1778
f 1724/1724/1778 1723/1723/1779 1722/1722/1777
f 1727/1727/1780 1670/1670/1702 1728/1728/1781
f 1728/1728/1781 1729/1729/1782 1727/1727/1780
f 1730/1730/1783 1731/1731/1697 1727/1727/1784
f 1727/1727/1784 1729/1729/1785 1730/1730/1783
f 1728/1728/1786 1732/1732/1712 1730/1730/1787
f 1730/1730/1787 1729/1729/1788 1728/1728/1786
f 1682/1682/1714 1695/1695/1733 1694/1694/1732
f 1694/1694/1732 1683/1683/1715 1682/1682/1714
f 1683/1683/1720 1694/1694/1737 1699/1699/1707
f 1699/1699/1707 1687/1687/1706 1683/1683/1720
f 1664/1664/1696 1663/1663/1695 1733/1733/1717
f 1733/1733/1717 1734/1734/1724 1664/1664/1696
f 1734/1734/1729 1733/1733/1721 1674/1674/1706
f 1674/1674/1706 1673/1673/1705 1734/1734/1729
f 1669/1669/1701 1672/1672/1704 1692/1692/1726
f 1692/1692/1726 1702/1702/1743 1669/1669/1701
f 1702/1702/1748 1692/1692/1730 1693/1693/1705
f 1693/1693/1705 1706/1706/1708 1702/1702/1748
f 1678/1678/1710 1677/1677/1709 1735/1735/1745
f 1735/1735/1745 1736/1736/1740 1678/1678/1710
f 1736/1736/1736 1735/1735/1749 1676/1676/1708
f 1676/1676/1708 1675/1675/1707 1736/1736/1736
f 1695/1695/1733 1721/1721/1771 1720/1720/1770
f 1720/1720/1770 1696/1696/1734 1695/1695/1733
f 1696/1696/1739 1720/1720/1775 1725/1725/1711
f 1725/1725/1711 1700/1700/1710 1696/1696/1739
f 1670/1670/1702 1669/1669/1701 1701/1701/1742
f 1701/1701/1742 1728/1728/1781 1670/1670/1702
f 1728/1728/1786 1701/1701/1746 1705/1705/1709
f 1705/1705/1709 1732/1732/1712 1728/1728/1786
f 1666/1666/1698 1665/1665/1697 1737/1737/1783
f 1737/1737/1783 1738/1738/1778 1666/1666/1698
f 1739/1739/1774 1740/1740/1787 1680/1680/1712
f 1680/1680/1712 1679/1679/1711 1739/1739/1774
f 1721/1721/1771 1708/1708/1752 1707/1707/1751
f 1707/1707/1751 1722/1722/1772 1721/1721/1771
f 1722/1722/1777 1707/1707/1756 1712/1712/1699
f 1712/1712/1699 1726/1726/1698 1722/1722/1777
f 1671/1671/1703 1670/1670/1702 1727/1727/1780
f 1727/1727/1780 1715/1715/1762 1671/1671/1703
f 1715/1715/1767 1727/1727/1784 1731/1731/1697
f 1731/1731/1697 1719/1719/1700 1715/1715/1767
f 1662/1662/1694 1661/1661/1693 1741/1741/1764
f 1741/1741/1764 1742/1742/1759 1662/1662/1694
f 1742/1742/1755 1741/1741/1768 1668/1668/1700
f 1668/1668/1700 1667/1667/1699 1742/1742/1755
f 1708/1708/1752 1682/1682/1714 1681/1681/1713
f 1681/1681/1713 1709/1709/1753 1708/1708/1752
f 1709/1709/1758 1681/1681/1718 1686/1686/1695
f 1686/1686/1695 1713/1713/1694 1709/1709/1758
f 1672/1672/1704 1671/1671/1703 1714/1714/1761
f 1714/1714/1761 1688/1688/1727 1672/1672/1704
f 1688/1688/1723 1714/1714/1765 1718/1718/1693
f 1718/1718/1693 1689/1689/1696 1688/1688/1723
f 1721/1721/1771 1695/1695/1733 1682/1682/1714
f 1682/1682/1714 1708/1708/1752 1721/1721/1771
f 1743/1743/1789 1744/1744/1790 1745/1745/1791
f 1745/1745/1791 1746/1746/1792 1743/1743/1789
f 1747/1747/1793 1748/1748/1794 1749/1749/1795
f 1749/1749/1795 1750/1750/1796 1747/1747/1793
f 1751/1751/1797 1752/1752/1798 1753/1753/1799
f 1753/1753/1799 1754/1754/1800 1751/1751/1797
f 1755/1755/1801 1756/1756/1802 1757/1757/1803
f 1757/1757/1803 1758/1758/1804 1755/1755/1801
f 1759/1759/1805 1760/1760/1806 1761/1761/1807
f 1761/1761/1807 1762/1762/1808 1759/1759/1805
f 1763/1763/1809 1764/1764/1810 1765/1765/1811
f 1765/1765/1811 1766/1766/1812 1763/1763/1809
f 1767/1767/1813 1768/1768/1791 1763/1763/1814
f 1763/1763/1814 1766/1766/1815 1767/1767/1813
f 1765/1765/1816 1769/1769/1802 1767/1767/1817
f 1767/1767/1817 1766/1766/1818 1765/1765/1816
f 1770/1770/1819 1771/1771/1792 1772/1772/1820
f 1772/1772/1820 1773/1773/1821 1770/1770/1819
f 1774/1774/1822 1754/1754/1800 1770/1770/1823
f 1770/1770/1823 1773/1773/1824 1774/1774/1822
f 1772/1772/1825 1775/1775/1801 1774/1774/1826
f 1774/1774/1826 1773/1773/1827 1772/1772/1825
f 1776/1776/1828 1777/1777/1829 1778/1778/1830
f 1778/1778/1830 1779/1779/1831 1776/1776/1828
f 1780/1780/1832 1781/1781/1803 1776/1776/1833
f 1776/1776/1833 1779/1779/1834 1780/1780/1832
f 1778/1778/1835 1782/1782/1806 1780/1780/1836
f 1780/1780/1836 1779/1779/1837 1778/1778/1835
f 1783/1783/1838 1751/1751/1797 1784/1784/1839
f 1784/1784/1839 1785/1785/1840 1783/1783/1838
f 1786/1786/1841 1787/1787/1805 1783/1783/1842
f 1783/1783/1842 1785/1785/1843 1786/1786/1841
f 1784/1784/1844 1788/1788/1804 1786/1786/1845
f 1786/1786/1845 1785/1785/1846 1784/1784/1844
f 1789/1789/1847 1790/1790/1848 1791/1791/1849
f 1791/1791/1849 1792/1792/1850 1789/1789/1847
f 1793/1793/1851 1794/1794/1795 1789/1789/1852
f 1789/1789/1852 1792/1792/1853 1793/1793/1851
f 1791/1791/1854 1795/1795/1790 1793/1793/1855
f 1793/1793/1855 1792/1792/1856 1791/1791/1854
f 1796/1796/1857 1753/1753/1799 1797/1797/1858
f 1797/1797/1858 1798/1798/1859 1796/1796/1857
f 1799/1799/1860 1800/1800/1789 1796/1796/1861
f 1796/1796/1861 1798/1798/1862 1799/1799/1860
f 1797/1797/1863 1801/1801/1796 1799/1799/1864
f 1799/1799/1864 1798/1798/1865 1797/1797/1863
f 1802/1802/1866 1803/1803/1867 1804/1804/1868
f 1804/1804/1868 1805/1805/1869 1802/1802/1866
f 1806/1806/1870 1807/1807/1807 1802/1802/1871
f 1802/1802/1871 1805/1805/1872 1806/1806/1870
f 1804/1804/1873 1808/1808/1794 1806/1806/1874
f 1806/1806/1874 1805/1805/1875 1804/1804/1873
f 1809/1809/1876 1752/1752/1798 1810/1810/1877
f 1810/1810/1877 1811/1811/1878 1809/1809/1876
f 1812/1812/1879 1813/1813/1793 1809/1809/1880
f 1809/1809/1880 1811/1811/1881 1812/1812/1879
f 1810/1810/1882 1814/1814/1808 1812/1812/1883
f 1812/1812/1883 1811/1811/1884 1810/1810/1882
f 1764/1764/1810 1777/1777/1829 1776/1776/1828
f 1776/1776/1828 1765/1765/1811 1764/1764/1810
f 1765/1765/1816 1776/1776/1833 1781/1781/1803
f 1781/1781/1803 1769/1769/1802 1765/1765/1816
f 1746/1746/1792 1745/1745/1791 1815/1815/1813
f 1815/1815/1813 1816/1816/1820 1746/1746/1792
f 1816/1816/1825 1815/1815/1817 1756/1756/1802
f 1756/1756/1802 1755/1755/1801 1816/1816/1825
f 1751/1751/1797 1754/1754/1800 1774/1774/1822
f 1774/1774/1822 1784/1784/1839 1751/1751/1797
f 1784/1784/1844 1774/1774/1826 1775/1775/1801
f 1775/1775/1801 1788/1788/1804 1784/1784/1844
f 1760/1760/1806 1759/1759/1805 1817/1817/1841
f 1817/1817/1841 1818/1818/1836 1760/1760/1806
f 1818/1818/1832 1817/1817/1845 1758/1758/1804
f 1758/1758/1804 1757/1757/1803 1818/1818/1832
f 1777/1777/1829 1803/1803/1867 1802/1802/1866
f 1802/1802/1866 1778/1778/1830 1777/1777/1829
f 1778/1778/1835 1802/1802/1871 1807/1807/1807
f 1807/1807/1807 1782/1782/1806 1778/1778/1835
f 1752/1752/1798 1751/1751/1797 1783/1783/1838
f 1783/1783/1838 1810/1810/1877 1752/1752/1798
f 1810/1810/1882 1783/1783/1842 1787/1787/1805
f 1787/1787/1805 1814/1814/1808 1810/1810/1882
f 1748/1748/1794 1747/1747/1793 1819/1819/1879
f 1819/1819/1879 1820/1820/1874 1748/1748/1794
f 1821/1821/1870 1822/1822/1883 1762/1762/1808
f 1762/1762/1808 1761/1761/1807 1821/1821/1870
f 1803/1803/1867 1790/1790/1848 1789/1789/1847
f 1789/1789/1847 1804/1804/1868 1803/1803/1867
f 1804/1804/1873 1789/1789/1852 1794/1794/1795
f 1794/1794/1795 1808/1808/1794 1804/1804/1873
f 1753/1753/1799 1752/1752/1798 1809/1809/1876
f 1809/1809/1876 1797/1797/1858 1753/1753/1799
f 1797/1797/1863 1809/1809/1880 1813/1813/1793
f 1813/1813/1793 1801/1801/1796 1797/1797/1863
f 1744/1744/1790 1743/1743/1789 1823/1823/1860
f 1823/1823/1860 1824/1824/1855 1744/1744/1790
f 1824/1824/1851 1823/1823/1864 1750/1750/1796
f 1750/1750/1796 1749/1749/1795 1824/1824/1851
f 1790/1790/1848 1764/1764/1810 1763/1763/1809
f 1763/1763/1809 1791/1791/1849 1790/1790/1848
f 1791/1791/1854 1763/1763/1814 1768/1768/1791
f 1768/1768/1791 1795/1795/1790 1791/1791/1854
f 1754/1754/1800 1753/1753/1799 1796/1796/1857
f 1796/1796/1857 1770/1770/1823 1754/1754/1800
f 1770/1770/1819 1796/1796/1861 1800/1800/1789
f 1800/1800/1789 1771/1771/1792 1770/1770/1819
f 1803/1803/1867 1777/1777/1829 1764/1764/1810
f 1764/1764/1810 1790/1790/1848 1803/1803/1867
f 1825/1825/1885 1826/1826/1886 1827/1827/1887
f 1827/1827/1887 1828/1828/1888 1825/1825/1885
f 1829/1829/1889 1830/1830/1890 1831/1831/1891
f 1831/1831/1891 1832/1832/1892 1829/1829/1889
f 1833/1833/1893 1834/1834/1894 1835/1835/1895
f 1835/1835/1895 1836/1836/1896 1833/1833/1893
f 1837/1837/1897 1838/1838/1898 1839/1839/1899
f 1839/1839/1899 1840/1840/1900 1837/1837/1897
f 1841/1841/1901 1842/1842/1902 1843/1843/1903
f 1843/1843/1903 1844/1844/1904 1841/1841/1901
f 1845/1845/1905 1846/1846/1906 1847/1847/1907
f 1847/1847/1907 1848/1848/1908 1845/1845/1905
f 1849/1849/1909 1850/1850/1887 1845/1845/1910
f 1845/1845/1910 1848/1848/1911 1849/1849/1909
f 1847/1847/1912 1851/1851/1898 1849/1849/1913
f 1849/1849/1913 1848/1848/1914 1847/1847/1912
f 1852/1852/1915 1853/1853/1888 1854/1854/1916
f 1854/1854/1916 1855/1855/1917 1852/1852/1915
f 1856/1856/1918 1836/1836/1896 1852/1852/1919
f 1852/1852/1919 1855/1855/1920 1856/1856/1918
f 1854/1854/1921 1857/1857/1897 1856/1856/1922
f 1856/1856/1922 1855/1855/1923 1854/1854/1921
f 1858/1858/1924 1859/1859/1925 1860/1860/1926
f 1860/1860/1926 1861/1861/1927 1858/1858/1924
f 1862/1862/1928 1863/1863/1899 1858/1858/1929
f 1858/1858/1929 1861/1861/1930 1862/1862/1928
f 1860/1860/1931 1864/1864/1902 1862/1862/1932
f 1862/1862/1932 1861/1861/1933 1860/1860/1931
f 1865/1865/1934 1833/1833/1893 1866/1866/1935
f 1866/1866/1935 1867/1867/1936 1865/1865/1934
f 1868/1868/1937 1869/1869/1901 1865/1865/1938
f 1865/1865/1938 1867/1867/1939 1868/1868/1937
f 1866/1866/1940 1870/1870/1900 1868/1868/1941
f 1868/1868/1941 1867/1867/1942 1866/1866/1940
f 1871/1871/1943 1872/1872/1944 1873/1873/1945
f 1873/1873/1945 1874/1874/1946 1871/1871/1943
f 1875/1875/1947 1876/1876/1891 1871/1871/1948
f 1871/1871/1948 1874/1874/1949 1875/1875/1947
f 1873/1873/1950 1877/1877/1886 1875/1875/1951
f 1875/1875/1951 1874/1874/1952 1873/1873/1950
f 1878/1878/1953 1835/1835/1895 1879/1879/1954
f 1879/1879/1954 1880/1880/1955 1878/1878/1953
f 1881/1881/1956 1882/1882/1885 1878/1878/1957
f 1878/1878/1957 1880/1880/1958 1881/1881/1956
f 1879/1879/1959 1883/1883/1892 1881/1881/1960
f 1881/1881/1960 1880/1880/1961 1879/1879/1959
f 1884/1884/1962 1885/1885/1963 1886/1886/1964
f 1886/1886/1964 1887/1887/1965 1884/1884/1962
f 1888/1888/1966 1889/1889/1903 1884/1884/1967
f 1884/1884/1967 1887/1887/1968 1888/1888/1966
f 1886/1886/1969 1890/1890/1890 1888/1888/1970
f 1888/1888/1970 1887/1887/1971 1886/1886/1969
f 1891/1891/1972 1834/1834/1894 1892/1892/1973
f 1892/1892/1973 1893/1893/1974 1891/1891/1972
f 1894/1894/1975 1895/1895/1889 1891/1891/1976
f 1891/1891/1976 1893/1893/1977 1894/1894/1975
f 1892/1892/1978 1896/1896/1904 1894/1894/1979
f 1894/1894/1979 1893/1893/1980 1892/1892/1978
f 1846/1846/1906 1859/1859/1925 1858/1858/1924
f 1858/1858/1924 1847/1847/1907 1846/1846/1906
f 1847/1847/1912 1858/1858/1929 1863/1863/1899
f 1863/1863/1899 1851/1851/1898 1847/1847/1912
f 1828/1828/1888 1827/1827/1887 1897/1897/1909
f 1897/1897/1909 1898/1898/1916 1828/1828/1888
f 1898/1898/1921 1897/1897/1913 1838/1838/1898
f 1838/1838/1898 1837/1837/1897 1898/1898/1921
f 1833/1833/1893 1836/1836/1896 1856/1856/1918
f 1856/1856/1918 1866/1866/1935 1833/1833/1893
f 1866/1866/1940 1856/1856/1922 1857/1857/1897
f 1857/1857/1897 1870/1870/1900 1866/1866/1940
f 1842/1842/1902 1841/1841/1901 1899/1899/1937
f 1899/1899/1937 1900/1900/1932 1842/1842/1902
f 1900/1900/1928 1899/1899/1941 1840/1840/1900
f 1840/1840/1900 1839/1839/1899 1900/1900/1928
f 1859/1859/1925 1885/1885/1963 1884/1884/1962
f 1884/1884/1962 1860/1860/1926 1859/1859/1925
f 1860/1860/1931 1884/1884/1967 1889/1889/1903
f 1889/1889/1903 1864/1864/1902 1860/1860/1931
f 1834/1834/1894 1833/1833/1893 1865/1865/1934
f 1865/1865/1934 1892/1892/1973 1834/1834/1894
f 1892/1892/1978 1865/1865/1938 1869/1869/1901
f 1869/1869/1901 1896/1896/1904 1892/1892/1978
f 1830/1830/1890 1829/1829/1889 1901/1901/1975
f 1901/1901/1975 1902/1902/1970 1830/1830/1890
f 1903/1903/1966 1904/1904/1979 1844/1844/1904
f 1844/1844/1904 1843/1843/1903 1903/1903/1966
f 1885/1885/1963 1872/1872/1944 1871/1871/1943
f 1871/1871/1943 1886/1886/1964 1885/1885/1963
f 1886/1886/1969 1871/1871/1948 1876/1876/1891
f 1876/1876/1891 1890/1890/1890 1886/1886/1969
f 1835/1835/1895 1834/1834/1894 1891/1891/1972
f 1891/1891/1972 1879/1879/1954 1835/1835/1895
f 1879/1879/1959 1891/1891/1976 1895/1895/1889
f 1895/1895/1889 1883/1883/1892 1879/1879/1959
f 1826/1826/1886 1825/1825/1885 1905/1905/1956
f 1905/1905/1956 1906/1906/1951 1826/1826/1886
f 1906/1906/1947 1905/1905/1960 1832/1832/1892
f 1832/1832/1892 1831/1831/1891 1906/1906/1947
f 1872/1872/1944 1846/1846/1906 1845/1845/1905
f 1845/1845/1905 1873/1873/1945 1872/1872/1944
f 1873/1873/1950 1845/1845/1910 1850/1850/1887
f 1850/1850/1887 1877/1877/1886 1873/1873/1950
f 1836/1836/1896 1835/1835/1895 1878/1878/1953
f 1878/1878/1953 1852/1852/1919 1836/1836/1896
f 1852/1852/1915 1878/1878/1957 1882/1882/1885
f 1882/1882/1885 1853/1853/1888 1852/1852/1915
f 1885/1885/1963 1859/1859/1925 1846/1846/1906
f 1846/1846/1906 1872/1872/1944 1885/1885/1963
f 1907/1907/1981 1908/1908/1982 1909/1909/1983
f 1909/1909/1983 1910/1910/1984 1907/1907/1981
f 1911/1911/1985 1912/1912/1986 1913/1913/1987
f 1913/1913/1987 1914/1914/1988 1911/1911/1985
f 1915/1915/1989 1916/1916/1990 1917/1917/1991
f 1917/1917/1991 1918/1918/1992 1915/1915/1989
f 1919/1919/1993 1920/1920/1994 1921/1921/1995
f 1921/1921/1995 1922/1922/1996 1919/1919/1993
f 1923/1923/1997 1924/1924/1998 1925/1925/1999
f 1925/1925/1999 1926/1926/2000 1923/1923/1997
f 1927/1927/2001 1928/1928/2002 1929/1929/2003
f 1929/1929/2003 1930/1930/2004 1927/1927/2001
f 1931/1931/2005 1932/1932/1983 1927/1927/2006
f 1927/1927/2006 1930/1930/2007 1931/1931/2005
f 1929/1929/2008 1933/1933/1994 1931/1931/2009
f 1931/1931/2009 1930/1930/2010 1929/1929/2008
f 1934/1934/2011 1935/1935/1984 1936/1936/2012
f 1936/1936/2012 1937/1937/2013 1934/1934/2011
f 1938/1938/2014 1918/1918/1992 1934/1934/2015
f 1934/1934/2015 1937/1937/2016 1938/1938/2014
f 1936/1936/2017 1939/1939/1993 1938/1938/2018
f 1938/1938/2018 1937/1937/2019 1936/1936/2017
f 1940/1940/2020 1941/1941/2021 1942/1942/2022
f 1942/1942/2022 1943/1943/2023 1940/1940/2020
f 1944/1944/2024 1945/1945/1995 1940/1940/2025
f 1940/1940/2025 1943/1943/2026 1944/1944/2024
f 1942/1942/2027 1946/1946/1998 1944/1944/2028
f 1944/1944/2028 1943/1943/2029 1942/1942/2027
f 1947/1947/2030 1915/1915/1989 1948/1948/2031
f 1948/1948/2031 1949/1949/2032 1947/1947/2030
f 1950/1950/2033 1951/1951/1997 1947/1947/2034
f 1947/1947/2034 1949/1949/2035 1950/1950/2033
f 1948/1948/2036 1952/1952/1996 1950/1950/2037
f 1950/1950/2037 1949/1949/2038 1948/1948/2036
f 1953/1953/2039 1954/1954/2040 1955/1955/2041
f 1955/1955/2041 1956/1956/2042 1953/1953/2039
f 1957/1957/2043 1958/1958/1987 1953/1953/2044
f 1953/1953/2044 1956/1956/2045 1957/1957/2043
f 1955/1955/2046 1959/1959/1982 1957/1957/2047
f 1957/1957/2047 1956/1956/2048 1955/1955/2046
f 1960/1960/2049 1917/1917/1991 1961/1961/2050
f 1961/1961/2050 1962/1962/2051 1960/1960/2049
f 1963/1963/2052 1964/1964/1981 1960/1960/2053
f 1960/1960/2053 1962/1962/2054 1963/1963/2052
f 1961/1961/2055 1965/1965/1988 1963/1963/2056
f 1963/1963/2056 1962/1962/2057 1961/1961/2055
f 1966/1966/2058 1967/1967/2059 1968/1968/2060
f 1968/1968/2060 1969/1969/2061 1966/1966/2058
f 1970/1970/2062 1971/1971/1999 1966/1966/2063
f 1966/1966/2063 1969/1969/2064 1970/1970/2062
f 1968/1968/2065 1972/1972/1986 1970/1970/2066
f 1970/1970/2066 1969/1969/2067 1968/1968/2065
f 1973/1973/2068 1916/1916/1990 1974/1974/2069
f 1974/1974/2069 1975/1975/2070 1973/1973/2068
f 1976/1976/2071 1977/1977/1985 1973/1973/2072
f 1973/1973/2072 1975/1975/2073 1976/1976/2071
f 1974/1974/2074 1978/1978/2000 1976/1976/2075
f 1976/1976/2075 1975/1975/2076 1974/1974/2074
f 1928/1928/2002 1941/1941/2021 1940/1940/2020
f 1940/1940/2020 1929/1929/2003 1928/1928/2002
f 1929/1929/2008 1940/1940/2025 1945/1945/1995
f 1945/1945/1995 1933/1933/1994 1929/1929/2008
f 1910/1910/1984 1909/1909/1983 1979/1979/2005
f 1979/1979/2005 1980/1980/2012 1910/1910/1984
f 1980/1980/2017 1979/1979/2009 1920/1920/1994
f 1920/1920/1994 1919/1919/1993 1980/1980/2017
f 1915/1915/1989 1918/1918/1992 1938/1938/2014
f 1938/1938/2014 1948/1948/2031 1915/1915/1989
f 1948/1948/2036 1938/1938/2018 1939/1939/1993
f 1939/1939/1993 1952/1952/1996 1948/1948/2036
f 1924/1924/1998 1923/1923/1997 1981/1981/2033
f 1981/1981/2033 1982/1982/2028 1924/1924/1998
f 1982/1982/2024 1981/1981/2037 1922/1922/1996
f 1922/1922/1996 1921/1921/1995 1982/1982/2024
f 1941/1941/2021 1967/1967/2059 1966/1966/2058
f 1966/1966/2058 1942/1942/2022 1941/1941/2021
f 1942/1942/2027 1966/1966/2063 1971/1971/1999
f 1971/1971/1999 1946/1946/1998 1942/1942/2027
f 1916/1916/1990 1915/1915/1989 1947/1947/2030
f 1947/1947/2030 1974/1974/2069 1916/1916/1990
f 1974/1974/2074 1947/1947/2034 1951/1951/1997
f 1951/1951/1997 1978/1978/2000 1974/1974/2074
f 1912/1912/1986 1911/1911/1985 1983/1983/2071
f 1983/1983/2071 1984/1984/2066 1912/1912/1986
f 1985/1985/2062 1986/1986/2075 1926/1926/2000
f 1926/1926/2000 1925/1925/1999 1985/1985/2062
f 1967/1967/2059 1954/1954/2040 1953/1953/2039
f 1953/1953/2039 1968/1968/2060 1967/1967/2059
f 1968/1968/2065 1953/1953/2044 1958/1958/1987
f 1958/1958/1987 1972/1972/1986 1968/1968/2065
f 1917/1917/1991 1916/1916/1990 1973/1973/2068
f 1973/1973/2068 1961/1961/2050 1917/1917/1991
f 1961/1961/2055 1973/1973/2072 1977/1977/1985
f 1977/1977/1985 1965/1965/1988 1961/1961/2055
f 1908/1908/1982 1907/1907/1981 1987/1987/2052
f 1987/1987/2052 1988/1988/2047 1908/1908/1982
f 1988/1988/2043 1987/1987/2056 1914/1914/1988
f 1914/1914/1988 1913/1913/1987 1988/1988/2043
f 1954/1954/2040 1928/1928/2002 1927/1927/2001
f 1927/1927/2001 1955/1955/2041 1954/1954/2040
f 1955/1955/2046 1927/1927/2006 1932/1932/1983
f 1932/1932/1983 1959/1959/1982 1955/1955/2046
f 1918/1918/1992 1917/1917/1991 1960/1960/2049
f 1960/1960/2049 1934/1934/2015 1918/1918/1992
f 1934/1934/2011 1960/1960/2053 1964/1964/1981
f 1964/1964/1981 1935/1935/1984 1934/1934/2011
f 1967/1967/2059 1941/1941/2021 1928/1928/2002
f 1928/1928/2002 1954/1954/2040 1967/1967/2059
f 1989/1989/2077 1990/1990/2078 1991/1991/2079
f 1991/1991/2079 1992/1992/2080 1989/1989/2077
f 1993/1993/2081 1994/1994/2082 1995/1995/2083
f 1995/1995/2083 1996/1996/2084 1993/1993/2081
f 1997/1997/2085 1998/1998/2086 1999/1999/2087
f 1999/1999/2087 2000/2000/2088 1997/1997/2085
f 2001/2001/2089 2002/2002/2090 2003/2003/2091
f 2003/2003/2091 2004/2004/2092 2001/2001/2089
f 2005/2005/2093 2006/2006/2094 2007/2007/2095
f 2007/2007/2095 2008/2008/2096 2005/2005/2093
f 2009/2009/2097 2010/2010/2098 2011/2011/2099
f 2011/2011/2099 2012/2012/2100 2009/2009/2097
f 2013/2013/2101 2014/2014/2079 2009/2009/2102
f 2009/2009/2102 2012/2012/2103 2013/2013/2101
f 2011/2011/2104 2015/2015/2090 2013/2013/2105
f 2013/2013/2105 2012/2012/2106 2011/2011/2104
f 2016/2016/2107 2017/2017/2080 2018/2018/2108
f 2018/2018/2108 2019/2019/2109 2016/2016/2107
f 2020/2020/2110 2000/2000/2088 2016/2016/2111
f 2016/2016/2111 2019/2019/2112 2020/2020/2110
f 2018/2018/2113 2021/2021/2089 2020/2020/2114
f 2020/2020/2114 2019/2019/2115 2018/2018/2113
f 2022/2022/2116 2023/2023/2117 2024/2024/2118
f 2024/2024/2118 2025/2025/2119 2022/2022/2116
f 2026/2026/2120 2027/2027/2091 2022/2022/2121
f 2022/2022/2121 2025/2025/2122 2026/2026/2120
f 2024/2024/2123 2028/2028/2094 2026/2026/2124
f 2026/2026/2124 2025/2025/2125 2024/2024/2123
f 2029/2029/2126 1997/1997/2085 2030/2030/2127
f 2030/2030/2127 2031/2031/2128 2029/2029/2126
f 2032/2032/2129 2033/2033/2093 2029/2029/2130
f 2029/2029/2130 2031/2031/2131 2032/2032/2129
f 2030/2030/2132 2034/2034/2092 2032/2032/2133
f 2032/2032/2133 2031/2031/2134 2030/2030/2132
f 2035/2035/2135 2036/2036/2136 2037/2037/2137
f 2037/2037/2137 2038/2038/2138 2035/2035/2135
f 2039/2039/2139 2040/2040/2083 2035/2035/2140
f 2035/2035/2140 2038/2038/2141 2039/2039/2139
f 2037/2037/2142 2041/2041/2078 2039/2039/2143
f 2039/2039/2143 2038/2038/2144 2037/2037/2142
f 2042/2042/2145 1999/1999/2087 2043/2043/2146
f 2043/2043/2146 2044/2044/2147 2042/2042/2145
f 2045/2045/2148 2046/2046/2077 2042/2042/2149
f 2042/2042/2149 2044/2044/2150 2045/2045/2148
f 2043/2043/2151 2047/2047/2084 2045/2045/2152
f 2045/2045/2152 2044/2044/2153 2043/2043/2151
f 2048/2048/2154 2049/2049/2155 2050/2050/2156
f 2050/2050/2156 2051/2051/2157 2048/2048/2154
f 2052/2052/2158 2053/2053/2095 2048/2048/2159
f 2048/2048/2159 2051/2051/2160 2052/2052/2158
f 2050/2050/2161 2054/2054/2082 2052/2052/2162
f 2052/2052/2162 2051/2051/2163 2050/2050/2161
f 2055/2055/2164 1998/1998/2086 2056/2056/2165
f 2056/2056/2165 2057/2057/2166 2055/2055/2164
f 2058/2058/2167 2059/2059/2081 2055/2055/2168
f 2055/2055/2168 2057/2057/2169 2058/2058/2167
f 2056/2056/2170 2060/2060/2096 2058/2058/2171
f 2058/2058/2171 2057/2057/2172 2056/2056/2170
f 2010/2010/2098 2023/2023/2117 2022/2022/2116
f 2022/2022/2116 2011/2011/2099 2010/2010/2098
f 2011/2011/2104 2022/2022/2121 2027/2027/2091
f 2027/2027/2091 2015/2015/2090 2011/2011/2104
f 1992/1992/2080 1991/1991/2079 2061/2061/2101
f 2061/2061/2101 2062/2062/2108 1992/1992/2080
f 2062/2062/2113 2061/2061/2105 2002/2002/2090
f 2002/2002/2090 2001/2001/2089 2062/2062/2113
f 1997/1997/2085 2000/2000/2088 2020/2020/2110
f 2020/2020/2110 2030/2030/2127 1997/1997/2085
f 2030/2030/2132 2020/2020/2114 2021/2021/2089
f 2021/2021/2089 2034/2034/2092 2030/2030/2132
f 2006/2006/2094 2005/2005/2093 2063/2063/2129
f 2063/2063/2129 2064/2064/2124 2006/2006/2094
f 2064/2064/2120 2063/2063/2133 2004/2004/2092
f 2004/2004/2092 2003/2003/2091 2064/2064/2120
f 2023/2023/2117 2049/2049/2155 2048/2048/2154
f 2048/2048/2154 2024/2024/2118 2023/2023/2117
f 2024/2024/2123 2048/2048/2159 2053/2053/2095
f 2053/2053/2095 2028/2028/2094 2024/2024/2123
f 1998/1998/2086 1997/1997/2085 2029/2029/2126
f 2029/2029/2126 2056/2056/2165 1998/1998/2086
f 2056/2056/2170 2029/2029/2130 2033/2033/2093
f 2033/2033/2093 2060/2060/2096 2056/2056/2170
f 1994/1994/2082 1993/1993/2081 2065/2065/2167
f 2065/2065/2167 2066/2066/2162 1994/1994/2082
f 2067/2067/2158 2068/2068/2171 2008/2008/2096
f 2008/2008/2096 2007/2007/2095 2067/2067/2158
f 2049/2049/2155 2036/2036/2136 2035/2035/2135
f 2035/2035/2135 2050/2050/2156 2049/2049/2155
f 2050/2050/2161 2035/2035/2140 2040/2040/2083
f 2040/2040/2083 2054/2054/2082 2050/2050/2161
f 1999/1999/2087 1998/1998/2086 2055/2055/2164
f 2055/2055/2164 2043/2043/2146 1999/1999/2087
f 2043/2043/2151 2055/2055/2168 2059/2059/2081
f 2059/2059/2081 2047/2047/2084 2043/2043/2151
f 1990/1990/2078 1989/1989/2077 2069/2069/2148
f 2069/2069/2148 2070/2070/2143 1990/1990/2078
f 2070/2070/2139 2069/2069/2152 1996/1996/2084
f 1996/1996/2084 1995/1995/2083 2070/2070/2139
f 2036/2036/2136 2010/2010/2098 2009/2009/2097
f 2009/2009/2097 2037/2037/2137 2036/2036/2136
f 2037/2037/2142 2009/2009/2102 2014/2014/2079
f 2014/2014/2079 2041/2041/2078 2037/2037/2142
f 2000/2000/2088 1999/1999/2087 2042/2042/2145
f 2042/2042/2145 2016/2016/2111 2000/2000/2088
f 2016/2016/2107 2042/2042/2149 2046/2046/2077
f 2046/2046/2077 2017/2017/2080 2016/2016/2107
f 2049/2049/2155 2023/2023/2117 2010/2010/2098
f 2010/2010/2098 2036/2036/2136 2049/2049/2155
f 2071/2071/2173 2072/2072/2174 2073/2073/2175
f 2073/2073/2175 2074/2074/2176 2071/2071/2173
f 2075/2075/2177 2076/2076/2178 2077/2077/2179
f 2077/2077/2179 2078/2078/2180 2075/2075/2177
f 2079/2079/2181 2080/2080/2182 2081/2081/2183
f 2081/2081/2183 2082/2082/2184 2079/2079/2181
f 2083/2083/2185 2084/2084/2186 2085/2085/2187
f 2085/2085/2187 2086/2086/2188 2083/2083/2185
f 2087/2087/2189 2088/2088/2190 2089/2089/2191
f 2089/2089/2191 2090/2090/2192 2087/2087/2189
f 2091/2091/2193 2092/2092/2194 2093/2093/2195
f 2093/2093/2195 2094/2094/2196 2091/2091/2193
f 2095/2095/2197 2096/2096/2175 2091/2091/2198
f 2091/2091/2198 2094/2094/2199 2095/2095/2197
f 2093/2093/2200 2097/2097/2186 2095/2095/2201
f 2095/2095/2201 2094/2094/2202 2093/2093/2200
f 2098/2098/2203 2099/2099/2176 2100/2100/2204
f 2100/2100/2204 2101/2101/2205 2098/2098/2203
f 2102/2102/2206 2082/2082/2184 2098/2098/2207
f 2098/2098/2207 2101/2101/2208 2102/2102/2206
f 2100/2100/2209 2103/2103/2185 2102/2102/2210
f 2102/2102/2210 2101/2101/2211 2100/2100/2209
f 2104/2104/2212 2105/2105/2213 2106/2106/2214
f 2106/2106/2214 2107/2107/2215 2104/2104/2212
f 2108/2108/2216 2109/2109/2187 2104/2104/2217
f 2104/2104/2217 2107/2107/2218 2108/2108/2216
f 2106/2106/2219 2110/2110/2190 2108/2108/2220
f 2108/2108/2220 2107/2107/2221 2106/2106/2219
f 2111/2111/2222 2079/2079/2181 2112/2112/2223
f 2112/2112/2223 2113/2113/2224 2111/2111/2222
f 2114/2114/2225 2115/2115/2189 2111/2111/2226
f 2111/2111/2226 2113/2113/2227 2114/2114/2225
f 2112/2112/2228 2116/2116/2188 2114/2114/2229
f 2114/2114/2229 2113/2113/2230 2112/2112/2228
f 2117/2117/2231 2118/2118/2232 2119/2119/2233
f 2119/2119/2233 2120/2120/2234 2117/2117/2231
f 2121/2121/2235 2122/2122/2179 2117/2117/2236
f 2117/2117/2236 2120/2120/2237 2121/2121/2235
f 2119/2119/2238 2123/2123/2174 2121/2121/2239
f 2121/2121/2239 2120/2120/2240 2119/2119/2238
f 2124/2124/2241 2081/2081/2183 2125/2125/2242
f 2125/2125/2242 2126/2126/2243 2124/2124/2241
f 2127/2127/2244 2128/2128/2173 2124/2124/2245
f 2124/2124/2245 2126/2126/2246 2127/2127/2244
f 2125/2125/2247 2129/2129/2180 2127/2127/2248
f 2127/2127/2248 2126/2126/2249 2125/2125/2247
f 2130/2130/2250 2131/2131/2251 2132/2132/2252
f 2132/2132/2252 2133/2133/2253 2130/2130/2250
f 2134/2134/2254 2135/2135/2191 2130/2130/2255
f 2130/2130/2255 2133/2133/2256 2134/2134/2254
f 2132/2132/2257 2136/2136/2178 2134/2134/2258
f 2134/2134/2258 2133/2133/2259 2132/2132/2257
f 2137/2137/2260 2080/2080/2182 2138/2138/2261
f 2138/2138/2261 2139/2139/2262 2137/2137/2260
f 2140/2140/2263 2141/2141/2177 2137/2137/2264
f 2137/2137/2264 2139/2139/2265 2140/2140/2263
f 2138/2138/2266 2142/2142/2192 2140/2140/2267
f 2140/2140/2267 2139/2139/2268 2138/2138/2266
f 2092/2092/2194 2105/2105/2213 2104/2104/2212
f 2104/2104/2212 2093/2093/2195 2092/2092/2194
f 2093/2093/2200 2104/2104/2217 2109/2109/2187
f 2109/2109/2187 2097/2097/2186 2093/2093/2200
f 2074/2074/2176 2073/2073/2175 2143/2143/2197
f 2143/2143/2197 2144/2144/2204 2074/2074/2176
f 2144/2144/2209 2143/2143/2201 2084/2084/2186
f 2084/2084/2186 2083/2083/2185 2144/2144/2209
f 2079/2079/2181 2082/2082/2184 2102/2102/2206
f 2102/2102/2206 2112/2112/2223 2079/2079/2181
f 2112/2112/2228 2102/2102/2210 2103/2103/2185
f 2103/2103/2185 2116/2116/2188 2112/2112/2228
f 2088/2088/2190 2087/2087/2189 2145/2145/2225
f 2145/2145/2225 2146/2146/2220 2088/2088/2190
f 2146/2146/2216 2145/2145/2229 2086/2086/2188
f 2086/2086/2188 2085/2085/2187 2146/2146/2216
f 2105/2105/2213 2131/2131/2251 2130/2130/2250
f 2130/2130/2250 2106/2106/2214 2105/2105/2213
f 2106/2106/2219 2130/2130/2255 2135/2135/2191
f 2135/2135/2191 2110/2110/2190 2106/2106/2219
f 2080/2080/2182 2079/2079/2181 2111/2111/2222
f 2111/2111/2222 2138/2138/2261 2080/2080/2182
f 2138/2138/2266 2111/2111/2226 2115/2115/2189
f 2115/2115/2189 2142/2142/2192 2138/2138/2266
f 2076/2076/2178 2075/2075/2177 2147/2147/2263
f 2147/2147/2263 2148/2148/2258 2076/2076/2178
f 2149/2149/2254 2150/2150/2267 2090/2090/2192
f 2090/2090/2192 2089/2089/2191 2149/2149/2254
f 2131/2131/2251 2118/2118/2232 2117/2117/2231
f 2117/2117/2231 2132/2132/2252 2131/2131/2251
f 2132/2132/2257 2117/2117/2236 2122/2122/2179
f 2122/2122/2179 2136/2136/2178 2132/2132/2257
f 2081/2081/2183 2080/2080/2182 2137/2137/2260
f 2137/2137/2260 2125/2125/2242 2081/2081/2183
f 2125/2125/2247 2137/2137/2264 2141/2141/2177
f 2141/2141/2177 2129/2129/2180 2125/2125/2247
f 2072/2072/2174 2071/2071/2173 2151/2151/2244
f 2151/2151/2244 2152/2152/2239 2072/2072/2174
f 2152/2152/2235 2151/2151/2248 2078/2078/2180
f 2078/2078/2180 2077/2077/2179 2152/2152/2235
f 2118/2118/2232 2092/2092/2194 2091/2091/2193
f 2091/2091/2193 2119/2119/2233 2118/2118/2232
f 2119/2119/2238 2091/2091/2198 2096/2096/2175
f 2096/2096/2175 2123/2123/2174 2119/2119/2238
f 2082/2082/2184 2081/2081/2183 2124/2124/2241
f 2124/2124/2241 2098/2098/2207 2082/2082/2184
f 2098/2098/2203 2124/2124/2245 2128/2128/2173
f 2128/2128/2173 2099/2099/2176 2098/2098/2203
f 2131/2131/2251 2105/2105/2213 2092/2092/2194
f 2092/2092/2194 2118/2118/2232 2131/2131/2251
f 2153/2153/2269 2154/2154/2270 2155/2155/2271
f 2155/2155/2271 2156/2156/2272 2153/2153/2269
f 2157/2157/2273 2158/2158/2274 2159/2159/2275
f 2159/2159/2275 2160/2160/2276 2157/2157/2273
f 2161/2161/2277 2162/2162/2278 2163/2163/2279
f 2163/2163/2279 2164/2164/2280 2161/2161/2277
f 2165/2165/2281 2166/2166/2282 2167/2167/2283
f 2167/2167/2283 2168/2168/2284 2165/2165/2281
f 2169/2169/2285 2170/2170/2286 2171/2171/2287
f 2171/2171/2287 2172/2172/2288 2169/2169/2285
f 2173/2173/2289 2174/2174/2290 2175/2175/2291
f 2175/2175/2291 2176/2176/2292 2173/2173/2289
f 2177/2177/2293 2178/2178/2271 2173/2173/2294
f 2173/2173/2294 2176/2176/2295 2177/2177/2293
f 2175/2175/2296 2179/2179/2282 2177/2177/2297
f 2177/2177/2297 2176/2176/2298 2175/2175/2296
f 2180/2180/2299 2181/2181/2272 2182/2182/2300
f 2182/2182/2300 2183/2183/2301 2180/2180/2299
f 2184/2184/2302 2164/2164/2280 2180/2180/2303
f 2180/2180/2303 2183/2183/2304 2184/2184/2302
f 2182/2182/2305 2185/2185/2281 2184/2184/2306
f 2184/2184/2306 2183/2183/2307 2182/2182/2305
f 2186/2186/2308 2187/2187/2309 2188/2188/2310
f 2188/2188/2310 2189/2189/2311 2186/2186/2308
f 2190/2190/2312 2191/2191/2283 2186/2186/2313
f 2186/2186/2313 2189/2189/2314 2190/2190/2312
f 2188/2188/2315 2192/2192/2286 2190/2190/2316
f 2190/2190/2316 2189/2189/2317 2188/2188/2315
f 2193/2193/2318 2161/2161/2277 2194/2194/2319
f 2194/2194/2319 2195/2195/2320 2193/2193/2318
f 2196/2196/2321 2197/2197/2285 2193/2193/2322
f 2193/2193/2322 2195/2195/2323 2196/2196/2321
f 2194/2194/2324 2198/2198/2284 2196/2196/2325
f 2196/2196/2325 2195/2195/2326 2194/2194/2324
f 2199/2199/2327 2200/2200/2328 2201/2201/2329
f 2201/2201/2329 2202/2202/2330 2199/2199/2327
f 2203/2203/2331 2204/2204/2275 2199/2199/2332
f 2199/2199/2332 2202/2202/2333 2203/2203/2331
f 2201/2201/2334 2205/2205/2270 2203/2203/2335
f 2203/2203/2335 2202/2202/2336 2201/2201/2334
f 2206/2206/2337 2163/2163/2279 2207/2207/2338
f 2207/2207/2338 2208/2208/2339 2206/2206/2337
f 2209/2209/2340 2210/2210/2269 2206/2206/2341
f 2206/2206/2341 2208/2208/2342 2209/2209/2340
f 2207/2207/2343 2211/2211/2276 2209/2209/2344
f 2209/2209/2344 2208/2208/2345 2207/2207/2343
f 2212/2212/2346 2213/2213/2347 2214/2214/2348
f 2214/2214/2348 2215/2215/2349 2212/2212/2346
f 2216/2216/2350 2217/2217/2287 2212/2212/2351
f 2212/2212/2351 2215/2215/2352 2216/2216/2350
f 2214/2214/2353 2218/2218/2274 2216/2216/2354
f 2216/2216/2354 2215/2215/2355 2214/2214/2353
f 2219/2219/2356 2162/2162/2278 2220/2220/2357
f 2220/2220/2357 2221/2221/2358 2219/2219/2356
f 2222/2222/2359 2223/2223/2273 2219/2219/2360
f 2219/2219/2360 2221/2221/2361 2222/2222/2359
f 2220/2220/2362 2224/2224/2288 2222/2222/2363
f 2222/2222/2363 2221/2221/2364 2220/2220/2362
f 2174/2174/2290 2187/2187/2309 2186/2186/2308
f 2186/2186/2308 2175/2175/2291 2174/2174/2290
f 2175/2175/2296 2186/2186/2313 2191/2191/2283
f 2191/2191/2283 2179/2179/2282 2175/2175/2296
f 2156/2156/2272 2155/2155/2271 2225/2225/2293
f 2225/2225/2293 2226/2226/2300 2156/2156/2272
f 2226/2226/2305 2225/2225/2297 2166/2166/2282
f 2166/2166/2282 2165/2165/2281 2226/2226/2305
f 2161/2161/2277 2164/2164/2280 2184/2184/2302
f 2184/2184/2302 2194/2194/2319 2161/2161/2277
f 2194/2194/2324 2184/2184/2306 2185/2185/2281
f 2185/2185/2281 2198/2198/2284 2194/2194/2324
f 2170/2170/2286 2169/2169/2285 2227/2227/2321
f 2227/2227/2321 2228/2228/2316 2170/2170/2286
f 2228/2228/2312 2227/2227/2325 2168/2168/2284
f 2168/2168/2284 2167/2167/2283 2228/2228/2312
f 2187/2187/2309 2213/2213/2347 2212/2212/2346
f 2212/2212/2346 2188/2188/2310 2187/2187/2309
f 2188/2188/2315 2212/2212/2351 2217/2217/2287
f 2217/2217/2287 2192/2192/2286 2188/2188/2315
f 2162/2162/2278 2161/2161/2277 2193/2193/2318
f 2193/2193/2318 2220/2220/2357 2162/2162/2278
f 2220/2220/2362 2193/2193/2322 2197/2197/2285
f 2197/2197/2285 2224/2224/2288 2220/2220/2362
f 2158/2158/2274 2157/2157/2273 2229/2229/2359
f 2229/2229/2359 2230/2230/2354 2158/2158/2274
f 2231/2231/2350 2232/2232/2363 2172/2172/2288
f 2172/2172/2288 2171/2171/2287 2231/2231/2350
f 2213/2213/2347 2200/2200/2328 2199/2199/2327
f 2199/2199/2327 2214/2214/2348 2213/2213/2347
f 2214/2214/2353 2199/2199/2332 2204/2204/2275
f 2204/2204/2275 2218/2218/2274 2214/2214/2353
f 2163/2163/2279 2162/2162/2278 2219/2219/2356
f 2219/2219/2356 2207/2207/2338 2163/2163/2279
f 2207/2207/2343 2219/2219/2360 2223/2223/2273
f 2223/2223/2273 2211/2211/2276 2207/2207/2343
f 2154/2154/2270 2153/2153/2269 2233/2233/2340
f 2233/2233/2340 2234/2234/2335 2154/2154/2270
f 2234/2234/2331 2233/2233/2344 2160/2160/2276
f 2160/2160/2276 2159/2159/2275 2234/2234/2331
f 2200/2200/2328 2174/2174/2290 2173/2173/2289
f 2173/2173/2289 2201/2201/2329 2200/2200/2328
f 2201/2201/2334 2173/2173/2294 2178/2178/2271
f 2178/2178/2271 2205/2205/2270 2201/2201/2334
f 2164/2164/2280 2163/2163/2279 2206/2206/2337
f 2206/2206/2337 2180/2180/2303 2164/2164/2280
f 2180/2180/2299 2206/2206/2341 2210/2210/2269
f 2210/2210/2269 2181/2181/2272 2180/2180/2299
f 2213/2213/2347 2187/2187/2309 2174/2174/2290
f 2174/2174/2290 2200/2200/2328 2213/2213/2347
f 2235/2235/2365 2236/2236/2366 2237/2237/2367
f 2237/2237/2367 2238/2238/2368 2235/2235/2365
f 2239/2239/2369 2240/2240/2370 2241/2241/2371
f 2241/2241/2371 2242/2242/2372 2239/2239/2369
f 2243/2243/2373 2244/2244/2374 2245/2245/2375
f 2245/2245/2375 2246/2246/2376 2243/2243/2373
f 2247/2247/2377 2248/2248/2378 2249/2249/2379
f 2249/2249/2379 2250/2250/2380 2247/2247/2377
f 2251/2251/2381 2252/2252/2382 2253/2253/2383
f 2253/2253/2383 2254/2254/2384 2251/2251/2381
f 2255/2255/2385 2256/2256/2386 2257/2257/2387
f 2257/2257/2387 2258/2258/2388 2255/2255/2385
f 2259/2259/2389 2260/2260/2367 2255/2255/2390
f 2255/2255/2390 2258/2258/2391 2259/2259/2389
f 2257/2257/2392 2261/2261/2378 2259/2259/2393
f 2259/2259/2393 2258/2258/2394 2257/2257/2392
f 2262/2262/2395 2263/2263/2368 2264/2264/2396
f 2264/2264/2396 2265/2265/2397 2262/2262/2395
f 2266/2266/2398 2246/2246/2376 2262/2262/2399
f 2262/2262/2399 2265/2265/2400 2266/2266/2398
f 2264/2264/2401 2267/2267/2377 2266/2266/2402
f 2266/2266/2402 2265/2265/2403 2264/2264/2401
f 2268/2268/2404 2269/2269/2405 2270/2270/2406
f 2270/2270/2406 2271/2271/2407 2268/2268/2404
f 2272/2272/2408 2273/2273/2379 2268/2268/2409
f 2268/2268/2409 2271/2271/2410 2272/2272/2408
f 2270/2270/2411 2274/2274/2382 2272/2272/2412
f 2272/2272/2412 2271/2271/2413 2270/2270/2411
f 2275/2275/2414 2243/2243/2373 2276/2276/2415
f 2276/2276/2415 2277/2277/2416 2275/2275/2414
f 2278/2278/2417 2279/2279/2381 2275/2275/2418
f 2275/2275/2418 2277/2277/2419 2278/2278/2417
f 2276/2276/2420 2280/2280/2380 2278/2278/2421
f 2278/2278/2421 2277/2277/2422 2276/2276/2420
f 2281/2281/2423 2282/2282/2424 2283/2283/2425
f 2283/2283/2425 2284/2284/2426 2281/2281/2423
f 2285/2285/2427 2286/2286/2371 2281/2281/2428
f 2281/2281/2428 2284/2284/2429 2285/2285/2427
f 2283/2283/2430 2287/2287/2366 2285/2285/2431
f 2285/2285/2431 2284/2284/2432 2283/2283/2430
f 2288/2288/2433 2245/2245/2375 2289/2289/2434
f 2289/2289/2434 2290/2290/2435 2288/2288/2433
f 2291/2291/2436 2292/2292/2365 2288/2288/2437
f 2288/2288/2437 2290/2290/2438 2291/2291/2436
f 2289/2289/2439 2293/2293/2372 2291/2291/2440
f 2291/2291/2440 2290/2290/2441 2289/2289/2439
f 2294/2294/2442 2295/2295/2443 2296/2296/2444
f 2296/2296/2444 2297/2297/2445 2294/2294/2442
f 2298/2298/2446 2299/2299/2383 2294/2294/2447
f 2294/2294/2447 2297/2297/2448 2298/2298/2446
f 2296/2296/2449 2300/2300/2370 2298/2298/2450
f 2298/2298/2450 2297/2297/2451 2296/2296/2449
f 2301/2301/2452 2244/2244/2374 2302/2302/2453
f 2302/2302/2453 2303/2303/2454 2301/2301/2452
f 2304/2304/2455 2305/2305/2369 2301/2301/2456
f 2301/2301/2456 2303/2303/2457 2304/2304/2455
f 2302/2302/2458 2306/2306/2384 2304/2304/2459
f 2304/2304/2459 2303/2303/2460 2302/2302/2458
f 2256/2256/2386 2269/2269/2405 2268/2268/2404
f 2268/2268/2404 2257/2257/2387 2256/2256/2386
f 2257/2257/2392 2268/2268/2409 2273/2273/2379
f 2273/2273/2379 2261/2261/2378 2257/2257/2392
f 2238/2238/2368 2237/2237/2367 2307/2307/2389
f 2307/2307/2389 2308/2308/2396 2238/2238/2368
f 2308/2308/2401 2307/2307/2393 2248/2248/2378
f 2248/2248/2378 2247/2247/2377 2308/2308/2401
f 2243/2243/2373 2246/2246/2376 2266/2266/2398
f 2266/2266/2398 2276/2276/2415 2243/2243/2373
f 2276/2276/2420 2266/2266/2402 2267/2267/2377
f 2267/2267/2377 2280/2280/2380 2276/2276/2420
f 2252/2252/2382 2251/2251/2381 2309/2309/2417
f 2309/2309/2417 2310/2310/2412 2252/2252/2382
f 2310/2310/2408 2309/2309/2421 2250/2250/2380
f 2250/2250/2380 2249/2249/2379 2310/2310/2408
f 2269/2269/2405 2295/2295/2443 2294/2294/2442
f 2294/2294/2442 2270/2270/2406 2269/2269/2405
f 2270/2270/2411 2294/2294/2447 2299/2299/2383
f 2299/2299/2383 2274/2274/2382 2270/2270/2411
f 2244/2244/2374 2243/2243/2373 2275/2275/2414
f 2275/2275/2414 2302/2302/2453 2244/2244/2374
f 2302/2302/2458 2275/2275/2418 2279/2279/2381
f 2279/2279/2381 2306/2306/2384 2302/2302/2458
f 2240/2240/2370 2239/2239/2369 2311/2311/2455
f 2311/2311/2455 2312/2312/2450 2240/2240/2370
f 2313/2313/2446 2314/2314/2459 2254/2254/2384
f 2254/2254/2384 2253/2253/2383 2313/2313/2446
f 2295/2295/2443 2282/2282/2424 2281/2281/2423
f 2281/2281/2423 2296/2296/2444 2295/2295/2443
f 2296/2296/2449 2281/2281/2428 2286/2286/2371
f 2286/2286/2371 2300/2300/2370 2296/2296/2449
f 2245/2245/2375 2244/2244/2374 2301/2301/2452
f 2301/2301/2452 2289/2289/2434 2245/2245/2375
f 2289/2289/2439 2301/2301/2456 2305/2305/2369
f 2305/2305/2369 2293/2293/2372 2289/2289/2439
f 2236/2236/2366 2235/2235/2365 2315/2315/2436
f 2315/2315/2436 2316/2316/2431 2236/2236/2366
f 2316/2316/2427 2315/2315/2440 2242/2242/2372
f 2242/2242/2372 2241/2241/2371 2316/2316/2427
f 2282/2282/2424 2256/2256/2386 2255/2255/2385
f 2255/2255/2385 2283/2283/2425 2282/2282/2424
f 2283/2283/2430 2255/2255/2390 2260/2260/2367
f 2260/2260/2367 2287/2287/2366 2283/2283/2430
f 2246/2246/2376 2245/2245/2375 2288/2288/2433
f 2288/2288/2433 2262/2262/2399 2246/2246/2376
f 2262/2262/2395 2288/2288/2437 2292/2292/2365
f 2292/2292/2365 2263/2263/2368 2262/2262/2395
f 2295/2295/2443 2269/2269/2405 2256/2256/2386
f 2256/2256/2386 2282/2282/2424 2295/2295/2443
f 2317/2317/2461 2318/2318/2462 2319/2319/2463
f 2319/2319/2463 2320/2320/2464 2317/2317/2461
f 2321/2321/2465 2322/2322/2466 2323/2323/2467
f 2323/2323/2467 2324/2324/2468 2321/2321/2465
f 2325/2325/2469 2326/2326/2470 2327/2327/2471
f 2327/2327/2471 2328/2328/2472 2325/2325/2469
f 2329/2329/2473 2330/2330/2474 2331/2331/2475
f 2331/2331/2475 2332/2332/2476 2329/2329/2473
f 2333/2333/2477 2334/2334/2478 2335/2335/2479
f 2335/2335/2479 2336/2336/2480 2333/2333/2477
f 2337/2337/2481 2338/2338/2482 2339/2339/2483
f 2339/2339/2483 2340/2340/2484 2337/2337/2481
f 2341/2341/2485 2342/2342/2463 2337/2337/2486
f 2337/2337/2486 2340/2340/2487 2341/2341/2485
f 2339/2339/2488 2343/2343/2474 2341/2341/2489
f 2341/2341/2489 2340/2340/2490 2339/2339/2488
f 2344/2344/2491 2345/2345/2464 2346/2346/2492
f 2346/2346/2492 2347/2347/2493 2344/2344/2491
f 2348/2348/2494 2328/2328/2472 2344/2344/2495
f 2344/2344/2495 2347/2347/2496 2348/2348/2494
f 2346/2346/2497 2349/2349/2473 2348/2348/2498
f 2348/2348/2498 2347/2347/2499 2346/2346/2497
f 2350/2350/2500 2351/2351/2501 2352/2352/2502
f 2352/2352/2502 2353/2353/2503 2350/2350/2500
f 2354/2354/2504 2355/2355/2475 2350/2350/2505
f 2350/2350/2505 2353/2353/2506 2354/2354/2504
f 2352/2352/2507 2356/2356/2478 2354/2354/2508
f 2354/2354/2508 2353/2353/2509 2352/2352/2507
f 2357/2357/2510 2325/2325/2469 2358/2358/2511
f 2358/2358/2511 2359/2359/2512 2357/2357/2510
f 2360/2360/2513 2361/2361/2477 2357/2357/2514
f 2357/2357/2514 2359/2359/2515 2360/2360/2513
f 2358/2358/2516 2362/2362/2476 2360/2360/2517
f 2360/2360/2517 2359/2359/2518 2358/2358/2516
f 2363/2363/2519 2364/2364/2520 2365/2365/2521
f 2365/2365/2521 2366/2366/2522 2363/2363/2519
f 2367/2367/2523 2368/2368/2467 2363/2363/2524
f 2363/2363/2524 2366/2366/2525 2367/2367/2523
f 2365/2365/2526 2369/2369/2462 2367/2367/2527
f 2367/2367/2527 2366/2366/2528 2365/2365/2526
f 2370/2370/2529 2327/2327/2471 2371/2371/2530
f 2371/2371/2530 2372/2372/2531 2370/2370/2529
f 2373/2373/2532 2374/2374/2461 2370/2370/2533
f 2370/2370/2533 2372/2372/2534 2373/2373/2532
f 2371/2371/2535 2375/2375/2468 2373/2373/2536
f 2373/2373/2536 2372/2372/2537 2371/2371/2535
f 2376/2376/2538 2377/2377/2539 2378/2378/2540
f 2378/2378/2540 2379/2379/2541 2376/2376/2538
f 2380/2380/2542 2381/2381/2479 2376/2376/2543
f 2376/2376/2543 2379/2379/2544 2380/2380/2542
f 2378/2378/2545 2382/2382/2466 2380/2380/2546
f 2380/2380/2546 2379/2379/2547 2378/2378/2545
f 2383/2383/2548 2326/2326/2470 2384/2384/2549
f 2384/2384/2549 2385/2385/2550 2383/2383/2548
f 2386/2386/2551 2387/2387/2465 2383/2383/2552
f 2383/2383/2552 2385/2385/2553 2386/2386/2551
f 2384/2384/2554 2388/2388/2480 2386/2386/2555
f 2386/2386/2555 2385/2385/2556 2384/2384/2554
f 2338/2338/2482 2351/2351/2501 2350/2350/2500
f 2350/2350/2500 2339/2339/2483 2338/2338/2482
f 2339/2339/2488 2350/2350/2505 2355/2355/2475
f 2355/2355/2475 2343/2343/2474 2339/2339/2488
f 2320/2320/2464 2319/2319/2463 2389/2389/2485
f 2389/2389/2485 2390/2390/2492 2320/2320/2464
f 2390/2390/2497 2389/2389/2489 2330/2330/2474
f 2330/2330/2474 2329/2329/2473 2390/2390/2497
f 2325/2325/2469 2328/2328/2472 2348/2348/2494
f 2348/2348/2494 2358/2358/2511 2325/2325/2469
f 2358/2358/2516 2348/2348/2498 2349/2349/2473
f 2349/2349/2473 2362/2362/2476 2358/2358/2516
f 2334/2334/2478 2333/2333/2477 2391/2391/2513
f 2391/2391/2513 2392/2392/2508 2334/2334/2478
f 2392/2392/2504 2391/2391/2517 2332/2332/2476
f 2332/2332/2476 2331/2331/2475 2392/2392/2504
f 2351/2351/2501 2377/2377/2539 2376/2376/2538
f 2376/2376/2538 2352/2352/2502 2351/2351/2501
f 2352/2352/2507 2376/2376/2543 2381/2381/2479
f 2381/2381/2479 2356/2356/2478 2352/2352/2507
f 2326/2326/2470 2325/2325/2469 2357/2357/2510
f 2357/2357/2510 2384/2384/2549 2326/2326/2470
f 2384/2384/2554 2357/2357/2514 2361/2361/2477
f 2361/2361/2477 2388/2388/2480 2384/2384/2554
f 2322/2322/2466 2321/2321/2465 2393/2393/2551
f 2393/2393/2551 2394/2394/2546 2322/2322/2466
f 2395/2395/2542 2396/2396/2555 2336/2336/2480
f 2336/2336/2480 2335/2335/2479 2395/2395/2542
f 2377/2377/2539 2364/2364/2520 2363/2363/2519
f 2363/2363/2519 2378/2378/2540 2377/2377/2539
f 2378/2378/2545 2363/2363/2524 2368/2368/2467
f 2368/2368/2467 2382/2382/2466 2378/2378/2545
f 2327/2327/2471 2326/2326/2470 2383/2383/2548
f 2383/2383/2548 2371/2371/2530 2327/2327/2471
f 2371/2371/2535 2383/2383/2552 2387/2387/2465
f 2387/2387/2465 2375/2375/2468 2371/2371/2535
f 2318/2318/2462 2317/2317/2461 2397/2397/2532
f 2397/2397/2532 2398/2398/2527 2318/2318/2462
f 2398/2398/2523 2397/2397/2536 2324/2324/2468
f 2324/2324/2468 2323/2323/2467 2398/2398/2523
f 2364/2364/2520 2338/2338/2482 2337/2337/2481
f 2337/2337/2481 2365/2365/2521 2364/2364/2520
f 2365/2365/2526 2337/2337/2486 2342/2342/2463
f 2342/2342/2463 2369/2369/2462 2365/2365/2526
f 2328/2328/2472 2327/2327/2471 2370/2370/2529
f 2370/2370/2529 2344/2344/2495 2328/2328/2472
f 2344/2344/2491 2370/2370/2533 2374/2374/2461
f 2374/2374/2461 2345/2345/2464 2344/2344/2491
f 2377/2377/2539 2351/2351/2501 2338/2338/2482
f 2338/2338/2482 2364/2364/2520 2377/2377/2539
f 2399/2399/2557 2400/2400/2558 2401/2401/2559
f 2401/2401/2559 2402/2402/2560 2399/2399/2557
f 2403/2403/2561 2404/2404/2562 2405/2405/2563
f 2405/2405/2563 2406/2406/2564 2403/2403/2561
f 2407/2407/2565 2408/2408/2566 2409/2409/2567
f 2409/2409/2567 2410/2410/2568 2407/2407/2565
f 2411/2411/2569 2412/2412/2570 2413/2413/2571
f 2413/2413/2571 2414/2414/2572 2411/2411/2569
f 2415/2415/2573 2416/2416/2574 2417/2417/2575
f 2417/2417/2575 2418/2418/2576 2415/2415/2573
f 2419/2419/2577 2420/2420/2578 2421/2421/2579
f 2421/2421/2579 2422/2422/2580 2419/2419/2577
f 2423/2423/2581 2424/2424/2559 2419/2419/2582
f 2419/2419/2582 2422/2422/2583 2423/2423/2581
f 2421/2421/2584 2425/2425/2570 2423/2423/2585
f 2423/2423/2585 2422/2422/2586 2421/2421/2584
f 2426/2426/2587 2427/2427/2560 2428/2428/2588
f 2428/2428/2588 2429/2429/2589 2426/2426/2587
f 2430/2430/2590 2410/2410/2568 2426/2426/2591
f 2426/2426/2591 2429/2429/2592 2430/2430/2590
f 2428/2428/2593 2431/2431/2569 2430/2430/2594
f 2430/2430/2594 2429/2429/2595 2428/2428/2593
f 2432/2432/2596 2433/2433/2597 2434/2434/2598
f 2434/2434/2598 2435/2435/2599 2432/2432/2596
f 2436/2436/2600 2437/2437/2571 2432/2432/2601
f 2432/2432/2601 2435/2435/2602 2436/2436/2600
f 2434/2434/2603 2438/2438/2574 2436/2436/2604
f 2436/2436/2604 2435/2435/2605 2434/2434/2603
f 2439/2439/2606 2407/2407/2565 2440/2440/2607
f 2440/2440/2607 2441/2441/2608 2439/2439/2606
f 2442/2442/2609 2443/2443/2573 2439/2439/2610
f 2439/2439/2610 2441/2441/2611 2442/2442/2609
f 2440/2440/2612 2444/2444/2572 2442/2442/2613
f 2442/2442/2613 2441/2441/2614 2440/2440/2612
f 2445/2445/2615 2446/2446/2616 2447/2447/2617
f 2447/2447/2617 2448/2448/2618 2445/2445/2615
f 2449/2449/2619 2450/2450/2563 2445/2445/2620
f 2445/2445/2620 2448/2448/2621 2449/2449/2619
f 2447/2447/2622 2451/2451/2558 2449/2449/2623
f 2449/2449/2623 2448/2448/2624 2447/2447/2622
f 2452/2452/2625 2409/2409/2567 2453/2453/2626
f 2453/2453/2626 2454/2454/2627 2452/2452/2625
f 2455/2455/2628 2456/2456/2557 2452/2452/2629
f 2452/2452/2629 2454/2454/2630 2455/2455/2628
f 2453/2453/2631 2457/2457/2564 2455/2455/2632
f 2455/2455/2632 2454/2454/2633 2453/2453/2631
f 2458/2458/2634 2459/2459/2635 2460/2460/2636
f 2460/2460/2636 2461/2461/2637 2458/2458/2634
f 2462/2462/2638 2463/2463/2575 2458/2458/2639
f 2458/2458/2639 2461/2461/2640 2462/2462/2638
f 2460/2460/2641 2464/2464/2562 2462/2462/2642
f 2462/2462/2642 2461/2461/2643 2460/2460/2641
f 2465/2465/2644 2408/2408/2566 2466/2466/2645
f 2466/2466/2645 2467/2467/2646 2465/2465/2644
f 2468/2468/2647 2469/2469/2561 2465/2465/2648
f 2465/2465/2648 2467/2467/2649 2468/2468/2647
f 2466/2466/2650 2470/2470/2576 2468/2468/2651
f 2468/2468/2651 2467/2467/2652 2466/2466/2650
f 2420/2420/2578 2433/2433/2597 2432/2432/2596
f 2432/2432/2596 2421/2421/2579 2420/2420/2578
f 2421/2421/2584 2432/2432/2601 2437/2437/2571
f 2437/2437/2571 2425/2425/2570 2421/2421/2584
f 2402/2402/2560 2401/2401/2559 2471/2471/2581
f 2471/2471/2581 2472/2472/2588 2402/2402/2560
f 2472/2472/2593 2471/2471/2585 2412/2412/2570
f 2412/2412/2570 2411/2411/2569 2472/2472/2593
f 2407/2407/2565 2410/2410/2568 2430/2430/2590
f 2430/2430/2590 2440/2440/2607 2407/2407/2565
f 2440/2440/2612 2430/2430/2594 2431/2431/2569
f 2431/2431/2569 2444/2444/2572 2440/2440/2612
f 2416/2416/2574 2415/2415/2573 2473/2473/2609
f 2473/2473/2609 2474/2474/2604 2416/2416/2574
f 2474/2474/2600 2473/2473/2613 2414/2414/2572
f 2414/2414/2572 2413/2413/2571 2474/2474/2600
f 2433/2433/2597 2459/2459/2635 2458/2458/2634
f 2458/2458/2634 2434/2434/2598 2433/2433/2597
f 2434/2434/2603 2458/2458/2639 2463/2463/2575
f 2463/2463/2575 2438/2438/2574 2434/2434/2603
f 2408/2408/2566 2407/2407/2565 2439/2439/2606
f 2439/2439/2606 2466/2466/2645 2408/2408/2566
f 2466/2466/2650 2439/2439/2610 2443/2443/2573
f 2443/2443/2573 2470/2470/2576 2466/2466/2650
f 2404/2404/2562 2403/2403/2561 2475/2475/2647
f 2475/2475/2647 2476/2476/2642 2404/2404/2562
f 2477/2477/2638 2478/2478/2651 2418/2418/2576
f 2418/2418/2576 2417/2417/2575 2477/2477/2638
f 2459/2459/2635 2446/2446/2616 2445/2445/2615
f 2445/2445/2615 2460/2460/2636 2459/2459/2635
f 2460/2460/2641 2445/2445/2620 2450/2450/2563
f 2450/2450/2563 2464/2464/2562 2460/2460/2641
f 2409/2409/2567 2408/2408/2566 2465/2465/2644
f 2465/2465/2644 2453/2453/2626 2409/2409/2567
f 2453/2453/2631 2465/2465/2648 2469/2469/2561
f 2469/2469/2561 2457/2457/2564 2453/2453/2631
f 2400/2400/2558 2399/2399/2557 2479/2479/2628
f 2479/2479/2628 2480/2480/2623 2400/2400/2558
f 2480/2480/2619 2479/2479/2632 2406/2406/2564
f 2406/2406/2564 2405/2405/2563 2480/2480/2619
f 2446/2446/2616 2420/2420/2578 2419/2419/2577
f 2419/2419/2577 2447/2447/2617 2446/2446/2616
f 2447/2447/2622 2419/2419/2582 2424/2424/2559
f 2424/2424/2559 2451/2451/2558 2447/2447/2622
f 2410/2410/2568 2409/2409/2567 2452/2452/2625
f 2452/2452/2625 2426/2426/2591 2410/2410/2568
f 2426/2426/2587 2452/2452/2629 2456/2456/2557
f 2456/2456/2557 2427/2427/2560 2426/2426/2587
f 2459/2459/2635 2433/2433/2597 2420/2420/2578
f 2420/2420/2578 2446/2446/2616 2459/2459/2635
f 2481/2481/2653 2482/2482/2654 2483/2483/2655
f 2483/2483/2655 2484/2484/2656 2481/2481/2653
f 2485/2485/2657 2486/2486/2658 2487/2487/2659
f 2487/2487/2659 2488/2488/2660 2485/2485/2657
f 2489/2489/2661 2490/2490/2662 2491/2491/2663
f 2491/2491/2663 2492/2492/2664 2489/2489/2661
f 2493/2493/2665 2494/2494/2666 2495/2495/2667
f 2495/2495/2667 2496/2496/2668 2493/2493/2665
f 2497/2497/2669 2498/2498/2670 2499/2499/2671
f 2499/2499/2671 2500/2500/2672 2497/2497/2669
f 2501/2501/2673 2502/2502/2674 2503/2503/2675
f 2503/2503/2675 2504/2504/2676 2501/2501/2673
f 2505/2505/2677 2506/2506/2655 2501/2501/2678
f 2501/2501/2678 2504/2504/2679 2505/2505/2677
f 2503/2503/2680 2507/2507/2666 2505/2505/2681
f 2505/2505/2681 2504/2504/2682 2503/2503/2680
f 2508/2508/2683 2509/2509/2656 2510/2510/2684
f 2510/2510/2684 2511/2511/2685 2508/2508/2683
f 2512/2512/2686 2492/2492/2664 2508/2508/2687
f 2508/2508/2687 2511/2511/2688 2512/2512/2686
f 2510/2510/2689 2513/2513/2665 2512/2512/2690
f 2512/2512/2690 2511/2511/2691 2510/2510/2689
f 2514/2514/2692 2515/2515/2693 2516/2516/2694
f 2516/2516/2694 2517/2517/2695 2514/2514/2692
f 2518/2518/2696 2519/2519/2667 2514/2514/2697
f 2514/2514/2697 2517/2517/2698 2518/2518/2696
f 2516/2516/2699 2520/2520/2670 2518/2518/2700
f 2518/2518/2700 2517/2517/2701 2516/2516/2699
f 2521/2521/2702 2489/2489/2661 2522/2522/2703
f 2522/2522/2703 2523/2523/2704 2521/2521/2702
f 2524/2524/2705 2525/2525/2669 2521/2521/2706
f 2521/2521/2706 2523/2523/2707 2524/2524/2705
f 2522/2522/2708 2526/2526/2668 2524/2524/2709
f 2524/2524/2709 2523/2523/2710 2522/2522/2708
f 2527/2527/2711 2528/2528/2712 2529/2529/2713
f 2529/2529/2713 2530/2530/2714 2527/2527/2711
f 2531/2531/2715 2532/2532/2659 2527/2527/2716
f 2527/2527/2716 2530/2530/2717 2531/2531/2715
f 2529/2529/2718 2533/2533/2654 2531/2531/2719
f 2531/2531/2719 2530/2530/2720 2529/2529/2718
f 2534/2534/2721 2491/2491/2663 2535/2535/2722
f 2535/2535/2722 2536/2536/2723 2534/2534/2721
f 2537/2537/2724 2538/2538/2653 2534/2534/2725
f 2534/2534/2725 2536/2536/2726 2537/2537/2724
f 2535/2535/2727 2539/2539/2660 2537/2537/2728
f 2537/2537/2728 2536/2536/2729 2535/2535/2727
f 2540/2540/2730 2541/2541/2731 2542/2542/2732
f 2542/2542/2732 2543/2543/2733 2540/2540/2730
f 2544/2544/2734 2545/2545/2671 2540/2540/2735
f 2540/2540/2735 2543/2543/2736 2544/2544/2734
f 2542/2542/2737 2546/2546/2658 2544/2544/2738
f 2544/2544/2738 2543/2543/2739 2542/2542/2737
f 2547/2547/2740 2490/2490/2662 2548/2548/2741
f 2548/2548/2741 2549/2549/2742 2547/2547/2740
f 2550/2550/2743 2551/2551/2657 2547/2547/2744
f 2547/2547/2744 2549/2549/2745 2550/2550/2743
f 2548/2548/2746 2552/2552/2672 2550/2550/2747
f 2550/2550/2747 2549/2549/2748 2548/2548/2746
f 2502/2502/2674 2515/2515/2693 2514/2514/2692
f 2514/2514/2692 2503/2503/2675 2502/2502/2674
f 2503/2503/2680 2514/2514/2697 2519/2519/2667
f 2519/2519/2667 2507/2507/2666 2503/2503/2680
f 2484/2484/2656 2483/2483/2655 2553/2553/2677
f 2553/2553/2677 2554/2554/2684 2484/2484/2656
f 2554/2554/2689 2553/2553/2681 2494/2494/2666
f 2494/2494/2666 2493/2493/2665 2554/2554/2689
f 2489/2489/2661 2492/2492/2664 2512/2512/2686
f 2512/2512/2686 2522/2522/2703 2489/2489/2661
f 2522/2522/2708 2512/2512/2690 2513/2513/2665
f 2513/2513/2665 2526/2526/2668 2522/2522/2708
f 2498/2498/2670 2497/2497/2669 2555/2555/2705
f 2555/2555/2705 2556/2556/2700 2498/2498/2670
f 2556/2556/2696 2555/2555/2709 2496/2496/2668
f 2496/2496/2668 2495/2495/2667 2556/2556/2696
f 2515/2515/2693 2541/2541/2731 2540/2540/2730
f 2540/2540/2730 2516/2516/2694 2515/2515/2693
f 2516/2516/2699 2540/2540/2735 2545/2545/2671
f 2545/2545/2671 2520/2520/2670 2516/2516/2699
f 2490/2490/2662 2489/2489/2661 2521/2521/2702
f 2521/2521/2702 2548/2548/2741 2490/2490/2662
f 2548/2548/2746 2521/2521/2706 2525/2525/2669
f 2525/2525/2669 2552/2552/2672 2548/2548/2746
f 2486/2486/2658 2485/2485/2657 2557/2557/2743
f 2557/2557/2743 2558/2558/2738 2486/2486/2658
f 2559/2559/2734 2560/2560/2747 2500/2500/2672
f 2500/2500/2672 2499/2499/2671 2559/2559/2734
f 2541/2541/2731 2528/2528/2712 2527/2527/2711
f 2527/2527/2711 2542/2542/2732 2541/2541/2731
f 2542/2542/2737 2527/2527/2716 2532/2532/2659
f 2532/2532/2659 2546/2546/2658 2542/2542/2737
f 2491/2491/2663 2490/2490/2662 2547/2547/2740
f 2547/2547/2740 2535/2535/2722 2491/2491/2663
f 2535/2535/2727 2547/2547/2744 2551/2551/2657
f 2551/2551/2657 2539/2539/2660 2535/2535/2727
f 2482/2482/2654 2481/2481/2653 2561/2561/2724
f 2561/2561/2724 2562/2562/2719 2482/2482/2654
f 2562/2562/2715 2561/2561/2728 2488/2488/2660
f 2488/2488/2660 2487/2487/2659 2562/2562/2715
f 2528/2528/2712 2502/2502/2674 2501/2501/2673
f 2501/2501/2673 2529/2529/2713 2528/2528/2712
f 2529/2529/2718 2501/2501/2678 2506/2506/2655
f 2506/2506/2655 2533/2533/2654 2529/2529/2718
f 2492/2492/2664 2491/2491/2663 2534/2534/2721
f 2534/2534/2721 2508/2508/2687 2492/2492/2664
f 2508/2508/2683 2534/2534/2725 2538/2538/2653
f 2538/2538/2653 2509/2509/2656 2508/2508/2683
f 2541/2541/2731 2515/2515/2693 2502/2502/2674
f 2502/2502/2674 2528/2528/2712 2541/2541/2731
f 2563/2563/2749 2564/2564/2750 2565/2565/2751
f 2565/2565/2751 2566/2566/2752 2563/2563/2749
f 2567/2567/2753 2568/2568/2754 2569/2569/2755
f 2569/2569/2755 2570/2570/2756 2567/2567/2753
f 2571/2571/2757 2572/2572/2758 2573/2573/2759
f 2573/2573/2759 2574/2574/2760 2571/2571/2757
f 2575/2575/2761 2576/2576/2762 2577/2577/2763
f 2577/2577/2763 2578/2578/2764 2575/2575/2761
f 2579/2579/2765 2580/2580/2766 2581/2581/2767
f 2581/2581/2767 2582/2582/2768 2579/2579/2765
f 2583/2583/2769 2584/2584/2770 2585/2585/2771
f 2585/2585/2771 2586/2586/2772 2583/2583/2769
f 2587/2587/2773 2588/2588/2751 2583/2583/2774
f 2583/2583/2774 2586/2586/2775 2587/2587/2773
f 2585/2585/2776 2589/2589/2762 2587/2587/2777
f 2587/2587/2777 2586/2586/2778 2585/2585/2776
f 2590/2590/2779 2591/2591/2752 2592/2592/2780
f 2592/2592/2780 2593/2593/2781 2590/2590/2779
f 2594/2594/2782 2574/2574/2760 2590/2590/2783
f 2590/2590/2783 2593/2593/2784 2594/2594/2782
f 2592/2592/2785 2595/2595/2761 2594/2594/2786
f 2594/2594/2786 2593/2593/2787 2592/2592/2785
f 2596/2596/2788 2597/2597/2789 2598/2598/2790
f 2598/2598/2790 2599/2599/2791 2596/2596/2788
f 2600/2600/2792 2601/2601/2763 2596/2596/2793
f 2596/2596/2793 2599/2599/2794 2600/2600/2792
f 2598/2598/2795 2602/2602/2766 2600/2600/2796
f 2600/2600/2796 2599/2599/2797 2598/2598/2795
f 2603/2603/2798 2571/2571/2757 2604/2604/2799
f 2604/2604/2799 2605/2605/2800 2603/2603/2798
f 2606/2606/2801 2607/2607/2765 2603/2603/2802
f 2603/2603/2802 2605/2605/2803 2606/2606/2801
f 2604/2604/2804 2608/2608/2764 2606/2606/2805
f 2606/2606/2805 2605/2605/2806 2604/2604/2804
f 2609/2609/2807 2610/2610/2808 2611/2611/2809
f 2611/2611/2809 2612/2612/2810 2609/2609/2807
f 2613/2613/2811 2614/2614/2755 2609/2609/2812
f 2609/2609/2812 2612/2612/2813 2613/2613/2811
f 2611/2611/2814 2615/2615/2750 2613/2613/2815
f 2613/2613/2815 2612/2612/2816 2611/2611/2814
f 2616/2616/2817 2573/2573/2759 2617/2617/2818
f 2617/2617/2818 2618/2618/2819 2616/2616/2817
f 2619/2619/2820 2620/2620/2749 2616/2616/2821
f 2616/2616/2821 2618/2618/2822 2619/2619/2820
f 2617/2617/2823 2621/2621/2756 2619/2619/2824
f 2619/2619/2824 2618/2618/2825 2617/2617/2823
f 2622/2622/2826 2623/2623/2827 2624/2624/2828
f 2624/2624/2828 2625/2625/2829 2622/2622/2826
f 2626/2626/2830 2627/2627/2767 2622/2622/2831
f 2622/2622/2831 2625/2625/2832 2626/2626/2830
f 2624/2624/2833 2628/2628/2754 2626/2626/2834
f 2626/2626/2834 2625/2625/2835 2624/2624/2833
f 2629/2629/2836 2572/2572/2758 2630/2630/2837
f 2630/2630/2837 2631/2631/2838 2629/2629/2836
f 2632/2632/2839 2633/2633/2753 2629/2629/2840
f 2629/2629/2840 2631/2631/2841 2632/2632/2839
f 2630/2630/2842 2634/2634/2768 2632/2632/2843
f 2632/2632/2843 2631/2631/2844 2630/2630/2842
f 2584/2584/2770 2597/2597/2789 2596/2596/2788
f 2596/2596/2788 2585/2585/2771 2584/2584/2770
f 2585/2585/2776 2596/2596/2793 2601/2601/2763
f 2601/2601/2763 2589/2589/2762 2585/2585/2776
f 2566/2566/2752 2565/2565/2751 2635/2635/2773
f 2635/2635/2773 2636/2636/2780 2566/2566/2752
f 2636/2636/2785 2635/2635/2777 2576/2576/2762
f 2576/2576/2762 2575/2575/2761 2636/2636/2785
f 2571/2571/2757 2574/2574/2760 2594/2594/2782
f 2594/2594/2782 2604/2604/2799 2571/2571/2757
f 2604/2604/2804 2594/2594/2786 2595/2595/2761
f 2595/2595/2761 2608/2608/2764 2604/2604/2804
f 2580/2580/2766 2579/2579/2765 2637/2637/2801
f 2637/2637/2801 2638/2638/2796 2580/2580/2766
f 2638/2638/2792 2637/2637/2805 2578/2578/2764
f 2578/2578/2764 2577/2577/2763 2638/2638/2792
f 2597/2597/2789 2623/2623/2827 2622/2622/2826
f 2622/2622/2826 2598/2598/2790 2597/2597/2789
f 2598/2598/2795 2622/2622/2831 2627/2627/2767
f 2627/2627/2767 2602/2602/2766 2598/2598/2795
f 2572/2572/2758 2571/2571/2757 2603/2603/2798
f 2603/2603/2798 2630/2630/2837 2572/2572/2758
f 2630/2630/2842 2603/2603/2802 2607/2607/2765
f 2607/2607/2765 2634/2634/2768 2630/2630/2842
f 2568/2568/2754 2567/2567/2753 2639/2639/2839
f 2639/2639/2839 2640/2640/2834 2568/2568/2754
f 2641/2641/2830 2642/2642/2843 2582/2582/2768
f 2582/2582/2768 2581/2581/2767 2641/2641/2830
f 2623/2623/2827 2610/2610/2808 2609/2609/2807
f 2609/2609/2807 2624/2624/2828 2623/2623/2827
f 2624/2624/2833 2609/2609/2812 2614/2614/2755
f 2614/2614/2755 2628/2628/2754 2624/2624/2833
f 2573/2573/2759 2572/2572/2758 2629/2629/2836
f 2629/2629/2836 2617/2617/2818 2573/2573/2759
f 2617/2617/2823 2629/2629/2840 2633/2633/2753
f 2633/2633/2753 2621/2621/2756 2617/2617/2823
f 2564/2564/2750 2563/2563/2749 2643/2643/2820
f 2643/2643/2820 2644/2644/2815 2564/2564/2750
f 2644/2644/2811 2643/2643/2824 2570/2570/2756
f 2570/2570/2756 2569/2569/2755 2644/2644/2811
f 2610/2610/2808 2584/2584/2770 2583/2583/2769
f 2583/2583/2769 2611/2611/2809 2610/2610/2808
f 2611/2611/2814 2583/2583/2774 2588/2588/2751
f 2588/2588/2751 2615/2615/2750 2611/2611/2814
f 2574/2574/2760 2573/2573/2759 2616/2616/2817
f 2616/2616/2817 2590/2590/2783 2574/2574/2760
f 2590/2590/2779 2616/2616/2821 2620/2620/2749
f 2620/2620/2749 2591/2591/2752 2590/2590/2779
f 2623/2623/2827 2597/2597/2789 2584/2584/2770
f 2584/2584/2770 2610/2610/2808 2623/2623/2827
f 2645/2645/2845 2646/2646/2846 2647/2647/2847
f 2647/2647/2847 2648/2648/2848 2645/2645/2845
f 2649/2649/2849 2650/2650/2850 2651/2651/2851
f 2651/2651/2851 2652/2652/2852 2649/2649/2849
f 2653/2653/2853 2654/2654/2854 2655/2655/2855
f 2655/2655/2855 2656/2656/2856 2653/2653/2853
f 2657/2657/2857 2658/2658/2858 2659/2659/2859
f 2659/2659/2859 2660/2660/2860 2657/2657/2857
f 2661/2661/2861 2662/2662/2862 2663/2663/2863
f 2663/2663/2863 2664/2664/2864 2661/2661/2861
f 2665/2665/2865 2666/2666/2866 2667/2667/2867
f 2667/2667/2867 2668/2668/2868 2665/2665/2865
f 2669/2669/2869 2670/2670/2847 2665/2665/2870
f 2665/2665/2870 2668/2668/2871 2669/2669/2869
f 2667/2667/2872 2671/2671/2858 2669/2669/2873
f 2669/2669/2873 2668/2668/2874 2667/2667/2872
f 2672/2672/2875 2673/2673/2848 2674/2674/2876
f 2674/2674/2876 2675/2675/2877 2672/2672/2875
f 2676/2676/2878 2656/2656/2856 2672/2672/2879
f 2672/2672/2879 2675/2675/2880 2676/2676/2878
f 2674/2674/2881 2677/2677/2857 2676/2676/2882
f 2676/2676/2882 2675/2675/2883 2674/2674/2881
f 2678/2678/2884 2679/2679/2885 2680/2680/2886
f 2680/2680/2886 2681/2681/2887 2678/2678/2884
f 2682/2682/2888 2683/2683/2859 2678/2678/2889
f 2678/2678/2889 2681/2681/2890 2682/2682/2888
f 2680/2680/2891 2684/2684/2862 2682/2682/2892
f 2682/2682/2892 2681/2681/2893 2680/2680/2891
f 2685/2685/2894 2653/2653/2853 2686/2686/2895
f 2686/2686/2895 2687/2687/2896 2685/2685/2894
f 2688/2688/2897 2689/2689/2861 2685/2685/2898
f 2685/2685/2898 2687/2687/2899 2688/2688/2897
f 2686/2686/2900 2690/2690/2860 2688/2688/2901
f 2688/2688/2901 2687/2687/2902 2686/2686/2900
f 2691/2691/2903 2692/2692/2904 2693/2693/2905
f 2693/2693/2905 2694/2694/2906 2691/2691/2903
f 2695/2695/2907 2696/2696/2851 2691/2691/2908
f 2691/2691/2908 2694/2694/2909 2695/2695/2907
f 2693/2693/2910 2697/2697/2846 2695/2695/2911
f 2695/2695/2911 2694/2694/2912 2693/2693/2910
f 2698/2698/2913 2655/2655/2855 2699/2699/2914
f 2699/2699/2914 2700/2700/2915 2698/2698/2913
f 2701/2701/2916 2702/2702/2845 2698/2698/2917
f 2698/2698/2917 2700/2700/2918 2701/2701/2916
f 2699/2699/2919 2703/2703/2852 2701/2701/2920
f 2701/2701/2920 2700/2700/2921 2699/2699/2919
f 2704/2704/2922 2705/2705/2923 2706/2706/2924
f 2706/2706/2924 2707/2707/2925 2704/2704/2922
f 2708/2708/2926 2709/2709/2863 2704/2704/2927
f 2704/2704/2927 2707/2707/2928 2708/2708/2926
f 2706/2706/2929 2710/2710/2850 2708/2708/2930
f 2708/2708/2930 2707/2707/2931 2706/2706/2929
f 2711/2711/2932 2654/2654/2854 2712/2712/2933
f 2712/2712/2933 2713/2713/2934 2711/2711/2932
f 2714/2714/2935 2715/2715/2849 2711/2711/2936
f 2711/2711/2936 2713/2713/2937 2714/2714/2935
f 2712/2712/2938 2716/2716/2864 2714/2714/2939
f 2714/2714/2939 2713/2713/2940 2712/2712/2938
f 2666/2666/2866 2679/2679/2885 2678/2678/2884
f 2678/2678/2884 2667/2667/2867 2666/2666/2866
f 2667/2667/2872 2678/2678/2889 2683/2683/2859
f 2683/2683/2859 2671/2671/2858 2667/2667/2872
f 2648/2648/2848 2647/2647/2847 2717/2717/2869
f 2717/2717/2869 2718/2718/2876 2648/2648/2848
f 2718/2718/2881 2717/2717/2873 2658/2658/2858
f 2658/2658/2858 2657/2657/2857 2718/2718/2881
f 2653/2653/2853 2656/2656/2856 2676/2676/2878
f 2676/2676/2878 2686/2686/2895 2653/2653/2853
f 2686/2686/2900 2676/2676/2882 2677/2677/2857
f 2677/2677/2857 2690/2690/2860 2686/2686/2900
f 2662/2662/2862 2661/2661/2861 2719/2719/2897
f 2719/2719/2897 2720/2720/2892 2662/2662/2862
f 2720/2720/2888 2719/2719/2901 2660/2660/2860
f 2660/2660/2860 2659/2659/2859 2720/2720/2888
f 2679/2679/2885 2705/2705/2923 2704/2704/2922
f 2704/2704/2922 2680/2680/2886 2679/2679/2885
f 2680/2680/2891 2704/2704/2927 2709/2709/2863
f 2709/2709/2863 2684/2684/2862 2680/2680/2891
f 2654/2654/2854 2653/2653/2853 2685/2685/2894
f 2685/2685/2894 2712/2712/2933 2654/2654/2854
f 2712/2712/2938 2685/2685/2898 2689/2689/2861
f 2689/2689/2861 2716/2716/2864 2712/2712/2938
f 2650/2650/2850 2649/2649/2849 2721/2721/2935
f 2721/2721/2935 2722/2722/2930 2650/2650/2850
f 2723/2723/2926 2724/2724/2939 2664/2664/2864
f 2664/2664/2864 2663/2663/2863 2723/2723/2926
f 2705/2705/2923 2692/2692/2904 2691/2691/2903
f 2691/2691/2903 2706/2706/2924 2705/2705/2923
f 2706/2706/2929 2691/2691/2908 2696/2696/2851
f 2696/2696/2851 2710/2710/2850 2706/2706/2929
f 2655/2655/2855 2654/2654/2854 2711/2711/2932
f 2711/2711/2932 2699/2699/2914 2655/2655/2855
f 2699/2699/2919 2711/2711/2936 2715/2715/2849
f 2715/2715/2849 2703/2703/2852 2699/2699/2919
f 2646/2646/2846 2645/2645/2845 2725/2725/2916
f 2725/2725/2916 2726/2726/2911 2646/2646/2846
f 2726/2726/2907 2725/2725/2920 2652/2652/2852
f 2652/2652/2852 2651/2651/2851 2726/2726/2907
f 2692/2692/2904 2666/2666/2866 2665/2665/2865
f 2665/2665/2865 2693/2693/2905 2692/2692/2904
f 2693/2693/2910 2665/2665/2870 2670/2670/2847
f 2670/2670/2847 2697/2697/2846 2693/2693/2910
f 2656/2656/2856 2655/2655/2855 2698/2698/2913
f 2698/2698/2913 2672/2672/2879 2656/2656/2856
f 2672/2672/2875 2698/2698/2917 2702/2702/2845
f 2702/2702/2845 2673/2673/2848 2672/2672/2875
f 2705/2705/2923 2679/2679/2885 2666/2666/2866
f 2666/2666/2866 2692/2692/2904 2705/2705/2923
f 2727/2727/2941 2728/2728/2942 2729/2729/2943
f 2729/2729/2943 2730/2730/2944 2727/2727/2941
f 2731/2731/2945 2732/2732/2946 2733/2733/2947
f 2733/2733/2947 2734/2734/2948 2731/2731/2945
f 2735/2735/2949 2736/2736/2950 2737/2737/2951
f 2737/2737/2951 2738/2738/2952 2735/2735/2949
f 2739/2739/2953 2740/2740/2954 2741/2741/2955
f 2741/2741/2955 2742/2742/2956 2739/2739/2953
f 2743/2743/2957 2744/2744/2958 2745/2745/2959
f 2745/2745/2959 2746/2746/2960 2743/2743/2957
f 2747/2747/2961 2748/2748/2962 2749/2749/2963
f 2749/2749/2963 2750/2750/2964 2747/2747/2961
f 2751/2751/2965 2752/2752/2943 2747/2747/2966
f 2747/2747/2966 2750/2750/2967 2751/2751/2965
f 2749/2749/2968 2753/2753/2954 2751/2751/2969
f 2751/2751/2969 2750/2750/2970 2749/2749/2968
f 2754/2754/2971 2755/2755/2944 2756/2756/2972
f 2756/2756/2972 2757/2757/2973 2754/2754/2971
f 2758/2758/2974 2738/2738/2952 2754/2754/2975
f 2754/2754/2975 2757/2757/2976 2758/2758/2974
f 2756/2756/2977 2759/2759/2953 2758/2758/2978
f 2758/2758/2978 2757/2757/2979 2756/2756/2977
f 2760/2760/2980 2761/2761/2981 2762/2762/2982
f 2762/2762/2982 2763/2763/2983 2760/2760/2980
f 2764/2764/2984 2765/2765/2955 2760/2760/2985
f 2760/2760/2985 2763/2763/2986 2764/2764/2984
f 2762/2762/2987 2766/2766/2958 2764/2764/2988
f 2764/2764/2988 2763/2763/2989 2762/2762/2987
f 2767/2767/2990 2735/2735/2949 2768/2768/2991
f 2768/2768/2991 2769/2769/2992 2767/2767/2990
f 2770/2770/2993 2771/2771/2957 2767/2767/2994
f 2767/2767/2994 2769/2769/2995 2770/2770/2993
f 2768/2768/2996 2772/2772/2956 2770/2770/2997
f 2770/2770/2997 2769/2769/2998 2768/2768/2996
f 2773/2773/2999 2774/2774/3000 2775/2775/3001
f 2775/2775/3001 2776/2776/3002 2773/2773/2999
f 2777/2777/3003 2778/2778/2947 2773/2773/3004
f 2773/2773/3004 2776/2776/3005 2777/2777/3003
f 2775/2775/3006 2779/2779/2942 2777/2777/3007
f 2777/2777/3007 2776/2776/3008 2775/2775/3006
f 2780/2780/3009 2737/2737/2951 2781/2781/3010
f 2781/2781/3010 2782/2782/3011 2780/2780/3009
f 2783/2783/3012 2784/2784/2941 2780/2780/3013
f 2780/2780/3013 2782/2782/3014 2783/2783/3012
f 2781/2781/3015 2785/2785/2948 2783/2783/3016
f 2783/2783/3016 2782/2782/3017 2781/2781/3015
f 2786/2786/3018 2787/2787/3019 2788/2788/3020
f 2788/2788/3020 2789/2789/3021 2786/2786/3018
f 2790/2790/3022 2791/2791/2959 2786/2786/3023
f 2786/2786/3023 2789/2789/3024 2790/2790/3022
f 2788/2788/3025 2792/2792/2946 2790/2790/3026
f 2790/2790/3026 2789/2789/3027 2788/2788/3025
f 2793/2793/3028 2736/2736/2950 2794/2794/3029
f 2794/2794/3029 2795/2795/3030 2793/2793/3028
f 2796/2796/3031 2797/2797/2945 2793/2793/3032
f 2793/2793/3032 2795/2795/3033 2796/2796/3031
f 2794/2794/3034 2798/2798/2960 2796/2796/3035
f 2796/2796/3035 2795/2795/3036 2794/2794/3034
f 2748/2748/2962 2761/2761/2981 2760/2760/2980
f 2760/2760/2980 2749/2749/2963 2748/2748/2962
f 2749/2749/2968 2760/2760/2985 2765/2765/2955
f 2765/2765/2955 2753/2753/2954 2749/2749/2968
f 2730/2730/2944 2729/2729/2943 2799/2799/2965
f 2799/2799/2965 2800/2800/2972 2730/2730/2944
f 2800/2800/2977 2799/2799/2969 2740/2740/2954
f 2740/2740/2954 2739/2739/2953 2800/2800/2977
f 2735/2735/2949 2738/2738/2952 2758/2758/2974
f 2758/2758/2974 2768/2768/2991 2735/2735/2949
f 2768/2768/2996 2758/2758/2978 2759/2759/2953
f 2759/2759/2953 2772/2772/2956 2768/2768/2996
f 2744/2744/2958 2743/2743/2957 2801/2801/2993
f 2801/2801/2993 2802/2802/2988 2744/2744/2958
f 2802/2802/2984 2801/2801/2997 2742/2742/2956
f 2742/2742/2956 2741/2741/2955 2802/2802/2984
f 2761/2761/2981 2787/2787/3019 2786/2786/3018
f 2786/2786/3018 2762/2762/2982 2761/2761/2981
f 2762/2762/2987 2786/2786/3023 2791/2791/2959
f 2791/2791/2959 2766/2766/2958 2762/2762/2987
f 2736/2736/2950 2735/2735/2949 2767/2767/2990
f 2767/2767/2990 2794/2794/3029 2736/2736/2950
f 2794/2794/3034 2767/2767/2994 2771/2771/2957
f 2771/2771/2957 2798/2798/2960 2794/2794/3034
f 2732/2732/2946 2731/2731/2945 2803/2803/3031
f 2803/2803/3031 2804/2804/3026 2732/2732/2946
f 2805/2805/3022 2806/2806/3035 2746/2746/2960
f 2746/2746/2960 2745/2745/2959 2805/2805/3022
f 2787/2787/3019 2774/2774/3000 2773/2773/2999
f 2773/2773/2999 2788/2788/3020 2787/2787/3019
f 2788/2788/3025 2773/2773/3004 2778/2778/2947
f 2778/2778/2947 2792/2792/2946 2788/2788/3025
f 2737/2737/2951 2736/2736/2950 2793/2793/3028
f 2793/2793/3028 2781/2781/3010 2737/2737/2951
f 2781/2781/3015 2793/2793/3032 2797/2797/2945
f 2797/2797/2945 2785/2785/2948 2781/2781/3015
f 2728/2728/2942 2727/2727/2941 2807/2807/3012
f 2807/2807/3012 2808/2808/3007 2728/2728/2942
f 2808/2808/3003 2807/2807/3016 2734/2734/2948
f 2734/2734/2948 2733/2733/2947 2808/2808/3003
f 2774/2774/3000 2748/2748/2962 2747/2747/2961
f 2747/2747/2961 2775/2775/3001 2774/2774/3000
f 2775/2775/3006 2747/2747/2966 2752/2752/2943
f 2752/2752/2943 2779/2779/2942 2775/2775/3006
f 2738/2738/2952 2737/2737/2951 2780/2780/3009
f 2780/2780/3009 2754/2754/2975 2738/2738/2952
f 2754/2754/2971 2780/2780/3013 2784/2784/2941
f 2784/2784/2941 2755/2755/2944 2754/2754/2971
f 2787/2787/3019 2761/2761/2981 2748/2748/2962
f 2748/2748/2962 2774/2774/3000 2787/2787/3019
f 2809/2809/3037 2810/2810/3038 2811/2811/3039
f 2811/2811/3039 2812/2812/3040 2809/2809/3037
f 2813/2813/3041 2814/2814/3042 2815/2815/3043
f 2815/2815/3043 2816/2816/3044 2813/2813/3041
f 2817/2817/3045 2818/2818/3046 2819/2819/3047
f 2819/2819/3047 2820/2820/3048 2817/2817/3045
f 2821/2821/3049 2822/2822/3050 2823/2823/3051
f 2823/2823/3051 2824/2824/3052 2821/2821/3049
f 2825/2825/3053 2826/2826/3054 2827/2827/3055
f 2827/2827/3055 2828/2828/3056 2825/2825/3053
f 2829/2829/3057 2830/2830/3058 2831/2831/3059
f 2831/2831/3059 2832/2832/3060 2829/2829/3057
f 2833/2833/3061 2834/2834/3039 2829/2829/3062
f 2829/2829/3062 2832/2832/3063 2833/2833/3061
f 2831/2831/3064 2835/2835/3050 2833/2833/3065
f 2833/2833/3065 2832/2832/3066 2831/2831/3064
f 2836/2836/3067 2837/2837/3040 2838/2838/3068
f 2838/2838/3068 2839/2839/3069 2836/2836/3067
f 2840/2840/3070 2820/2820/3048 2836/2836/3071
f 2836/2836/3071 2839/2839/3072 2840/2840/3070
f 2838/2838/3073 2841/2841/3049 2840/2840/3074
f 2840/2840/3074 2839/2839/3075 2838/2838/3073
f 2842/2842/3076 2843/2843/3077 2844/2844/3078
f 2844/2844/3078 2845/2845/3079 2842/2842/3076
f 2846/2846/3080 2847/2847/3051 2842/2842/3081
f 2842/2842/3081 2845/2845/3082 2846/2846/3080
f 2844/2844/3083 2848/2848/3054 2846/2846/3084
f 2846/2846/3084 2845/2845/3085 2844/2844/3083
f 2849/2849/3086 2817/2817/3045 2850/2850/3087
f 2850/2850/3087 2851/2851/3088 2849/2849/3086
f 2852/2852/3089 2853/2853/3053 2849/2849/3090
f 2849/2849/3090 2851/2851/3091 2852/2852/3089
f 2850/2850/3092 2854/2854/3052 2852/2852/3093
f 2852/2852/3093 2851/2851/3094 2850/2850/3092
f 2855/2855/3095 2856/2856/3096 2857/2857/3097
f 2857/2857/3097 2858/2858/3098 2855/2855/3095
f 2859/2859/3099 2860/2860/3043 2855/2855/3100
f 2855/2855/3100 2858/2858/3101 2859/2859/3099
f 2857/2857/3102 2861/2861/3038 2859/2859/3103
f 2859/2859/3103 2858/2858/3104 2857/2857/3102
f 2862/2862/3105 2819/2819/3047 2863/2863/3106
f 2863/2863/3106 2864/2864/3107 2862/2862/3105
f 2865/2865/3108 2866/2866/3037 2862/2862/3109
f 2862/2862/3109 2864/2864/3110 2865/2865/3108
f 2863/2863/3111 2867/2867/3044 2865/2865/3112
f 2865/2865/3112 2864/2864/3113 2863/2863/3111
f 2868/2868/3114 2869/2869/3115 2870/2870/3116
f 2870/2870/3116 2871/2871/3117 2868/2868/3114
f 2872/2872/3118 2873/2873/3055 2868/2868/3119
f 2868/2868/3119 2871/2871/3120 2872/2872/3118
f 2870/2870/3121 2874/2874/3042 2872/2872/3122
f 2872/2872/3122 2871/2871/3123 2870/2870/3121
f 2875/2875/3124 2818/2818/3046 2876/2876/3125
f 2876/2876/3125 2877/2877/3126 2875/2875/3124
f 2878/2878/3127 2879/2879/3041 2875/2875/3128
f 2875/2875/3128 2877/2877/3129 2878/2878/3127
f 2876/2876/3130 2880/2880/3056 2878/2878/3131
f 2878/2878/3131 2877/2877/3132 2876/2876/3130
f 2830/2830/3058 2843/2843/3077 2842/2842/3076
f 2842/2842/3076 2831/2831/3059 2830/2830/3058
f 2831/2831/3064 2842/2842/3081 2847/2847/3051
f 2847/2847/3051 2835/2835/3050 2831/2831/3064
f 2812/2812/3040 2811/2811/3039 2881/2881/3061
f 2881/2881/3061 2882/2882/3068 2812/2812/3040
f 2882/2882/3073 2881/2881/3065 2822/2822/3050
f 2822/2822/3050 2821/2821/3049 2882/2882/3073
f 2817/2817/3045 2820/2820/3048 2840/2840/3070
f 2840/2840/3070 2850/2850/3087 2817/2817/3045
f 2850/2850/3092 2840/2840/3074 2841/2841/3049
f 2841/2841/3049 2854/2854/3052 2850/2850/3092
f 2826/2826/3054 2825/2825/3053 2883/2883/3089
f 2883/2883/3089 2884/2884/3084 2826/2826/3054
f 2884/2884/3080 2883/2883/3093 2824/2824/3052
f 2824/2824/3052 2823/2823/3051 2884/2884/3080
f 2843/2843/3077 2869/2869/3115 2868/2868/3114
f 2868/2868/3114 2844/2844/3078 2843/2843/3077
f 2844/2844/3083 2868/2868/3119 2873/2873/3055
f 2873/2873/3055 2848/2848/3054 2844/2844/3083
f 2818/2818/3046 2817/2817/3045 2849/2849/3086
f 2849/2849/3086 2876/2876/3125 2818/2818/3046
f 2876/2876/3130 2849/2849/3090 2853/2853/3053
f 2853/2853/3053 2880/2880/3056 2876/2876/3130
f 2814/2814/3042 2813/2813/3041 2885/2885/3127
f 2885/2885/3127 2886/2886/3122 2814/2814/3042
f 2887/2887/3118 2888/2888/3131 2828/2828/3056
f 2828/2828/3056 2827/2827/3055 2887/2887/3118
f 2869/2869/3115 2856/2856/3096 2855/2855/3095
f 2855/2855/3095 2870/2870/3116 2869/2869/3115
f 2870/2870/3121 2855/2855/3100 2860/2860/3043
f 2860/2860/3043 2874/2874/3042 2870/2870/3121
f 2819/2819/3047 2818/2818/3046 2875/2875/3124
f 2875/2875/3124 2863/2863/3106 2819/2819/3047
f 2863/2863/3111 2875/2875/3128 2879/2879/3041
f 2879/2879/3041 2867/2867/3044 2863/2863/3111
f 2810/2810/3038 2809/2809/3037 2889/2889/3108
f 2889/2889/3108 2890/2890/3103 2810/2810/3038
f 2890/2890/3099 2889/2889/3112 2816/2816/3044
f 2816/2816/3044 2815/2815/3043 2890/2890/3099
f 2856/2856/3096 2830/2830/3058 2829/2829/3057
f 2829/2829/3057 2857/2857/3097 2856/2856/3096
f 2857/2857/3102 2829/2829/3062 2834/2834/3039
f 2834/2834/3039 2861/2861/3038 2857/2857/3102
f 2820/2820/3048 2819/2819/3047 2862/2862/3105
f 2862/2862/3105 2836/2836/3071 2820/2820/3048
f 2836/2836/3067 2862/2862/3109 2866/2866/3037
f 2866/2866/3037 2837/2837/3040 2836/2836/3067
f 2869/2869/3115 2843/2843/3077 2830/2830/3058
f 2830/2830/3058 2856/2856/3096 2869/2869/3115
f 2891/2891/3133 2892/2892/3134 2893/2893/3135
f 2893/2893/3135 2894/2894/3136 2891/2891/3133
f 2895/2895/3137 2896/2896/3138 2897/2897/3139
f 2897/2897/3139 2898/2898/3140 2895/2895/3137
f 2899/2899/3141 2900/2900/3142 2901/2901/3143
f 2901/2901/3143 2902/2902/3144 2899/2899/3141
f 2903/2903/3145 2904/2904/3146 2905/2905/3147
f 2905/2905/3147 2906/2906/3148 2903/2903/3145
f 2907/2907/3149 2908/2908/3150 2909/2909/3151
f 2909/2909/3151 2910/2910/3152 2907/2907/3149
f 2911/2911/3153 2912/2912/3154 2913/2913/3155
f 2913/2913/3155 2914/2914/3156 2911/2911/3153
f 2915/2915/3157 2916/2916/3135 2911/2911/3158
f 2911/2911/3158 2914/2914/3159 2915/2915/3157
f 2913/2913/3160 2917/2917/3146 2915/2915/3161
f 2915/2915/3161 2914/2914/3162 2913/2913/3160
f 2918/2918/3163 2919/2919/3136 2920/2920/3164
f 2920/2920/3164 2921/2921/3165 2918/2918/3163
f 2922/2922/3166 2902/2902/3144 2918/2918/3167
f 2918/2918/3167 2921/2921/3168 2922/2922/3166
f 2920/2920/3169 2923/2923/3145 2922/2922/3170
f 2922/2922/3170 2921/2921/3171 2920/2920/3169
f 2924/2924/3172 2925/2925/3173 2926/2926/3174
f 2926/2926/3174 2927/2927/3175 2924/2924/3172
f 2928/2928/3176 2929/2929/3147 2924/2924/3177
f 2924/2924/3177 2927/2927/3178 2928/2928/3176
f 2926/2926/3179 2930/2930/3150 2928/2928/3180
f 2928/2928/3180 2927/2927/3181 2926/2926/3179
f 2931/2931/3182 2899/2899/3141 2932/2932/3183
f 2932/2932/3183 2933/2933/3184 2931/2931/3182
f 2934/2934/3185 2935/2935/3149 2931/2931/3186
f 2931/2931/3186 2933/2933/3187 2934/2934/3185
f 2932/2932/3188 2936/2936/3148 2934/2934/3189
f 2934/2934/3189 2933/2933/3190 2932/2932/3188
f 2937/2937/3191 2938/2938/3192 2939/2939/3193
f 2939/2939/3193 2940/2940/3194 2937/2937/3191
f 2941/2941/3195 2942/2942/3139 2937/2937/3196
f 2937/2937/3196 2940/2940/3197 2941/2941/3195
f 2939/2939/3198 2943/2943/3134 2941/2941/3199
f 2941/2941/3199 2940/2940/3200 2939/2939/3198
f 2944/2944/3201 2901/2901/3143 2945/2945/3202
f 2945/2945/3202 2946/2946/3203 2944/2944/3201
f 2947/2947/3204 2948/2948/3133 2944/2944/3205
f 2944/2944/3205 2946/2946/3206 2947/2947/3204
f 2945/2945/3207 2949/2949/3140 2947/2947/3208
f 2947/2947/3208 2946/2946/3209 2945/2945/3207
f 2950/2950/3210 2951/2951/3211 2952/2952/3212
f 2952/2952/3212 2953/2953/3213 2950/2950/3210
f 2954/2954/3214 2955/2955/3151 2950/2950/3215
f 2950/2950/3215 2953/2953/3216 2954/2954/3214
f 2952/2952/3217 2956/2956/3138 2954/2954/3218
f 2954/2954/3218 2953/2953/3219 2952/2952/3217
f 2957/2957/3220 2900/2900/3142 2958/2958/3221
f 2958/2958/3221 2959/2959/3222 2957/2957/3220
f 2960/2960/3223 2961/2961/3137 2957/2957/3224
f 2957/2957/3224 2959/2959/3225 2960/2960/3223
f 2958/2958/3226 2962/2962/3152 2960/2960/3227
f 2960/2960/3227 2959/2959/3228 2958/2958/3226
f 2912/2912/3154 2925/2925/3173 2924/2924/3172
f 2924/2924/3172 2913/2913/3155 2912/2912/3154
f 2913/2913/3160 2924/2924/3177 2929/2929/3147
f 2929/2929/3147 2917/2917/3146 2913/2913/3160
f 2894/2894/3136 2893/2893/3135 2963/2963/3157
f 2963/2963/3157 2964/2964/3164 2894/2894/3136
f 2964/2964/3169 2963/2963/3161 2904/2904/3146
f 2904/2904/3146 2903/2903/3145 2964/2964/3169
f 2899/2899/3141 2902/2902/3144 2922/2922/3166
f 2922/2922/3166 2932/2932/3183 2899/2899/3141
f 2932/2932/3188 2922/2922/3170 2923/2923/3145
f 2923/2923/3145 2936/2936/3148 2932/2932/3188
f 2908/2908/3150 2907/2907/3149 2965/2965/3185
f 2965/2965/3185 2966/2966/3180 2908/2908/3150
f 2966/2966/3176 2965/2965/3189 2906/2906/3148
f 2906/2906/3148 2905/2905/3147 2966/2966/3176
f 2925/2925/3173 2951/2951/3211 2950/2950/3210
f 2950/2950/3210 2926/2926/3174 2925/2925/3173
f 2926/2926/3179 2950/2950/3215 2955/2955/3151
f 2955/2955/3151 2930/2930/3150 2926/2926/3179
f 2900/2900/3142 2899/2899/3141 2931/2931/3182
f 2931/2931/3182 2958/2958/3221 2900/2900/3142
f 2958/2958/3226 2931/2931/3186 2935/2935/3149
f 2935/2935/3149 2962/2962/3152 2958/2958/3226
f 2896/2896/3138 2895/2895/3137 2967/2967/3223
f 2967/2967/3223 2968/2968/3218 2896/2896/3138
f 2969/2969/3214 2970/2970/3227 2910/2910/3152
f 2910/2910/3152 2909/2909/3151 2969/2969/3214
f 2951/2951/3211 2938/2938/3192 2937/2937/3191
f 2937/2937/3191 2952/2952/3212 2951/2951/3211
f 2952/2952/3217 2937/2937/3196 2942/2942/3139
f 2942/2942/3139 2956/2956/3138 2952/2952/3217
f 2901/2901/3143 2900/2900/3142 2957/2957/3220
f 2957/2957/3220 2945/2945/3202 2901/2901/3143
f 2945/2945/3207 2957/2957/3224 2961/2961/3137
f 2961/2961/3137 2949/2949/3140 2945/2945/3207
f 2892/2892/3134 2891/2891/3133 2971/2971/3204
f 2971/2971/3204 2972/2972/3199 2892/2892/3134
f 2972/2972/3195 2971/2971/3208 2898/2898/3140
f 2898/2898/3140 2897/2897/3139 2972/2972/3195
f 2938/2938/3192 2912/2912/3154 2911/2911/3153
f 2911/2911/3153 2939/2939/3193 2938/2938/3192
f 2939/2939/3198 2911/2911/3158 2916/2916/3135
f 2916/2916/3135 2943/2943/3134 2939/2939/3198
f 2902/2902/3144 2901/2901/3143 2944/2944/3201
f 2944/2944/3201 2918/2918/3167 2902/2902/3144
f 2918/2918/3163 2944/2944/3205 2948/2948/3133
f 2948/2948/3133 2919/2919/3136 2918/2918/3163
f 2951/2951/3211 2925/2925/3173 2912/2912/3154
f 2912/2912/3154 2938/2938/3192 2951/2951/3211
f 2973/2973/3229 2974/2974/3230 2975/2975/3231
f 2975/2975/3231 2976/2976/3232 2973/2973/3229
f 2977/2977/3233 2978/2978/3234 2979/2979/3235
f 2979/2979/3235 2980/2980/3236 2977/2977/3233
f 2981/2981/3237 2982/2982/3238 2983/2983/3239
f 2983/2983/3239 2984/2984/3240 2981/2981/3237
f 2985/2985/3241 2986/2986/3242 2987/2987/3243
f 2987/2987/3243 2988/2988/3244 2985/2985/3241
f 2989/2989/3245 2990/2990/3246 2991/2991/3247
f 2991/2991/3247 2992/2992/3248 2989/2989/3245
f 2993/2993/3249 2994/2994/3250 2995/2995/3251
f 2995/2995/3251 2996/2996/3252 2993/2993/3249
f 2997/2997/3253 2998/2998/3231 2993/2993/3254
f 2993/2993/3254 2996/2996/3255 2997/2997/3253
f 2995/2995/3256 2999/2999/3242 2997/2997/3257
f 2997/2997/3257 2996/2996/3258 2995/2995/3256
f 3000/3000/3259 3001/3001/3232 3002/3002/3260
f 3002/3002/3260 3003/3003/3261 3000/3000/3259
f 3004/3004/3262 2984/2984/3240 3000/3000/3263
f 3000/3000/3263 3003/3003/3264 3004/3004/3262
f 3002/3002/3265 3005/3005/3241 3004/3004/3266
f 3004/3004/3266 3003/3003/3267 3002/3002/3265
f 3006/3006/3268 3007/3007/3269 3008/3008/3270
f 3008/3008/3270 3009/3009/3271 3006/3006/3268
f 3010/3010/3272 3011/3011/3243 3006/3006/3273
f 3006/3006/3273 3009/3009/3274 3010/3010/3272
f 3008/3008/3275 3012/3012/3246 3010/3010/3276
f 3010/3010/3276 3009/3009/3277 3008/3008/3275
f 3013/3013/3278 2981/2981/3237 3014/3014/3279
f 3014/3014/3279 3015/3015/3280 3013/3013/3278
f 3016/3016/3281 3017/3017/3245 3013/3013/3282
f 3013/3013/3282 3015/3015/3283 3016/3016/3281
f 3014/3014/3284 3018/3018/3244 3016/3016/3285
f 3016/3016/3285 3015/3015/3286 3014/3014/3284
f 3019/3019/3287 3020/3020/3288 3021/3021/3289
f 3021/3021/3289 3022/3022/3290 3019/3019/3287
f 3023/3023/3291 3024/3024/3235 3019/3019/3292
f 3019/3019/3292 3022/3022/3293 3023/3023/3291
f 3021/3021/3294 3025/3025/3230 3023/3023/3295
f 3023/3023/3295 3022/3022/3296 3021/3021/3294
f 3026/3026/3297 2983/2983/3239 3027/3027/3298
f 3027/3027/3298 3028/3028/3299 3026/3026/3297
f 3029/3029/3300 3030/3030/3229 3026/3026/3301
f 3026/3026/3301 3028/3028/3302 3029/3029/3300
f 3027/3027/3303 3031/3031/3236 3029/3029/3304
f 3029/3029/3304 3028/3028/3305 3027/3027/3303
f 3032/3032/3306 3033/3033/3307 3034/3034/3308
f 3034/3034/3308 3035/3035/3309 3032/3032/3306
f 3036/3036/3310 3037/3037/3247 3032/3032/3311
f 3032/3032/3311 3035/3035/3312 3036/3036/3310
f 3034/3034/3313 3038/3038/3234 3036/3036/3314
f 3036/3036/3314 3035/3035/3315 3034/3034/3313
f 3039/3039/3316 2982/2982/3238 3040/3040/3317
f 3040/3040/3317 3041/3041/3318 3039/3039/3316
f 3042/3042/3319 3043/3043/3233 3039/3039/3320
f 3039/3039/3320 3041/3041/3321 3042/3042/3319
f 3040/3040/3322 3044/3044/3248 3042/3042/3323
f 3042/3042/3323 3041/3041/3324 3040/3040/3322
f 2994/2994/3250 3007/3007/3269 3006/3006/3268
f 3006/3006/3268 2995/2995/3251 2994/2994/3250
f 2995/2995/3256 3006/3006/3273 3011/3011/3243
f 3011/3011/3243 2999/2999/3242 2995/2995/3256
f 2976/2976/3232 2975/2975/3231 3045/3045/3253
f 3045/3045/3253 3046/3046/3260 2976/2976/3232
f 3046/3046/3265 3045/3045/3257 2986/2986/3242
f 2986/2986/3242 2985/2985/3241 3046/3046/3265
f 2981/2981/3237 2984/2984/3240 3004/3004/3262
f 3004/3004/3262 3014/3014/3279 2981/2981/3237
f 3014/3014/3284 3004/3004/3266 3005/3005/3241
f 3005/3005/3241 3018/3018/3244 3014/3014/3284
f 2990/2990/3246 2989/2989/3245 3047/3047/3281
f 3047/3047/3281 3048/3048/3276 2990/2990/3246
f 3048/3048/3272 3047/3047/3285 2988/2988/3244
f 2988/2988/3244 2987/2987/3243 3048/3048/3272
f 3007/3007/3269 3033/3033/3307 3032/3032/3306
f 3032/3032/3306 3008/3008/3270 3007/3007/3269
f 3008/3008/3275 3032/3032/3311 3037/3037/3247
f 3037/3037/3247 3012/3012/3246 3008/3008/3275
f 2982/2982/3238 2981/2981/3237 3013/3013/3278
f 3013/3013/3278 3040/3040/3317 2982/2982/3238
f 3040/3040/3322 3013/3013/3282 3017/3017/3245
f 3017/3017/3245 3044/3044/3248 3040/3040/3322
f 2978/2978/3234 2977/2977/3233 3049/3049/3319
f 3049/3049/3319 3050/3050/3314 2978/2978/3234
f 3051/3051/3310 3052/3052/3323 2992/2992/3248
f 2992/2992/3248 2991/2991/3247 3051/3051/3310
f 3033/3033/3307 3020/3020/3288 3019/3019/3287
f 3019/3019/3287 3034/3034/3308 3033/3033/3307
f 3034/3034/3313 3019/3019/3292 3024/3024/3235
f 3024/3024/3235 3038/3038/3234 3034/3034/3313
f 2983/2983/3239 2982/2982/3238 3039/3039/3316
f 3039/3039/3316 3027/3027/3298 2983/2983/3239
f 3027/3027/3303 3039/3039/3320 3043/3043/3233
f 3043/3043/3233 3031/3031/3236 3027/3027/3303
f 2974/2974/3230 2973/2973/3229 3053/3053/3300
f 3053/3053/3300 3054/3054/3295 2974/2974/3230
f 3054/3054/3291 3053/3053/3304 2980/2980/3236
f 2980/2980/3236 2979/2979/3235 3054/3054/3291
f 3020/3020/3288 2994/2994/3250 2993/2993/3249
f 2993/2993/3249 3021/3021/3289 3020/3020/3288
f 3021/3021/3294 2993/2993/3254 2998/2998/3231
f 2998/2998/3231 3025/3025/3230 3021/3021/3294
f 2984/2984/3240 2983/2983/3239 3026/3026/3297
f 3026/3026/3297 3000/3000/3263 2984/2984/3240
f 3000/3000/3259 3026/3026/3301 3030/3030/3229
f 3030/3030/3229 3001/3001/3232 3000/3000/3259
f 3033/3033/3307 3007/3007/3269 2994/2994/3250
f 2994/2994/3250 3020/3020/3288 3033/3033/3307
f 3055/3055/3325 3056/3056/3326 3057/3057/3327
f 3057/3057/3327 3058/3058/3328 3055/3055/3325
f 3059/3059/3329 3060/3060/3330 3061/3061/3331
f 3061/3061/3331 3062/3062/3332 3059/3059/3329
f 3063/3063/3333 3064/3064/3334 3065/3065/3335
f 3065/3065/3335 3066/3066/3336 3063/3063/3333
f 3067/3067/3337 3068/3068/3338 3069/3069/3339
f 3069/3069/3339 3070/3070/3340 3067/3067/3337
f 3071/3071/3341 3072/3072/3342 3073/3073/3343
f 3073/3073/3343 3074/3074/3344 3071/3071/3341
f 3075/3075/3345 3076/3076/3346 3077/3077/3347
f 3077/3077/3347 3078/3078/3348 3075/3075/3345
f 3079/3079/3349 3080/3080/3327 3075/3075/3350
f 3075/3075/3350 3078/3078/3351 3079/3079/3349
f 3077/3077/3352 3081/3081/3338 3079/3079/3353
f 3079/3079/3353 3078/3078/3354 3077/3077/3352
f 3082/3082/3355 3083/3083/3328 3084/3084/3356
f 3084/3084/3356 3085/3085/3357 3082/3082/3355
f 3086/3086/3358 3066/3066/3336 3082/3082/3359
f 3082/3082/3359 3085/3085/3360 3086/3086/3358
f 3084/3084/3361 3087/3087/3337 3086/3086/3362
f 3086/3086/3362 3085/3085/3363 3084/3084/3361
f 3088/3088/3364 3089/3089/3365 3090/3090/3366
f 3090/3090/3366 3091/3091/3367 3088/3088/3364
f 3092/3092/3368 3093/3093/3339 3088/3088/3369
f 3088/3088/3369 3091/3091/3370 3092/3092/3368
f 3090/3090/3371 3094/3094/3342 3092/3092/3372
f 3092/3092/3372 3091/3091/3373 3090/3090/3371
f 3095/3095/3374 3063/3063/3333 3096/3096/3375
f 3096/3096/3375 3097/3097/3376 3095/3095/3374
f 3098/3098/3377 3099/3099/3341 3095/3095/3378
f 3095/3095/3378 3097/3097/3379 3098/3098/3377
f 3096/3096/3380 3100/3100/3340 3098/3098/3381
f 3098/3098/3381 3097/3097/3382 3096/3096/3380
f 3101/3101/3383 3102/3102/3384 3103/3103/3385
f 3103/3103/3385 3104/3104/3386 3101/3101/3383
f 3105/3105/3387 3106/3106/3331 3101/3101/3388
f 3101/3101/3388 3104/3104/3389 3105/3105/3387
f 3103/3103/3390 3107/3107/3326 3105/3105/3391
f 3105/3105/3391 3104/3104/3392 3103/3103/3390
f 3108/3108/3393 3065/3065/3335 3109/3109/3394
f 3109/3109/3394 3110/3110/3395 3108/3108/3393
f 3111/3111/3396 3112/3112/3325 3108/3108/3397
f 3108/3108/3397 3110/3110/3398 3111/3111/3396
f 3109/3109/3399 3113/3113/3332 3111/3111/3400
f 3111/3111/3400 3110/3110/3401 3109/3109/3399
f 3114/3114/3402 3115/3115/3403 3116/3116/3404
f 3116/3116/3404 3117/3117/3405 3114/3114/3402
f 3118/3118/3406 3119/3119/3343 3114/3114/3407
f 3114/3114/3407 3117/3117/3408 3118/3118/3406
f 3116/3116/3409 3120/3120/3330 3118/3118/3410
f 3118/3118/3410 3117/3117/3411 3116/3116/3409
f 3121/3121/3412 3064/3064/3334 3122/3122/3413
f 3122/3122/3413 3123/3123/3414 3121/3121/3412
f 3124/3124/3415 3125/3125/3329 3121/3121/3416
f 3121/3121/3416 3123/3123/3417 3124/3124/3415
f 3122/3122/3418 3126/3126/3344 3124/3124/3419
f 3124/3124/3419 3123/3123/3420 3122/3122/3418
f 3076/3076/3346 3089/3089/3365 3088/3088/3364
f 3088/3088/3364 3077/3077/3347 3076/3076/3346
f 3077/3077/3352 3088/3088/3369 3093/3093/3339
f 3093/3093/3339 3081/3081/3338 3077/3077/3352
f 3058/3058/3328 3057/3057/3327 3127/3127/3349
f 3127/3127/3349 3128/3128/3356 3058/3058/3328
f 3128/3128/3361 3127/3127/3353 3068/3068/3338
f 3068/3068/3338 3067/3067/3337 3128/3128/3361
f 3063/3063/3333 3066/3066/3336 3086/3086/3358
f 3086/3086/3358 3096/3096/3375 3063/3063/3333
f 3096/3096/3380 3086/3086/3362 3087/3087/3337
f 3087/3087/3337 3100/3100/3340 3096/3096/3380
f 3072/3072/3342 3071/3071/3341 3129/3129/3377
f 3129/3129/3377 3130/3130/3372 3072/3072/3342
f 3130/3130/3368 3129/3129/3381 3070/3070/3340
f 3070/3070/3340 3069/3069/3339 3130/3130/3368
f 3089/3089/3365 3115/3115/3403 3114/3114/3402
f 3114/3114/3402 3090/3090/3366 3089/3089/3365
f 3090/3090/3371 3114/3114/3407 3119/3119/3343
f 3119/3119/3343 3094/3094/3342 3090/3090/3371
f 3064/3064/3334 3063/3063/3333 3095/3095/3374
f 3095/3095/3374 3122/3122/3413 3064/3064/3334
f 3122/3122/3418 3095/3095/3378 3099/3099/3341
f 3099/3099/3341 3126/3126/3344 3122/3122/3418
f 3060/3060/3330 3059/3059/3329 3131/3131/3415
f 3131/3131/3415 3132/3132/3410 3060/3060/3330
f 3133/3133/3406 3134/3134/3419 3074/3074/3344
f 3074/3074/3344 3073/3073/3343 3133/3133/3406
f 3115/3115/3403 3102/3102/3384 3101/3101/3383
f 3101/3101/3383 3116/3116/3404 3115/3115/3403
f 3116/3116/3409 3101/3101/3388 3106/3106/3331
f 3106/3106/3331 3120/3120/3330 3116/3116/3409
f 3065/3065/3335 3064/3064/3334 3121/3121/3412
f 3121/3121/3412 3109/3109/3394 3065/3065/3335
f 3109/3109/3399 3121/3121/3416 3125/3125/3329
f 3125/3125/3329 3113/3113/3332 3109/3109/3399
f 3056/3056/3326 3055/3055/3325 3135/3135/3396
f 3135/3135/3396 3136/3136/3391 3056/3056/3326
f 3136/3136/3387 3135/3135/3400 3062/3062/3332
f 3062/3062/3332 3061/3061/3331 3136/3136/3387
f 3102/3102/3384 3076/3076/3346 3075/3075/3345
f 3075/3075/3345 3103/3103/3385 3102/3102/3384
f 3103/3103/3390 3075/3075/3350 3080/3080/3327
f 3080/3080/3327 3107/3107/3326 3103/3103/3390
f 3066/3066/3336 3065/3065/3335 3108/3108/3393
f 3108/3108/3393 3082/3082/3359 3066/3066/3336
f 3082/3082/3355 3108/3108/3397 3112/3112/3325
f 3112/3112/3325 3083/3083/3328 3082/3082/3355
f 3115/3115/3403 3089/3089/3365 3076/3076/3346
f 3076/3076/3346 3102/3102/3384 3115/3115/3403
f 3137/3137/3421 3138/3138/3422 3139/3139/3423
f 3139/3139/3423 3140/3140/3424 3137/3137/3421
f 3141/3141/3425 3142/3142/3426 3143/3143/3427
f 3143/3143/3427 3144/3144/3428 3141/3141/3425
f 3145/3145/3429 3146/3146/3430 3147/3147/3431
f 3147/3147/3431 3148/3148/3432 3145/3145/3429
f 3149/3149/3433 3150/3150/3434 3151/3151/3435
f 3151/3151/3435 3152/3152/3436 3149/3149/3433
f 3153/3153/3437 3154/3154/3438 3155/3155/3439
f 3155/3155/3439 3156/3156/3440 3153/3153/3437
f 3157/3157/3441 3158/3158/3442 3159/3159/3443
f 3159/3159/3443 3160/3160/3444 3157/3157/3441
f 3161/3161/3445 3162/3162/3423 3157/3157/3446
f 3157/3157/3446 3160/3160/3447 3161/3161/3445
f 3159/3159/3448 3163/3163/3434 3161/3161/3449
f 3161/3161/3449 3160/3160/3450 3159/3159/3448
f 3164/3164/3451 3165/3165/3424 3166/3166/3452
f 3166/3166/3452 3167/3167/3453 3164/3164/3451
f 3168/3168/3454 3148/3148/3432 3164/3164/3455
f 3164/3164/3455 3167/3167/3456 3168/3168/3454
f 3166/3166/3457 3169/3169/3433 3168/3168/3458
f 3168/3168/3458 3167/3167/3459 3166/3166/3457
f 3170/3170/3460 3171/3171/3461 3172/3172/3462
f 3172/3172/3462 3173/3173/3463 3170/3170/3460
f 3174/3174/3464 3175/3175/3435 3170/3170/3465
f 3170/3170/3465 3173/3173/3466 3174/3174/3464
f 3172/3172/3467 3176/3176/3438 3174/3174/3468
f 3174/3174/3468 3173/3173/3469 3172/3172/3467
f 3177/3177/3470 3145/3145/3429 3178/3178/3471
f 3178/3178/3471 3179/3179/3472 3177/3177/3470
f 3180/3180/3473 3181/3181/3437 3177/3177/3474
f 3177/3177/3474 3179/3179/3475 3180/3180/3473
f 3178/3178/3476 3182/3182/3436 3180/3180/3477
f 3180/3180/3477 3179/3179/3478 3178/3178/3476
f 3183/3183/3479 3184/3184/3480 3185/3185/3481
f 3185/3185/3481 3186/3186/3482 3183/3183/3479
f 3187/3187/3483 3188/3188/3427 3183/3183/3484
f 3183/3183/3484 3186/3186/3485 3187/3187/3483
f 3185/3185/3486 3189/3189/3422 3187/3187/3487
f 3187/3187/3487 3186/3186/3488 3185/3185/3486
f 3190/3190/3489 3147/3147/3431 3191/3191/3490
f 3191/3191/3490 3192/3192/3491 3190/3190/3489
f 3193/3193/3492 3194/3194/3421 3190/3190/3493
f 3190/3190/3493 3192/3192/3494 3193/3193/3492
f 3191/3191/3495 3195/3195/3428 3193/3193/3496
f 3193/3193/3496 3192/3192/3497 3191/3191/3495
f 3196/3196/3498 3197/3197/3499 3198/3198/3500
f 3198/3198/3500 3199/3199/3501 3196/3196/3498
f 3200/3200/3502 3201/3201/3439 3196/3196/3503
f 3196/3196/3503 3199/3199/3504 3200/3200/3502
f 3198/3198/3505 3202/3202/3426 3200/3200/3506
f 3200/3200/3506 3199/3199/3507 3198/3198/3505
f 3203/3203/3508 3146/3146/3430 3204/3204/3509
f 3204/3204/3509 3205/3205/3510 3203/3203/3508
f 3206/3206/3511 3207/3207/3425 3203/3203/3512
f 3203/3203/3512 3205/3205/3513 3206/3206/3511
f 3204/3204/3514 3208/3208/3440 3206/3206/3515
f 3206/3206/3515 3205/3205/3516 3204/3204/3514
f 3158/3158/3442 3171/3171/3461 3170/3170/3460
f 3170/3170/3460 3159/3159/3443 3158/3158/3442
f 3159/3159/3448 3170/3170/3465 3175/3175/3435
f 3175/3175/3435 3163/3163/3434 3159/3159/3448
f 3140/3140/3424 3139/3139/3423 3209/3209/3445
f 3209/3209/3445 3210/3210/3452 3140/3140/3424
f 3210/3210/3457 3209/3209/3449 3150/3150/3434
f 3150/3150/3434 3149/3149/3433 3210/3210/3457
f 3145/3145/3429 3148/3148/3432 3168/3168/3454
f 3168/3168/3454 3178/3178/3471 3145/3145/3429
f 3178/3178/3476 3168/3168/3458 3169/3169/3433
f 3169/3169/3433 3182/3182/3436 3178/3178/3476
f 3154/3154/3438 3153/3153/3437 3211/3211/3473
f 3211/3211/3473 3212/3212/3468 3154/3154/3438
f 3212/3212/3464 3211/3211/3477 3152/3152/3436
f 3152/3152/3436 3151/3151/3435 3212/3212/3464
f 3171/3171/3461 3197/3197/3499 3196/3196/3498
f 3196/3196/3498 3172/3172/3462 3171/3171/3461
f 3172/3172/3467 3196/3196/3503 3201/3201/3439
f 3201/3201/3439 3176/3176/3438 3172/3172/3467
f 3146/3146/3430 3145/3145/3429 3177/3177/3470
f 3177/3177/3470 3204/3204/3509 3146/3146/3430
f 3204/3204/3514 3177/3177/3474 3181/3181/3437
f 3181/3181/3437 3208/3208/3440 3204/3204/3514
f 3142/3142/3426 3141/3141/3425 3213/3213/3511
f 3213/3213/3511 3214/3214/3506 3142/3142/3426
f 3215/3215/3502 3216/3216/3515 3156/3156/3440
f 3156/3156/3440 3155/3155/3439 3215/3215/3502
f 3197/3197/3499 3184/3184/3480 3183/3183/3479
f 3183/3183/3479 3198/3198/3500 3197/3197/3499
f 3198/3198/3505 3183/3183/3484 3188/3188/3427
f 3188/3188/3427 3202/3202/3426 3198/3198/3505
f 3147/3147/3431 3146/3146/3430 3203/3203/3508
f 3203/3203/3508 3191/3191/3490 3147/3147/3431
f 3191/3191/3495 3203/3203/3512 3207/3207/3425
f 3207/3207/3425 3195/3195/3428 3191/3191/3495
f 3138/3138/3422 3137/3137/3421 3217/3217/3492
f 3217/3217/3492 3218/3218/3487 3138/3138/3422
f 3218/3218/3483 3217/3217/3496 3144/3144/3428
f 3144/3144/3428 3143/3143/3427 3218/3218/3483
f 3184/3184/3480 3158/3158/3442 3157/3157/3441
f 3157/3157/3441 3185/3185/3481 3184/3184/3480
f 3185/3185/3486 3157/3157/3446 3162/3162/3423
f 3162/3162/3423 3189/3189/3422 3185/3185/3486
f 3148/3148/3432 3147/3147/3431 3190/3190/3489
f 3190/3190/3489 3164/3164/3455 3148/3148/3432
f 3164/3164/3451 3190/3190/3493 3194/3194/3421
f 3194/3194/3421 3165/3165/3424 3164/3164/3451
f 3197/3197/3499 3171/3171/3461 3158/3158/3442
f 3158/3158/3442 3184/3184/3480 3197/3197/3499
f 3219/3219/3517 3220/3220/3518 3221/3221/3519
f 3221/3221/3519 3222/3222/3520 3219/3219/3517
f 3223/3223/3521 3224/3224/3522 3225/3225/3523
f 3225/3225/3523 3226/3226/3524 3223/3223/3521
f 3227/3227/3525 3228/3228/3526 3229/3229/3527
f 3229/3229/3527 3230/3230/3528 3227/3227/3525
f 3231/3231/3529 3232/3232/3530 3233/3233/3531
f 3233/3233/3531 3234/3234/3532 3231/3231/3529
f 3235/3235/3533 3236/3236/3534 3237/3237/3535
f 3237/3237/3535 3238/3238/3536 3235/3235/3533
f 3239/3239/3537 3240/3240/3538 3241/3241/3539
f 3241/3241/3539 3242/3242/3540 3239/3239/3537
f 3243/3243/3541 3244/3244/3519 3239/3239/3542
f 3239/3239/3542 3242/3242/3543 3243/3243/3541
f 3241/3241/3544 3245/3245/3530 3243/3243/3545
f 3243/3243/3545 3242/3242/3546 3241/3241/3544
f 3246/3246/3547 3247/3247/3520 3248/3248/3548
f 3248/3248/3548 3249/3249/3549 3246/3246/3547
f 3250/3250/3550 3230/3230/3528 3246/3246/3551
f 3246/3246/3551 3249/3249/3552 3250/3250/3550
f 3248/3248/3553 3251/3251/3529 3250/3250/3554
f 3250/3250/3554 3249/3249/3555 3248/3248/3553
f 3252/3252/3556 3253/3253/3557 3254/3254/3558
f 3254/3254/3558 3255/3255/3559 3252/3252/3556
f 3256/3256/3560 3257/3257/3531 3252/3252/3561
f 3252/3252/3561 3255/3255/3562 3256/3256/3560
f 3254/3254/3563 3258/3258/3534 3256/3256/3564
f 3256/3256/3564 3255/3255/3565 3254/3254/3563
f 3259/3259/3566 3227/3227/3525 3260/3260/3567
f 3260/3260/3567 3261/3261/3568 3259/3259/3566
f 3262/3262/3569 3263/3263/3533 3259/3259/3570
f 3259/3259/3570 3261/3261/3571 3262/3262/3569
f 3260/3260/3572 3264/3264/3532 3262/3262/3573
f 3262/3262/3573 3261/3261/3574 3260/3260/3572
f 3265/3265/3575 3266/3266/3576 3267/3267/3577
f 3267/3267/3577 3268/3268/3578 3265/3265/3575
f 3269/3269/3579 3270/3270/3523 3265/3265/3580
f 3265/3265/3580 3268/3268/3581 3269/3269/3579
f 3267/3267/3582 3271/3271/3518 3269/3269/3583
f 3269/3269/3583 3268/3268/3584 3267/3267/3582
f 3272/3272/3585 3229/3229/3527 3273/3273/3586
f 3273/3273/3586 3274/3274/3587 3272/3272/3585
f 3275/3275/3588 3276/3276/3517 3272/3272/3589
f 3272/3272/3589 3274/3274/3590 3275/3275/3588
f 3273/3273/3591 3277/3277/3524 3275/3275/3592
f 3275/3275/3592 3274/3274/3593 3273/3273/3591
f 3278/3278/3594 3279/3279/3595 3280/3280/3596
f 3280/3280/3596 3281/3281/3597 3278/3278/3594
f 3282/3282/3598 3283/3283/3535 3278/3278/3599
f 3278/3278/3599 3281/3281/3600 3282/3282/3598
f 3280/3280/3601 3284/3284/3522 3282/3282/3602
f 3282/3282/3602 3281/3281/3603 3280/3280/3601
f 3285/3285/3604 3228/3228/3526 3286/3286/3605
f 3286/3286/3605 3287/3287/3606 3285/3285/3604
f 3288/3288/3607 3289/3289/3521 3285/3285/3608
f 3285/3285/3608 3287/3287/3609 3288/3288/3607
f 3286/3286/3610 3290/3290/3536 3288/3288/3611
f 3288/3288/3611 3287/3287/3612 3286/3286/3610
f 3240/3240/3538 3253/3253/3557 3252/3252/3556
f 3252/3252/3556 3241/3241/3539 3240/3240/3538
f 3241/3241/3544 3252/3252/3561 3257/3257/3531
f 3257/3257/3531 3245/3245/3530 3241/3241/3544
f 3222/3222/3520 3221/3221/3519 3291/3291/3541
f 3291/3291/3541 3292/3292/3548 3222/3222/3520
f 3292/3292/3553 3291/3291/3545 3232/3232/3530
f 3232/3232/3530 3231/3231/3529 3292/3292/3553
f 3227/3227/3525 3230/3230/3528 3250/3250/3550
f 3250/3250/3550 3260/3260/3567 3227/3227/3525
f 3260/3260/3572 3250/3250/3554 3251/3251/3529
f 3251/3251/3529 3264/3264/3532 3260/3260/3572
f 3236/3236/3534 3235/3235/3533 3293/3293/3569
f 3293/3293/3569 3294/3294/3564 3236/3236/3534
f 3294/3294/3560 3293/3293/3573 3234/3234/3532
f 3234/3234/3532 3233/3233/3531 3294/3294/3560
f 3253/3253/3557 3279/3279/3595 3278/3278/3594
f 3278/3278/3594 3254/3254/3558 3253/3253/3557
f 3254/3254/3563 3278/3278/3599 3283/3283/3535
f 3283/3283/3535 3258/3258/3534 3254/3254/3563
f 3228/3228/3526 3227/3227/3525 3259/3259/3566
f 3259/3259/3566 3286/3286/3605 3228/3228/3526
f 3286/3286/3610 3259/3259/3570 3263/3263/3533
f 3263/3263/3533 3290/3290/3536 3286/3286/3610
f 3224/3224/3522 3223/3223/3521 3295/3295/3607
f 3295/3295/3607 3296/3296/3602 3224/3224/3522
f 3297/3297/3598 3298/3298/3611 3238/3238/3536
f 3238/3238/3536 3237/3237/3535 3297/3297/3598
f 3279/3279/3595 3266/3266/3576 3265/3265/3575
f 3265/3265/3575 3280/3280/3596 3279/3279/3595
f 3280/3280/3601 3265/3265/3580 3270/3270/3523
f 3270/3270/3523 3284/3284/3522 3280/3280/3601
f 3229/3229/3527 3228/3228/3526 3285/3285/3604
f 3285/3285/3604 3273/3273/3586 3229/3229/3527
f 3273/3273/3591 3285/3285/3608 3289/3289/3521
f 3289/3289/3521 3277/3277/3524 3273/3273/3591
f 3220/3220/3518 3219/3219/3517 3299/3299/3588
f 3299/3299/3588 3300/3300/3583 3220/3220/3518
f 3300/3300/3579 3299/3299/3592 3226/3226/3524
f 3226/3226/3524 3225/3225/3523 3300/3300/3579
f 3266/3266/3576 3240/3240/3538 3239/3239/3537
f 3239/3239/3537 3267/3267/3577 3266/3266/3576
f 3267/3267/3582 3239/3239/3542 3244/3244/3519
f 3244/3244/3519 3271/3271/3518 3267/3267/3582
f 3230/3230/3528 3229/3229/3527 3272/3272/3585
f 3272/3272/3585 3246/3246/3551 3230/3230/3528
f 3246/3246/3547 3272/3272/3589 3276/3276/3517
f 3276/3276/3517 3247/3247/3520 3246/3246/3547
f 3279/3279/3595 3253/3253/3557 3240/3240/3538
f 3240/3240/3538 3266/3266/3576 3279/3279/3595
f 3301/3301/3613 3302/3302/3614 3303/3303/3615
f 3303/3303/3615 3304/3304/3616 3301/3301/3613
f 3305/3305/3617 3306/3306/3618 3307/3307/3619
f 3307/3307/3619 3308/3308/3620 3305/3305/3617
f 3309/3309/3621 3310/3310/3622 3311/3311/3623
f 3311/3311/3623 3312/3312/3624 3309/3309/3621
f 3313/3313/3625 3314/3314/3626 3315/3315/3627
f 3315/3315/3627 3316/3316/3628 3313/3313/3625
f 3317/3317/3629 3318/3318/3630 3319/3319/3631
f 3319/3319/3631 3320/3320/3632 3317/3317/3629
f 3321/3321/3633 3322/3322/3634 3323/3323/3635
f 3323/3323/3635 3324/3324/3636 3321/3321/3633
f 3325/3325/3637 3326/3326/3615 3321/3321/3638
f 3321/3321/3638 3324/3324/3639 3325/3325/3637
f 3323/3323/3640 3327/3327/3626 3325/3325/3641
f 3325/3325/3641 3324/3324/3642 3323/3323/3640
f 3328/3328/3643 3329/3329/3616 3330/3330/3644
f 3330/3330/3644 3331/3331/3645 3328/3328/3643
f 3332/3332/3646 3312/3312/3624 3328/3328/3647
f 3328/3328/3647 3331/3331/3648 3332/3332/3646
f 3330/3330/3649 3333/3333/3625 3332/3332/3650
f 3332/3332/3650 3331/3331/3651 3330/3330/3649
f 3334/3334/3652 3335/3335/3653 3336/3336/3654
f 3336/3336/3654 3337/3337/3655 3334/3334/3652
f 3338/3338/3656 3339/3339/3627 3334/3334/3657
f 3334/3334/3657 3337/3337/3658 3338/3338/3656
f 3336/3336/3659 3340/3340/3630 3338/3338/3660
f 3338/3338/3660 3337/3337/3661 3336/3336/3659
f 3341/3341/3662 3309/3309/3621 3342/3342/3663
f 3342/3342/3663 3343/3343/3664 3341/3341/3662
f 3344/3344/3665 3345/3345/3629 3341/3341/3666
f 3341/3341/3666 3343/3343/3667 3344/3344/3665
f 3342/3342/3668 3346/3346/3628 3344/3344/3669
f 3344/3344/3669 3343/3343/3670 3342/3342/3668
f 3347/3347/3671 3348/3348/3672 3349/3349/3673
f 3349/3349/3673 3350/3350/3674 3347/3347/3671
f 3351/3351/3675 3352/3352/3619 3347/3347/3676
f 3347/3347/3676 3350/3350/3677 3351/3351/3675
f 3349/3349/3678 3353/3353/3614 3351/3351/3679
f 3351/3351/3679 3350/3350/3680 3349/3349/3678
f 3354/3354/3681 3311/3311/3623 3355/3355/3682
f 3355/3355/3682 3356/3356/3683 3354/3354/3681
f 3357/3357/3684 3358/3358/3613 3354/3354/3685
f 3354/3354/3685 3356/3356/3686 3357/3357/3684
f 3355/3355/3687 3359/3359/3620 3357/3357/3688
f 3357/3357/3688 3356/3356/3689 3355/3355/3687
f 3360/3360/3690 3361/3361/3691 3362/3362/3692
f 3362/3362/3692 3363/3363/3693 3360/3360/3690
f 3364/3364/3694 3365/3365/3631 3360/3360/3695
f 3360/3360/3695 3363/3363/3696 3364/3364/3694
f 3362/3362/3697 3366/3366/3618 3364/3364/3698
f 3364/3364/3698 3363/3363/3699 3362/3362/3697
f 3367/3367/3700 3310/3310/3622 3368/3368/3701
f 3368/3368/3701 3369/3369/3702 3367/3367/3700
f 3370/3370/3703 3371/3371/3617 3367/3367/3704
f 3367/3367/3704 3369/3369/3705 3370/3370/3703
f 3368/3368/3706 3372/3372/3632 3370/3370/3707
f 3370/3370/3707 3369/3369/3708 3368/3368/3706
f 3322/3322/3634 3335/3335/3653 3334/3334/3652
f 3334/3334/3652 3323/3323/3635 3322/3322/3634
f 3323/3323/3640 3334/3334/3657 3339/3339/3627
f 3339/3339/3627 3327/3327/3626 3323/3323/3640
f 3304/3304/3616 3303/3303/3615 3373/3373/3637
f 3373/3373/3637 3374/3374/3644 3304/3304/3616
f 3374/3374/3649 3373/3373/3641 3314/3314/3626
f 3314/3314/3626 3313/3313/3625 3374/3374/3649
f 3309/3309/3621 3312/3312/3624 3332/3332/3646
f 3332/3332/3646 3342/3342/3663 3309/3309/3621
f 3342/3342/3668 3332/3332/3650 3333/3333/3625
f 3333/3333/3625 3346/3346/3628 3342/3342/3668
f 3318/3318/3630 3317/3317/3629 3375/3375/3665
f 3375/3375/3665 3376/3376/3660 3318/3318/3630
f 3376/3376/3656 3375/3375/3669 3316/3316/3628
f 3316/3316/3628 3315/3315/3627 3376/3376/3656
f 3335/3335/3653 3361/3361/3691 3360/3360/3690
f 3360/3360/3690 3336/3336/3654 3335/3335/3653
f 3336/3336/3659 3360/3360/3695 3365/3365/3631
f 3365/3365/3631 3340/3340/3630 3336/3336/3659
f 3310/3310/3622 3309/3309/3621 3341/3341/3662
f 3341/3341/3662 3368/3368/3701 3310/3310/3622
f 3368/3368/3706 3341/3341/3666 3345/3345/3629
f 3345/3345/3629 3372/3372/3632 3368/3368/3706
f 3306/3306/3618 3305/3305/3617 3377/3377/3703
f 3377/3377/3703 3378/3378/3698 3306/3306/3618
f 3379/3379/3694 3380/3380/3707 3320/3320/3632
f 3320/3320/3632 3319/3319/3631 3379/3379/3694
f 3361/3361/3691 3348/3348/3672 3347/3347/3671
f 3347/3347/3671 3362/3362/3692 3361/3361/3691
f 3362/3362/3697 3347/3347/3676 3352/3352/3619
f 3352/3352/3619 3366/3366/3618 3362/3362/3697
f 3311/3311/3623 3310/3310/3622 3367/3367/3700
f 3367/3367/3700 3355/3355/3682 3311/3311/3623
f 3355/3355/3687 3367/3367/3704 3371/3371/3617
f 3371/3371/3617 3359/3359/3620 3355/3355/3687
f 3302/3302/3614 3301/3301/3613 3381/3381/3684
f 3381/3381/3684 3382/3382/3679 3302/3302/3614
f 3382/3382/3675 3381/3381/3688 3308/3308/3620
f 3308/3308/3620 3307/3307/3619 3382/3382/3675
f 3348/3348/3672 3322/3322/3634 3321/3321/3633
f 3321/3321/3633 3349/3349/3673 3348/3348/3672
f 3349/3349/3678 3321/3321/3638 3326/3326/3615
f 3326/3326/3615 3353/3353/3614 3349/3349/3678
f 3312/3312/3624 3311/3311/3623 3354/3354/3681
f 3354/3354/3681 3328/3328/3647 3312/3312/3624
f 3328/3328/3643 3354/3354/3685 3358/3358/3613
f 3358/3358/3613 3329/3329/3616 3328/3328/3643
f 3361/3361/3691 3335/3335/3653 3322/3322/3634
f 3322/3322/3634 3348/3348/3672 3361/3361/3691
# Vertices: 1968, normals: 2304, texture coordinates: 1968, faces: 2592

o obj17
v 162.47992635 91.7129003 2.81640482
v 162.47992635 91.71290219 19.07090438
v 202.95422196 91.71290219 19.07090438
v 210.76603055 91.71290129 11.29680467
v 210.76603055 91.7129003 2.81640482
v 175.028826 -115.21118582 136.88053404
v 194.62453246 -115.21119008 100.21963035
v 194.62453246 83.93882086 100.21960719
v 175.028826 83.93882512 136.88051088
v 148.65752578 -115.21118208 169.01412521
v 148.65752578 83.93882886 169.01410205
v 116.5239346 -115.21117902 195.38542543
v 116.5239346 83.93883193 195.38540227
v 79.86303091 -115.21117674 214.9811319
v 79.86303091 83.9388342 214.98110874
v 40.08352876 -115.21117534 227.04812799
v 40.08352876 83.93883561 227.04810483
v -1.285671 -115.21117486 231.12262998
v -1.285671 83.93883608 231.12260683
v -42.65487075 -115.21117534 227.04812799
v -42.65487075 83.93883561 227.04810483
v -82.4343729 -115.21117674 214.9811319
v -82.4343729 83.9388342 214.98110874
v -119.09527659 -115.21117902 195.38542543
v -119.09527659 83.93883193 195.38540227
v -151.22886777 -115.21118208 169.01412521
v -151.22886777 83.93882886 169.01410205
v -177.60016799 -115.21118582 136.88053404
v -177.60016799 83.93882512 136.88051088
v -197.19587445 -115.21119008 100.21963035
v -197.19587445 83.93882086 100.21960719
v -209.26287055 -115.21119471 60.44012819
v -209.26287055 83.93881623 60.44010503
v -213.33737254 -115.21119952 19.07092844
v -213.33737254 83.93881142 19.07090528
v -213.33737254 -115.21120141 2.81642888
v -213.33737254 91.71290129 11.29680467
v -213.33737254 91.7129003 2.81640482
v 339.46192384 -115.21118379 154.31793247
v 194.62453246 -115.21119008 100.21963035
v 175.028826 -115.21118582 136.88053404
v 305.42283177 -115.2111762 219.57651888
v -213.33737254 -115.21120214 -3.42367227
v -213.33737254 91.71289957 -3.42359501
v 206.69152856 -115.21119471 60.44012819
v 206.69152856 83.93881623 60.44010503
v -157.04417109 91.71289957 -3.42359501
v -157.04417109 -115.21120214 -3.42367227
v -213.33737254 -115.21120214 -3.42367227
v -213.33737254 91.71289957 -3.42359501
v 210.76603055 91.71289957 -3.42359501
v 210.76603055 91.7129003 2.81640482
v 210.76603055 -115.21120141 2.81642888
v 210.76603055 -115.21120214 -3.42367227
v -157.04417109 -115.21120214 -3.42367227
v -157.04417109 -115.21120141 2.81642888
v -213.33737254 -115.21120141 2.81642888
v -213.33737254 -115.21120214 -3.42367227
v 187.40742326 91.71291128 97.23020685
v 199.02982831 91.71290682 58.91610575
v -157.04417109 91.71290219 19.07090438
v -205.52556396 91.71290219 19.07090438
v -201.6011703 91.71290682 58.91610575
v -189.97876525 91.71291128 97.23020685
v -171.1049664 91.71291538 132.54050505
v -145.70506692 91.71291898 163.49040759
v -114.75527167 91.71292194 188.89019978
v -79.44497347 91.71292413 207.76399863
v -41.13087237 91.71292548 219.38640368
v -1.285671 91.71292594 223.31079734
v 38.55953038 91.71292548 219.38640368
v 76.87363148 91.71292413 207.76399863
v 112.18392968 91.71292194 188.89019978
v 143.13372493 91.71291898 163.49040759
v 168.53362441 91.71291538 132.54050505
v -157.04417109 -115.21119952 19.07092844
v -213.33737254 -115.21119952 19.07092844
v 210.76603055 -115.21119952 19.07092844
v 210.76603055 83.93881142 19.07090528
v -213.33737254 91.7129003 2.81640482
v -213.33737254 91.71290129 11.29680467
v -157.04417109 91.7129003 2.81640482
v -139.87947583 267.27249255 2.81638441
v -157.04417109 91.7129003 2.81640482
v 162.47992635 91.7129003 2.81640482
v 126.01943135 267.27249255 2.81638441
v -139.87947583 267.27249182 -3.42361542
v -139.87947583 267.27249255 2.81638441
v 126.01943135 267.27249255 2.81638441
v 126.01943135 267.27249182 -3.42361542
v 210.76603055 -115.21120141 2.81642888
v 210.76603055 -115.21119952 19.07092844
v 143.18412662 -115.21119952 19.07092844
v 143.18412662 -115.21120141 2.81642888
v 210.76603055 -115.21120214 -3.42367227
v 143.18412662 -115.21120214 -3.42367227
v 210.76603055 91.71289957 -3.42359501
v 210.76603055 -115.21120214 -3.42367227
v 143.18412662 -115.21120214 -3.42367227
v 162.47992635 91.71289957 -3.42359501
v 126.01943135 267.27249182 -3.42361542
v -139.87947583 267.27249182 -3.42361542
v 210.76603055 91.71289957 -3.42359501
v 162.47992635 91.71289957 -3.42359501
v 162.47992635 91.7129003 2.81640482
v 162.47992635 91.71289957 -3.42359501
v -157.04417109 91.71289957 -3.42359501
v -213.33737254 91.71289957 -3.42359501
v -157.04417109 91.7129003 2.81640482
v -157.04417109 91.71289957 -3.42359501
v 206.86013818 90.67139447 19.0709045
v 206.86013818 90.67139447 19.0709045
v 209.71942067 87.8257972 19.07090483
v 210.76603055 91.71290129 11.29680467
v -212.29076266 87.8257972 19.07090483
v -209.43148017 90.67139447 19.0709045
v -209.43148017 90.67139447 19.0709045
v 205.66501737 87.82580199 60.23600338
v 202.86061883 90.67139919 59.67810357
v 202.86061883 90.67139919 59.67810357
v 193.65762591 87.82580659 99.81910524
v 191.01592422 90.67140373 98.72490669
v 191.01592422 90.67140373 98.72490669
v 174.15872931 87.82581083 136.29910288
v 171.78123116 90.67140792 134.71050764
v 171.78123116 90.67140792 134.71050764
v 147.91753411 87.82581455 168.27410994
v 145.89562535 90.67141158 166.25220085
v 145.89562535 90.67141158 166.25220085
v 115.94252706 87.8258176 194.51530514
v 114.35393214 90.67141459 192.13780666
v 114.35393214 90.67141459 192.13780666
v 79.46252942 87.82581987 214.01420174
v 78.36833119 90.67141683 211.372607
v 78.36833119 90.67141683 211.372607
v 39.87942755 87.82582127 226.02159319
v 39.32152808 90.67141821 223.21719432
v 39.32152808 90.67141821 223.21719432
v -1.285671 87.82582174 230.0759965
v -1.285671 90.67141867 227.21671367
v -1.285671 90.67141867 227.21671367
v -42.45076954 87.82582127 226.02159319
v -41.89287007 90.67141821 223.21719432
v -41.89287007 90.67141821 223.21719432
v -82.03387141 87.82581987 214.01420174
v -80.93967319 90.67141683 211.372607
v -80.93967319 90.67141683 211.372607
v -118.51386905 87.8258176 194.51530514
v -116.92527413 90.67141459 192.13780666
v -116.92527413 90.67141459 192.13780666
v -150.4888761 87.82581455 168.27410994
v -148.46696734 90.67141158 166.25220085
v -148.46696734 90.67141158 166.25220085
v -176.72997594 87.82581083 136.29910288
v -174.35257316 90.67140792 134.71050764
v -174.35257316 90.67140792 134.71050764
v -196.22896791 87.82580659 99.81910524
v -193.58726621 90.67140373 98.72490669
v -193.58726621 90.67140373 98.72490669
v -208.23635936 87.82580199 60.23600338
v -205.43196082 90.67139919 59.67810357
v -205.43196082 90.67139919 59.67810357
v 360.42313695 -125.80679196 83.50822964
v 360.42313695 -115.21119203 83.50822841
v 339.46192384 -115.21118379 154.31793247
v 339.46192384 -125.80678373 154.3179337
v -141.80867553 -115.21116004 358.60003744
v -82.4343729 -115.21117674 214.9811319
v -119.09527659 -115.21117902 195.38542543
v -205.49127936 -115.21116409 323.71863638
v 148.65752578 -115.21118208 169.01412521
v 259.61403966 -115.21116955 276.77614008
v -151.22886777 -115.21118208 169.01412521
v -261.30947948 -115.21116955 276.77614008
v 116.5239346 -115.21117902 195.38542543
v 203.79572034 -115.21116409 323.71863638
v -177.60016799 -115.21118582 136.88053404
v -307.11827159 -115.2111762 219.57651888
v 79.86303091 -115.21117674 214.9811319
v 140.11312842 -115.21116004 358.60003744
v -197.19587445 -115.21119008 100.21963035
v -341.15736365 -115.21118379 154.31793247
v -271.41096473 -115.21120059 9.86862843
v 250.10624051 -115.21120059 9.86862843
v 40.08352876 -115.21117534 227.04812799
v 71.0135293 -115.21115754 380.07993017
v -209.26287055 -115.21119471 60.44012819
v -362.11857677 -115.21119203 83.50822841
v -1.285671 -115.21117486 231.12262998
v -0.84777099 -115.2111567 387.33283792
v 367.50083089 -115.21120059 9.86862843
v 206.69152856 -115.21119471 60.44012819
v 360.42313695 -115.21119203 83.50822841
v -369.1962707 -115.21120059 9.86862843
v -42.65487075 -115.21117534 227.04812799
v -72.70896912 -115.21115754 380.07993017
v -362.11857677 -125.80679196 83.50822964
v -369.1962707 -125.80680053 9.86862966
v -271.41096473 -125.80680053 9.86862966
v 250.10624051 -125.80680053 9.86862966
v 367.50083089 -125.80680053 9.86862966
v 360.42313695 -125.80679196 83.50822964
v 339.46192384 -125.80678373 154.3179337
v 305.42283177 -125.80677614 219.57652011
v 259.61403966 -125.80676949 276.77614131
v 203.79572034 -125.80676403 323.71863761
v 140.11312842 -125.80675997 358.60003867
v 71.0135293 -125.80675747 380.0799314
v -0.84777099 -125.80675663 387.33283916
v -72.70896912 -125.80675747 380.0799314
v -141.80867553 -125.80675997 358.60003867
v -205.49127936 -125.80676403 323.71863761
v -261.30947948 -125.80676949 276.77614131
v -307.11827159 -125.80677614 219.57652011
v -341.15736365 -125.80678373 154.3179337
v -369.1962707 -125.80680053 9.86862966
v -369.1962707 -115.21120059 9.86862843
v -271.41096473 -115.21120059 9.86862843
v -271.41096473 -125.80680053 9.86862966
v -72.70896912 -125.80675747 380.0799314
v -72.70896912 -115.21115754 380.07993017
v -141.80867553 -115.21116004 358.60003744
v -141.80867553 -125.80675997 358.60003867
v 305.42283177 -115.2111762 219.57651888
v 305.42283177 -125.80677614 219.57652011
v 250.10624051 -125.80680053 9.86862966
v 250.10624051 -115.21120059 9.86862843
v 367.50083089 -115.21120059 9.86862843
v 367.50083089 -125.80680053 9.86862966
v -205.49127936 -115.21116409 323.71863638
v -205.49127936 -125.80676403 323.71863761
v 259.61403966 -115.21116955 276.77614008
v 259.61403966 -125.80676949 276.77614131
v -261.30947948 -115.21116955 276.77614008
v -261.30947948 -125.80676949 276.77614131
v 203.79572034 -115.21116409 323.71863638
v 203.79572034 -125.80676403 323.71863761
v -307.11827159 -115.2111762 219.57651888
v -307.11827159 -125.80677614 219.57652011
v 140.11312842 -115.21116004 358.60003744
v 140.11312842 -125.80675997 358.60003867
v -341.15736365 -115.21118379 154.31793247
v -341.15736365 -125.80678373 154.3179337
v 71.0135293 -115.21115754 380.07993017
v 71.0135293 -125.80675747 380.0799314
v -362.11857677 -115.21119203 83.50822841
v -362.11857677 -125.80679196 83.50822964
v -0.84777099 -115.2111567 387.33283792
v -0.84777099 -125.80675663 387.33283916
v 367.50083089 -125.80680053 9.86862966
v 367.50083089 -115.21120059 9.86862843
v -369.1962707 -115.21120059 9.86862843
v -369.1962707 -125.80680053 9.86862966
vn 0 0 1
vn 0.10138 -0.03956 0.99406
vn 0.70461 -0.08348 0.70466
vn 0.83147 -0.55557 0
vn 0.92388 -0.38268 0
vn 0.91603 -0.37943 0.13007
vn 0.82441 -0.55085 0.13007
vn 0.70711 -0.70711 0
vn 0.7011 -0.7011 0.13007
vn 0.55557 -0.83147 0
vn 0.55085 -0.82441 0.13007
vn 0.38268 -0.92388 0
vn 0.37943 -0.91603 0.13007
vn 0.19509 -0.98079 -0
vn 0.19343 -0.97245 0.13008
vn 0 -1 0
vn -0 -0.9915 0.13008
vn -0.19509 -0.98079 -0
vn -0.19343 -0.97245 0.13008
vn -0.38268 -0.92388 0
vn -0.37943 -0.91603 0.13007
vn -0.55557 -0.83147 0
vn -0.55085 -0.82441 0.13007
vn -0.70711 -0.70711 0
vn -0.7011 -0.7011 0.13007
vn -0.83147 -0.55557 0
vn -0.82441 -0.55085 0.13007
vn -0.92388 -0.38268 0
vn -0.91603 -0.37943 0.13007
vn -0.98079 -0.19509 0
vn -0.97245 -0.19343 0.13008
vn -0.9988 -0.04907 0
vn -0.99191 -0.08141 0.09743
vn -1 0 -0
vn -0.70461 -0.08348 0.70466
vn -1 0 0
vn 0.98079 -0.19509 0
vn 0.97245 -0.19343 0.13008
vn 0 1 -0
vn 1 0 0
vn 1 0 -0
vn 0 -0 -1
vn 0.1274 -0.05277 0.99045
vn 0.13525 -0.0269 0.99045
vn -0.10138 -0.03956 0.99406
vn -0.13525 -0.0269 0.99045
vn -0.1274 -0.05277 0.99045
vn -0.11466 -0.07661 0.99045
vn -0.09751 -0.09751 0.99045
vn -0.07661 -0.11466 0.99045
vn -0.05277 -0.1274 0.99045
vn -0.0269 -0.13525 0.99045
vn 0 -0.1379 0.99045
vn 0.0269 -0.13525 0.99045
vn 0.05277 -0.1274 0.99045
vn 0.07661 -0.11466 0.99045
vn 0.09751 -0.09751 0.99045
vn 0.11466 -0.07661 0.99045
vn 0.9988 -0.04907 0
vn 0.99191 -0.08141 0.09743
vn 0.97911 0 0.20334
vn -0.99525 0 0.09731
vn 0.46921 -0.19422 0.86146
vn 0.86163 -0.21165 0.46131
vn -0.86163 -0.21165 0.46131
vn -0.46921 -0.19423 0.86146
vn 0.85238 -0.16955 0.49467
vn 0.50056 -0.09957 0.85996
vn 0.89211 -0.36952 0.25999
vn 0.47152 -0.19531 0.85996
vn 0.6517 -0.26994 0.70881
vn 0.80288 -0.53646 0.25998
vn 0.42435 -0.28354 0.85996
vn 0.58651 -0.3919 0.70881
vn 0.68279 -0.68279 0.25998
vn 0.36088 -0.36088 0.85996
vn 0.49879 -0.49879 0.70881
vn 0.53646 -0.80288 0.25998
vn 0.28354 -0.42435 0.85996
vn 0.3919 -0.58652 0.70881
vn 0.36952 -0.89211 0.25999
vn 0.19531 -0.47152 0.85996
vn 0.26994 -0.6517 0.70881
vn 0.16955 -0.85238 0.49467
vn 0.09957 -0.50056 0.85996
vn 0 -0.86908 0.49467
vn 0 -0.51037 0.85996
vn -0.16955 -0.85238 0.49467
vn -0.09957 -0.50056 0.85996
vn -0.36952 -0.89211 0.25999
vn -0.19531 -0.47152 0.85996
vn -0.26994 -0.6517 0.70881
vn -0.53647 -0.80288 0.25998
vn -0.28355 -0.42436 0.85996
vn -0.3919 -0.58652 0.70881
vn -0.68279 -0.68279 0.25998
vn -0.36088 -0.36088 0.85996
vn -0.49879 -0.49879 0.70881
vn -0.80288 -0.53646 0.25998
vn -0.42435 -0.28354 0.85996
vn -0.58651 -0.3919 0.70881
vn -0.89211 -0.36952 0.25999
vn -0.47152 -0.19531 0.85996
vn -0.6517 -0.26994 0.70881
vn -0.85238 -0.16955 0.49467
vn -0.50056 -0.09957 0.85996
vn 0.98166 -0.19064 0
vn 0.92706 -0.3749 0
vn 0 0 1
vn -0.19964 -0.97987 0
vn -0.39056 -0.92058 0
vn 0.83754 -0.54637 0
vn -0.56479 -0.82524 0
vn 0.71553 -0.69858 0
vn -0.71553 -0.69858 0
vn 0.56479 -0.82524 0
vn -0.83754 -0.54637 0
vn 0.39057 -0.92058 0
vn -0.92706 -0.3749 0
vn 0.19964 -0.97987 0
vn -0.98166 -0.19064 0
vn 0.99541 -0.09567 0
vn -0.99541 -0.09567 0
vt 0.52854 0.32835
vt 0.51465 0.32836
vt 0.51467 0.36315
vt 0.52142 0.36977
vt 0.52866 0.36971
vt 0.66437 0.51016
vt 0.66606 0.54608
vt 0.83469 0.53774
vt 0.83294 0.50297
vt 0.66293 0.47421
vt 0.83156 0.46822
vt 0.66177 0.43823
vt 0.8305 0.43343
vt 0.66088 0.40224
vt 0.82974 0.39882
vt 0.66027 0.36621
vt 0.82926 0.36416
vt 0.65993 0.33015
vt 0.82911 0.32946
vt 0.65987 0.29405
vt 0.82923 0.2948
vt 0.66008 0.2579
vt 0.82966 0.26002
vt 0.66058 0.2217
vt 0.83039 0.22517
vt 0.66135 0.18545
vt 0.83143 0.19024
vt 0.66241 0.14914
vt 0.83279 0.15523
vt 0.66374 0.11279
vt 0.83457 0.12017
vt 0.66534 0.07639
vt 0.83707 0.08505
vt 0.66716 0.03993
vt 0.84096 0.04914
vt 0.66791 0.02576
vt 0.84811 0.04266
vt 0.84848 0.03527
vt 0.20222 0.97292
vt 0.24915 0.84096
vt 0.21672 0.82526
vt 0.14396 0.94192
vt 0.66819 0.02032
vt 0.84877 0.02982
vt 0.66798 0.58197
vt 0.83713 0.57258
vt 0.80989 0.68546
vt 0.98672 0.68546
vt 0.98672 0.63736
vt 0.80989 0.63736
vt 0.84877 0.62692
vt 0.84847 0.62156
vt 0.67076 0.63154
vt 0.67106 0.6369
vt 0.31701 0.54625
vt 0.32 0.54562
vt 0.32276 0.50197
vt 0.32075 0.50133
vt 0.44776 0.34957
vt 0.48048 0.35958
vt 0.51465 0.05514
vt 0.51468 0.01348
vt 0.4805 0.01705
vt 0.44777 0.02706
vt 0.41763 0.04322
vt 0.39121 0.06496
vt 0.36956 0.09142
vt 0.35349 0.12157
vt 0.34362 0.15427
vt 0.34031 0.1883
vt 0.34368 0.22232
vt 0.35355 0.25503
vt 0.3696 0.28518
vt 0.39124 0.31165
vt 0.41763 0.33339
vt 0.33083 0.54541
vt 0.32514 0.50105
vt 0.66998 0.6176
vt 0.84102 0.60793
vt 0.52866 0.00692
vt 0.52142 0.00686
vt 0.52854 0.05515
vt 0.00023 0.34205
vt 0.15025 0.35672
vt 0.15025 0.08367
vt 0.00023 0.11483
vt 0.85874 0.48616
vt 0.86407 0.48616
vt 0.86407 0.25894
vt 0.85874 0.25894
vt 0.32539 0.85096
vt 0.32649 0.85163
vt 0.33246 0.79785
vt 0.32163 0.79778
vt 0.32336 0.85157
vt 0.31874 0.7972
vt 0.80989 0.99977
vt 0.98672 0.99977
vt 0.98672 0.94202
vt 0.80989 0.95851
vt 0.65987 0.92735
vt 0.65987 0.70013
vt 0.534 0.36969
vt 0.53388 0.32833
vt 0.86407 0.10571
vt 0.85874 0.10571
vt 0.53389 0.05517
vt 0.534 0.00693
vt 0.86407 0.6369
vt 0.85874 0.6369
vt 0.51461 0.36662
vt 0.84791 0.6068
vt 0.8445 0.60758
vt 0.84808 0.61428
vt 0.84449 0.04948
vt 0.84796 0.05027
vt 0.51462 0.01001
vt 0.84054 0.57228
vt 0.84392 0.57197
vt 0.47979 0.36297
vt 0.83811 0.53754
vt 0.84156 0.53733
vt 0.44642 0.35276
vt 0.83635 0.50282
vt 0.83974 0.50266
vt 0.41571 0.33626
vt 0.83497 0.4681
vt 0.83842 0.46798
vt 0.38879 0.31409
vt 0.8339 0.43334
vt 0.83732 0.43325
vt 0.36672 0.2871
vt 0.83314 0.39877
vt 0.83652 0.39871
vt 0.35036 0.25634
vt 0.83265 0.36413
vt 0.8361 0.3641
vt 0.34029 0.22299
vt 0.83252 0.32946
vt 0.8359 0.32946
vt 0.33685 0.1883
vt 0.83263 0.29483
vt 0.83605 0.29486
vt 0.34023 0.1536
vt 0.83307 0.26008
vt 0.8365 0.26013
vt 0.3503 0.12026
vt 0.8338 0.22526
vt 0.83724 0.22534
vt 0.36668 0.0895
vt 0.83486 0.19036
vt 0.8383 0.19048
vt 0.38876 0.06252
vt 0.83622 0.15539
vt 0.83967 0.15555
vt 0.4157 0.04035
vt 0.83801 0.12038
vt 0.84145 0.12059
vt 0.44644 0.02386
vt 0.84048 0.08536
vt 0.84393 0.08568
vt 0.47981 0.01366
vt 0.99623 0.06345
vt 0.98718 0.06345
vt 0.98718 0.12655
vt 0.99623 0.12655
vt 0.02517 0.55526
vt 0.14867 0.60732
vt 0.16586 0.57638
vt 0.05522 0.50047
vt 0.18843 0.80332
vt 0.09396 0.90101
vt 0.18902 0.5494
vt 0.09603 0.45209
vt 0.16534 0.77619
vt 0.05361 0.85199
vt 0.21736 0.52759
vt 0.14626 0.41204
vt 0.14828 0.74508
vt 0.02404 0.79676
vt 0.24987 0.5119
vt 0.20436 0.38201
vt 0.3351 0.44904
vt 0.33628 0.88744
vt 0.13786 0.71127
vt 0.00608 0.73734
vt 0.28558 0.50308
vt 0.26849 0.36347
vt 0.13441 0.67612
vt 0.00023 0.67584
vt 0.33639 0.99977
vt 0.2844 0.84954
vt 0.26706 0.99234
vt 0.33639 0.35717
vt 0.13807 0.64101
vt 0.00666 0.61443
vt 0.59648 0.99372
vt 0.65941 0.99977
vt 0.65941 0.91621
vt 0.65941 0.47055
vt 0.65941 0.37023
vt 0.59648 0.37628
vt 0.53597 0.39419
vt 0.48021 0.42328
vt 0.43133 0.46243
vt 0.39121 0.51013
vt 0.3614 0.56455
vt 0.34305 0.62359
vt 0.33685 0.685
vt 0.34305 0.74641
vt 0.3614 0.80546
vt 0.39121 0.85988
vt 0.43133 0.90758
vt 0.48021 0.94672
vt 0.53597 0.97581
vt 0.84923 0.6369
vt 0.85828 0.6369
vt 0.85828 0.55334
vt 0.84923 0.55334
vt 0.99623 0.56172
vt 0.98718 0.56172
vt 0.98718 0.62356
vt 0.99623 0.62356
vt 0.98718 0.18945
vt 0.99623 0.18945
vt 0.84923 0.10768
vt 0.85828 0.10768
vt 0.85828 0.00736
vt 0.84923 0.00736
vt 0.98718 0.6856
vt 0.99623 0.6856
vt 0.98718 0.25207
vt 0.99623 0.25207
vt 0.98718 0.74793
vt 0.99623 0.74793
vt 0.98718 0.3144
vt 0.99623 0.3144
vt 0.98718 0.81055
vt 0.99623 0.81055
vt 0.98718 0.37644
vt 0.99623 0.37644
vt 0.98718 0.87345
vt 0.99623 0.87345
vt 0.98718 0.43828
vt 0.99623 0.43828
vt 0.98718 0.93655
vt 0.99623 0.93655
vt 0.98718 0.5
vt 0.99623 0.5
vt 0.99623 0.00023
vt 0.98718 0.00023
vt 0.98718 0.99977
vt 0.99623 0.99977
usemtl mat1
f 3383/3383/3709 3384/3384/3709 3385/3385/3710
f 3383/3383/3709 3385/3385/3710 3386/3386/3711
f 3386/3386/3711 3387/3387/3709 3383/3383/3709
f 3388/3388/3712 3389/3389/3713 3390/3390/3714
f 3390/3390/3714 3391/3391/3715 3388/3388/3712
f 3392/3392/3716 3388/3388/3712 3391/3391/3715
f 3391/3391/3715 3393/3393/3717 3392/3392/3716
f 3394/3394/3718 3392/3392/3716 3393/3393/3717
f 3393/3393/3717 3395/3395/3719 3394/3394/3718
f 3396/3396/3720 3394/3394/3718 3395/3395/3719
f 3395/3395/3719 3397/3397/3721 3396/3396/3720
f 3398/3398/3722 3396/3396/3720 3397/3397/3721
f 3397/3397/3721 3399/3399/3723 3398/3398/3722
f 3400/3400/3724 3398/3398/3722 3399/3399/3723
f 3399/3399/3723 3401/3401/3725 3400/3400/3724
f 3402/3402/3726 3400/3400/3724 3401/3401/3725
f 3401/3401/3725 3403/3403/3727 3402/3402/3726
f 3404/3404/3728 3402/3402/3726 3403/3403/3727
f 3403/3403/3727 3405/3405/3729 3404/3404/3728
f 3406/3406/3730 3404/3404/3728 3405/3405/3729
f 3405/3405/3729 3407/3407/3731 3406/3406/3730
f 3408/3408/3732 3406/3406/3730 3407/3407/3731
f 3407/3407/3731 3409/3409/3733 3408/3408/3732
f 3410/3410/3734 3408/3408/3732 3409/3409/3733
f 3409/3409/3733 3411/3411/3735 3410/3410/3734
f 3412/3412/3736 3410/3410/3734 3411/3411/3735
f 3411/3411/3735 3413/3413/3737 3412/3412/3736
f 3414/3414/3738 3412/3412/3736 3413/3413/3737
f 3413/3413/3737 3415/3415/3739 3414/3414/3738
f 3416/3416/3740 3414/3414/3738 3415/3415/3739
f 3415/3415/3739 3417/3417/3741 3416/3416/3740
f 3418/3418/3742 3416/3416/3740 3417/3417/3741
f 3418/3418/3742 3417/3417/3741 3419/3419/3743
f 3419/3419/3743 3420/3420/3742 3418/3418/3742
f 3421/3421/3709 3422/3422/3709 3423/3423/3709
f 3423/3423/3709 3424/3424/3709 3421/3421/3709
f 3425/3425/3744 3418/3418/3742 3420/3420/3742
f 3420/3420/3742 3426/3426/3744 3425/3425/3744
f 3389/3389/3713 3427/3427/3745 3428/3428/3746
f 3428/3428/3746 3390/3390/3714 3389/3389/3713
f 3429/3429/3747 3430/3430/3747 3431/3431/3747
f 3431/3431/3747 3432/3432/3747 3429/3429/3747
f 3433/3433/3748 3434/3434/3749 3435/3435/3749
f 3435/3435/3749 3436/3436/3748 3433/3433/3748
f 3437/3437/3750 3438/3438/3750 3439/3439/3750
f 3439/3439/3750 3440/3440/3750 3437/3437/3750
f 3441/3441/3751 3442/3442/3752 3385/3385/3710
f 3441/3441/3751 3385/3385/3710 3384/3384/3709
f 3441/3441/3751 3384/3384/3709 3443/3443/3709
f 3441/3441/3751 3443/3443/3709 3444/3444/3753
f 3441/3441/3751 3444/3444/3753 3445/3445/3754
f 3441/3441/3751 3445/3445/3754 3446/3446/3755
f 3441/3441/3751 3446/3446/3755 3447/3447/3756
f 3441/3441/3751 3447/3447/3756 3448/3448/3757
f 3441/3441/3751 3448/3448/3757 3449/3449/3758
f 3441/3441/3751 3449/3449/3758 3450/3450/3759
f 3441/3441/3751 3450/3450/3759 3451/3451/3760
f 3441/3441/3751 3451/3451/3760 3452/3452/3761
f 3441/3441/3751 3452/3452/3761 3453/3453/3762
f 3441/3441/3751 3453/3453/3762 3454/3454/3763
f 3441/3441/3751 3454/3454/3763 3455/3455/3764
f 3441/3441/3751 3455/3455/3764 3456/3456/3765
f 3456/3456/3765 3457/3457/3766 3441/3441/3751
f 3438/3438/3750 3458/3458/3750 3459/3459/3750
f 3459/3459/3750 3439/3439/3750 3438/3438/3750
f 3427/3427/3745 3460/3460/3767 3461/3461/3768
f 3461/3461/3768 3428/3428/3746 3427/3427/3745
f 3462/3462/3709 3463/3463/3743 3444/3444/3753
f 3462/3462/3709 3444/3444/3753 3443/3443/3709
f 3443/3443/3709 3464/3464/3709 3462/3462/3709
f 3465/3465/3724 3466/3466/3724 3467/3467/3724
f 3467/3467/3724 3468/3468/3724 3465/3465/3724
f 3469/3469/3709 3470/3470/3709 3471/3471/3709
f 3471/3471/3709 3472/3472/3709 3469/3469/3709
f 3473/3473/3750 3474/3474/3750 3475/3475/3750
f 3475/3475/3750 3476/3476/3750 3473/3473/3750
f 3464/3464/3709 3443/3443/3709 3384/3384/3709
f 3384/3384/3709 3383/3383/3709 3464/3464/3709
f 3477/3477/3750 3473/3473/3750 3476/3476/3750
f 3476/3476/3750 3478/3478/3750 3477/3477/3750
f 3479/3479/3747 3480/3480/3747 3481/3481/3747
f 3481/3481/3747 3482/3482/3747 3479/3479/3747
f 3483/3483/3747 3482/3482/3747 3429/3429/3747
f 3429/3429/3747 3484/3484/3747 3483/3483/3747
f 3476/3476/3750 3475/3475/3750 3458/3458/3750
f 3458/3458/3750 3438/3438/3750 3476/3476/3750
f 3478/3478/3750 3476/3476/3750 3438/3438/3750
f 3438/3438/3750 3437/3437/3750 3478/3478/3750
f 3482/3482/3747 3481/3481/3747 3430/3430/3747
f 3430/3430/3747 3429/3429/3747 3482/3482/3747
f 3383/3383/3709 3387/3387/3709 3485/3485/3709
f 3485/3485/3709 3486/3486/3709 3383/3383/3709
f 3472/3472/3769 3471/3471/3769 3487/3487/3769
f 3487/3487/3769 3488/3488/3769 3472/3472/3769
f 3489/3489/3709 3490/3490/3709 3462/3462/3709
f 3462/3462/3709 3464/3464/3709 3489/3489/3709
f 3491/3491/3770 3470/3470/3770 3469/3469/3770
f 3469/3469/3770 3492/3492/3770 3491/3491/3770
f 3385/3385/3710 3493/3493/3771 3386/3386/3711
f 3494/3494/3771 3495/3495/3772 3496/3496/3711
f 3495/3495/3772 3461/3461/3768 3496/3496/3711
f 3417/3417/3741 3497/3497/3773 3419/3419/3743
f 3497/3497/3773 3498/3498/3774 3419/3419/3743
f 3499/3499/3774 3444/3444/3753 3463/3463/3743
f 3500/3500/3775 3428/3428/3746 3461/3461/3768
f 3461/3461/3768 3495/3495/3772 3500/3500/3775
f 3501/3501/3776 3500/3500/3775 3495/3495/3772
f 3495/3495/3772 3494/3494/3771 3501/3501/3776
f 3442/3442/3752 3502/3502/3776 3493/3493/3771
f 3493/3493/3771 3385/3385/3710 3442/3442/3752
f 3503/3503/3777 3390/3390/3714 3428/3428/3746
f 3428/3428/3746 3500/3500/3775 3503/3503/3777
f 3504/3504/3778 3503/3503/3779 3500/3500/3775
f 3500/3500/3775 3501/3501/3776 3504/3504/3778
f 3441/3441/3751 3505/3505/3778 3502/3502/3776
f 3502/3502/3776 3442/3442/3752 3441/3441/3751
f 3506/3506/3780 3391/3391/3715 3390/3390/3714
f 3390/3390/3714 3503/3503/3777 3506/3506/3780
f 3507/3507/3781 3506/3506/3782 3503/3503/3779
f 3503/3503/3779 3504/3504/3778 3507/3507/3781
f 3457/3457/3766 3508/3508/3781 3505/3505/3778
f 3505/3505/3778 3441/3441/3751 3457/3457/3766
f 3509/3509/3783 3393/3393/3717 3391/3391/3715
f 3391/3391/3715 3506/3506/3780 3509/3509/3783
f 3510/3510/3784 3509/3509/3785 3506/3506/3782
f 3506/3506/3782 3507/3507/3781 3510/3510/3784
f 3456/3456/3765 3511/3511/3784 3508/3508/3781
f 3508/3508/3781 3457/3457/3766 3456/3456/3765
f 3512/3512/3786 3395/3395/3719 3393/3393/3717
f 3393/3393/3717 3509/3509/3783 3512/3512/3786
f 3513/3513/3787 3512/3512/3788 3509/3509/3785
f 3509/3509/3785 3510/3510/3784 3513/3513/3787
f 3455/3455/3764 3514/3514/3787 3511/3511/3784
f 3511/3511/3784 3456/3456/3765 3455/3455/3764
f 3515/3515/3789 3397/3397/3721 3395/3395/3719
f 3395/3395/3719 3512/3512/3786 3515/3515/3789
f 3516/3516/3790 3515/3515/3791 3512/3512/3788
f 3512/3512/3788 3513/3513/3787 3516/3516/3790
f 3454/3454/3763 3517/3517/3790 3514/3514/3787
f 3514/3514/3787 3455/3455/3764 3454/3454/3763
f 3518/3518/3792 3399/3399/3723 3397/3397/3721
f 3397/3397/3721 3515/3515/3789 3518/3518/3792
f 3519/3519/3793 3518/3518/3792 3515/3515/3791
f 3515/3515/3791 3516/3516/3790 3519/3519/3793
f 3453/3453/3762 3520/3520/3793 3517/3517/3790
f 3517/3517/3790 3454/3454/3763 3453/3453/3762
f 3521/3521/3794 3401/3401/3725 3399/3399/3723
f 3399/3399/3723 3518/3518/3792 3521/3521/3794
f 3522/3522/3795 3521/3521/3794 3518/3518/3792
f 3518/3518/3792 3519/3519/3793 3522/3522/3795
f 3452/3452/3761 3523/3523/3795 3520/3520/3793
f 3520/3520/3793 3453/3453/3762 3452/3452/3761
f 3524/3524/3796 3403/3403/3727 3401/3401/3725
f 3401/3401/3725 3521/3521/3794 3524/3524/3796
f 3525/3525/3797 3524/3524/3796 3521/3521/3794
f 3521/3521/3794 3522/3522/3795 3525/3525/3797
f 3451/3451/3760 3526/3526/3797 3523/3523/3795
f 3523/3523/3795 3452/3452/3761 3451/3451/3760
f 3527/3527/3798 3405/3405/3729 3403/3403/3727
f 3403/3403/3727 3524/3524/3796 3527/3527/3798
f 3528/3528/3799 3527/3527/3800 3524/3524/3796
f 3524/3524/3796 3525/3525/3797 3528/3528/3799
f 3450/3450/3759 3529/3529/3799 3526/3526/3797
f 3526/3526/3797 3451/3451/3760 3450/3450/3759
f 3530/3530/3801 3407/3407/3731 3405/3405/3729
f 3405/3405/3729 3527/3527/3798 3530/3530/3801
f 3531/3531/3802 3530/3530/3803 3527/3527/3800
f 3527/3527/3800 3528/3528/3799 3531/3531/3802
f 3449/3449/3758 3532/3532/3802 3529/3529/3799
f 3529/3529/3799 3450/3450/3759 3449/3449/3758
f 3533/3533/3804 3409/3409/3733 3407/3407/3731
f 3407/3407/3731 3530/3530/3801 3533/3533/3804
f 3534/3534/3805 3533/3533/3806 3530/3530/3803
f 3530/3530/3803 3531/3531/3802 3534/3534/3805
f 3448/3448/3757 3535/3535/3805 3532/3532/3802
f 3532/3532/3802 3449/3449/3758 3448/3448/3757
f 3536/3536/3807 3411/3411/3735 3409/3409/3733
f 3409/3409/3733 3533/3533/3804 3536/3536/3807
f 3537/3537/3808 3536/3536/3809 3533/3533/3806
f 3533/3533/3806 3534/3534/3805 3537/3537/3808
f 3447/3447/3756 3538/3538/3808 3535/3535/3805
f 3535/3535/3805 3448/3448/3757 3447/3447/3756
f 3539/3539/3810 3413/3413/3737 3411/3411/3735
f 3411/3411/3735 3536/3536/3807 3539/3539/3810
f 3540/3540/3811 3539/3539/3812 3536/3536/3809
f 3536/3536/3809 3537/3537/3808 3540/3540/3811
f 3446/3446/3755 3541/3541/3811 3538/3538/3808
f 3538/3538/3808 3447/3447/3756 3446/3446/3755
f 3542/3542/3813 3415/3415/3739 3413/3413/3737
f 3413/3413/3737 3539/3539/3810 3542/3542/3813
f 3543/3543/3814 3542/3542/3813 3539/3539/3812
f 3539/3539/3812 3540/3540/3811 3543/3543/3814
f 3445/3445/3754 3544/3544/3814 3541/3541/3811
f 3541/3541/3811 3446/3446/3755 3445/3445/3754
f 3497/3497/3773 3417/3417/3741 3415/3415/3739
f 3415/3415/3739 3542/3542/3813 3497/3497/3773
f 3498/3498/3774 3497/3497/3773 3542/3542/3813
f 3542/3542/3813 3543/3543/3814 3498/3498/3774
f 3444/3444/3753 3499/3499/3774 3544/3544/3814
f 3544/3544/3814 3445/3445/3754 3444/3444/3753
f 3434/3434/3749 3496/3496/3711 3461/3461/3768
f 3434/3434/3749 3461/3461/3768 3460/3460/3767
f 3460/3460/3767 3435/3435/3749 3434/3434/3749
f 3545/3545/3815 3546/3546/3815 3547/3547/3816
f 3547/3547/3816 3548/3548/3816 3545/3545/3815
f 3549/3549/3709 3550/3550/3709 3551/3551/3709
f 3551/3551/3709 3552/3552/3709 3549/3549/3709
f 3424/3424/3709 3423/3423/3709 3553/3553/3709
f 3553/3553/3709 3554/3554/3709 3424/3424/3709
f 3552/3552/3709 3551/3551/3709 3555/3555/3709
f 3555/3555/3709 3556/3556/3709 3552/3552/3709
f 3554/3554/3709 3553/3553/3709 3557/3557/3709
f 3557/3557/3709 3558/3558/3709 3554/3554/3709
f 3556/3556/3709 3555/3555/3709 3559/3559/3709
f 3559/3559/3709 3560/3560/3709 3556/3556/3709
f 3558/3558/3709 3557/3557/3709 3561/3561/3709
f 3561/3561/3709 3562/3562/3709 3558/3558/3709
f 3560/3560/3709 3559/3559/3709 3563/3563/3709
f 3563/3563/3709 3564/3564/3709 3560/3560/3709
f 3565/3565/3817 3458/3458/3817 3475/3475/3817
f 3475/3475/3817 3566/3566/3817 3565/3565/3817
f 3562/3562/3709 3561/3561/3709 3567/3567/3709
f 3567/3567/3709 3568/3568/3709 3562/3562/3709
f 3564/3564/3709 3563/3563/3709 3569/3569/3709
f 3569/3569/3709 3570/3570/3709 3564/3564/3709
f 3568/3568/3709 3567/3567/3709 3571/3571/3709
f 3571/3571/3709 3572/3572/3709 3568/3568/3709
f 3573/3573/3709 3474/3474/3817 3574/3574/3709
f 3574/3574/3709 3575/3575/3709 3573/3573/3709
f 3570/3570/3709 3569/3569/3709 3459/3459/3817
f 3459/3459/3817 3576/3576/3709 3570/3570/3709
f 3572/3572/3709 3571/3571/3709 3577/3577/3709
f 3577/3577/3709 3578/3578/3709 3572/3572/3709
f 3575/3575/3709 3574/3574/3709 3422/3422/3709
f 3422/3422/3709 3421/3421/3709 3575/3575/3709
f 3576/3576/3709 3459/3459/3817 3458/3458/3817
f 3458/3458/3817 3565/3565/3817 3576/3576/3709
f 3566/3566/3817 3475/3475/3817 3474/3474/3817
f 3474/3474/3817 3573/3573/3709 3566/3566/3817
f 3578/3578/3709 3577/3577/3709 3550/3550/3709
f 3550/3550/3709 3549/3549/3709 3578/3578/3709
f 3579/3579/3750 3580/3580/3750 3581/3581/3750
f 3579/3579/3750 3581/3581/3750 3582/3582/3750
f 3579/3579/3750 3582/3582/3750 3583/3583/3750
f 3579/3579/3750 3583/3583/3750 3584/3584/3750
f 3579/3579/3750 3584/3584/3750 3585/3585/3750
f 3579/3579/3750 3585/3585/3750 3586/3586/3750
f 3579/3579/3750 3586/3586/3750 3587/3587/3750
f 3579/3579/3750 3587/3587/3750 3588/3588/3750
f 3579/3579/3750 3588/3588/3750 3589/3589/3750
f 3579/3579/3750 3589/3589/3750 3590/3590/3750
f 3579/3579/3750 3590/3590/3750 3591/3591/3750
f 3579/3579/3750 3591/3591/3750 3592/3592/3750
f 3579/3579/3750 3592/3592/3750 3593/3593/3750
f 3579/3579/3750 3593/3593/3750 3594/3594/3750
f 3579/3579/3750 3594/3594/3750 3595/3595/3750
f 3579/3579/3750 3595/3595/3750 3596/3596/3750
f 3596/3596/3750 3597/3597/3750 3579/3579/3750
f 3598/3598/3747 3599/3599/3747 3600/3600/3747
f 3600/3600/3747 3601/3601/3747 3598/3598/3747
f 3602/3602/3818 3603/3603/3818 3604/3604/3819
f 3604/3604/3819 3605/3605/3819 3602/3602/3818
f 3548/3548/3816 3547/3547/3816 3606/3606/3820
f 3606/3606/3820 3607/3607/3820 3548/3548/3816
f 3608/3608/3747 3609/3609/3747 3610/3610/3747
f 3610/3610/3747 3611/3611/3747 3608/3608/3747
f 3605/3605/3819 3604/3604/3819 3612/3612/3821
f 3612/3612/3821 3613/3613/3821 3605/3605/3819
f 3607/3607/3820 3606/3606/3820 3614/3614/3822
f 3614/3614/3822 3615/3615/3822 3607/3607/3820
f 3601/3601/3747 3600/3600/3747 3609/3609/3747
f 3609/3609/3747 3608/3608/3747 3601/3601/3747
f 3613/3613/3821 3612/3612/3821 3616/3616/3823
f 3616/3616/3823 3617/3617/3823 3613/3613/3821
f 3615/3615/3822 3614/3614/3822 3618/3618/3824
f 3618/3618/3824 3619/3619/3824 3615/3615/3822
f 3617/3617/3823 3616/3616/3823 3620/3620/3825
f 3620/3620/3825 3621/3621/3825 3617/3617/3823
f 3619/3619/3824 3618/3618/3824 3622/3622/3826
f 3622/3622/3826 3623/3623/3826 3619/3619/3824
f 3621/3621/3825 3620/3620/3825 3624/3624/3827
f 3624/3624/3827 3625/3625/3827 3621/3621/3825
f 3623/3623/3826 3622/3622/3826 3626/3626/3828
f 3626/3626/3828 3627/3627/3828 3623/3623/3826
f 3625/3625/3827 3624/3624/3827 3628/3628/3829
f 3628/3628/3829 3629/3629/3829 3625/3625/3827
f 3627/3627/3828 3626/3626/3828 3630/3630/3724
f 3630/3630/3724 3631/3631/3724 3627/3627/3828
f 3632/3632/3830 3633/3633/3830 3546/3546/3815
f 3546/3546/3815 3545/3545/3815 3632/3632/3830
f 3629/3629/3829 3628/3628/3829 3634/3634/3831
f 3634/3634/3831 3635/3635/3831 3629/3629/3829
f 3631/3631/3724 3630/3630/3724 3603/3603/3818
f 3603/3603/3818 3602/3602/3818 3631/3631/3724
# Vertices: 253, normals: 123, texture coordinates: 253, faces: 294

o obj18
v -141.14492234 148.88760649 -9.61306524
v -141.23710945 90.3761079 -9.6130678
v -211.86351136 90.45879507 -9.61306497
v -217.72670755 131.06359411 -9.61306296
v -140.82919871 88.50330609 -7.38706687
v -140.8291967 88.5033039 42.77533194
v -211.45569383 87.62969414 42.77533473
v -211.45569584 87.62969633 -7.38706408
v -213.38741124 90.06849457 -7.3870639
v -213.38740923 90.06849238 42.77533492
v -219.27749915 131.32919211 42.77533695
v -219.27750116 131.3291943 -7.38706186
v -140.73112126 150.75910368 42.77533466
v -140.73112327 150.75910588 -7.38706415
v -217.55220937 133.97319478 -7.38706181
v -217.55220737 133.97319259 42.775337
v -141.23710726 90.37610552 45.00133307
v -141.14492016 148.8876041 45.00133562
v -217.72670537 131.06359173 45.00133791
v -211.86350918 90.45879268 45.0013359
v -139.79370896 149.89460622 -7.38706423
v -139.63890355 148.45490671 -7.3870643
v -140.08081247 148.58080662 -8.96106499
v -140.04280871 149.7109077 -8.67226554
v -141.14492234 148.88760649 -9.61306524
v -140.85560158 150.21100545 -8.96106489
v -140.73112327 150.75910588 -7.38706415
v -217.60690252 133.12009442 -8.96106257
v -217.72670755 131.06359411 -9.61306296
v -218.82281313 131.24999403 -8.9610626
v -218.52409875 132.9016939 -8.67226313
v -218.7017206 133.31809485 -7.3870618
v -217.55220937 133.97319478 -7.38706181
v -140.08081033 148.58080429 44.34933526
v -139.63890154 148.45490452 42.77533452
v -139.79370695 149.89460403 42.77533459
v -140.0428066 149.7109054 44.0605359
v -140.73112126 150.75910368 42.77533466
v -140.85559945 150.21100312 44.34933536
v -141.14492016 148.8876041 45.00133562
v -218.7017186 133.31809265 42.77533702
v -218.822811 131.2499917 44.34933765
v -218.52409664 132.9016916 44.06043698
v -217.72670537 131.06359173 45.00133791
v -217.60690039 133.12009209 44.34933768
v -217.55220737 133.97319259 42.775337
v -140.17199831 90.67950761 -8.96106752
v -139.72980333 90.80410814 -7.38706681
v -139.88920976 89.36480793 -7.38706687
v -140.13771352 89.54920684 -8.67226816
v -140.82919871 88.50330609 -7.38706687
v -140.95200827 89.05180596 -8.96106756
v -141.23710945 90.3761079 -9.6130678
v -212.6537016 88.17309381 -7.38706401
v -212.94071027 90.18429462 -8.96106463
v -212.51010221 88.59509477 -8.67226531
v -211.86351136 90.45879507 -9.61306497
v -211.57869618 88.45899667 -8.96106476
v -211.45569584 87.62969633 -7.38706408
v -139.88920775 89.36480574 42.77533195
v -139.72980132 90.80410595 42.775332
v -140.17199618 90.67950528 44.34933273
v -140.13771141 89.54920454 44.06053327
v -141.23710726 90.37610552 45.00133307
v -140.95200614 89.05180363 44.34933269
v -140.8291967 88.5033039 42.77533194
v -212.94070814 90.18429228 44.34933562
v -212.6536996 88.17309161 42.7753348
v -212.5101001 88.59509247 44.0604348
v -211.45569383 87.62969414 42.77533473
v -211.57869405 88.45899434 44.34933549
v -211.86350918 90.45879268 45.0013359
v -140.85560158 150.21100545 -8.96106489
v -217.60690252 133.12009442 -8.96106257
v -217.60690039 133.12009209 44.34933768
v -140.85559945 150.21100312 44.34933536
v -211.57869405 88.45899434 44.34933549
v -140.95200614 89.05180363 44.34933269
v -211.57869405 88.45899434 44.34933549
v -140.95200614 89.05180363 44.34933269
v -211.57869618 88.45899667 -8.96106476
v -140.95200827 89.05180596 -8.96106756
v 137.79339724 98.35145054 -5.73657878
v 137.79329066 140.47485171 -5.73657694
v 209.39268616 159.57306158 -5.73657897
v 209.39269901 79.25326359 -5.73658248
v 137.49309015 142.36785039 -3.8265758
v 137.49309187 142.36784851 39.21482332
v 208.83319062 162.43365928 39.21482134
v 208.8331889 162.43366116 -3.82657778
v 210.89448479 160.04236189 -3.82657797
v 210.89448651 160.04236001 39.21482116
v 210.89449951 78.78396171 39.2148176
v 210.89449779 78.78396359 -3.82658152
v 137.49309922 96.45844972 39.21482131
v 137.49309749 96.4584516 -3.82657781
v 208.83320266 76.39266366 -3.82658154
v 208.83320438 76.39266178 39.21481758
v 137.79339237 140.47484966 41.12482426
v 137.79339911 98.3514485 41.12482242
v 209.39270088 79.25326154 41.12481872
v 209.39268803 159.57305953 41.12482224
v 136.50539774 97.26485013 -3.82657773
v 136.26399721 98.69265104 -3.82657766
v 136.71269647 98.593551 -5.1771787
v 136.74299668 97.4631504 -4.92927856
v 137.79339724 98.35145054 -5.73657878
v 137.58439677 97.01305054 -5.17717881
v 137.49309749 96.4584516 -3.82657781
v 209.00069749 77.23096135 -5.17718253
v 209.39269901 79.25326359 -5.73658248
v 210.45440086 78.92296161 -5.17718251
v 209.93880306 77.325563 -4.92928237
v 210.05950258 76.88926293 -3.82658157
v 208.83320266 76.39266366 -3.82658154
v 136.71269829 98.593549 40.56532262
v 136.26399893 98.69264916 39.21482146
v 136.50539946 97.26484825 39.21482139
v 136.74299849 97.46314842 40.31752222
v 137.49309922 96.45844972 39.21482131
v 137.5843986 97.01304854 40.56532251
v 137.79339911 98.3514485 41.12482242
v 210.05950431 76.88926105 39.21481755
v 210.45440269 78.92295961 40.56531881
v 209.93880487 77.32556102 40.31751841
v 209.39270088 79.25326154 41.12481872
v 209.00069932 77.23095935 40.56531879
v 208.83320438 76.39266178 39.21481758
v 136.7126898 140.23275086 -5.17717688
v 136.26399058 140.13365055 -3.82657585
v 136.50539065 141.56145154 -3.8265758
v 136.74298965 141.36315145 -4.92927665
v 137.49309015 142.36785039 -3.8265758
v 137.5843896 141.8132516 -5.17717685
v 137.79329066 140.47485171 -5.73657694
v 210.05948898 161.93706228 -3.82657785
v 210.45428657 159.90336384 -5.17717897
v 209.9387896 161.50076227 -4.92927869
v 209.39268616 159.57306158 -5.73657897
v 209.00068399 161.59536364 -5.17717884
v 208.8331889 162.43366116 -3.82657778
v 136.50539237 141.56144966 39.21482332
v 136.2639923 140.13364867 39.21482327
v 136.71269163 140.23274886 40.56532444
v 136.74299146 141.36314947 40.31752414
v 137.79339237 140.47484966 41.12482426
v 137.58439143 141.8132496 40.56532447
v 137.49309187 142.36784851 39.21482332
v 210.4542884 159.90336184 40.56532235
v 210.0594907 161.9370604 39.21482127
v 209.93879141 161.50076029 40.31752209
v 208.83319062 162.43365928 39.21482134
v 209.00068582 161.59536164 40.56532248
v 209.39268803 159.57305953 41.12482224
v 137.58439677 97.01305054 -5.17717881
v 209.00069749 77.23096135 -5.17718253
v 209.00069932 77.23095935 40.56531879
v 137.5843986 97.01304854 40.56532251
v 209.00068582 161.59536164 40.56532248
v 137.58439143 141.8132496 40.56532447
v 209.00068582 161.59536164 40.56532248
v 137.58439143 141.8132496 40.56532447
v 209.00068399 161.59536364 -5.17717884
v 137.5843896 141.8132516 -5.17717685
v 137.09368941 144.69795095 -5.73657672
v 123.91118315 183.78955081 -5.73657449
v 176.4766815 204.2801579 -5.73657569
v 185.42558711 158.67645786 -5.73657805
v 123.02698306 185.49004726 -3.82657334
v 123.02698479 185.49004537 39.21482578
v 175.3154831 206.69235572 39.21482462
v 175.31548138 206.6923576 -3.8265745
v 177.81738064 205.10065769 -3.82657467
v 177.81738236 205.1006558 39.21482445
v 186.98848823 158.83805625 39.21482206
v 186.98848651 158.83805814 -3.82657706
v 137.41999117 142.80924921 39.21482334
v 137.41998945 142.80925109 -3.82657578
v 185.94199032 156.13365814 -3.82657714
v 185.94199204 156.13365626 39.21482198
v 123.91118502 183.78954876 41.12472539
v 137.09379112 144.6979489 41.12482448
v 185.42558898 158.67645581 41.12482315
v 176.47668337 204.28015585 41.12482551
v 136.22488943 143.25405056 -3.82657571
v 135.53608901 144.52774955 -3.82657563
v 135.99268884 144.57865205 -5.17717666
v 136.38589043 143.51845088 -4.92927654
v 137.09368941 144.69795095 -5.73657672
v 137.32749035 143.36365032 -5.17717677
v 137.41998945 142.80925109 -3.82657578
v 185.79348517 156.88005734 -5.17717812
v 185.42558711 158.67645786 -5.73657805
v 186.52988833 158.79185856 -5.17717806
v 186.62948794 157.29735852 -4.92927794
v 186.89968781 156.98396028 -3.82657714
v 185.94199032 156.13365814 -3.82657714
v 135.99269067 144.57865005 40.56532466
v 135.53609073 144.52774767 39.21482349
v 136.22489115 143.25404868 39.21482341
v 136.38589224 143.5184489 40.31752424
v 137.41999117 142.80924921 39.21482334
v 137.32749218 143.36364832 40.56532455
v 137.09379112 144.6979489 41.12482448
v 186.89968953 156.9839584 39.21482198
v 186.52989016 158.79185656 40.56532326
v 186.62948975 157.29735655 40.31752284
v 185.42558898 158.67645581 41.12482315
v 185.793487 156.88005534 40.5653232
v 185.94199204 156.13365626 39.21482198
v 122.96268337 183.21775135 -5.17717445
v 122.56848368 182.98165127 -3.82657343
v 122.34538326 184.41234749 -3.82657336
v 122.63358287 184.29954579 -4.9292742
v 123.02698306 185.49004726 -3.82657334
v 123.28918318 184.99295058 -5.17717439
v 123.91118315 183.78955081 -5.73657449
v 176.60148141 206.57515719 -3.82657456
v 177.42478271 204.85885952 -5.17707585
v 176.58057809 206.15205963 -4.92927541
v 176.4766815 204.2801579 -5.73657569
v 175.65888168 205.98625725 -5.17707573
v 175.31548138 206.6923576 -3.8265745
v 122.34538498 184.4123456 39.21482576
v 122.5684854 182.98164939 39.21482569
v 122.9626852 183.21774935 40.56532687
v 122.63358468 184.29954381 40.31752658
v 123.91118502 183.78954876 41.12472539
v 123.28918501 184.99294858 40.56532693
v 123.02698479 185.49004537 39.21482578
v 177.42478454 204.85885752 40.56532563
v 176.60148313 206.57515531 39.21482456
v 176.5805799 206.15205765 40.31752537
v 175.3154831 206.69235572 39.21482462
v 175.65888351 205.98625525 40.56532575
v 176.47668337 204.28015585 41.12482551
v 137.32749035 143.36365032 -5.17717677
v 185.79348517 156.88005734 -5.17717812
v 185.793487 156.88005534 40.5653232
v 137.32749218 143.36364832 40.56532455
v 175.65888351 205.98625525 40.56532575
v 123.28918501 184.99294858 40.56532693
v 175.65888351 205.98625525 40.56532575
v 123.28918501 184.99294858 40.56532693
v 175.65888168 205.98625725 -5.17707573
v 123.28918318 184.99295058 -5.17717439
v 122.01588274 187.38114788 -12.57027509
v 97.65357721 219.86254018 -12.5702727
v 147.91527139 257.20465552 -12.57027307
v 183.11827636 213.15175631 -12.57027641
v 96.28477729 221.20424041 -10.10317077
v 96.28477951 221.20423798 45.49142848
v 146.04077288 259.22664489 45.49142815
v 146.04077065 259.22664732 -10.1031711
v 148.95157255 258.38715213 -10.10317125
v 148.95157478 258.3871497 45.491428
v 184.59218225 213.70045649 45.49142462
v 184.59218003 213.70045892 -10.10317463
v 122.92068534 185.69154455 45.49142586
v 122.92068311 185.69154698 -10.10317339
v 184.37107709 210.63595759 -10.10317476
v 184.37107931 210.63595516 45.49142449
v 97.65357963 219.86253754 47.95853018
v 122.01588517 187.38114524 47.95852778
v 183.11827878 213.15175366 47.95852646
v 147.91527381 257.20465288 47.9585298
v 121.64638274 185.73704896 -10.10317333
v 120.59118293 186.72875087 -10.10317325
v 121.00858223 186.92094619 -11.84767306
v 121.71588239 186.03864853 -11.52757234
v 122.01588274 187.38114788 -12.57027509
v 122.65818262 186.18854842 -11.84767316
v 122.92068311 185.69154698 -10.10317339
v 184.00667794 211.37525786 -11.84767451
v 183.11827636 213.15175631 -12.57027641
v 184.15937874 213.54065887 -11.84767442
v 184.69728111 212.01305746 -11.52757373
v 185.05247721 211.75355671 -10.10317473
v 184.37107709 210.63595759 -10.10317476
v 121.0085846 186.92094361 47.23592579
v 120.59118515 186.72874844 45.491426
v 121.64638496 185.73704653 45.49142591
v 121.71588473 186.03864598 46.91582494
v 122.92068534 185.69154455 45.49142586
v 122.65818498 186.18854584 47.23592569
v 122.01588517 187.38114524 47.95852778
v 185.05247943 211.75355428 45.49142451
v 184.1593811 213.54065629 47.23592443
v 184.69728345 212.01305491 46.91582356
v 183.11827878 213.15175366 47.95852646
v 184.00668031 211.37525528 47.23592434
v 184.37107931 210.63595516 45.49142449
v 96.92977731 219.02434376 -11.84767069
v 96.62837761 218.67754593 -10.10317089
v 95.97177711 219.96814732 -10.10317081
v 96.28077647 219.95034948 -11.52756984
v 96.28477729 221.20424041 -10.10317077
v 96.68847656 220.81315063 -11.84767061
v 97.65357721 219.86254018 -12.5702727
v 147.31797 259.47875133 -10.10317114
v 148.64857233 258.03945442 -11.84767106
v 147.43007144 259.06014799 -11.52757018
v 147.91527139 257.20465552 -12.57027307
v 146.59297195 258.63585817 -11.84767095
v 146.04077065 259.22664732 -10.1031711
v 95.97177933 219.96814489 45.49142844
v 96.62837983 218.6775435 45.49142835
v 96.92977967 219.02434118 47.23592816
v 96.28077881 219.95034693 46.91582744
v 97.65357963 219.86253754 47.95853018
v 96.68847892 220.81314805 47.23592825
v 96.28477951 221.20423798 45.49142848
v 148.64857469 258.03945184 47.2359278
v 147.31797222 259.4787489 45.49142811
v 147.43007378 259.06014543 46.9158271
v 146.04077288 259.22664489 45.49142815
v 146.59297431 258.63585558 47.2359279
v 147.91527381 257.20465288 47.9585298
v 122.65818262 186.18854842 -11.84767316
v 184.00667794 211.37525786 -11.84767451
v 184.00668031 211.37525528 47.23592434
v 122.65818498 186.18854584 47.23592569
v 146.59297431 258.63585558 47.2359279
v 96.68847892 220.81314805 47.23592825
v 146.59297431 258.63585558 47.2359279
v 96.68847892 220.81314805 47.23592825
v 146.59297195 258.63585817 -11.84767095
v 96.68847656 220.81315063 -11.84767061
v 94.89597711 222.53694025 -5.73657163
v 66.14677305 243.52814182 -5.73656957
v 76.68036388 307.38354121 -5.7365672
v 147.0616695 263.87045709 -5.73657191
v 64.46167218 244.44134423 -3.82656842
v 64.4616739 244.44134235 39.2148307
v 74.13306564 308.43863641 39.21483311
v 74.13306392 308.43863829 -3.82656601
v 77.12856382 308.89064464 -3.82656611
v 77.12856554 308.89064276 39.21483301
v 148.30717278 264.83074575 39.21482824
v 148.30717106 264.83074764 -3.82657088
v 96.27897973 221.20994838 39.21482841
v 96.27897801 221.20995026 -3.82657071
v 149.00296934 261.83805814 -3.82657104
v 149.00297106 261.83805626 39.21482808
v 66.14677492 243.52813977 41.12473031
v 94.89597898 222.5369382 41.12472824
v 147.06167137 263.87045504 41.12482929
v 76.68036575 307.38353916 41.12473268
v 95.05297758 220.85914097 -3.82657067
v 93.74287782 221.47594154 -3.82657059
v 94.08037709 221.78774547 -5.17717161
v 95.0257769 221.16744007 -4.92927149
v 94.89597711 222.53694025 -5.73657163
v 95.87567647 221.60144548 -5.17717169
v 96.27897801 221.20995026 -3.82657071
v 148.43597106 262.43645298 -5.17717201
v 147.0616695 263.87045709 -5.73657191
v 147.94096905 264.55005744 -5.1771719
v 148.90687148 263.25005644 -4.9292718
v 149.32297157 263.10725565 -3.826571
v 149.00296934 261.83805814 -3.82657104
v 94.08037892 221.78774347 40.56532971
v 93.74287954 221.47593966 39.21482853
v 95.0529793 220.85913908 39.21482845
v 95.02577871 221.1674381 40.31752929
v 96.27897973 221.20994838 39.21482841
v 95.8756783 221.60144348 40.56532963
v 94.89597898 222.5369382 41.12472824
v 149.32297329 263.10725377 39.21482812
v 147.94097088 264.55005544 40.56532942
v 148.90687329 263.25005446 40.31752898
v 147.06167137 263.87045504 41.12482929
v 148.43597289 262.43645098 40.56532931
v 149.00297106 261.83805626 39.21482808
v 65.68157388 242.52313588 -5.17716957
v 65.48737313 242.10673774 -3.82656856
v 64.50087436 243.16673467 -3.82656848
v 64.80287316 243.23474367 -4.92926931
v 64.46167218 244.44134423 -3.82656842
v 64.9573742 244.17643748 -5.17716947
v 66.14677305 243.52814182 -5.73656957
v 75.18836403 309.20083882 -3.82656602
v 76.99826212 308.44824708 -5.1770673
v 75.46506371 308.86724364 -4.92926687
v 76.68036388 307.38354121 -5.7365672
v 74.88136447 308.13213947 -5.17706723
v 74.13306392 308.43863829 -3.82656601
v 64.50087608 243.16673279 39.21483065
v 65.48737485 242.10673586 39.21483056
v 65.68157571 242.52313388 40.56533175
v 64.80287497 243.23474169 40.31753147
v 66.14677492 243.52813977 41.12473031
v 64.95737603 244.17643548 40.56533185
v 64.4616739 244.44134235 39.2148307
v 76.99826395 308.44824508 40.56533418
v 75.18836576 309.20083694 39.2148331
v 75.46506552 308.86724166 40.31753391
v 74.13306564 308.43863641 39.21483311
v 74.8813663 308.13213747 40.56533425
v 76.68036575 307.38353916 41.12473268
v 95.87567647 221.60144548 -5.17717169
v 148.43597106 262.43645298 -5.17717201
v 148.43597289 262.43645098 40.56532931
v 95.8756783 221.60144348 40.56532963
v 74.8813663 308.13213747 40.56533425
v 64.95737603 244.17643548 40.56533185
v 74.8813663 308.13213747 40.56533425
v 64.95737603 244.17643548 40.56533185
v 74.88136447 308.13213947 -5.17706723
v 64.9573742 244.17643748 -5.17716947
v 61.82177596 245.8215374 -11.97417004
v 16.26116936 259.97883725 -11.97416759
v 28.04176048 326.32553218 -11.97416517
v 70.13216671 293.98193673 -11.97416826
v 14.35917328 260.21602757 -9.55566732
v 14.35917546 260.21602518 44.94393499
v 25.24206101 326.72142329 44.94393747
v 25.24205883 326.72142567 -9.55566485
v 28.09545815 327.89742577 -9.55566491
v 28.09546033 327.89742339 44.9439374
v 70.87916696 295.36403495 44.94393427
v 70.87916478 295.36403733 -9.55566805
v 63.52307673 244.93904073 44.94393236
v 63.52307455 244.93904311 -9.55566996
v 72.48666667 292.98754079 -9.55566822
v 72.48666885 292.98753841 44.9439341
v 16.26117173 259.97883466 47.36243509
v 61.82177833 245.8215348 47.36243265
v 70.13216909 293.98193414 47.36243442
v 28.04176286 326.32552958 47.36243752
v 62.44607536 244.25643863 -9.55566994
v 61.01507509 244.47814383 -9.55566988
v 61.25087093 244.87253596 -11.26576885
v 62.33287411 244.54443639 -10.95196834
v 61.82177596 245.8215374 -11.97417004
v 63.0256707 245.20063597 -11.26576891
v 63.52307455 244.93904311 -9.55566996
v 71.79736566 293.28194002 -11.26576716
v 70.13216671 293.98193673 -11.97416826
v 70.65896436 294.95923838 -11.26576704
v 71.92836461 294.20614581 -10.95196655
v 72.33456435 294.25424676 -9.55566815
v 72.48666667 292.98754079 -9.55566822
v 61.25087325 244.87253343 46.65403143
v 61.01507727 244.47823682 44.94393244
v 62.44607754 244.25643624 44.94393237
v 62.3328764 244.54443389 46.3402308
v 63.52307673 244.93904073 44.94393236
v 63.02567302 245.20063344 46.65403137
v 61.82177833 245.8215348 47.36243265
v 72.33456653 294.25424438 44.94393416
v 70.65896667 294.95923585 46.65403324
v 71.9283669 294.2061433 46.34023259
v 70.13216909 293.98193414 47.36243442
v 71.79726664 293.28193749 46.65403312
v 72.48666885 292.98753841 44.9439341
v 16.19367327 258.87343331 -11.26576644
v 16.16437176 258.41493046 -9.55566747
v 14.85976904 259.04323474 -9.55566739
v 15.11617026 259.21643401 -10.95196581
v 14.35917328 260.21602757 -9.55566732
v 14.91737072 260.14973545 -11.26576633
v 16.26116936 259.97883725 -11.97416759
v 26.09125796 327.7204235 -9.55566484
v 28.08105768 327.43622895 -11.26576392
v 26.45215811 327.465125 -10.95196328
v 28.04176048 326.32553218 -11.97416517
v 26.06366112 326.60872542 -11.26576387
v 25.24205883 326.72142567 -9.55566485
v 14.85977122 259.04323235 44.94393492
v 16.16437394 258.41492808 44.94393484
v 16.19367558 258.87343078 46.65403384
v 15.11617255 259.21643151 46.34023333
v 16.26117173 259.97883466 47.36243509
v 14.91737304 260.14973291 46.65403395
v 14.35917546 260.21602518 44.94393499
v 28.08105999 327.43622641 46.65403637
v 26.09126014 327.72042112 44.94393748
v 26.4521604 327.4651225 46.34023586
v 25.24206101 326.72142329 44.94393747
v 26.06366344 326.60872289 46.65403641
v 28.04176286 326.32552958 47.36243752
v 63.0256707 245.20063597 -11.26576891
v 71.79736566 293.28194002 -11.26576716
v 71.79726664 293.28193749 46.65403312
v 63.02567302 245.20063344 46.65403137
v 26.06366344 326.60872289 46.65403641
v 14.91737304 260.14973291 46.65403395
v 26.06366344 326.60872289 46.65403641
v 14.91737304 260.14973291 46.65403395
v 26.06366112 326.60872542 -11.26576387
v 14.91737072 260.14973545 -11.26576633
v 6.97887875 218.52512892 -20.53636732
v -0.90341835 218.94972731 -20.53636698
v 2.94465947 354.22322052 -26.46516073
v 26.53005729 349.12874378 -26.4651619
v -25.53842272 215.79942702 -17.41996709
v -25.53841991 215.79942395 52.80823407
v -70.73864452 340.64750808 58.25373956
v -70.73864776 340.64751163 -22.86545805
v 3.0885569 355.78324083 -22.86546034
v 3.08856015 355.78323729 58.25373727
v 26.93685618 350.65264018 58.25373609
v 26.93685294 350.65264372 -22.86546152
v 8.19758212 218.39602821 52.80823283
v 8.19757931 218.39603128 -17.41996832
v 29.92585333 348.67772774 -22.86546172
v 29.92585658 348.6777242 58.25373588
v -24.35371792 216.11362393 55.92463308
v -16.62931384 217.73932397 55.92463284
v -44.97784033 350.40031013 61.85343929
v -67.45724195 341.6311043 61.8534398
v 7.71528247 217.7386337 -17.41996833
v 6.81158072 217.53733079 -17.4199683
v 6.85997956 217.82703331 -19.62366824
v 7.58077853 217.88383067 -19.21926863
v 6.97887875 218.52512892 -20.53636732
v 7.84047587 218.43593067 -19.62366825
v 8.19757931 218.39603128 -17.41996832
v 28.93055697 348.81462764 -25.41086313
v 26.53005729 349.12874378 -26.4651619
v 26.8159568 350.20594276 -25.41086299
v 28.73095876 349.75173181 -24.94376234
v 29.22915829 349.8892278 -22.86546164
v 29.92585333 348.67772774 -22.86546172
v 6.85998254 217.82703004 55.0119328
v 6.81158353 217.53732772 52.80823285
v 7.71528528 217.73863063 52.80823282
v 7.58078149 217.88382744 54.60753314
v 8.19758212 218.39602821 52.80823283
v 7.84047885 218.43592741 55.01193279
v 6.97888181 218.52512558 55.92463193
v 29.22916153 349.88922425 58.25373596
v 26.81596025 350.20593899 60.79913753
v 28.73096218 349.75172809 60.33203669
v 26.53006083 349.12873992 61.85343637
v 28.93056042 348.81462387 60.79913738
v 29.92585658 348.6777242 58.25373588
v -24.12952392 215.44192464 -19.6236671
v -24.03722004 215.16292714 -17.41996717
v -24.9611278 215.22362836 -17.41996713
v -24.85041823 215.38762468 -19.21926744
v -25.53842272 215.79942702 -17.41996709
v -25.19152379 215.89362635 -19.62366704
v -24.35372098 216.11362727 -20.53636617
v -70.24284462 341.95421242 -22.86545801
v -68.10064194 343.07132301 -22.86545805
v -67.91044355 342.64941764 -25.41085953
v -69.72914802 341.89732592 -24.94375875
v -67.45724548 341.63110816 -26.46515847
v -69.77764223 340.94052833 -25.41085953
v -70.73864776 340.64751163 -22.86545805
v -24.96112499 215.22362529 52.80823402
v -24.03721723 215.16292407 52.80823398
v -24.12952094 215.44192138 55.01193394
v -24.85041528 215.38762145 54.60753433
v -24.35371792 216.11362393 55.92463308
v -25.19152081 215.89362309 55.011934
v -25.53841991 215.79942395 52.80823407
v -67.91044011 342.64941387 60.79914099
v -68.1006387 343.07131947 58.25373956
v -70.24293674 341.95420887 58.2537396
v -69.72914461 341.89732219 60.33204029
v -70.73864452 340.64750808 58.25373956
v -69.77763878 340.94052456 60.79914099
v -67.45724195 341.6311043 61.8534398
v 7.84047587 218.43593067 -19.62366825
v 28.93055697 348.81462764 -25.41086313
v 28.93056042 348.81462387 60.79913738
v 26.53006083 349.12873992 61.85343637
v 6.97888181 218.52512558 55.92463193
v 7.84047885 218.43592741 55.01193279
v -0.93592359 218.24362354 55.01193313
v -0.94891745 217.95072641 52.80823318
v -0.90341529 218.94972397 55.92463227
v -45.25223649 351.47290764 60.79914047
v -45.36723786 351.91782064 58.25373904
v -44.97784033 350.40031013 61.85343929
v -69.77763878 340.94052456 60.79914099
v -25.19152081 215.89362309 55.011934
v -69.77763878 340.94052456 60.79914099
v -25.19152081 215.89362309 55.011934
v -69.77764223 340.94052833 -25.41085953
v -67.45724548 341.63110816 -26.46515847
v -24.35372098 216.11362727 -20.53636617
v -25.19152379 215.89362635 -19.62366704
v -16.489222 217.04662596 -19.62366734
v -16.43141728 216.7590275 -17.41996741
v -16.6293169 217.73932731 -20.53636641
v 3.04555808 355.3258349 -25.41086181
v 2.94465947 354.22322052 -26.46516073
v -16.43141447 216.75902443 52.80823374
v -0.94892025 217.95072948 -17.41996797
v -8.71602251 217.69062242 52.80823348
v -8.71602532 217.69062549 -17.41996768
v -44.97784386 350.40031399 -26.46515898
v -45.25223993 351.4729114 -25.41086005
v -21.29664514 355.82252843 -25.41086082
v -21.20884736 354.72141612 -26.46515975
v -45.36724111 351.91782418 -22.86545857
v -21.33314699 356.27943367 -22.86545934
v -0.90341835 218.94972731 -20.53636698
v -0.93581929 218.2436268 -19.62366791
v -8.73852024 217.98292676 -19.62366761
v -8.79272486 218.68712587 -20.53636668
v 2.94466301 354.22321666 61.85343754
v 3.04556153 355.32583113 60.7991387
v -21.29664169 355.82252466 60.7991397
v -21.20884383 354.72141226 61.85343852
v -21.33314375 356.27943013 58.25373827
v -16.62931384 217.73932397 55.92463284
v -16.48921901 217.04662269 55.0119337
v -8.73851726 217.9829235 55.01193344
v -8.7927218 218.68712252 55.92463257
v -8.7927218 218.68712252 55.92463257
v -0.90341529 218.94972397 55.92463227
v 2.94466301 354.22321666 61.85343754
v -21.20884383 354.72141226 61.85343852
v -8.79272486 218.68712587 -20.53636668
v -16.6293169 217.73932731 -20.53636641
v -44.97784386 350.40031399 -26.46515898
v -21.20884736 354.72141612 -26.46515975
v -41.81133112 255.64132616 -5.73656472
v -80.5695227 237.75091431 -5.73656395
v -87.24293666 277.74762068 -5.73646061
v -56.64083017 296.14191698 -5.73656235
v -82.16032274 236.68171393 -3.82656289
v -82.16032102 236.68171205 39.21483623
v -89.37713858 276.58911866 39.21483826
v -89.3771403 276.58912054 -3.82656086
v -88.11433285 279.05391585 -3.8265608
v -88.11433113 279.05391397 39.21483832
v -56.95023633 297.68181288 39.21483789
v -56.95023805 297.68181476 -3.82656123
v -39.96562389 256.15832326 39.21483539
v -39.96562561 256.15832514 -3.82656373
v -54.24742954 296.86122613 -3.82656138
v -54.24742781 296.86122425 39.21483774
v -80.56952083 237.75091226 41.12483725
v -41.81132924 255.64132412 41.12483648
v -56.64082829 296.14191493 41.12473752
v -87.24293478 277.74761863 41.12483927
v -40.28642954 254.92422284 -3.82656377
v -41.48323107 254.10911721 -3.82656376
v -41.58032716 254.55822633 -5.17706491
v -40.56572505 255.05742731 -4.92926458
v -41.81133112 255.64132616 -5.73656472
v -40.50772989 256.00992147 -5.17706489
v -39.96562561 256.15832514 -3.82656373
v -54.95023984 296.65312242 -5.17706254
v -56.64083017 296.14191698 -5.73656235
v -56.86064033 297.22982089 -5.17706244
v -55.43363363 297.45002451 -4.92926214
v -55.15883238 297.74392309 -3.8265613
v -54.24742954 296.86122613 -3.82656138
v -41.58032533 254.55822433 40.56533657
v -41.48322935 254.10911533 39.21483536
v -40.28642781 254.92422096 39.21483535
v -40.56572324 255.05742533 40.3175362
v -39.96562389 256.15832326 39.21483539
v -40.50772806 256.00991947 40.56533659
v -41.81132924 255.64132412 41.12483648
v -55.15883066 297.74392121 39.21483782
v -56.8606385 297.22981889 40.56533904
v -55.43363182 297.45002253 40.31753865
v -56.64082829 296.14191493 41.12473752
v -54.95023801 296.65312042 40.56533894
v -54.24742781 296.86122425 39.21483774
v -79.89502446 236.87252074 -5.17706415
v -79.61632495 236.50721578 -3.826563
v -81.01302861 236.12522131 -3.82656296
v -80.93312271 236.42421019 -4.92926378
v -82.16032274 236.68171393 -3.82656289
v -81.69562119 236.9979167 -5.17706408
v -80.5695227 237.75091431 -5.73656395
v -89.37723587 277.8493177 -3.8265608
v -87.85772293 278.6714091 -5.17706201
v -88.98363068 277.83261659 -4.92926165
v -87.24293666 277.74762068 -5.73646061
v -88.75253142 276.93141825 -5.17706205
v -89.3771403 276.58912054 -3.82656086
v -81.01302688 236.12521943 39.21483616
v -79.61632323 236.5072139 39.21483612
v -79.895118 236.87251874 40.56533733
v -80.9331209 236.42420821 40.317537
v -80.56952083 237.75091226 41.12483725
v -81.69561936 236.99791471 40.5653374
v -82.16032102 236.68171205 39.21483623
v -87.8577211 278.6714071 40.56533947
v -89.37723415 277.84931582 39.21483832
v -88.98362887 277.83261461 40.31753913
v -89.37713858 276.58911866 39.21483826
v -88.75252959 276.93141625 40.56533943
v -87.24293478 277.74761863 41.12483927
v -40.50772989 256.00992147 -5.17706489
v -54.95023984 296.65312242 -5.17706254
v -54.95023801 296.65312042 40.56533894
v -40.50772806 256.00991947 40.56533659
v -88.75252959 276.93141625 40.56533943
v -81.69561936 236.99791471 40.5653374
v -88.75252959 276.93141625 40.56533943
v -81.69561936 236.99791471 40.5653374
v -88.75253142 276.93141825 -5.17706205
v -81.69562119 236.9979167 -5.17706408
v -83.74633101 235.59111598 -13.27126306
v -102.40811364 219.98311224 -13.27126299
v -147.31542839 264.4761008 -13.27125925
v -94.38862903 284.96661258 -13.27126047
v -103.75632271 218.62071067 -10.74706292
v -103.75632043 218.62070818 46.1353364
v -149.26533204 262.50630743 46.13534014
v -149.26533432 262.50630991 -10.74705918
v -148.54192514 265.46010165 -10.74705908
v -148.54192286 265.46009916 46.13534024
v -95.00813372 286.4103059 46.13533902
v -95.008136 286.41030839 -10.7470603
v -82.1670203 236.67711027 46.13533633
v -82.16702258 236.67711275 -10.74706299
v -92.14344137 286.19701959 -10.74706043
v -92.14343909 286.1970171 46.13533889
v -102.40811117 219.98310953 48.65953649
v -83.74632854 235.59111328 48.65953643
v -94.38862655 284.96660987 48.65953901
v -147.31542591 264.47609809 48.65954023
v -82.07142845 235.40561457 -10.74706305
v -82.94042822 234.24721008 -10.74706307
v -83.17752371 234.64081535 -12.53196287
v -82.37892887 235.44131776 -12.20436382
v -83.74633101 235.59111598 -13.27126306
v -82.63192691 236.3614108 -12.53196282
v -82.16702258 236.67711275 -10.74706299
v -92.80343169 285.83881948 -12.53196025
v -94.38862903 284.96661258 -13.27126047
v -94.82753393 285.98641218 -12.53196016
v -93.44692353 286.51511751 -12.20436115
v -93.2319415 286.86370928 -10.74706036
v -92.14344137 286.19701959 -10.74706043
v -83.17752129 234.64081271 47.92023611
v -82.94042594 234.24731488 46.13533625
v -82.07142617 235.40561208 46.13533627
v -82.37892648 235.44131515 47.59273541
v -82.1670203 236.67711027 46.13533633
v -82.63192449 236.36140815 47.92023616
v -83.74632854 235.59111328 48.65953643
v -93.23193922 286.8637068 46.13533896
v -94.82753151 285.98640954 47.92023882
v -93.44692114 286.51511489 47.59263974
v -94.38862655 284.96660987 48.65953901
v -92.80342927 285.83881684 47.92023873
v -92.14343909 286.1970171 46.13533889
v -101.57343389 219.25531579 -12.53196281
v -101.22801294 218.95231555 -10.747063
v -102.52171973 218.3018141 -10.74706298
v -102.50252714 218.61071523 -12.20436375
v -103.75632271 218.62071067 -10.74706292
v -103.36331366 219.02251168 -12.53196275
v -102.40811364 219.98311224 -13.27126299
v -149.56953279 263.77400529 -10.74705911
v -148.18134091 265.17250937 -12.53195894
v -149.15463686 263.90550519 -12.20435991
v -147.31542839 264.4761008 -13.27125925
v -148.69572866 263.08631096 -12.53195901
v -149.26533432 262.50630991 -10.74705918
v -102.52171745 218.30181161 46.13533634
v -101.22801066 218.95231307 46.13533632
v -101.57343148 219.25531315 47.92023617
v -102.50252475 218.61071262 47.59273548
v -102.40811117 219.98310953 48.65953649
v -103.36331124 219.02250904 47.92023624
v -103.75632043 218.62070818 46.1353364
v -148.18133849 265.17250673 47.92024005
v -149.56953051 263.77400281 46.13534021
v -149.15463446 263.90550258 47.59264098
v -149.26533204 262.50630743 46.13534014
v -148.69572624 263.08630832 47.92023997
v -147.31542591 264.47609809 48.65954023
v -82.63192691 236.3614108 -12.53196282
v -92.80343169 285.83881948 -12.53196025
v -92.80342927 285.83881684 47.92023873
v -82.63192449 236.36140815 47.92023616
v -148.69572624 263.08630832 47.92023997
v -103.36331124 219.02250904 47.92023624
v -148.69572624 263.08630832 47.92023997
v -103.36331124 219.02250904 47.92023624
v -148.69572866 263.08631096 -12.53195901
v -103.36331366 219.02251168 -12.53196275
v -104.95542471 217.38531459 -5.73646254
v -128.81642225 183.73140776 -5.73646305
v -191.4436258 228.99349605 -5.73645857
v -160.88893235 269.30509972 -5.73645803
v -129.67172471 182.01611104 -3.82656338
v -129.67172298 182.01610915 39.21483574
v -192.91023164 226.42969543 39.21484021
v -192.91023336 226.42969731 -3.82655891
v -192.88782253 229.61840276 -3.82655877
v -192.8878208 229.61840088 39.21484035
v -161.89822812 270.5124016 39.2148409
v -161.89822984 270.51240348 -3.82655822
v -103.61982609 218.76001052 39.2148363
v -103.61982781 218.7600124 -3.82656282
v -158.85011998 271.4355011 -3.82655831
v -158.85011826 271.43549922 39.21484082
v -128.81642037 183.73140571 41.12483682
v -104.95542283 217.38531254 41.12483734
v -160.88893048 269.30509767 41.12474052
v -191.44362393 228.99349401 41.1248413
v -103.27662407 217.5319124 -3.82656289
v -103.90161433 216.22561094 -3.82656292
v -104.21132017 216.56501172 -5.17706407
v -103.58523312 217.50651486 -4.9292637
v -104.95542471 217.38531459 -5.73646254
v -104.01381451 218.35911156 -5.177064
v -103.61982781 218.7600124 -3.82656282
v -159.45062481 270.81310936 -5.17705949
v -160.88893235 269.30509972 -5.73645803
v -161.60323453 270.15739832 -5.17705943
v -160.29352991 271.23760157 -4.92925909
v -160.15632005 271.67350224 -3.82655824
v -158.85011998 271.4355011 -3.82655831
v -104.21131834 216.56500972 40.56533741
v -103.90161261 216.22560906 39.2148362
v -103.27671772 217.53191052 39.21483624
v -103.58523131 217.50651288 40.31753708
v -103.61982609 218.76001052 39.2148363
v -104.01381268 218.35910956 40.56533748
v -104.95542283 217.38531254 41.12483734
v -160.15631832 271.67350035 39.21484088
v -161.6032327 270.15739632 40.56534205
v -160.2935281 271.2375996 40.31754169
v -160.88893048 269.30509767 41.12474052
v -159.45062298 270.81310736 40.56534199
v -158.85011826 271.43549922 39.21484082
v -127.79610985 183.30060937 -5.17706458
v -127.37341746 183.12071064 -3.82656343
v -128.39921324 182.09871136 -3.82656343
v -128.47750999 182.39820685 -4.92926424
v -129.67172471 182.01611104 -3.82656338
v -129.4238172 182.52061081 -5.17706455
v -128.81642225 183.73140776 -5.73646305
v -193.50842577 227.61569851 -3.82655884
v -192.46362821 229.43629877 -5.17705998
v -193.12912573 227.87159328 -4.92925967
v -191.4436258 228.99349605 -5.73645857
v -192.48313049 227.18339817 -5.17706007
v -192.91023336 226.42969731 -3.82655891
v -128.39921152 182.09870947 39.21483569
v -127.37341574 183.12070876 39.2148357
v -127.79610802 183.30060737 40.56543674
v -128.47750818 182.39820487 40.31753654
v -128.81642037 183.73140571 41.12483682
v -129.42381537 182.52060881 40.56543677
v -129.67172298 182.01610915 39.21483574
v -192.46362638 229.43629677 40.5653415
v -193.50842404 227.61569663 39.21484029
v -193.12912392 227.87159131 40.31754111
v -192.91023164 226.42969543 39.21484021
v -192.48312866 227.18339617 40.56534141
v -191.44362393 228.99349401 41.1248413
v -104.01381451 218.35911156 -5.177064
v -159.45062481 270.81310936 -5.17705949
v -159.45062298 270.81310736 40.56534199
v -104.01381268 218.35910956 40.56533748
v -192.48312866 227.18339617 40.56534141
v -129.42381537 182.52060881 40.56543677
v -192.48312866 227.18339617 40.56534141
v -129.42381537 182.52060881 40.56543677
v -192.48313049 227.18339817 -5.17706007
v -129.4238172 182.52061081 -5.17706455
v -130.60642067 180.08610661 -5.73646314
v -140.22961006 152.90660759 -5.73646394
v -205.63240199 140.65069603 -5.73646186
v -185.70252812 215.64169892 -5.73645938
v -140.66701241 151.04050522 -3.8265643
v -140.66701069 151.04050334 39.21483483
v -205.90369625 137.90209437 39.21483686
v -205.90369797 137.90209625 -3.82656226
v -207.20470091 140.64229591 -3.82656209
v -207.20469919 140.64229403 39.21483703
v -187.00531711 216.52249842 39.21483954
v -187.00531883 216.5225003 -3.82655958
v -129.77212102 181.81170693 39.21483573
v -129.77212274 181.81170881 -3.82656339
v -184.38731619 218.11179897 -3.82655962
v -184.38731447 218.11179709 39.21483951
v -140.22960819 152.90660554 41.12483593
v -130.6064188 180.08610456 41.12483673
v -185.70252625 215.64169687 41.12473916
v -205.63240011 140.65069398 41.12483801
v -129.05941791 180.75431061 -3.82656346
v -129.24080653 179.31770751 -3.82656352
v -129.64170747 179.5422084 -5.17706467
v -129.34420893 180.63311052 -4.92926429
v -130.60642067 180.08610661 -5.73646314
v -130.0197204 181.30710783 -5.17706458
v -129.77212274 181.81170881 -3.82656339
v -184.77603378 217.38890191 -5.17706081
v -185.70252812 215.64169892 -5.73645938
v -186.62392064 216.26299968 -5.17706079
v -185.69561426 217.58190159 -4.92926042
v -185.69141812 218.02029967 -3.82655957
v -184.38731619 218.11179897 -3.82655962
v -129.64170564 179.5422064 40.56543665
v -129.24080481 179.31770563 39.2148356
v -129.05941619 180.75430872 39.21483566
v -129.34420712 180.63310855 40.3175365
v -129.77212102 181.81170693 39.21483573
v -130.01971858 181.30710583 40.56543674
v -130.6064188 180.08610456 41.12483673
v -185.6914164 218.02029779 39.21483955
v -186.62391881 216.26299768 40.56534069
v -185.69561245 217.58189962 40.31754036
v -185.70252625 215.64169687 41.12473916
v -184.77603195 217.38889991 40.56534067
v -184.38731447 218.11179709 39.21483951
v -139.13760524 152.7223072 -5.17706546
v -138.68470524 152.6446066 -3.82656431
v -139.44781139 151.41390765 -3.82656433
v -139.59281765 151.68730524 -4.92926514
v -140.66701241 151.04050522 -3.8265643
v -140.54191433 151.58850742 -5.17706546
v -140.22961006 152.90660759 -5.73646394
v -206.9391023 138.69219589 -3.82656219
v -206.74350407 140.645996 -5.17706329
v -206.70011162 139.05439552 -4.92926301
v -205.63240199 140.65069603 -5.73646186
v -205.82740421 138.70859634 -5.17706341
v -205.90369797 137.90209625 -3.82656226
v -139.44780966 151.41390577 39.21483479
v -138.68470351 152.64460472 39.21483482
v -139.13760341 152.7223052 40.56533602
v -139.59281584 151.68730326 40.31753564
v -140.22960819 152.90660554 41.12483593
v -140.5419125 151.58850542 40.56533602
v -140.66701069 151.04050334 39.21483483
v -206.74350224 140.645994 40.56533819
v -206.93910058 138.69219401 39.21483694
v -206.70010981 139.05439354 40.31753777
v -205.90369625 137.90209437 39.21483686
v -205.82740238 138.70859434 40.56533807
v -205.63240011 140.65069398 41.12483801
v -130.0197204 181.30710783 -5.17706458
v -184.77603378 217.38890191 -5.17706081
v -184.77603195 217.38889991 40.56534067
v -130.01971858 181.30710583 40.56543674
v -205.82740238 138.70859434 40.56533807
v -140.5419125 151.58850542 40.56533602
v -205.82740238 138.70859434 40.56533807
v -140.5419125 151.58850542 40.56533602
v -205.82740421 138.70859634 -5.17706341
v -140.54191433 151.58850742 -5.17706546
vn 0.22258 0.05068 -0.9736
vn -0.19638 -0.00071 -0.98053
vn -0.17847 0.23102 -0.95644
vn 0.11898 0.27225 -0.95484
vn -0.97963 -0.01121 -0.2005
vn -0.97963 -0.01121 0.2005
vn -0.96383 0.17862 0.19782
vn -0.96383 0.17862 -0.19782
vn -0.24459 0.96067 -0.13147
vn -0.24459 0.96067 0.13147
vn 0.06515 0.98908 0.13222
vn 0.06515 0.98908 -0.13222
vn 0.95915 0.21049 0.18902
vn 0.95915 0.21049 -0.18902
vn 0.9231 0.33134 -0.19521
vn 0.9231 0.33134 0.19521
vn -0.19638 -0.00071 0.98053
vn 0.22258 0.05068 0.9736
vn 0.11898 0.27225 0.95484
vn -0.17847 0.23103 0.95644
vn 0.09014 -0.98938 -0.11405
vn 0.04302 -0.99089 -0.12763
vn 0.03337 -0.96668 -0.25381
vn 0.07061 -0.96926 -0.23567
vn 0.11137 -0.52377 -0.84455
vn 0.12652 -0.52346 -0.8426
vn 0.24562 -0.51671 -0.82017
vn 0.73732 -0.61939 -0.26966
vn 0.74322 -0.6566 -0.12842
vn 0.74329 -0.65537 -0.13418
vn 0.32918 0.22869 -0.91616
vn 0.11873 0.46263 -0.87856
vn 0.26749 0.41142 -0.87131
vn 0.03962 0.96266 -0.2678
vn 0.26507 0.95741 -0.11446
vn 0.24484 0.93687 -0.24964
vn 0.86613 0.45845 -0.19911
vn 0.86947 0.30359 -0.38969
vn 0.82928 0.40444 -0.38563
vn 0.03337 -0.96668 0.2538
vn 0.04302 -0.99089 0.12763
vn 0.09014 -0.98938 0.11405
vn 0.07061 -0.96926 0.23567
vn 0.74329 -0.65537 0.13418
vn 0.74322 -0.6566 0.12842
vn 0.73732 -0.61939 0.26966
vn 0.24562 -0.51671 0.82017
vn 0.12652 -0.52346 0.8426
vn 0.11137 -0.52377 0.84455
vn 0.26507 0.95741 0.11446
vn 0.03962 0.96266 0.26781
vn 0.24484 0.93687 0.24965
vn 0.11873 0.46263 0.87856
vn 0.32918 0.22869 0.91616
vn 0.26749 0.41142 0.87131
vn 0.86947 0.30359 0.38969
vn 0.86613 0.45845 0.19911
vn 0.82928 0.40444 0.38564
vn -0.03642 -0.96657 -0.2538
vn -0.04614 -0.99075 -0.12763
vn -0.09326 -0.98909 -0.11404
vn -0.07367 -0.96904 -0.23565
vn -0.74536 -0.65302 -0.13417
vn -0.7453 -0.65425 -0.1284
vn -0.73928 -0.61706 -0.26963
vn -0.24723 -0.51591 -0.82019
vn -0.12816 -0.52305 -0.84261
vn -0.11302 -0.5234 -0.84456
vn -0.34754 0.93063 -0.11469
vn -0.22572 0.93777 -0.26388
vn -0.32542 0.91206 -0.24949
vn -0.19725 0.44933 -0.87132
vn -0.34473 0.17774 -0.92172
vn -0.30519 0.3866 -0.87029
vn -0.90408 0.15763 -0.39722
vn -0.90512 0.37722 -0.19614
vn -0.86471 0.32754 -0.38078
vn -0.09325 -0.98909 0.11404
vn -0.04613 -0.99075 0.12763
vn -0.03642 -0.96657 0.25379
vn -0.07366 -0.96904 0.23565
vn -0.11301 -0.5234 0.84456
vn -0.12816 -0.52305 0.84261
vn -0.24723 -0.51591 0.82019
vn -0.73928 -0.61706 0.26963
vn -0.7453 -0.65425 0.1284
vn -0.74536 -0.65302 0.13417
vn -0.22572 0.93777 0.26388
vn -0.34754 0.93063 0.11468
vn -0.32542 0.91207 0.24948
vn -0.90512 0.37722 0.19614
vn -0.90408 0.15763 0.39722
vn -0.86471 0.32754 0.38078
vn -0.34473 0.17774 0.92172
vn -0.19724 0.44933 0.87132
vn -0.30519 0.3866 0.87028
vn 0.36748 0.08368 -0.92626
vn 0.89956 0.19843 -0.38913
vn 0.36748 0.08368 0.92626
vn 0.89956 0.19843 0.38913
vn -0.91579 -0.00951 0.40155
vn -0.36499 -0.00132 0.93101
vn -0.36499 -0.00132 -0.93101
vn -0.91579 -0.00951 -0.40155
vn -0.13582 0.23733 -0.96189
vn 0.13582 0.23733 -0.96189
vn 0.14893 -0.1985 -0.96872
vn -0.14893 -0.1985 -0.96872
vn 0.87612 0.43887 -0.19951
vn 0.87612 0.43887 0.19951
vn 0.93587 0.26231 0.23524
vn 0.93587 0.26231 -0.23524
vn 0.19986 -0.96816 -0.15075
vn 0.19986 -0.96816 0.15075
vn -0.19986 -0.96816 0.15075
vn -0.19986 -0.96816 -0.15075
vn -0.87612 0.43887 0.19951
vn -0.87612 0.43887 -0.19951
vn -0.93587 0.26231 -0.23524
vn -0.93587 0.26231 0.23524
vn 0.13582 0.23733 0.96189
vn -0.13582 0.23733 0.96189
vn -0.14893 -0.1985 0.96872
vn 0.14893 -0.1985 0.96872
vn -0.14948 0.98004 -0.13106
vn -0.07274 0.98626 -0.14835
vn -0.06272 0.95353 -0.29471
vn -0.12764 0.9538 -0.27197
vn -0.11282 0.45876 -0.88137
vn -0.28268 0.25192 -0.92554
vn -0.24803 0.4497 -0.85805
vn -0.8241 0.40559 -0.39542
vn -0.77899 0.60771 -0.15451
vn -0.76343 0.5665 -0.31024
vn -0.29949 -0.11741 -0.94685
vn -0.15947 -0.39543 -0.90455
vn -0.28355 -0.33004 -0.90037
vn -0.1708 -0.93695 -0.30487
vn -0.38944 -0.91181 -0.13015
vn -0.36315 -0.88618 -0.28776
vn -0.91335 -0.33743 -0.22788
vn -0.91757 -0.34294 -0.20116
vn -0.85325 -0.2832 -0.43791
vn -0.06272 0.95353 0.29471
vn -0.07274 0.98626 0.14835
vn -0.14948 0.98004 0.13106
vn -0.12764 0.9538 0.27198
vn -0.77899 0.60771 0.15451
vn -0.8241 0.40559 0.39542
vn -0.76343 0.5665 0.31024
vn -0.28268 0.25192 0.92554
vn -0.11282 0.45876 0.88137
vn -0.24803 0.4497 0.85805
vn -0.38944 -0.91181 0.13015
vn -0.1708 -0.93695 0.30487
vn -0.36315 -0.88618 0.28776
vn -0.15947 -0.39543 0.90455
vn -0.29949 -0.11741 0.94685
vn -0.28355 -0.33004 0.90037
vn -0.85325 -0.2832 0.43791
vn -0.91757 -0.34294 0.20116
vn -0.91335 -0.33743 0.22788
vn 0.06272 0.95353 -0.29471
vn 0.07274 0.98626 -0.14835
vn 0.14948 0.98004 -0.13106
vn 0.12764 0.9538 -0.27197
vn 0.77899 0.60771 -0.15451
vn 0.8241 0.40559 -0.39542
vn 0.76343 0.5665 -0.31024
vn 0.28268 0.25192 -0.92554
vn 0.11282 0.45876 -0.88137
vn 0.24803 0.4497 -0.85805
vn 0.38944 -0.91181 -0.13015
vn 0.1708 -0.93695 -0.30487
vn 0.36315 -0.88618 -0.28776
vn 0.15947 -0.39543 -0.90455
vn 0.29949 -0.11741 -0.94685
vn 0.28355 -0.33004 -0.90037
vn 0.85325 -0.2832 -0.43791
vn 0.91757 -0.34294 -0.20116
vn 0.91335 -0.33743 -0.22788
vn 0.14948 0.98004 0.13106
vn 0.07274 0.98626 0.14835
vn 0.06272 0.95353 0.29471
vn 0.12764 0.9538 0.27198
vn 0.11282 0.45876 0.88137
vn 0.28268 0.25192 0.92554
vn 0.24803 0.4497 0.85805
vn 0.8241 0.40559 0.39542
vn 0.77899 0.60771 0.15451
vn 0.76343 0.5665 0.31024
vn 0.1708 -0.93695 0.30487
vn 0.38944 -0.91181 0.13015
vn 0.36315 -0.88618 0.28776
vn 0.91335 -0.33743 0.22788
vn 0.91757 -0.34294 0.20116
vn 0.85325 -0.2832 0.43791
vn 0.29949 -0.11741 0.94685
vn 0.15947 -0.39543 0.90455
vn 0.28355 -0.33004 0.90037
vn -0.85369 0.23829 -0.46306
vn -0.85369 0.23829 0.46306
vn 0.85369 0.23829 0.46306
vn 0.85369 0.23829 -0.46306
vn -0.21896 0.16152 -0.96227
vn 0.07475 0.26066 -0.96253
vn 0.19174 -0.16933 -0.96673
vn -0.09204 -0.24336 -0.96556
vn 0.90313 0.36523 -0.22575
vn 0.90313 0.36523 0.22575
vn 0.96187 0.16493 0.21817
vn 0.96187 0.16493 -0.21817
vn 0.42003 -0.89469 -0.15202
vn 0.42003 -0.89469 0.15202
vn 0.07988 -0.98533 0.15079
vn 0.07988 -0.98533 -0.15079
vn -0.93997 -0.25906 0.22216
vn -0.93997 -0.25906 -0.22216
vn -0.86848 -0.44701 -0.21432
vn -0.86848 -0.44701 0.21432
vn 0.07475 0.26066 0.96253
vn -0.21896 0.16152 0.96227
vn -0.09204 -0.24336 0.96556
vn 0.19174 -0.16933 0.96673
vn -0.45753 0.87948 -0.13106
vn -0.38546 0.91072 -0.14839
vn -0.36544 0.88291 -0.29484
vn -0.4284 0.86169 -0.27197
vn -0.25406 0.39799 -0.88151
vn -0.35766 0.12217 -0.92583
vn -0.37979 0.3457 -0.85805
vn -0.90533 0.29006 -0.31024
vn -0.93407 0.32549 -0.14684
vn -0.93334 0.32405 -0.15451
vn -0.25025 -0.24531 -0.93659
vn -0.04077 -0.43759 -0.89825
vn -0.16038 -0.41636 -0.89495
vn 0.08947 -0.94902 -0.30224
vn -0.03468 -0.99066 -0.13184
vn -0.01811 -0.95791 -0.2865
vn -0.74989 -0.62791 -0.20831
vn -0.80692 -0.40511 -0.42984
vn -0.71864 -0.56406 -0.40668
vn -0.36544 0.88291 0.29484
vn -0.38546 0.91072 0.14839
vn -0.45753 0.87948 0.13106
vn -0.4284 0.86169 0.27197
vn -0.93334 0.32405 0.15451
vn -0.93407 0.32549 0.14684
vn -0.90533 0.29006 0.31024
vn -0.35766 0.12217 0.92583
vn -0.25406 0.39799 0.88151
vn -0.37979 0.3457 0.85805
vn -0.03468 -0.99066 0.13184
vn 0.08947 -0.94902 0.30224
vn -0.01812 -0.95791 0.2865
vn -0.04077 -0.43759 0.89825
vn -0.25025 -0.24531 0.93659
vn -0.16037 -0.41636 0.89495
vn -0.80692 -0.40511 0.42984
vn -0.74989 -0.62791 0.20831
vn -0.71864 -0.56406 0.40668
vn -0.24386 0.92391 -0.29484
vn -0.24477 0.95816 -0.14839
vn -0.1685 0.97695 -0.13106
vn -0.18091 0.94515 -0.27197
vn 0.5465 0.82308 -0.1545
vn 0.54622 0.82467 -0.14684
vn 0.5448 0.77907 -0.31023
vn 0.20784 0.31299 -0.92674
vn -0.03884 0.47056 -0.88151
vn 0.09289 0.50509 -0.85805
vn 0.62106 -0.77266 -0.13143
vn 0.3791 -0.87235 -0.3087
vn 0.58835 -0.756 -0.28688
vn 0.25304 -0.33775 -0.90658
vn 0.34176 -0.04583 -0.93867
vn 0.37338 -0.2384 -0.89652
vn 0.88463 0.16013 -0.43794
vn 0.97511 -0.0599 -0.21349
vn 0.90939 -0.02657 -0.41509
vn -0.1685 0.97695 0.13106
vn -0.24477 0.95816 0.14839
vn -0.24386 0.92391 0.29484
vn -0.18091 0.94515 0.27197
vn -0.03884 0.47057 0.88151
vn 0.20784 0.31299 0.92674
vn 0.09289 0.50509 0.85805
vn 0.5448 0.77907 0.31023
vn 0.54622 0.82467 0.14683
vn 0.5465 0.82308 0.1545
vn 0.3791 -0.87235 0.3087
vn 0.62106 -0.77266 0.13143
vn 0.58835 -0.756 0.28688
vn 0.97511 -0.0599 0.21349
vn 0.88463 0.16013 0.43794
vn 0.90939 -0.02657 0.41509
vn 0.34176 -0.04583 0.93867
vn 0.25304 -0.33775 0.90658
vn 0.37338 -0.2384 0.89652
vn -0.86617 -0.23971 -0.4385
vn -0.86617 -0.23971 0.4385
vn 0.83054 0.33485 0.44505
vn 0.83054 0.33485 -0.44505
vn -0.30843 0.12684 -0.94275
vn 0.17193 0.12902 -0.97662
vn 0.30119 -0.10153 -0.94814
vn -0.0017 -0.30592 -0.95206
vn 0.78184 0.5963 -0.18209
vn 0.78184 0.5963 0.18209
vn 0.88782 0.42444 0.17783
vn 0.88782 0.42444 -0.17783
vn 0.72685 -0.67641 -0.11904
vn 0.72685 -0.67641 0.11904
vn 0.43838 -0.89077 0.11979
vn 0.43838 -0.89077 -0.11979
vn -0.96977 -0.18663 0.15724
vn -0.96977 -0.18663 -0.15724
vn -0.91013 -0.37045 -0.18555
vn -0.91013 -0.37045 0.18555
vn 0.17194 0.12902 0.97662
vn -0.30843 0.12684 0.94275
vn -0.0017 -0.30592 0.95206
vn 0.30119 -0.10153 0.94814
vn -0.71349 0.69295 -0.10372
vn -0.65492 0.74665 -0.11659
vn -0.63344 0.73786 -0.23306
vn -0.68839 0.69312 -0.21375
vn -0.44331 0.35713 -0.82215
vn -0.4692 0.03439 -0.88242
vn -0.55901 0.24818 -0.79115
vn -0.92847 -0.19498 -0.31612
vn -0.99246 0.01316 -0.12186
vn -0.96948 -0.01023 -0.24497
vn -0.21336 -0.34937 -0.91237
vn 0.13498 -0.49934 -0.85583
vn -0.0375 -0.5317 -0.8461
vn 0.45146 -0.85864 -0.24275
vn 0.24066 -0.96491 -0.10505
vn 0.24962 -0.94154 -0.22628
vn -0.53807 -0.82425 -0.17632
vn -0.53723 -0.82792 -0.16107
vn -0.53835 -0.76915 -0.34437
vn -0.63344 0.73786 0.23306
vn -0.65492 0.74665 0.11659
vn -0.71349 0.69295 0.10372
vn -0.68839 0.69313 0.21375
vn -0.99246 0.01316 0.12186
vn -0.92847 -0.19498 0.31612
vn -0.96948 -0.01023 0.24497
vn -0.4692 0.03439 0.88242
vn -0.44331 0.35713 0.82215
vn -0.55901 0.24818 0.79115
vn 0.24066 -0.96491 0.10505
vn 0.45146 -0.85864 0.24275
vn 0.24962 -0.94154 0.22627
vn 0.13498 -0.49934 0.85583
vn -0.21336 -0.34937 0.91237
vn -0.03749 -0.5317 0.8461
vn -0.53835 -0.76915 0.34437
vn -0.53723 -0.82792 0.16107
vn -0.53807 -0.82425 0.17632
vn -0.53102 0.81468 -0.23306
vn -0.53345 0.83776 -0.11659
vn -0.4655 0.87895 -0.10372
vn -0.47269 0.85491 -0.21375
vn 0.26521 0.95646 -0.12185
vn 0.26451 0.95725 -0.11711
vn 0.28123 0.92785 -0.24495
vn -0.08177 0.60614 -0.79114
vn -0.21132 0.53038 -0.821
vn -0.21875 0.52556 -0.82215
vn 0.81987 -0.56281 -0.10521
vn 0.69858 -0.6741 -0.23993
vn 0.79475 -0.56324 -0.22612
vn 0.44337 -0.28542 -0.84968
vn 0.4217 0.06204 -0.90461
vn 0.51375 -0.14906 -0.84489
vn 0.83551 0.4167 -0.35818
vn 0.95987 0.22017 -0.17369
vn 0.90944 0.23953 -0.33991
vn -0.4655 0.87895 0.10372
vn -0.53345 0.83776 0.11659
vn -0.53102 0.81468 0.23306
vn -0.47269 0.85491 0.21375
vn -0.21875 0.52556 0.82215
vn -0.21132 0.53038 0.821
vn -0.08177 0.60614 0.79115
vn 0.28123 0.92785 0.24496
vn 0.26451 0.95725 0.11711
vn 0.26521 0.95646 0.12185
vn 0.69858 -0.6741 0.23993
vn 0.81987 -0.56281 0.10521
vn 0.79475 -0.56324 0.22612
vn 0.95987 0.22017 0.17369
vn 0.83551 0.4167 0.35818
vn 0.90944 0.23953 0.33991
vn 0.4217 0.06204 0.90461
vn 0.44337 -0.28541 0.84968
vn 0.51376 -0.14906 0.84489
vn -0.86079 -0.35141 -0.36819
vn -0.86079 -0.35141 0.36819
vn 0.74141 0.56424 0.36323
vn 0.32267 0.24213 0.91502
vn 0.32266 0.24213 -0.91502
vn 0.74141 0.56424 -0.36324
vn -0.27362 0.02854 -0.96141
vn -0.1259 0.24785 -0.96058
vn 0.23945 0.03968 -0.9701
vn 0.08008 -0.23372 -0.969
vn 0.07211 0.97855 -0.19297
vn 0.07211 0.97855 0.19297
vn 0.14677 0.96536 0.21571
vn 0.14677 0.96536 -0.21571
vn 0.92483 -0.3495 -0.15016
vn 0.92483 -0.3495 0.15016
vn 0.6937 -0.70429 0.15086
vn 0.6937 -0.70429 -0.15086
vn -0.86833 -0.45523 0.19689
vn -0.86833 -0.45523 -0.19689
vn -0.77042 -0.5948 -0.22949
vn -0.77042 -0.5948 0.22949
vn -0.12589 0.24785 0.96058
vn -0.27362 0.02854 0.96142
vn 0.08008 -0.23372 0.969
vn 0.23945 0.03968 0.9701
vn -0.89004 0.43664 -0.13106
vn -0.84529 0.5132 -0.14866
vn -0.81255 0.50232 -0.2957
vn -0.85603 0.4396 -0.27197
vn -0.43758 0.17292 -0.8824
vn -0.37333 -0.08735 -0.92358
vn -0.51082 0.05302 -0.85805
vn -0.81287 -0.43318 -0.38935
vn -0.94362 -0.29276 -0.15451
vn -0.9009 -0.30351 -0.31025
vn -0.08323 -0.31549 -0.94527
vn 0.23328 -0.35344 -0.9059
vn 0.09997 -0.42682 -0.8988
vn 0.68706 -0.65901 -0.30603
vn 0.51352 -0.84806 -0.13072
vn 0.50847 -0.8117 -0.2874
vn -0.26696 -0.93787 -0.22167
vn -0.26515 -0.94371 -0.19776
vn -0.27585 -0.86057 -0.42817
vn -0.81255 0.50232 0.2957
vn -0.84529 0.51321 0.14866
vn -0.89004 0.43664 0.13106
vn -0.85603 0.4396 0.27197
vn -0.94362 -0.29276 0.15451
vn -0.81287 -0.43318 0.38935
vn -0.9009 -0.30351 0.31025
vn -0.37332 -0.08735 0.92358
vn -0.43758 0.17292 0.8824
vn -0.51082 0.05302 0.85805
vn 0.51352 -0.84806 0.13072
vn 0.68706 -0.65901 0.30604
vn 0.50847 -0.8117 0.2874
vn 0.23328 -0.35344 0.9059
vn -0.08323 -0.31549 0.94527
vn 0.09997 -0.42682 0.8988
vn -0.27585 -0.86057 0.42817
vn -0.26515 -0.94371 0.19776
vn -0.26696 -0.93786 0.22167
vn -0.72591 0.62098 -0.2957
vn -0.74625 0.64886 -0.14866
vn -0.68695 0.71479 -0.13106
vn -0.6794 0.6815 -0.27197
vn -0.0085 0.98796 -0.1545
vn 0.07543 0.92377 -0.37545
vn 0.01475 0.95055 -0.31023
vn -0.05682 0.39269 -0.91791
vn -0.29796 0.36413 -0.8824
vn -0.20606 0.47041 -0.85805
vn 0.97699 -0.16832 -0.13101
vn 0.88383 -0.35615 -0.30331
vn 0.94135 -0.17711 -0.2872
vn 0.42362 -0.07657 -0.9026
vn 0.25423 0.20002 -0.94623
vn 0.43532 0.06499 -0.89793
vn 0.69993 0.57544 -0.42303
vn 0.7793 0.59523 -0.19593
vn 0.7736 0.59484 -0.21844
vn -0.68695 0.71479 0.13106
vn -0.74625 0.64885 0.14866
vn -0.72591 0.62098 0.2957
vn -0.67941 0.68149 0.27197
vn -0.29796 0.36413 0.8824
vn -0.05682 0.39269 0.91791
vn -0.20606 0.47041 0.85805
vn 0.07544 0.92377 0.37545
vn -0.0085 0.98796 0.1545
vn 0.01475 0.95055 0.31023
vn 0.88383 -0.35615 0.30331
vn 0.97699 -0.16832 0.13101
vn 0.94135 -0.17711 0.2872
vn 0.7736 0.59484 0.21844
vn 0.7793 0.59523 0.19593
vn 0.69993 0.57545 0.42303
vn 0.25423 0.20002 0.94623
vn 0.42362 -0.07657 0.9026
vn 0.43532 0.06499 0.89793
vn -0.70466 -0.54523 -0.45408
vn -0.70466 -0.54523 0.45408
vn 0.13608 0.88859 0.43805
vn 0.13608 0.88859 -0.43805
vn -0.04221 -0.23781 -0.97039
vn -0.20887 0.24918 -0.94567
vn 0.19394 0.22441 -0.955
vn 0.16153 -0.27963 -0.94642
vn -0.1043 0.98131 -0.16169
vn -0.1043 0.98131 0.16169
vn 0.39175 0.90131 0.18485
vn 0.39175 0.90131 -0.18485
vn 0.79071 -0.6017 -0.11287
vn 0.79071 -0.6017 0.11287
vn 0.79422 -0.5962 0.11731
vn 0.79422 -0.5962 -0.11731
vn -0.17978 -0.96869 0.17123
vn -0.17978 -0.96869 -0.17123
vn -0.05086 -0.98407 -0.17037
vn -0.05086 -0.98407 0.17037
vn -0.20887 0.24918 0.94567
vn -0.04221 -0.23781 0.97039
vn 0.16153 -0.27963 0.94642
vn 0.19394 0.22441 0.955
vn -0.98004 0.16838 -0.10565
vn -0.96514 0.23338 -0.11849
vn -0.9421 0.23775 -0.23649
vn -0.95875 0.18259 -0.21784
vn -0.56257 0.03773 -0.82589
vn -0.56531 0.02699 -0.82444
vn -0.59394 -0.10979 -0.79698
vn -0.79306 -0.55568 -0.24956
vn -0.82696 -0.54947 -0.11923
vn -0.82597 -0.54988 -0.12415
vn 0.0974 -0.4351 -0.8951
vn 0.3826 -0.39807 -0.83376
vn 0.30071 -0.44308 -0.84454
vn 0.7816 -0.57859 -0.23311
vn 0.79861 -0.59214 -0.10763
vn 0.79091 -0.56719 -0.2297
vn 0.08892 -0.98203 -0.16648
vn -0.06159 -0.93825 -0.34044
vn 0.05607 -0.94297 -0.32813
vn -0.9421 0.23775 0.23648
vn -0.96514 0.23338 0.11849
vn -0.98004 0.16839 0.10564
vn -0.95875 0.1826 0.21784
vn -0.82596 -0.54988 0.12415
vn -0.82696 -0.54947 0.11923
vn -0.79305 -0.55568 0.24956
vn -0.59394 -0.10979 0.79698
vn -0.56531 0.02699 0.82444
vn -0.56257 0.03773 0.82589
vn 0.79861 -0.59214 0.10763
vn 0.7816 -0.57859 0.23311
vn 0.79091 -0.56719 0.2297
vn 0.3826 -0.39807 0.83376
vn 0.0974 -0.4351 0.8951
vn 0.30071 -0.44308 0.84454
vn -0.06159 -0.93825 0.34044
vn 0.08892 -0.98203 0.16648
vn 0.05607 -0.94297 0.32813
vn -0.91093 0.33805 -0.23649
vn -0.92744 0.35471 -0.11849
vn -0.90288 0.41671 -0.10565
vn -0.89339 0.39294 -0.21784
vn -0.36889 0.92115 -0.12415
vn -0.07802 0.94132 -0.32839
vn -0.33848 0.90728 -0.24956
vn -0.17818 0.41854 -0.89055
vn -0.48488 0.28775 -0.82589
vn -0.42712 0.42707 -0.79698
vn 0.99142 0.07537 -0.10684
vn 0.99058 0.07437 -0.11495
vn 0.97122 0.0595 -0.23063
vn 0.48559 0.19919 -0.85119
vn 0.27165 0.30486 -0.91283
vn 0.35366 0.85733 -0.37405
vn 0.61358 0.76875 -0.18041
vn 0.55988 0.75015 -0.35186
vn -0.90288 0.41671 0.10565
vn -0.92744 0.35471 0.11849
vn -0.91093 0.33805 0.23648
vn -0.89339 0.39293 0.21784
vn -0.48488 0.28775 0.82589
vn -0.17818 0.41854 0.89055
vn -0.42712 0.42707 0.79698
vn -0.07802 0.94132 0.32839
vn -0.36889 0.92115 0.12415
vn -0.33848 0.90728 0.24956
vn 0.97122 0.0595 0.23063
vn 0.99058 0.07437 0.11495
vn 0.99142 0.07537 0.10684
vn 0.61358 0.76875 0.18041
vn 0.35366 0.85733 0.37405
vn 0.55988 0.75015 0.35187
vn 0.27165 0.30486 0.91283
vn 0.48558 0.19919 0.85119
vn -0.07351 -0.41414 -0.90724
vn -0.17012 -0.92208 -0.3476
vn -0.07351 -0.41414 0.90724
vn -0.17012 -0.92208 0.3476
vn 0.77306 -0.58875 0.23613
vn 0.45866 -0.35114 0.81629
vn 0.77306 -0.58875 -0.23613
vn 0.45866 -0.35114 -0.81629
vn -0.04388 0.0077 -0.99901
vn -0.04377 0.00397 -0.99903
vn -0.04377 0.00379 -0.99903
vn -0.52547 0.84472 -0.10161
vn -0.52547 0.84472 0.10161
vn -0.34148 0.92914 0.14176
vn -0.34149 0.92914 -0.14176
vn 0.98935 -0.11531 -0.08885
vn 0.98935 -0.11531 0.08885
vn 0.96268 -0.25727 0.08407
vn 0.96267 -0.25727 -0.08407
vn -0.37698 -0.9206 0.10186
vn -0.37698 -0.9206 -0.10186
vn -0.1676 -0.97553 -0.14233
vn -0.1676 -0.97553 0.14233
vn -0.04189 -0.01442 0.99902
vn -0.04246 -0.01069 0.99904
vn -0.04247 -0.01063 0.99904
vn -0.97817 -0.20065 -0.05415
vn -0.99547 -0.07307 -0.06081
vn -0.99132 -0.04484 -0.12356
vn -0.97701 -0.18258 -0.11009
vn -0.77223 -0.21931 -0.59629
vn -0.7818 -0.15496 -0.60397
vn -0.71072 -0.44137 -0.54778
vn -0.32499 -0.9193 -0.22198
vn -0.57177 -0.81798 -0.06315
vn -0.54911 -0.82607 -0.12685
vn 0.55163 -0.36297 -0.75097
vn 0.62669 -0.24049 -0.74123
vn 0.61389 -0.26334 -0.74417
vn 0.95455 -0.24563 -0.16883
vn 0.94943 -0.30518 -0.07389
vn 0.94366 -0.29068 -0.15816
vn 0.46376 -0.87425 -0.1436
vn 0.46753 -0.87437 -0.12998
vn 0.42072 -0.86325 -0.27891
vn -0.99132 -0.04484 0.12356
vn -0.99547 -0.07306 0.06081
vn -0.97817 -0.20064 0.05415
vn -0.97701 -0.18257 0.11009
vn -0.57177 -0.81798 0.06315
vn -0.32499 -0.9193 0.22198
vn -0.54911 -0.82607 0.12685
vn -0.71072 -0.44138 0.54778
vn -0.7818 -0.15496 0.60397
vn -0.77223 -0.21931 0.5963
vn 0.94943 -0.30518 0.07389
vn 0.95455 -0.24562 0.16883
vn 0.94366 -0.29068 0.15816
vn 0.61389 -0.26334 0.74417
vn 0.62669 -0.24049 0.74123
vn 0.55163 -0.36297 0.75097
vn 0.42071 -0.86326 0.27891
vn 0.46752 -0.87437 0.12998
vn 0.46376 -0.87425 0.1436
vn -0.98651 -0.10738 -0.12356
vn -0.99493 -0.08012 -0.06081
vn -0.99735 0.04861 -0.05415
vn -0.99344 0.03093 -0.11008
vn -0.69024 0.72082 -0.06315
vn -0.4768 0.85076 -0.22107
vn -0.66908 0.73229 -0.12685
vn -0.76989 0.32742 -0.54779
vn -0.7963 0.0335 -0.60397
vn -0.79669 0.09856 -0.5963
vn 0.88903 0.45184 -0.0739
vn 0.90971 0.40664 -0.08407
vn 0.90354 0.39385 -0.16884
vn 0.88563 0.43662 -0.15818
vn 0.56438 0.35733 -0.74417
vn 0.58064 0.3368 -0.74123
vn 0.48712 0.44584 -0.75096
vn 0.27854 0.91903 -0.27892
vn 0.32299 0.93743 -0.12998
vn 0.31929 0.93671 -0.1436
vn -0.99735 0.04861 0.05415
vn -0.99493 -0.08013 0.06081
vn -0.98651 -0.10738 0.12356
vn -0.99344 0.03093 0.11008
vn -0.79669 0.09857 0.5963
vn -0.7963 0.0335 0.60397
vn -0.76988 0.32743 0.54779
vn -0.4768 0.85076 0.22107
vn -0.69023 0.72083 0.06315
vn -0.66907 0.73229 0.12685
vn 0.90354 0.39385 0.16884
vn 0.90971 0.40664 0.08407
vn 0.88903 0.45184 0.07389
vn 0.88564 0.43661 0.15818
vn 0.31929 0.93671 0.1436
vn 0.32299 0.93744 0.12998
vn 0.27854 0.91903 0.27891
vn 0.48712 0.44584 0.75096
vn 0.58064 0.3368 0.74123
vn 0.56438 0.35733 0.74417
vn -0.11668 -0.50226 -0.85681
vn -0.16737 -0.94653 -0.27579
vn -0.11668 -0.50226 0.85681
vn -0.16737 -0.94653 0.27579
vn -0.99123 0.00997 0.13175
vn -0.99776 0.00982 0.06614
vn -0.79105 0.0085 0.6117
vn -0.79106 0.00754 0.6117
vn 0.94689 0.26781 0.17796
vn 0.95856 0.2707 0.08886
vn 0.66278 0.18819 0.72478
vn 0.66322 0.18671 0.72476
vn -0.33599 0.90069 0.27544
vn -0.20589 0.47392 0.85616
vn -0.20589 0.47392 -0.85616
vn -0.336 0.90069 -0.27544
vn -0.97803 -0.16154 -0.13175
vn -0.98451 -0.16239 -0.06614
vn -0.78043 -0.12945 -0.61169
vn -0.78059 -0.1285 -0.61169
vn 0.97738 -0.11431 -0.17795
vn 0.68423 -0.08074 -0.72478
vn 0.68443 -0.07921 -0.72476
vn -0.98451 -0.16239 0.06614
vn -0.99776 0.00982 -0.06614
vn -0.99487 -0.07657 0.06614
vn -0.99487 -0.07657 -0.06614
vn 0.66278 0.18819 -0.72478
vn 0.66322 0.18671 -0.72476
vn 0.68739 0.05483 -0.72422
vn 0.94689 0.26781 -0.17796
vn 0.95856 0.2707 -0.08886
vn 0.99291 0.07921 -0.08868
vn 0.98098 0.07825 -0.17764
vn -0.79105 0.0085 -0.61169
vn -0.79106 0.00754 -0.61169
vn -0.78876 -0.06071 -0.61169
vn -0.99123 0.00997 -0.13175
vn -0.98836 -0.07607 -0.13175
vn 0.68424 -0.08074 0.72478
vn 0.68443 -0.07921 0.72476
vn 0.68739 0.05483 0.72422
vn 0.97738 -0.11431 0.17795
vn 0.99291 0.07921 0.08868
vn 0.98098 0.07825 0.17764
vn -0.78043 -0.12945 0.6117
vn -0.78059 -0.1285 0.6117
vn -0.78876 -0.06071 0.6117
vn -0.97803 -0.16154 0.13175
vn -0.98836 -0.07607 0.13175
vn -0.04334 -0.00339 0.99905
vn -0.04377 0.00397 0.99903
vn -0.04377 0.00379 0.99903
vn -0.04333 -0.00345 0.99905
vn -0.04334 -0.00339 -0.99905
vn -0.04246 -0.01069 -0.99904
vn -0.04247 -0.01063 -0.99904
vn -0.04333 -0.00345 -0.99905
vn -0.04189 -0.01442 -0.99902
vn -0.04388 0.0077 0.99901
vn -0.14068 -0.23545 -0.96165
vn -0.24803 0.08463 -0.96505
vn 0.14056 0.23065 -0.96283
vn 0.25486 -0.03635 -0.96629
vn -0.17367 0.96533 -0.1949
vn -0.17367 0.96533 0.1949
vn -0.1038 0.97417 0.20054
vn -0.1038 0.97417 -0.20054
vn 0.79138 0.59242 -0.15086
vn 0.79138 0.59242 0.15086
vn 0.94676 0.28373 0.15215
vn 0.94676 0.28373 -0.15215
vn 0.05569 -0.97991 0.19151
vn 0.05569 -0.97991 -0.19151
vn 0.50995 -0.83416 -0.21007
vn 0.50995 -0.83416 0.21007
vn -0.24803 0.08463 0.96505
vn -0.14068 -0.23545 0.96165
vn 0.25486 -0.03635 0.96629
vn 0.14056 0.23065 0.96283
vn -0.82827 -0.54479 -0.13106
vn -0.86546 -0.47852 -0.14832
vn -0.83993 -0.45575 -0.29462
vn -0.81354 -0.51399 -0.27198
vn -0.36971 -0.29438 -0.88128
vn -0.08716 -0.37224 -0.92404
vn -0.30518 -0.41304 -0.85806
vn 0.06571 -0.91978 -0.38689
vn -0.22725 -0.9615 -0.15451
vn -0.19628 -0.93017 -0.31024
vn 0.26714 -0.23422 -0.93476
vn 0.42233 0.03245 -0.90586
vn 0.43096 -0.13012 -0.89294
vn 0.90254 0.29978 -0.30911
vn 0.99006 0.04759 -0.13232
vn 0.95622 0.06184 -0.28604
vn 0.68392 -0.70098 -0.20216
vn 0.46377 -0.77915 -0.42171
vn 0.62041 -0.67664 -0.39655
vn -0.83993 -0.45576 0.29462
vn -0.86546 -0.47853 0.14832
vn -0.82827 -0.54479 0.13106
vn -0.81354 -0.51399 0.27197
vn -0.22725 -0.9615 0.15451
vn 0.0657 -0.91978 0.38689
vn -0.19628 -0.93017 0.31024
vn -0.08716 -0.37224 0.92404
vn -0.36971 -0.29438 0.88128
vn -0.30518 -0.41304 0.85805
vn 0.99006 0.04759 0.13232
vn 0.90254 0.29978 0.30911
vn 0.95622 0.06184 0.28604
vn 0.42233 0.03245 0.90586
vn 0.26714 -0.23422 0.93476
vn 0.43096 -0.13012 0.89294
vn 0.46377 -0.77915 0.42171
vn 0.68392 -0.70098 0.20216
vn 0.62041 -0.67664 0.39655
vn -0.89172 -0.34356 -0.29462
vn -0.92561 -0.34821 -0.14832
vn -0.95191 -0.27692 -0.13106
vn -0.91892 -0.28569 -0.27196
vn -0.87915 0.45079 -0.1545
vn -0.8807 0.45034 -0.14684
vn -0.83523 0.45404 -0.31024
vn -0.51231 0.0357 -0.85806
vn -0.46387 -0.09038 -0.88128
vn 0.72655 0.67419 -0.13264
vn 0.77015 0.56185 -0.30198
vn 0.7134 0.6399 -0.28564
vn 0.30142 0.32468 -0.89651
vn 0.05515 0.38151 -0.92272
vn 0.20734 0.40321 -0.89131
vn -0.10698 0.91189 -0.39625
vn -0.02736 0.97991 -0.19753
vn -0.0538 0.91973 -0.38884
vn -0.95191 -0.27692 0.13106
vn -0.92561 -0.34821 0.14832
vn -0.89172 -0.34356 0.29461
vn -0.91892 -0.28569 0.27196
vn -0.46387 -0.09038 0.88128
vn -0.51231 0.0357 0.85806
vn -0.83523 0.45403 0.31024
vn -0.8807 0.45033 0.14684
vn -0.87916 0.45079 0.1545
vn 0.77015 0.56185 0.30198
vn 0.72655 0.67419 0.13264
vn 0.7134 0.6399 0.28564
vn -0.02736 0.97991 0.19753
vn -0.10698 0.91189 0.39625
vn -0.0538 0.91973 0.38883
vn 0.05515 0.3815 0.92272
vn 0.30142 0.32468 0.89651
vn 0.20734 0.4032 0.89131
vn -0.16109 0.90107 0.40264
vn -0.06161 0.35869 0.93142
vn -0.06161 0.35869 -0.93142
vn -0.16109 0.90107 -0.40264
vn -0.13171 -0.32093 -0.9379
vn -0.33545 -0.03125 -0.94154
vn -0.07519 0.2933 -0.95306
vn 0.05316 -0.25246 -0.96615
vn -0.85494 0.49529 -0.15416
vn -0.85494 0.49529 0.15416
vn -0.50788 0.84319 0.17632
vn -0.50788 0.84319 -0.17632
vn 0.92536 0.36187 -0.11299
vn 0.92536 0.36187 0.11299
vn 0.9434 0.3114 0.1141
vn 0.9434 0.3114 -0.1141
vn 0.14792 -0.97836 0.14469
vn 0.14792 -0.97836 -0.14469
vn 0.19585 -0.96754 -0.1597
vn 0.19585 -0.96754 0.1597
vn -0.33546 -0.03125 0.94154
vn -0.13171 -0.32093 0.9379
vn 0.05316 -0.25247 0.96614
vn -0.07519 0.2933 0.95306
vn -0.61 -0.78587 -0.10153
vn -0.69099 -0.71371 -0.11472
vn -0.68558 -0.6907 -0.23004
vn -0.61341 -0.76157 -0.20913
vn -0.31956 -0.47599 -0.81934
vn -0.02897 -0.50948 -0.85999
vn -0.18753 -0.59137 -0.78429
vn 0.15456 -0.94578 -0.28568
vn 0.09669 -0.98814 -0.11925
vn 0.11748 -0.9637 -0.23974
vn 0.55021 -0.04012 -0.83406
vn 0.54973 0.09732 -0.82966
vn 0.55025 0.08356 -0.83081
vn 0.92147 0.31445 -0.22805
vn 0.96032 0.25896 -0.1036
vn 0.9376 0.2688 -0.22057
vn 0.82626 -0.54001 -0.16026
vn 0.82874 -0.53927 -0.14959
vn 0.77774 -0.54329 -0.31616
vn -0.68558 -0.6907 0.23004
vn -0.69099 -0.71371 0.11472
vn -0.61 -0.78587 0.10153
vn -0.61341 -0.76157 0.20914
vn 0.09669 -0.98814 0.11925
vn 0.15455 -0.94578 0.28567
vn 0.11748 -0.9637 0.23974
vn -0.02897 -0.50948 0.85999
vn -0.31956 -0.47599 0.81934
vn -0.18753 -0.59137 0.78429
vn 0.96032 0.25896 0.1036
vn 0.92147 0.31445 0.22805
vn 0.9376 0.2688 0.22057
vn 0.55025 0.08356 0.83081
vn 0.54973 0.09731 0.82966
vn 0.55021 -0.04012 0.83406
vn 0.77774 -0.5433 0.31616
vn 0.82874 -0.53928 0.14959
vn 0.82626 -0.54001 0.16026
vn -0.80104 -0.55265 -0.23004
vn -0.82464 -0.5539 -0.11472
vn -0.88135 -0.46143 -0.10153
vn -0.85804 -0.46908 -0.20913
vn -0.95548 0.26989 -0.11925
vn -0.81115 0.4944 -0.31242
vn -0.92774 0.28604 -0.23974
vn -0.46108 0.11418 -0.87998
vn -0.52499 -0.23035 -0.81934
vn -0.61521 -0.08 -0.7843
vn 0.52819 0.84285 -0.10307
vn 0.52852 0.84174 -0.11023
vn 0.53008 0.81856 -0.2213
vn 0.13005 0.52737 -0.83963
vn -0.09136 0.41438 -0.90551
vn -0.50041 0.78851 -0.35756
vn -0.25918 0.95061 -0.17079
vn -0.27696 0.90085 -0.3343
vn -0.88135 -0.46143 0.10153
vn -0.82464 -0.5539 0.11472
vn -0.80104 -0.55265 0.23004
vn -0.85803 -0.46909 0.20913
vn -0.525 -0.23035 0.81934
vn -0.46108 0.11418 0.87998
vn -0.61521 -0.08 0.7843
vn -0.81115 0.4944 0.31242
vn -0.95548 0.26989 0.11925
vn -0.92774 0.28605 0.23974
vn 0.53008 0.81856 0.2213
vn 0.52852 0.84174 0.11023
vn 0.52819 0.84285 0.10307
vn -0.25918 0.95061 0.17079
vn -0.50041 0.78851 0.35756
vn -0.27696 0.90085 0.3343
vn -0.09136 0.41438 0.90551
vn 0.13005 0.52736 0.83963
vn 0.09157 -0.43492 -0.8958
vn 0.18844 -0.92592 -0.32734
vn 0.09158 -0.43493 0.8958
vn 0.18844 -0.92593 0.32734
vn 0.90553 0.35382 0.23415
vn 0.54139 0.2104 0.81402
vn 0.90553 0.35382 -0.23415
vn 0.54139 0.2104 -0.81402
vn -0.01502 -0.27001 -0.96274
vn -0.25079 -0.08968 -0.96388
vn 0.02147 0.25353 -0.96709
vn 0.23685 0.08256 -0.96803
vn -0.79499 0.55942 -0.23462
vn -0.79499 0.55942 0.23462
vn -0.6551 0.71975 0.22979
vn -0.6551 0.71975 -0.22979
vn 0.45572 0.87708 -0.15183
vn 0.45572 0.87708 0.15183
vn 0.71644 0.68094 0.15178
vn 0.71644 0.68094 -0.15178
vn 0.51627 -0.83246 0.20117
vn 0.51627 -0.83246 -0.20116
vn 0.85534 -0.4638 -0.23085
vn 0.85534 -0.4638 0.23085
vn -0.25079 -0.08968 0.96388
vn -0.01502 -0.27001 0.96274
vn 0.23685 0.08256 0.96803
vn 0.02147 0.25353 0.96709
vn -0.44217 -0.8873 -0.13106
vn -0.50982 -0.84739 -0.14839
vn -0.4991 -0.81485 -0.29483
vn -0.44492 -0.85328 -0.27198
vn -0.17244 -0.43955 -0.88151
vn 0.09611 -0.35934 -0.92824
vn -0.0562 -0.51048 -0.85805
vn 0.49046 -0.77246 -0.40343
vn 0.2869 -0.94542 -0.1545
vn 0.29791 -0.90278 -0.31023
vn 0.31985 -0.05578 -0.94583
vn 0.35566 0.23818 -0.90376
vn 0.41528 0.12649 -0.90085
vn 0.67824 0.66816 -0.30587
vn 0.8188 0.55917 -0.12996
vn 0.78287 0.55158 -0.28787
vn 0.95159 -0.20405 -0.22988
vn 0.77415 -0.42789 -0.46648
vn 0.87074 -0.21753 -0.44102
vn -0.4991 -0.81485 0.29483
vn -0.50982 -0.84739 0.14839
vn -0.44217 -0.88731 0.13106
vn -0.44491 -0.85328 0.27196
vn 0.2869 -0.94542 0.1545
vn 0.49046 -0.77246 0.40343
vn 0.2979 -0.90278 0.31023
vn 0.09611 -0.35934 0.92824
vn -0.17244 -0.43955 0.88151
vn -0.05619 -0.51048 0.85805
vn 0.8188 0.55917 0.12996
vn 0.67824 0.66816 0.30587
vn 0.78288 0.55158 0.28787
vn 0.35566 0.23818 0.90376
vn 0.31985 -0.05578 0.94582
vn 0.41529 0.1265 0.90085
vn 0.77415 -0.4279 0.46648
vn 0.95159 -0.20405 0.22988
vn 0.87074 -0.21753 0.44102
vn -0.60376 -0.74064 -0.29484
vn -0.63092 -0.76152 -0.14839
vn -0.69098 -0.71089 -0.13107
vn -0.65797 -0.70221 -0.27199
vn -0.98709 -0.04213 -0.1545
vn -0.98821 -0.04329 -0.14684
vn -0.9505 -0.01762 -0.31024
vn -0.36585 -0.01647 -0.93053
vn -0.35772 -0.30818 -0.88151
vn -0.46313 -0.22196 -0.85804
vn 0.30414 0.94373 -0.12993
vn 0.45468 0.83637 -0.30619
vn 0.30702 0.90712 -0.28788
vn 0.12942 0.4071 -0.90417
vn -0.13976 0.3 -0.94365
vn 0.00375 0.43398 -0.90092
vn -0.60027 0.65336 -0.46129
vn -0.46505 0.85484 -0.23016
vn -0.45504 0.77335 -0.44144
vn -0.69098 -0.7109 0.13107
vn -0.63092 -0.76152 0.14839
vn -0.60376 -0.74064 0.29484
vn -0.65796 -0.70222 0.27198
vn -0.35772 -0.30819 0.88151
vn -0.36585 -0.01647 0.93053
vn -0.46313 -0.22196 0.85805
vn -0.9505 -0.01762 0.31024
vn -0.98821 -0.04329 0.14684
vn -0.98709 -0.04213 0.1545
vn 0.45468 0.83637 0.3062
vn 0.30414 0.94373 0.12993
vn 0.30702 0.90712 0.28789
vn -0.46505 0.85484 0.23016
vn -0.60027 0.65336 0.46129
vn -0.45504 0.77335 0.44145
vn -0.13976 0.3 0.94365
vn 0.12942 0.4071 0.90417
vn 0.00375 0.43397 0.90092
vn -0.72364 0.51038 0.4646
vn -0.72364 0.51038 -0.4646
vn 0.05586 -0.26922 -0.96146
vn -0.2 -0.19377 -0.96045
vn -0.11163 0.21126 -0.97103
vn 0.1999 0.14669 -0.96877
vn -0.95444 -0.22881 -0.19154
vn -0.95444 -0.22881 0.19154
vn -0.95868 -0.19219 0.20977
vn -0.95868 -0.19219 -0.20977
vn 0.06648 0.98637 -0.15048
vn 0.06648 0.98637 0.15048
vn 0.46209 0.87389 0.15097
vn 0.46209 0.87389 -0.15097
vn 0.70601 -0.68032 0.19675
vn 0.70601 -0.68032 -0.19675
vn 0.81107 -0.53801 -0.22958
vn 0.81107 -0.53801 0.22958
vn -0.2 -0.19376 0.96045
vn 0.05586 -0.26922 0.96146
vn 0.1999 0.14669 0.96877
vn -0.11163 0.21126 0.97103
vn -0.14 -0.98144 -0.13107
vn -0.23835 -0.95969 -0.14896
vn -0.23783 -0.92489 -0.29668
vn -0.15333 -0.95001 -0.27198
vn -0.03377 -0.46737 -0.88342
vn 0.19981 -0.32686 -0.92371
vn 0.10756 -0.50217 -0.85806
vn 0.66761 -0.63444 -0.38959
vn 0.57022 -0.80683 -0.15451
vn 0.56724 -0.76288 -0.31025
vn 0.3268 0.0203 -0.94487
vn 0.26632 0.33084 -0.90533
vn 0.37469 0.22829 -0.8986
vn 0.4226 0.85311 -0.30595
vn 0.64487 0.75302 -0.1308
vn 0.61189 0.73689 -0.28737
vn 0.97452 0.0388 -0.22094
vn 0.97942 0.0423 -0.19736
vn 0.90423 0.00631 -0.42701
vn -0.23783 -0.92489 0.29667
vn -0.23835 -0.95969 0.14895
vn -0.14001 -0.98144 0.13106
vn -0.15333 -0.95001 0.27196
vn 0.57022 -0.80683 0.15451
vn 0.66761 -0.63444 0.38959
vn 0.56724 -0.76288 0.31024
vn 0.19981 -0.32686 0.92371
vn -0.03377 -0.46737 0.88342
vn 0.10755 -0.50217 0.85806
vn 0.64487 0.75302 0.1308
vn 0.4226 0.85311 0.30595
vn 0.61189 0.73689 0.28738
vn 0.26632 0.33084 0.90533
vn 0.3268 0.0203 0.94487
vn 0.37469 0.22829 0.8986
vn 0.90422 0.00631 0.42701
vn 0.97942 0.04231 0.19736
vn 0.97451 0.03881 0.22094
vn -0.39714 -0.86848 -0.29669
vn -0.41863 -0.89586 -0.14896
vn -0.50875 -0.85088 -0.13108
vn -0.47862 -0.83483 -0.272
vn -0.95087 -0.26827 -0.15451
vn -0.90547 -0.20718 -0.37042
vn -0.9209 -0.23599 -0.31024
vn -0.36372 -0.17192 -0.91551
vn -0.26784 -0.38451 -0.88341
vn -0.39958 -0.32263 -0.85805
vn -0.12191 0.98386 -0.13098
vn 0.08468 0.9489 -0.30401
vn -0.10319 0.95229 -0.28722
vn -0.04954 0.42685 -0.90296
vn -0.26575 0.18075 -0.94695
vn -0.18808 0.39777 -0.898
vn -0.75314 0.5034 -0.42351
vn -0.79519 0.57378 -0.19611
vn -0.79314 0.5684 -0.21874
vn -0.50875 -0.85088 0.13107
vn -0.41863 -0.89586 0.14896
vn -0.39714 -0.86848 0.29668
vn -0.47862 -0.83483 0.27199
vn -0.26784 -0.38451 0.88341
vn -0.36372 -0.17192 0.91551
vn -0.39958 -0.32262 0.85805
vn -0.90547 -0.20718 0.37042
vn -0.95087 -0.26827 0.1545
vn -0.9209 -0.23599 0.31024
vn 0.08468 0.9489 0.30401
vn -0.12191 0.98386 0.13098
vn -0.10319 0.95229 0.28722
vn -0.79314 0.5684 0.21874
vn -0.79519 0.57378 0.19611
vn -0.75314 0.5034 0.42351
vn -0.26575 0.18075 0.94695
vn -0.04954 0.42685 0.90296
vn -0.18808 0.39777 0.898
vn 0.74319 -0.49184 -0.4536
vn 0.74319 -0.49184 0.4536
vn -0.8851 -0.17643 0.43067
vn -0.8851 -0.17643 -0.43067
vt 0.60838 0.41222
vt 0.62444 0.50972
vt 0.74213 0.49039
vt 0.74087 0.42112
vt 0.6246 0.51507
vt 0.63745 0.5988
vt 0.75535 0.5807
vt 0.74249 0.49697
vt 0.20474 0.02339
vt 0.20486 0.10834
vt 0.27581 0.10661
vt 0.27577 0.02439
vt 0.61211 0.32244
vt 0.60732 0.40701
vt 0.73989 0.41453
vt 0.74469 0.32996
vt 0.64074 0.22232
vt 0.61376 0.31738
vt 0.7464 0.32352
vt 0.75549 0.25484
vt 0.10858 0.11123
vt 0.10862 0.10878
vt 0.10589 0.10908
vt 0.10647 0.1109
vt 0.10375 0.10993
vt 0.10539 0.11222
vt 0.10822 0.11344
vt 0.27949 0.02077
vt 0.27566 0.01939
vt 0.27569 0.02169
vt 0.27839 0.02211
vt 0.27912 0.0242
vt 0.28145 0.02362
vt 0.19598 0.10911
vt 0.19325 0.10882
vt 0.19328 0.11124
vt 0.19539 0.11092
vt 0.19364 0.11349
vt 0.19649 0.11225
vt 0.19812 0.10995
vt 0.27918 0.10681
vt 0.27576 0.10931
vt 0.27845 0.10888
vt 0.27575 0.1116
vt 0.27954 0.11019
vt 0.28145 0.10737
vt 0.10548 0.01152
vt 0.10823 0.0118
vt 0.10819 0.00936
vt 0.10606 0.00969
vt 0.10783 0.0071
vt 0.10495 0.00836
vt 0.10331 0.01068
vt 0.20137 0.02328
vt 0.20471 0.02058
vt 0.20203 0.02116
vt 0.2045 0.01828
vt 0.20087 0.01989
vt 0.19906 0.02277
vt 0.19324 0.00935
vt 0.1932 0.01181
vt 0.19595 0.01152
vt 0.19537 0.00969
vt 0.19812 0.01067
vt 0.19647 0.00835
vt 0.19361 0.00712
vt 0.20484 0.11117
vt 0.20144 0.10845
vt 0.20212 0.11061
vt 0.19906 0.10899
vt 0.20096 0.11192
vt 0.20467 0.11349
vt 0.60756 0.40982
vt 0.74012 0.41755
vt 0.74526 0.32699
vt 0.61267 0.31967
vt 0.75599 0.58364
vt 0.63807 0.60155
vt 0.75599 0.25129
vt 0.64095 0.21979
vt 0.74223 0.49397
vt 0.62436 0.51226
vt 0.40807 0.77187
vt 0.4176 0.70137
vt 0.3021 0.65322
vt 0.28393 0.78763
vt 0.4192 0.6967
vt 0.4479 0.62992
vt 0.33292 0.5805
vt 0.30422 0.64728
vt 0.91508 0.11636
vt 0.84372 0.1162
vt 0.8438 0.25504
vt 0.91516 0.25521
vt 0.41831 0.8488
vt 0.40837 0.7768
vt 0.2844 0.79392
vt 0.29434 0.86592
vt 0.44763 0.91891
vt 0.41936 0.85363
vt 0.29559 0.87209
vt 0.3495 0.99656
vt 0.75916 0.02861
vt 0.7616 0.02866
vt 0.76134 0.02627
vt 0.7595 0.02677
vt 0.76055 0.02414
vt 0.75817 0.02567
vt 0.75694 0.02818
vt 0.9185 0.25894
vt 0.91974 0.2551
vt 0.91756 0.25514
vt 0.91718 0.25784
vt 0.91537 0.25855
vt 0.91601 0.26086
vt 0.76137 0.10358
vt 0.76162 0.10119
vt 0.7592 0.10123
vt 0.75954 0.10308
vt 0.75694 0.10167
vt 0.75821 0.10419
vt 0.76059 0.10569
vt 0.8436 0.25845
vt 0.84139 0.25496
vt 0.84175 0.25773
vt 0.83913 0.25491
vt 0.8404 0.25885
vt 0.84294 0.26083
vt 0.83166 0.02601
vt 0.83141 0.02841
vt 0.83383 0.02836
vt 0.8335 0.02652
vt 0.8361 0.02793
vt 0.83483 0.02541
vt 0.83245 0.02391
vt 0.91528 0.11296
vt 0.91749 0.11644
vt 0.91713 0.11368
vt 0.91974 0.11649
vt 0.91848 0.11256
vt 0.91594 0.11058
vt 0.83387 0.10099
vt 0.83143 0.10094
vt 0.83169 0.10333
vt 0.83353 0.10283
vt 0.83249 0.10546
vt 0.83486 0.10392
vt 0.8361 0.10142
vt 0.84132 0.11627
vt 0.84351 0.11285
vt 0.84169 0.11356
vt 0.84287 0.11055
vt 0.84038 0.11246
vt 0.83913 0.1163
vt 0.40814 0.77434
vt 0.28414 0.79123
vt 0.29482 0.86857
vt 0.41875 0.85123
vt 0.33409 0.57807
vt 0.44897 0.62769
vt 0.35154 0.99953
vt 0.44897 0.92099
vt 0.30326 0.6498
vt 0.41832 0.69901
vt 0.09369 0.23661
vt 0.0955 0.16697
vt 0.00047 0.16008
vt 0.00874 0.23812
vt 0.09622 0.16208
vt 0.10226 0.08965
vt 0.0073 0.08173
vt 0.00126 0.15416
vt 0.84638 0.10424
vt 0.916 0.10389
vt 0.91712 0.02346
vt 0.8439 0.0236
vt 0.09622 0.31419
vt 0.09414 0.24154
vt 0.00921 0.24396
vt 0.01128 0.31661
vt 0.10181 0.38856
vt 0.09604 0.31913
vt 0.01114 0.32246
vt 0.00733 0.40085
vt 0.45213 0.00504
vt 0.45456 0.00509
vt 0.4543 0.00271
vt 0.45247 0.00321
vt 0.45351 0.00061
vt 0.45115 0.00212
vt 0.44991 0.00461
vt 0.8406 0.01989
vt 0.83913 0.02334
vt 0.8414 0.02357
vt 0.8419 0.02106
vt 0.84378 0.02046
vt 0.84319 0.01812
vt 0.45436 0.07991
vt 0.45462 0.07752
vt 0.4522 0.07756
vt 0.45253 0.07941
vt 0.44993 0.078
vt 0.4512 0.08051
vt 0.45357 0.08202
vt 0.91721 0.02038
vt 0.91958 0.02341
vt 0.91906 0.02096
vt 0.92182 0.02315
vt 0.92031 0.0198
vt 0.91778 0.01812
vt 0.52317 0.00261
vt 0.52292 0.00501
vt 0.52535 0.00497
vt 0.52502 0.00311
vt 0.52763 0.00453
vt 0.52636 0.002
vt 0.52396 0.00047
vt 0.84618 0.10732
vt 0.84403 0.10417
vt 0.84437 0.10666
vt 0.84181 0.10414
vt 0.84303 0.10774
vt 0.84554 0.1096
vt 0.5254 0.0777
vt 0.52296 0.07765
vt 0.52321 0.08004
vt 0.52505 0.07954
vt 0.524 0.08217
vt 0.52638 0.08065
vt 0.52763 0.07814
vt 0.91832 0.1038
vt 0.91624 0.10693
vt 0.91801 0.10625
vt 0.91689 0.10913
vt 0.91933 0.10731
vt 0.92051 0.10374
vt 0.09398 0.23907
vt 0.00904 0.24134
vt 0.01126 0.31923
vt 0.09619 0.31666
vt 0.00743 0.07909
vt 0.10237 0.08718
vt 0.008 0.40412
vt 0.10237 0.39097
vt 0.00095 0.15678
vt 0.09591 0.16453
vt 0.56166 0.38014
vt 0.57386 0.31267
vt 0.46973 0.29433
vt 0.44991 0.38747
vt 0.57536 0.30719
vt 0.59258 0.2149
vt 0.48863 0.1955
vt 0.47141 0.28779
vt 0.54946 0.08871
vt 0.45532 0.08874
vt 0.4567 0.18547
vt 0.54883 0.18573
vt 0.56885 0.47944
vt 0.56175 0.38583
vt 0.45008 0.3943
vt 0.45718 0.48791
vt 0.59186 0.54993
vt 0.56962 0.48507
vt 0.45805 0.49468
vt 0.49168 0.58377
vt 0.97703 0.39211
vt 0.97457 0.39204
vt 0.9748 0.39503
vt 0.97664 0.39445
vt 0.97557 0.3973
vt 0.97795 0.39561
vt 0.97926 0.39247
vt 0.55272 0.18934
vt 0.55415 0.18561
vt 0.55179 0.18563
vt 0.55135 0.18825
vt 0.54903 0.18901
vt 0.54958 0.19134
vt 0.97476 0.29465
vt 0.97454 0.29766
vt 0.97699 0.2976
vt 0.97661 0.29524
vt 0.97926 0.29724
vt 0.97793 0.29407
vt 0.97554 0.29238
vt 0.45648 0.18875
vt 0.45375 0.18538
vt 0.45419 0.18799
vt 0.4514 0.18537
vt 0.45284 0.18907
vt 0.45593 0.19102
vt 0.90745 0.3949
vt 0.90768 0.3919
vt 0.90524 0.39196
vt 0.90561 0.39432
vt 0.90298 0.39232
vt 0.9043 0.39547
vt 0.90667 0.39714
vt 0.54962 0.08541
vt 0.55252 0.08872
vt 0.55196 0.08612
vt 0.55487 0.08858
vt 0.55329 0.085
vt 0.55014 0.08312
vt 0.90519 0.29766
vt 0.90764 0.29773
vt 0.9074 0.29474
vt 0.90557 0.29533
vt 0.90662 0.29252
vt 0.90427 0.29418
vt 0.90296 0.2973
vt 0.45227 0.08877
vt 0.45516 0.08546
vt 0.45281 0.08617
vt 0.45464 0.08312
vt 0.45147 0.08504
vt 0.44991 0.08864
vt 0.56161 0.38274
vt 0.44993 0.39104
vt 0.45752 0.49115
vt 0.56918 0.48252
vt 0.48909 0.19228
vt 0.59301 0.21183
vt 0.49313 0.58697
vt 0.59301 0.55226
vt 0.47068 0.29095
vt 0.57465 0.3102
vt 0.56023 0.77396
vt 0.56489 0.71403
vt 0.47141 0.6574
vt 0.44991 0.79547
vt 0.56648 0.70938
vt 0.60481 0.64762
vt 0.51194 0.58999
vt 0.47361 0.65174
vt 0.83356 0.11248
vt 0.76158 0.11221
vt 0.76275 0.25524
vt 0.83362 0.25525
vt 0.57544 0.85006
vt 0.56076 0.77888
vt 0.45067 0.80158
vt 0.46535 0.87277
vt 0.60489 0.90798
vt 0.5769 0.85478
vt 0.46708 0.87868
vt 0.54145 0.99698
vt 0.27891 0.22106
vt 0.27647 0.221
vt 0.27671 0.22341
vt 0.27856 0.22291
vt 0.27748 0.22555
vt 0.2799 0.22403
vt 0.28115 0.22151
vt 0.83702 0.25882
vt 0.83819 0.25503
vt 0.83597 0.25513
vt 0.83568 0.25775
vt 0.83388 0.25846
vt 0.83454 0.26074
vt 0.27667 0.14592
vt 0.27644 0.14832
vt 0.27887 0.14826
vt 0.27852 0.1464
vt 0.28115 0.14781
vt 0.27986 0.14527
vt 0.27743 0.14376
vt 0.76251 0.25851
vt 0.76037 0.25514
vt 0.76068 0.25778
vt 0.75814 0.25504
vt 0.75931 0.25887
vt 0.76183 0.26086
vt 0.21734 0.22347
vt 0.21758 0.22109
vt 0.21517 0.22114
vt 0.2155 0.22299
vt 0.2129 0.22159
vt 0.21418 0.2241
vt 0.21658 0.22558
vt 0.83376 0.10925
vt 0.83599 0.11253
vt 0.83559 0.10993
vt 0.83819 0.1125
vt 0.83691 0.10883
vt 0.83441 0.10697
vt 0.21515 0.14866
vt 0.21757 0.14871
vt 0.21732 0.14633
vt 0.21549 0.14682
vt 0.21654 0.14423
vt 0.21417 0.14573
vt 0.21292 0.14821
vt 0.75915 0.11227
vt 0.7614 0.10899
vt 0.75955 0.10966
vt 0.76076 0.10663
vt 0.75821 0.10854
vt 0.75694 0.11225
vt 0.56039 0.77643
vt 0.45027 0.79894
vt 0.46603 0.87535
vt 0.57607 0.85245
vt 0.5136 0.58791
vt 0.60637 0.6457
vt 0.54373 0.99953
vt 0.60637 0.90996
vt 0.47249 0.65416
vt 0.56546 0.71162
vt 0.75937 0.81693
vt 0.76904 0.89692
vt 0.88283 0.89751
vt 0.8419 0.81776
vt 0.76883 0.90253
vt 0.7674 0.99456
vt 0.88119 0.99632
vt 0.88262 0.90429
vt 0.29039 0.08706
vt 0.28932 0.17229
vt 0.38105 0.17844
vt 0.38095 0.08116
vt 0.75843 0.71938
vt 0.75843 0.81141
vt 0.84097 0.81141
vt 0.84097 0.71938
vt 0.76904 0.63387
vt 0.75937 0.71386
vt 0.8419 0.71302
vt 0.88283 0.63328
vt 0.90519 0.504
vt 0.90765 0.50405
vt 0.90738 0.5011
vt 0.90556 0.5017
vt 0.90657 0.49889
vt 0.90424 0.50057
vt 0.90297 0.50364
vt 0.38483 0.07743
vt 0.38158 0.07559
vt 0.3811 0.07797
vt 0.3836 0.07872
vt 0.38418 0.08113
vt 0.38657 0.08067
vt 0.90741 0.59934
vt 0.90766 0.59639
vt 0.90522 0.59644
vt 0.90558 0.59875
vt 0.90296 0.5968
vt 0.90427 0.59989
vt 0.90661 0.60155
vt 0.38423 0.17849
vt 0.38118 0.18162
vt 0.38366 0.18088
vt 0.38167 0.18401
vt 0.38489 0.18214
vt 0.38657 0.17894
vt 0.98666 0.50084
vt 0.98642 0.50378
vt 0.98886 0.50373
vt 0.9885 0.50143
vt 0.99113 0.50337
vt 0.98982 0.50028
vt 0.98746 0.4986
vt 0.28727 0.08669
vt 0.29058 0.08435
vt 0.28812 0.08457
vt 0.29092 0.08223
vt 0.28719 0.08319
vt 0.2851 0.08604
vt 0.9889 0.59623
vt 0.98644 0.59618
vt 0.9867 0.59912
vt 0.98853 0.59853
vt 0.9875 0.60135
vt 0.98985 0.59967
vt 0.99113 0.59659
vt 0.2895 0.17502
vt 0.28618 0.1726
vt 0.28701 0.17478
vt 0.28393 0.17322
vt 0.28604 0.17617
vt 0.28982 0.17718
vt 0.75871 0.81444
vt 0.84124 0.81455
vt 0.84124 0.71624
vt 0.75871 0.71635
vt 0.88118 0.99953
vt 0.7674 0.9976
vt 0.8827 0.6297
vt 0.76892 0.63129
vt 0.8827 0.90109
vt 0.76892 0.8995
vt 0.23064 0.67066
vt 0.22993 0.65735
vt 0.00127 0.66361
vt 0.00982 0.70345
vt 0.23679 0.61222
vt 0.28151 0.50238
vt 0.07731 0.4093
vt 0.02565 0.53617
vt 0.24786 0.35665
vt 0.11056 0.35667
vt 0.11131 0.39764
vt 0.2473 0.39764
vt 0.25558 0.79262
vt 0.23168 0.67646
vt 0.01135 0.7124
vt 0.03896 0.84657
vt 0.28158 0.84535
vt 0.2739 0.83445
vt 0.0869 0.96715
vt 0.11551 0.99616
vt 0.69069 0.0944
vt 0.69226 0.09441
vt 0.69204 0.09084
vt 0.69093 0.09155
vt 0.69158 0.08896
vt 0.69011 0.09063
vt 0.68931 0.0943
vt 0.25201 0.40206
vt 0.25426 0.39799
vt 0.25166 0.39779
vt 0.2506 0.40088
vt 0.2473 0.40167
vt 0.24763 0.40412
vt 0.69206 0.21575
vt 0.69227 0.21217
vt 0.69071 0.21218
vt 0.69094 0.21504
vt 0.68931 0.21228
vt 0.69012 0.21597
vt 0.6916 0.21764
vt 0.11131 0.4017
vt 0.10694 0.39782
vt 0.10801 0.40091
vt 0.10435 0.39803
vt 0.10661 0.40209
vt 0.11098 0.40412
vt 0.74484 0.09079
vt 0.74463 0.09437
vt 0.74619 0.09436
vt 0.74595 0.0915
vt 0.74759 0.09426
vt 0.74677 0.09057
vt 0.74529 0.0889
vt 0.24694 0.22894
vt 0.24693 0.233
vt 0.2513 0.23283
vt 0.25024 0.22973
vt 0.2539 0.23262
vt 0.25164 0.22856
vt 0.24727 0.22653
vt 0.7462 0.21214
vt 0.74464 0.21213
vt 0.74486 0.21569
vt 0.74597 0.21499
vt 0.74532 0.21758
vt 0.74679 0.21591
vt 0.74759 0.21224
vt 0.10659 0.23285
vt 0.11095 0.23301
vt 0.11095 0.22898
vt 0.10764 0.22976
vt 0.11062 0.22653
vt 0.10623 0.22859
vt 0.10399 0.23265
vt 0.23095 0.67276
vt 0.01048 0.70786
vt 0.03995 0.85109
vt 0.04109 0.8554
vt 0.25691 0.79836
vt 0.25637 0.79631
vt 0.70508 0.21663
vt 0.70524 0.21285
vt 0.70495 0.21862
vt 0.10597 0.27394
vt 0.11038 0.27399
vt 0.10335 0.27387
vt 0.07914 0.40506
vt 0.28298 0.49891
vt 0.11844 0.99953
vt 0.28298 0.84694
vt 0.024 0.54049
vt 0.02264 0.54474
vt 0.23476 0.61775
vt 0.23541 0.61573
vt 0.73182 0.0899
vt 0.73165 0.09369
vt 0.73195 0.08792
vt 0.25228 0.35671
vt 0.25489 0.35678
vt 0.73174 0.21284
vt 0.70515 0.0937
vt 0.7185 0.21306
vt 0.71839 0.09348
vt 0.25471 0.27382
vt 0.2521 0.27391
vt 0.25229 0.31531
vt 0.25493 0.3153
vt 0.24768 0.27398
vt 0.24787 0.31532
vt 0.70485 0.08795
vt 0.70498 0.08993
vt 0.71839 0.08966
vt 0.71839 0.08769
vt 0.10353 0.35682
vt 0.10615 0.35674
vt 0.10596 0.31534
vt 0.10331 0.31534
vt 0.11038 0.31533
vt 0.73205 0.21859
vt 0.73191 0.21661
vt 0.71851 0.21688
vt 0.71851 0.21885
vt 0.2672 0.82293
vt 0.26152 0.81087
vt 0.04895 0.89538
vt 0.06432 0.93317
vt 0.23039 0.64402
vt 0.232 0.63079
vt 0.0078 0.58269
vt 0.00047 0.62282
vt 0.89104 0.8488
vt 0.88431 0.92058
vt 0.95176 0.90874
vt 0.96386 0.84967
vt 0.8838 0.92546
vt 0.8956 0.99718
vt 0.96318 0.98606
vt 0.95137 0.91434
vt 0.98988 0.10485
vt 0.98986 0.03143
vt 0.92815 0.0335
vt 0.92782 0.10311
vt 0.89092 0.77118
vt 0.89083 0.84386
vt 0.96367 0.84395
vt 0.96376 0.77127
vt 0.88459 0.69445
vt 0.89114 0.76624
vt 0.96397 0.76555
vt 0.95201 0.70645
vt 0.88602 0.61419
vt 0.88845 0.61423
vt 0.88818 0.61185
vt 0.88635 0.61236
vt 0.88738 0.60976
vt 0.88503 0.61127
vt 0.88381 0.61376
vt 0.92451 0.10642
vt 0.92786 0.10765
vt 0.92788 0.10544
vt 0.92557 0.10511
vt 0.92494 0.10333
vt 0.92276 0.10396
vt 0.8882 0.68898
vt 0.88845 0.6866
vt 0.88604 0.68664
vt 0.88637 0.68848
vt 0.88378 0.68708
vt 0.88504 0.68958
vt 0.88741 0.69108
vt 0.92527 0.0333
vt 0.92821 0.03117
vt 0.9259 0.0315
vt 0.92819 0.02897
vt 0.92483 0.03018
vt 0.92304 0.03265
vt 0.95943 0.61141
vt 0.95919 0.61381
vt 0.96162 0.61376
vt 0.96129 0.61191
vt 0.9639 0.61332
vt 0.96263 0.61079
vt 0.96022 0.60927
vt 0.99284 0.10496
vt 0.98995 0.10734
vt 0.99228 0.10682
vt 0.99027 0.1096
vt 0.99345 0.10809
vt 0.99508 0.10553
vt 0.96166 0.68655
vt 0.95921 0.6865
vt 0.95948 0.6889
vt 0.96132 0.6884
vt 0.96028 0.69103
vt 0.96266 0.6895
vt 0.9639 0.68699
vt 0.98991 0.02896
vt 0.99278 0.03134
vt 0.99224 0.02947
vt 0.99508 0.03077
vt 0.99341 0.02819
vt 0.99022 0.0267
vt 0.89089 0.84633
vt 0.96373 0.84655
vt 0.96383 0.76868
vt 0.89099 0.76871
vt 0.96397 0.98851
vt 0.89638 0.99953
vt 0.95159 0.70343
vt 0.88407 0.69203
vt 0.95133 0.91176
vt 0.88378 0.92299
vt 0.37175 0.36204
vt 0.38321 0.32258
vt 0.28393 0.28336
vt 0.28818 0.37911
vt 0.38535 0.31723
vt 0.42155 0.22825
vt 0.32265 0.18802
vt 0.28646 0.277
vt 0.10867 0.12474
vt 0.10968 0.21581
vt 0.20646 0.21996
vt 0.20643 0.1201
vt 0.39184 0.46168
vt 0.37169 0.36776
vt 0.28828 0.38566
vt 0.30843 0.47958
vt 0.42088 0.49816
vt 0.39425 0.46688
vt 0.31103 0.48559
vt 0.34642 0.57466
vt 0.60281 0.18575
vt 0.60037 0.18567
vt 0.60057 0.1887
vt 0.6024 0.18814
vt 0.60129 0.19096
vt 0.60369 0.18932
vt 0.60505 0.18613
vt 0.21017 0.11622
vt 0.20686 0.11444
vt 0.20649 0.11686
vt 0.20897 0.11754
vt 0.20959 0.12001
vt 0.21195 0.11954
vt 0.60053 0.08631
vt 0.60035 0.08935
vt 0.60278 0.08926
vt 0.60237 0.08686
vt 0.60505 0.08888
vt 0.60365 0.08567
vt 0.60123 0.08404
vt 0.20965 0.22006
vt 0.20655 0.22319
vt 0.20902 0.22251
vt 0.20693 0.22558
vt 0.2102 0.22381
vt 0.21195 0.22052
vt 0.5604 0.18901
vt 0.56057 0.18594
vt 0.55811 0.18603
vt 0.55853 0.18846
vt 0.55583 0.18642
vt 0.55723 0.18967
vt 0.5597 0.19134
vt 0.10553 0.12445
vt 0.10883 0.12185
vt 0.10634 0.12217
vt 0.10904 0.1196
vt 0.10534 0.12079
vt 0.10331 0.12388
vt 0.55806 0.0893
vt 0.56054 0.08939
vt 0.56035 0.08632
vt 0.55848 0.08688
vt 0.55963 0.084
vt 0.55718 0.08568
vt 0.55582 0.08892
vt 0.10986 0.2187
vt 0.10654 0.21613
vt 0.10737 0.21841
vt 0.10429 0.21674
vt 0.1064 0.21981
vt 0.1101 0.22093
vt 0.37139 0.36462
vt 0.28796 0.3824
vt 0.30947 0.48268
vt 0.39285 0.46468
vt 0.32391 0.18496
vt 0.42275 0.22533
vt 0.34895 0.57713
vt 0.42275 0.49998
vt 0.28522 0.28007
vt 0.38417 0.32016
vt 0.88577 0.42486
vt 0.8931 0.35558
vt 0.76322 0.34303
vt 0.75694 0.42821
vt 0.89411 0.35075
vt 0.9019 0.27848
vt 0.77215 0.26451
vt 0.76437 0.33677
vt 0.97894 0.40415
vt 0.90761 0.40394
vt 0.90776 0.49177
vt 0.97901 0.49198
vt 0.88867 0.50244
vt 0.88599 0.4298
vt 0.75719 0.43456
vt 0.75987 0.5072
vt 0.90124 0.57593
vt 0.88882 0.50738
vt 0.76009 0.51354
vt 0.77264 0.59804
vt 0.92293 0.18395
vt 0.92536 0.184
vt 0.9251 0.18161
vt 0.92327 0.18212
vt 0.9243 0.17952
vt 0.92195 0.18103
vt 0.92071 0.18352
vt 0.98225 0.49581
vt 0.98363 0.49201
vt 0.98142 0.49195
vt 0.98097 0.49469
vt 0.97916 0.49536
vt 0.97976 0.49766
vt 0.92511 0.25875
vt 0.92536 0.25637
vt 0.92295 0.25641
vt 0.92328 0.25825
vt 0.92069 0.25685
vt 0.92195 0.25936
vt 0.92433 0.26086
vt 0.90761 0.49521
vt 0.90532 0.49175
vt 0.90577 0.49452
vt 0.9031 0.4918
vt 0.90446 0.49566
vt 0.90699 0.49758
vt 0.99394 0.18118
vt 0.9937 0.18358
vt 0.99613 0.18353
vt 0.99579 0.18167
vt 0.99841 0.18309
vt 0.99713 0.18055
vt 0.99472 0.17904
vt 0.97909 0.4007
vt 0.98136 0.40419
vt 0.98094 0.40139
vt 0.98363 0.40416
vt 0.98226 0.40025
vt 0.97972 0.39832
vt 0.99617 0.25632
vt 0.99372 0.25627
vt 0.99398 0.25867
vt 0.99583 0.25817
vt 0.99478 0.26081
vt 0.99717 0.25927
vt 0.99841 0.25676
vt 0.90521 0.40398
vt 0.90746 0.40055
vt 0.90565 0.40123
vt 0.90686 0.39824
vt 0.90436 0.4001
vt 0.90296 0.40395
vt 0.88588 0.42734
vt 0.75708 0.43186
vt 0.75996 0.5099
vt 0.88875 0.50491
vt 0.7723 0.2618
vt 0.90202 0.27601
vt 0.77362 0.60155
vt 0.90202 0.57828
vt 0.76394 0.33945
vt 0.8937 0.35318
vt 0.71548 0.77883
vt 0.71632 0.73015
vt 0.62011 0.67211
vt 0.60732 0.80252
vt 0.71767 0.72543
vt 0.75587 0.66359
vt 0.66027 0.60453
vt 0.62206 0.66636
vt 0.68373 0.07935
vt 0.61194 0.07913
vt 0.61272 0.21324
vt 0.68377 0.21334
vt 0.73248 0.85456
vt 0.71617 0.78373
vt 0.60825 0.80859
vt 0.62456 0.87942
vt 0.75606 0.90267
vt 0.73401 0.85926
vt 0.62638 0.88528
vt 0.69493 0.99695
vt 0.44222 0.17939
vt 0.43978 0.17932
vt 0.44001 0.18171
vt 0.44186 0.18124
vt 0.44075 0.18387
vt 0.44319 0.18236
vt 0.44446 0.17985
vt 0.68714 0.21693
vt 0.68836 0.21317
vt 0.68613 0.21324
vt 0.68581 0.21585
vt 0.684 0.21655
vt 0.68466 0.21882
vt 0.43996 0.10438
vt 0.43975 0.10677
vt 0.44218 0.1067
vt 0.44182 0.10484
vt 0.44446 0.10624
vt 0.44315 0.1037
vt 0.44069 0.10221
vt 0.61249 0.2165
vt 0.61033 0.21315
vt 0.61065 0.21579
vt 0.60808 0.21308
vt 0.60929 0.21689
vt 0.61182 0.21885
vt 0.39199 0.18188
vt 0.39221 0.17949
vt 0.38979 0.17956
vt 0.39014 0.18141
vt 0.38751 0.18002
vt 0.38882 0.18254
vt 0.39125 0.18401
vt 0.68392 0.07612
vt 0.68615 0.0794
vt 0.68576 0.07679
vt 0.68836 0.07937
vt 0.68709 0.07568
vt 0.68456 0.07378
vt 0.38975 0.10695
vt 0.39219 0.10702
vt 0.39195 0.10463
vt 0.39011 0.10511
vt 0.3912 0.10251
vt 0.38879 0.104
vt 0.38752 0.1065
vt 0.60952 0.07917
vt 0.61174 0.07589
vt 0.60991 0.07657
vt 0.61111 0.07361
vt 0.6086 0.07547
vt 0.60732 0.07915
vt 0.71573 0.7813
vt 0.60778 0.80596
vt 0.62529 0.88199
vt 0.73316 0.85694
vt 0.66198 0.6025
vt 0.75748 0.66172
vt 0.69719 0.99953
vt 0.75748 0.9047
vt 0.62102 0.66881
vt 0.71671 0.72771
usemtl mat0
f 3636/3636/3832 3637/3637/3833 3638/3638/3834
f 3638/3638/3834 3639/3639/3835 3636/3636/3832
f 3640/3640/3836 3641/3641/3837 3642/3642/3838
f 3642/3642/3838 3643/3643/3839 3640/3640/3836
f 3644/3644/3840 3645/3645/3841 3646/3646/3842
f 3646/3646/3842 3647/3647/3843 3644/3644/3840
f 3648/3648/3844 3649/3649/3845 3650/3650/3846
f 3650/3650/3846 3651/3651/3847 3648/3648/3844
f 3652/3652/3848 3653/3653/3849 3654/3654/3850
f 3654/3654/3850 3655/3655/3851 3652/3652/3848
f 3656/3656/3852 3657/3657/3853 3658/3658/3854
f 3658/3658/3854 3659/3659/3855 3656/3656/3852
f 3658/3658/3856 3660/3660/3857 3661/3661/3858
f 3661/3661/3858 3659/3659/3858 3658/3658/3856
f 3661/3661/3859 3662/3662/3860 3656/3656/3861
f 3656/3656/3861 3659/3659/3859 3661/3661/3859
f 3663/3663/3862 3664/3664/3835 3665/3665/3863
f 3665/3665/3863 3666/3666/3864 3663/3663/3862
f 3665/3665/3865 3647/3647/3843 3667/3667/3866
f 3667/3667/3866 3666/3666/3867 3665/3665/3865
f 3667/3667/3868 3668/3668/3846 3663/3663/3869
f 3663/3663/3869 3666/3666/3870 3667/3667/3868
f 3669/3669/3871 3670/3670/3872 3671/3671/3873
f 3671/3671/3873 3672/3672/3874 3669/3669/3871
f 3671/3671/3875 3673/3673/3876 3674/3674/3877
f 3674/3674/3877 3672/3672/3877 3671/3671/3875
f 3674/3674/3878 3675/3675/3879 3669/3669/3880
f 3669/3669/3880 3672/3672/3878 3674/3674/3878
f 3676/3676/3881 3646/3646/3842 3677/3677/3882
f 3677/3677/3882 3678/3678/3883 3676/3676/3881
f 3677/3677/3884 3679/3679/3850 3680/3680/3885
f 3680/3680/3885 3678/3678/3886 3677/3677/3884
f 3680/3680/3887 3681/3681/3847 3676/3676/3888
f 3676/3676/3888 3678/3678/3889 3680/3680/3887
f 3682/3682/3890 3683/3683/3891 3684/3684/3892
f 3684/3684/3892 3685/3685/3893 3682/3682/3890
f 3684/3684/3894 3686/3686/3895 3687/3687/3896
f 3687/3687/3896 3685/3685/3896 3684/3684/3894
f 3687/3687/3897 3688/3688/3898 3682/3682/3899
f 3682/3682/3899 3685/3685/3897 3687/3687/3897
f 3689/3689/3900 3644/3644/3840 3690/3690/3901
f 3690/3690/3901 3691/3691/3902 3689/3689/3900
f 3690/3690/3903 3692/3692/3834 3693/3693/3904
f 3693/3693/3904 3691/3691/3905 3690/3690/3903
f 3693/3693/3906 3694/3694/3839 3689/3689/3907
f 3689/3689/3907 3691/3691/3908 3693/3693/3906
f 3695/3695/3909 3696/3696/3910 3697/3697/3911
f 3697/3697/3911 3698/3698/3912 3695/3695/3909
f 3697/3697/3913 3699/3699/3914 3700/3700/3915
f 3700/3700/3915 3698/3698/3915 3697/3697/3913
f 3700/3700/3916 3701/3701/3917 3695/3695/3918
f 3695/3695/3918 3698/3698/3916 3700/3700/3916
f 3702/3702/3919 3645/3645/3841 3703/3703/3920
f 3703/3703/3920 3704/3704/3921 3702/3702/3919
f 3703/3703/3922 3705/3705/3838 3706/3706/3923
f 3706/3706/3923 3704/3704/3924 3703/3703/3922
f 3706/3706/3925 3707/3707/3851 3702/3702/3926
f 3702/3702/3926 3704/3704/3927 3706/3706/3925
f 3671/3671/3873 3670/3670/3872 3657/3657/3853
f 3657/3657/3853 3656/3656/3852 3671/3671/3873
f 3673/3673/3876 3671/3671/3875 3656/3656/3861
f 3656/3656/3861 3662/3662/3860 3673/3673/3876
f 3708/3708/3928 3636/3636/3832 3639/3639/3835
f 3639/3639/3835 3709/3709/3862 3708/3708/3928
f 3649/3649/3845 3708/3708/3929 3709/3709/3869
f 3709/3709/3869 3650/3650/3846 3649/3649/3845
f 3667/3667/3866 3647/3647/3843 3646/3646/3842
f 3646/3646/3842 3676/3676/3881 3667/3667/3866
f 3668/3668/3846 3667/3667/3868 3676/3676/3888
f 3676/3676/3888 3681/3681/3847 3668/3668/3846
f 3710/3710/3885 3654/3654/3850 3653/3653/3849
f 3653/3653/3849 3711/3711/3930 3710/3710/3885
f 3651/3651/3847 3710/3710/3887 3711/3711/3931
f 3711/3711/3931 3648/3648/3844 3651/3651/3847
f 3697/3697/3911 3696/3696/3910 3670/3670/3872
f 3670/3670/3872 3669/3669/3871 3697/3697/3911
f 3699/3699/3914 3697/3697/3913 3669/3669/3880
f 3669/3669/3880 3675/3675/3879 3699/3699/3914
f 3677/3677/3882 3646/3646/3842 3645/3645/3841
f 3645/3645/3841 3702/3702/3919 3677/3677/3882
f 3679/3679/3850 3677/3677/3884 3702/3702/3926
f 3702/3702/3926 3707/3707/3851 3679/3679/3850
f 3712/3712/3923 3642/3642/3838 3641/3641/3837
f 3641/3641/3837 3713/3713/3932 3712/3712/3923
f 3655/3655/3851 3714/3714/3925 3715/3715/3933
f 3715/3715/3933 3652/3652/3848 3655/3655/3851
f 3684/3684/3892 3683/3683/3891 3696/3696/3910
f 3696/3696/3910 3695/3695/3909 3684/3684/3892
f 3686/3686/3895 3684/3684/3894 3695/3695/3918
f 3695/3695/3918 3701/3701/3917 3686/3686/3895
f 3703/3703/3920 3645/3645/3841 3644/3644/3840
f 3644/3644/3840 3689/3689/3900 3703/3703/3920
f 3705/3705/3838 3703/3703/3922 3689/3689/3907
f 3689/3689/3907 3694/3694/3839 3705/3705/3838
f 3716/3716/3904 3638/3638/3834 3637/3637/3833
f 3637/3637/3833 3717/3717/3934 3716/3716/3904
f 3643/3643/3839 3716/3716/3906 3717/3717/3935
f 3717/3717/3935 3640/3640/3836 3643/3643/3839
f 3658/3658/3854 3657/3657/3853 3683/3683/3891
f 3683/3683/3891 3682/3682/3890 3658/3658/3854
f 3660/3660/3857 3658/3658/3856 3682/3682/3899
f 3682/3682/3899 3688/3688/3898 3660/3660/3857
f 3690/3690/3901 3644/3644/3840 3647/3647/3843
f 3647/3647/3843 3665/3665/3865 3690/3690/3901
f 3692/3692/3834 3690/3690/3903 3665/3665/3863
f 3665/3665/3863 3664/3664/3835 3692/3692/3834
f 3657/3657/3853 3670/3670/3872 3696/3696/3910
f 3696/3696/3910 3683/3683/3891 3657/3657/3853
f 3718/3718/3936 3719/3719/3937 3720/3720/3938
f 3720/3720/3938 3721/3721/3939 3718/3718/3936
f 3722/3722/3940 3723/3723/3941 3724/3724/3942
f 3724/3724/3942 3725/3725/3943 3722/3722/3940
f 3726/3726/3944 3727/3727/3945 3728/3728/3946
f 3728/3728/3946 3729/3729/3947 3726/3726/3944
f 3730/3730/3948 3731/3731/3949 3732/3732/3950
f 3732/3732/3950 3733/3733/3951 3730/3730/3948
f 3734/3734/3952 3735/3735/3953 3736/3736/3954
f 3736/3736/3954 3737/3737/3955 3734/3734/3952
f 3738/3738/3956 3739/3739/3957 3740/3740/3958
f 3740/3740/3958 3741/3741/3959 3738/3738/3956
f 3740/3740/3960 3742/3742/3936 3743/3743/3961
f 3743/3743/3961 3741/3741/3962 3740/3740/3960
f 3743/3743/3963 3744/3744/3949 3738/3738/3964
f 3738/3738/3964 3741/3741/3965 3743/3743/3963
f 3745/3745/3966 3746/3746/3939 3747/3747/3967
f 3747/3747/3967 3748/3748/3968 3745/3745/3966
f 3747/3747/3969 3729/3729/3947 3749/3749/3970
f 3749/3749/3970 3748/3748/3971 3747/3747/3969
f 3749/3749/3972 3750/3750/3973 3745/3745/3974
f 3745/3745/3974 3748/3748/3974 3749/3749/3972
f 3751/3751/3975 3752/3752/3976 3753/3753/3977
f 3753/3753/3977 3754/3754/3978 3751/3751/3975
f 3753/3753/3979 3755/3755/3948 3756/3756/3980
f 3756/3756/3980 3754/3754/3981 3753/3753/3979
f 3756/3756/3982 3757/3757/3953 3751/3751/3983
f 3751/3751/3983 3754/3754/3984 3756/3756/3982
f 3758/3758/3985 3728/3728/3946 3759/3759/3986
f 3759/3759/3986 3760/3760/3987 3758/3758/3985
f 3759/3759/3988 3761/3761/3954 3762/3762/3989
f 3762/3762/3989 3760/3760/3990 3759/3759/3988
f 3762/3762/3991 3763/3763/3992 3758/3758/3993
f 3758/3758/3993 3760/3760/3991 3762/3762/3991
f 3764/3764/3994 3765/3765/3995 3766/3766/3996
f 3766/3766/3996 3767/3767/3997 3764/3764/3994
f 3766/3766/3998 3768/3768/3940 3769/3769/3999
f 3769/3769/3999 3767/3767/4000 3766/3766/3998
f 3769/3769/4001 3770/3770/3937 3764/3764/4002
f 3764/3764/4002 3767/3767/4003 3769/3769/4001
f 3771/3771/4004 3726/3726/3944 3772/3772/4005
f 3772/3772/4005 3773/3773/4006 3771/3771/4004
f 3772/3772/4007 3774/3774/3938 3775/3775/4008
f 3775/3775/4008 3773/3773/4009 3772/3772/4007
f 3775/3775/4010 3776/3776/4011 3771/3771/4012
f 3771/3771/4012 3773/3773/4010 3775/3775/4010
f 3777/3777/4013 3778/3778/4014 3779/3779/4015
f 3779/3779/4015 3780/3780/4016 3777/3777/4013
f 3779/3779/4017 3781/3781/3952 3782/3782/4018
f 3782/3782/4018 3780/3780/4019 3779/3779/4017
f 3782/3782/4020 3783/3783/3941 3777/3777/4021
f 3777/3777/4021 3780/3780/4022 3782/3782/4020
f 3784/3784/4023 3727/3727/3945 3785/3785/4024
f 3785/3785/4024 3786/3786/4025 3784/3784/4023
f 3785/3785/4026 3787/3787/4027 3788/3788/4028
f 3788/3788/4028 3786/3786/4028 3785/3785/4026
f 3788/3788/4029 3789/3789/3955 3784/3784/4030
f 3784/3784/4030 3786/3786/4031 3788/3788/4029
f 3753/3753/3977 3752/3752/3976 3739/3739/3957
f 3739/3739/3957 3738/3738/3956 3753/3753/3977
f 3755/3755/3948 3753/3753/3979 3738/3738/3964
f 3738/3738/3964 3744/3744/3949 3755/3755/3948
f 3790/3790/3961 3718/3718/3936 3721/3721/3939
f 3721/3721/3939 3791/3791/3966 3790/3790/3961
f 3731/3731/3949 3790/3790/3963 3791/3791/4032
f 3791/3791/4032 3732/3732/3950 3731/3731/3949
f 3749/3749/3970 3729/3729/3947 3728/3728/3946
f 3728/3728/3946 3758/3758/3985 3749/3749/3970
f 3750/3750/3973 3749/3749/3972 3758/3758/3993
f 3758/3758/3993 3763/3763/3992 3750/3750/3973
f 3792/3792/3989 3736/3736/3954 3735/3735/3953
f 3735/3735/3953 3793/3793/3982 3792/3792/3989
f 3733/3733/3951 3792/3792/4033 3793/3793/3980
f 3793/3793/3980 3730/3730/3948 3733/3733/3951
f 3779/3779/4015 3778/3778/4014 3752/3752/3976
f 3752/3752/3976 3751/3751/3975 3779/3779/4015
f 3781/3781/3952 3779/3779/4017 3751/3751/3983
f 3751/3751/3983 3757/3757/3953 3781/3781/3952
f 3759/3759/3986 3728/3728/3946 3727/3727/3945
f 3727/3727/3945 3784/3784/4023 3759/3759/3986
f 3761/3761/3954 3759/3759/3988 3784/3784/4030
f 3784/3784/4030 3789/3789/3955 3761/3761/3954
f 3794/3794/4034 3724/3724/3942 3723/3723/3941
f 3723/3723/3941 3795/3795/4020 3794/3794/4034
f 3737/3737/3955 3796/3796/4029 3797/3797/4018
f 3797/3797/4018 3734/3734/3952 3737/3737/3955
f 3766/3766/3996 3765/3765/3995 3778/3778/4014
f 3778/3778/4014 3777/3777/4013 3766/3766/3996
f 3768/3768/3940 3766/3766/3998 3777/3777/4021
f 3777/3777/4021 3783/3783/3941 3768/3768/3940
f 3785/3785/4024 3727/3727/3945 3726/3726/3944
f 3726/3726/3944 3771/3771/4004 3785/3785/4024
f 3787/3787/4027 3785/3785/4026 3771/3771/4012
f 3771/3771/4012 3776/3776/4011 3787/3787/4027
f 3798/3798/4008 3720/3720/3938 3719/3719/3937
f 3719/3719/3937 3799/3799/4001 3798/3798/4008
f 3725/3725/3943 3798/3798/4035 3799/3799/3999
f 3799/3799/3999 3722/3722/3940 3725/3725/3943
f 3740/3740/3958 3739/3739/3957 3765/3765/3995
f 3765/3765/3995 3764/3764/3994 3740/3740/3958
f 3742/3742/3936 3740/3740/3960 3764/3764/4002
f 3764/3764/4002 3770/3770/3937 3742/3742/3936
f 3772/3772/4005 3726/3726/3944 3729/3729/3947
f 3729/3729/3947 3747/3747/3969 3772/3772/4005
f 3774/3774/3938 3772/3772/4007 3747/3747/3967
f 3747/3747/3967 3746/3746/3939 3774/3774/3938
f 3739/3739/3957 3752/3752/3976 3778/3778/4014
f 3778/3778/4014 3765/3765/3995 3739/3739/3957
f 3800/3800/4036 3801/3801/4037 3802/3802/4038
f 3802/3802/4038 3803/3803/4039 3800/3800/4036
f 3804/3804/4040 3805/3805/4041 3806/3806/4042
f 3806/3806/4042 3807/3807/4043 3804/3804/4040
f 3808/3808/4044 3809/3809/4045 3810/3810/4046
f 3810/3810/4046 3811/3811/4047 3808/3808/4044
f 3812/3812/4048 3813/3813/4049 3814/3814/4050
f 3814/3814/4050 3815/3815/4051 3812/3812/4048
f 3816/3816/4052 3817/3817/4053 3818/3818/4054
f 3818/3818/4054 3819/3819/4055 3816/3816/4052
f 3820/3820/4056 3821/3821/4057 3822/3822/4058
f 3822/3822/4058 3823/3823/4059 3820/3820/4056
f 3822/3822/4060 3824/3824/4036 3825/3825/4061
f 3825/3825/4061 3823/3823/4062 3822/3822/4060
f 3825/3825/4063 3826/3826/4064 3820/3820/4065
f 3820/3820/4065 3823/3823/4063 3825/3825/4063
f 3827/3827/4066 3828/3828/4039 3829/3829/4067
f 3829/3829/4067 3830/3830/4068 3827/3827/4066
f 3829/3829/4069 3811/3811/4047 3831/3831/4070
f 3831/3831/4070 3830/3830/4071 3829/3829/4069
f 3831/3831/4072 3832/3832/4050 3827/3827/4073
f 3827/3827/4073 3830/3830/4074 3831/3831/4072
f 3833/3833/4075 3834/3834/4076 3835/3835/4077
f 3835/3835/4077 3836/3836/4078 3833/3833/4075
f 3835/3835/4079 3837/3837/4080 3838/3838/4081
f 3838/3838/4081 3836/3836/4081 3835/3835/4079
f 3838/3838/4082 3839/3839/4053 3833/3833/4083
f 3833/3833/4083 3836/3836/4084 3838/3838/4082
f 3840/3840/4085 3810/3810/4046 3841/3841/4086
f 3841/3841/4086 3842/3842/4087 3840/3840/4085
f 3841/3841/4088 3843/3843/4054 3844/3844/4089
f 3844/3844/4089 3842/3842/4090 3841/3841/4088
f 3844/3844/4091 3845/3845/4051 3840/3840/4092
f 3840/3840/4092 3842/3842/4093 3844/3844/4091
f 3846/3846/4094 3847/3847/4095 3848/3848/4096
f 3848/3848/4096 3849/3849/4097 3846/3846/4094
f 3848/3848/4098 3850/3850/4099 3851/3851/4100
f 3851/3851/4100 3849/3849/4100 3848/3848/4098
f 3851/3851/4101 3852/3852/4037 3846/3846/4102
f 3846/3846/4102 3849/3849/4103 3851/3851/4101
f 3853/3853/4104 3808/3808/4044 3854/3854/4105
f 3854/3854/4105 3855/3855/4106 3853/3853/4104
f 3854/3854/4107 3856/3856/4038 3857/3857/4108
f 3857/3857/4108 3855/3855/4109 3854/3854/4107
f 3857/3857/4110 3858/3858/4043 3853/3853/4111
f 3853/3853/4111 3855/3855/4112 3857/3857/4110
f 3859/3859/4113 3860/3860/4114 3861/3861/4115
f 3861/3861/4115 3862/3862/4116 3859/3859/4113
f 3861/3861/4117 3863/3863/4052 3864/3864/4118
f 3864/3864/4118 3862/3862/4119 3861/3861/4117
f 3864/3864/4120 3865/3865/4121 3859/3859/4122
f 3859/3859/4122 3862/3862/4120 3864/3864/4120
f 3866/3866/4123 3809/3809/4045 3867/3867/4124
f 3867/3867/4124 3868/3868/4125 3866/3866/4123
f 3867/3867/4126 3869/3869/4042 3870/3870/4127
f 3870/3870/4127 3868/3868/4128 3867/3867/4126
f 3870/3870/4129 3871/3871/4055 3866/3866/4130
f 3866/3866/4130 3868/3868/4131 3870/3870/4129
f 3835/3835/4077 3834/3834/4076 3821/3821/4057
f 3821/3821/4057 3820/3820/4056 3835/3835/4077
f 3837/3837/4080 3835/3835/4079 3820/3820/4065
f 3820/3820/4065 3826/3826/4064 3837/3837/4080
f 3872/3872/4061 3800/3800/4036 3803/3803/4039
f 3803/3803/4039 3873/3873/4066 3872/3872/4061
f 3813/3813/4049 3872/3872/4132 3873/3873/4073
f 3873/3873/4073 3814/3814/4050 3813/3813/4049
f 3831/3831/4070 3811/3811/4047 3810/3810/4046
f 3810/3810/4046 3840/3840/4085 3831/3831/4070
f 3832/3832/4050 3831/3831/4072 3840/3840/4092
f 3840/3840/4092 3845/3845/4051 3832/3832/4050
f 3874/3874/4089 3818/3818/4054 3817/3817/4053
f 3817/3817/4053 3875/3875/4082 3874/3874/4089
f 3815/3815/4051 3874/3874/4091 3875/3875/4133
f 3875/3875/4133 3812/3812/4048 3815/3815/4051
f 3861/3861/4115 3860/3860/4114 3834/3834/4076
f 3834/3834/4076 3833/3833/4075 3861/3861/4115
f 3863/3863/4052 3861/3861/4117 3833/3833/4083
f 3833/3833/4083 3839/3839/4053 3863/3863/4052
f 3841/3841/4086 3810/3810/4046 3809/3809/4045
f 3809/3809/4045 3866/3866/4123 3841/3841/4086
f 3843/3843/4054 3841/3841/4088 3866/3866/4130
f 3866/3866/4130 3871/3871/4055 3843/3843/4054
f 3876/3876/4127 3806/3806/4042 3805/3805/4041
f 3805/3805/4041 3877/3877/4134 3876/3876/4127
f 3819/3819/4055 3878/3878/4129 3879/3879/4118
f 3879/3879/4118 3816/3816/4052 3819/3819/4055
f 3848/3848/4096 3847/3847/4095 3860/3860/4114
f 3860/3860/4114 3859/3859/4113 3848/3848/4096
f 3850/3850/4099 3848/3848/4098 3859/3859/4122
f 3859/3859/4122 3865/3865/4121 3850/3850/4099
f 3867/3867/4124 3809/3809/4045 3808/3808/4044
f 3808/3808/4044 3853/3853/4104 3867/3867/4124
f 3869/3869/4042 3867/3867/4126 3853/3853/4111
f 3853/3853/4111 3858/3858/4043 3869/3869/4042
f 3880/3880/4108 3802/3802/4038 3801/3801/4037
f 3801/3801/4037 3881/3881/4101 3880/3880/4108
f 3807/3807/4043 3880/3880/4110 3881/3881/4135
f 3881/3881/4135 3804/3804/4040 3807/3807/4043
f 3822/3822/4058 3821/3821/4057 3847/3847/4095
f 3847/3847/4095 3846/3846/4094 3822/3822/4058
f 3824/3824/4036 3822/3822/4060 3846/3846/4102
f 3846/3846/4102 3852/3852/4037 3824/3824/4036
f 3854/3854/4105 3808/3808/4044 3811/3811/4047
f 3811/3811/4047 3829/3829/4069 3854/3854/4105
f 3856/3856/4038 3854/3854/4107 3829/3829/4067
f 3829/3829/4067 3828/3828/4039 3856/3856/4038
f 3821/3821/4057 3834/3834/4076 3860/3860/4114
f 3860/3860/4114 3847/3847/4095 3821/3821/4057
f 3882/3882/4136 3883/3883/4137 3884/3884/4138
f 3884/3884/4138 3885/3885/4139 3882/3882/4136
f 3886/3886/4140 3887/3887/4141 3888/3888/4142
f 3888/3888/4142 3889/3889/4143 3886/3886/4140
f 3890/3890/4144 3891/3891/4145 3892/3892/4146
f 3892/3892/4146 3893/3893/4147 3890/3890/4144
f 3894/3894/4148 3895/3895/4149 3896/3896/4150
f 3896/3896/4150 3897/3897/4151 3894/3894/4148
f 3898/3898/4152 3899/3899/4153 3900/3900/4154
f 3900/3900/4154 3901/3901/4155 3898/3898/4152
f 3902/3902/4156 3903/3903/4157 3904/3904/4158
f 3904/3904/4158 3905/3905/4159 3902/3902/4156
f 3904/3904/4160 3906/3906/4136 3907/3907/4161
f 3907/3907/4161 3905/3905/4162 3904/3904/4160
f 3907/3907/4163 3908/3908/4149 3902/3902/4164
f 3902/3902/4164 3905/3905/4165 3907/3907/4163
f 3909/3909/4166 3910/3910/4139 3911/3911/4167
f 3911/3911/4167 3912/3912/4168 3909/3909/4166
f 3911/3911/4169 3893/3893/4147 3913/3913/4170
f 3913/3913/4170 3912/3912/4171 3911/3911/4169
f 3913/3913/4172 3914/3914/4173 3909/3909/4174
f 3909/3909/4174 3912/3912/4174 3913/3913/4172
f 3915/3915/4175 3916/3916/4176 3917/3917/4177
f 3917/3917/4177 3918/3918/4178 3915/3915/4175
f 3917/3917/4179 3919/3919/4148 3920/3920/4180
f 3920/3920/4180 3918/3918/4181 3917/3917/4179
f 3920/3920/4182 3921/3921/4153 3915/3915/4183
f 3915/3915/4183 3918/3918/4184 3920/3920/4182
f 3922/3922/4185 3892/3892/4146 3923/3923/4186
f 3923/3923/4186 3924/3924/4187 3922/3922/4185
f 3923/3923/4188 3925/3925/4154 3926/3926/4189
f 3926/3926/4189 3924/3924/4190 3923/3923/4188
f 3926/3926/4191 3927/3927/4192 3922/3922/4193
f 3922/3922/4193 3924/3924/4191 3926/3926/4191
f 3928/3928/4194 3929/3929/4195 3930/3930/4196
f 3930/3930/4196 3931/3931/4197 3928/3928/4194
f 3930/3930/4198 3932/3932/4199 3933/3933/4200
f 3933/3933/4200 3931/3931/4200 3930/3930/4198
f 3933/3933/4201 3934/3934/4202 3928/3928/4203
f 3928/3928/4203 3931/3931/4201 3933/3933/4201
f 3935/3935/4204 3890/3890/4144 3936/3936/4205
f 3936/3936/4205 3937/3937/4206 3935/3935/4204
f 3936/3936/4207 3938/3938/4138 3939/3939/4208
f 3939/3939/4208 3937/3937/4209 3936/3936/4207
f 3939/3939/4210 3940/3940/4143 3935/3935/4211
f 3935/3935/4211 3937/3937/4212 3939/3939/4210
f 3941/3941/4213 3942/3942/4214 3943/3943/4215
f 3943/3943/4215 3944/3944/4216 3941/3941/4213
f 3943/3943/4217 3945/3945/4218 3946/3946/4219
f 3946/3946/4219 3944/3944/4219 3943/3943/4217
f 3946/3946/4220 3947/3947/4221 3941/3941/4222
f 3941/3941/4222 3944/3944/4220 3946/3946/4220
f 3948/3948/4223 3891/3891/4145 3949/3949/4224
f 3949/3949/4224 3950/3950/4225 3948/3948/4223
f 3949/3949/4226 3951/3951/4142 3952/3952/4227
f 3952/3952/4227 3950/3950/4228 3949/3949/4226
f 3952/3952/4229 3953/3953/4155 3948/3948/4230
f 3948/3948/4230 3950/3950/4231 3952/3952/4229
f 3917/3917/4177 3916/3916/4176 3903/3903/4157
f 3903/3903/4157 3902/3902/4156 3917/3917/4177
f 3919/3919/4148 3917/3917/4179 3902/3902/4164
f 3902/3902/4164 3908/3908/4149 3919/3919/4148
f 3954/3954/4161 3882/3882/4136 3885/3885/4139
f 3885/3885/4139 3955/3955/4166 3954/3954/4161
f 3895/3895/4149 3954/3954/4163 3955/3955/4232
f 3955/3955/4232 3896/3896/4150 3895/3895/4149
f 3913/3913/4170 3893/3893/4147 3892/3892/4146
f 3892/3892/4146 3922/3922/4185 3913/3913/4170
f 3914/3914/4173 3913/3913/4172 3922/3922/4193
f 3922/3922/4193 3927/3927/4192 3914/3914/4173
f 3956/3956/4189 3900/3900/4154 3899/3899/4153
f 3899/3899/4153 3957/3957/4182 3956/3956/4189
f 3897/3897/4151 3956/3956/4233 3957/3957/4180
f 3957/3957/4180 3894/3894/4148 3897/3897/4151
f 3943/3943/4215 3942/3942/4214 3916/3916/4176
f 3916/3916/4176 3915/3915/4175 3943/3943/4215
f 3945/3945/4218 3943/3943/4217 3915/3915/4183
f 3915/3915/4183 3921/3921/4153 3945/3945/4218
f 3923/3923/4186 3892/3892/4146 3891/3891/4145
f 3891/3891/4145 3948/3948/4223 3923/3923/4186
f 3925/3925/4154 3923/3923/4188 3948/3948/4230
f 3948/3948/4230 3953/3953/4155 3925/3925/4154
f 3958/3958/4227 3888/3888/4142 3887/3887/4141
f 3887/3887/4141 3959/3959/4234 3958/3958/4227
f 3901/3901/4155 3960/3960/4229 3961/3961/4235
f 3961/3961/4235 3898/3898/4152 3901/3901/4155
f 3930/3930/4196 3929/3929/4195 3942/3942/4214
f 3942/3942/4214 3941/3941/4213 3930/3930/4196
f 3932/3932/4199 3930/3930/4198 3941/3941/4222
f 3941/3941/4222 3947/3947/4221 3932/3932/4199
f 3949/3949/4224 3891/3891/4145 3890/3890/4144
f 3890/3890/4144 3935/3935/4204 3949/3949/4224
f 3951/3951/4142 3949/3949/4226 3935/3935/4211
f 3935/3935/4211 3940/3940/4143 3951/3951/4142
f 3962/3962/4208 3884/3884/4138 3883/3883/4137
f 3883/3883/4137 3963/3963/4236 3962/3962/4208
f 3889/3889/4143 3962/3962/4210 3963/3963/4237
f 3963/3963/4237 3886/3886/4140 3889/3889/4143
f 3904/3904/4158 3903/3903/4157 3929/3929/4195
f 3929/3929/4195 3928/3928/4194 3904/3904/4158
f 3906/3906/4136 3904/3904/4160 3928/3928/4203
f 3928/3928/4203 3934/3934/4202 3906/3906/4136
f 3936/3936/4205 3890/3890/4144 3893/3893/4147
f 3893/3893/4147 3911/3911/4169 3936/3936/4205
f 3938/3938/4138 3936/3936/4207 3911/3911/4167
f 3911/3911/4167 3910/3910/4139 3938/3938/4138
f 3903/3903/4157 3916/3916/4176 3942/3942/4214
f 3942/3942/4214 3929/3929/4195 3903/3903/4157
f 3964/3964/4238 3965/3965/4239 3966/3966/4240
f 3966/3966/4240 3967/3967/4241 3964/3964/4238
f 3968/3968/4242 3969/3969/4243 3970/3970/4244
f 3970/3970/4244 3971/3971/4245 3968/3968/4242
f 3972/3972/4246 3973/3973/4247 3974/3974/4248
f 3974/3974/4248 3975/3975/4249 3972/3972/4246
f 3976/3976/4250 3977/3977/4251 3978/3978/4252
f 3978/3978/4252 3979/3979/4253 3976/3976/4250
f 3980/3980/4254 3981/3981/4255 3982/3982/4256
f 3982/3982/4256 3983/3983/4257 3980/3980/4254
f 3984/3984/4258 3985/3985/4259 3986/3986/4260
f 3986/3986/4260 3987/3987/4261 3984/3984/4258
f 3986/3986/4262 3988/3988/4238 3989/3989/4263
f 3989/3989/4263 3987/3987/4264 3986/3986/4262
f 3989/3989/4265 3990/3990/4251 3984/3984/4266
f 3984/3984/4266 3987/3987/4267 3989/3989/4265
f 3991/3991/4268 3992/3992/4241 3993/3993/4269
f 3993/3993/4269 3994/3994/4270 3991/3991/4268
f 3993/3993/4271 3975/3975/4249 3995/3995/4272
f 3995/3995/4272 3994/3994/4273 3993/3993/4271
f 3995/3995/4274 3996/3996/4275 3991/3991/4276
f 3991/3991/4276 3994/3994/4276 3995/3995/4274
f 3997/3997/4277 3998/3998/4278 3999/3999/4279
f 3999/3999/4279 4000/4000/4280 3997/3997/4277
f 3999/3999/4281 4001/4001/4250 4002/4002/4282
f 4002/4002/4282 4000/4000/4283 3999/3999/4281
f 4002/4002/4284 4003/4003/4255 3997/3997/4285
f 3997/3997/4285 4000/4000/4286 4002/4002/4284
f 4004/4004/4287 3974/3974/4248 4005/4005/4288
f 4005/4005/4288 4006/4006/4289 4004/4004/4287
f 4005/4005/4290 4007/4007/4256 4008/4008/4291
f 4008/4008/4291 4006/4006/4292 4005/4005/4290
f 4008/4008/4293 4009/4009/4294 4004/4004/4295
f 4004/4004/4295 4006/4006/4293 4008/4008/4293
f 4010/4010/4296 4011/4011/4297 4012/4012/4298
f 4012/4012/4298 4013/4013/4299 4010/4010/4296
f 4012/4012/4300 4014/4014/4242 4015/4015/4301
f 4015/4015/4301 4013/4013/4302 4012/4012/4300
f 4015/4015/4303 4016/4016/4239 4010/4010/4304
f 4010/4010/4304 4013/4013/4305 4015/4015/4303
f 4017/4017/4306 3972/3972/4246 4018/4018/4307
f 4018/4018/4307 4019/4019/4308 4017/4017/4306
f 4018/4018/4309 4020/4020/4240 4021/4021/4310
f 4021/4021/4310 4019/4019/4311 4018/4018/4309
f 4021/4021/4312 4022/4022/4313 4017/4017/4314
f 4017/4017/4314 4019/4019/4312 4021/4021/4312
f 4023/4023/4315 4024/4024/4316 4025/4025/4317
f 4025/4025/4317 4026/4026/4318 4023/4023/4315
f 4025/4025/4319 4027/4027/4254 4028/4028/4320
f 4028/4028/4320 4026/4026/4321 4025/4025/4319
f 4028/4028/4322 4029/4029/4243 4023/4023/4323
f 4023/4023/4323 4026/4026/4324 4028/4028/4322
f 4030/4030/4325 3973/3973/4247 4031/4031/4326
f 4031/4031/4326 4032/4032/4327 4030/4030/4325
f 4031/4031/4328 4033/4033/4329 4034/4034/4330
f 4034/4034/4330 4032/4032/4330 4031/4031/4328
f 4034/4034/4331 4035/4035/4257 4030/4030/4332
f 4030/4030/4332 4032/4032/4333 4034/4034/4331
f 3999/3999/4279 3998/3998/4278 3985/3985/4259
f 3985/3985/4259 3984/3984/4258 3999/3999/4279
f 4001/4001/4250 3999/3999/4281 3984/3984/4266
f 3984/3984/4266 3990/3990/4251 4001/4001/4250
f 4036/4036/4263 3964/3964/4238 3967/3967/4241
f 3967/3967/4241 4037/4037/4268 4036/4036/4263
f 3977/3977/4251 4036/4036/4265 4037/4037/4334
f 4037/4037/4334 3978/3978/4252 3977/3977/4251
f 3995/3995/4272 3975/3975/4249 3974/3974/4248
f 3974/3974/4248 4004/4004/4287 3995/3995/4272
f 3996/3996/4275 3995/3995/4274 4004/4004/4295
f 4004/4004/4295 4009/4009/4294 3996/3996/4275
f 4038/4038/4291 3982/3982/4256 3981/3981/4255
f 3981/3981/4255 4039/4039/4284 4038/4038/4291
f 3979/3979/4253 4038/4038/4335 4039/4039/4282
f 4039/4039/4282 3976/3976/4250 3979/3979/4253
f 4025/4025/4317 4024/4024/4316 3998/3998/4278
f 3998/3998/4278 3997/3997/4277 4025/4025/4317
f 4027/4027/4254 4025/4025/4319 3997/3997/4285
f 3997/3997/4285 4003/4003/4255 4027/4027/4254
f 4005/4005/4288 3974/3974/4248 3973/3973/4247
f 3973/3973/4247 4030/4030/4325 4005/4005/4288
f 4007/4007/4256 4005/4005/4290 4030/4030/4332
f 4030/4030/4332 4035/4035/4257 4007/4007/4256
f 4040/4040/4336 3970/3970/4244 3969/3969/4243
f 3969/3969/4243 4041/4041/4322 4040/4040/4336
f 3983/3983/4257 4042/4042/4331 4043/4043/4320
f 4043/4043/4320 3980/3980/4254 3983/3983/4257
f 4012/4012/4298 4011/4011/4297 4024/4024/4316
f 4024/4024/4316 4023/4023/4315 4012/4012/4298
f 4014/4014/4242 4012/4012/4300 4023/4023/4323
f 4023/4023/4323 4029/4029/4243 4014/4014/4242
f 4031/4031/4326 3973/3973/4247 3972/3972/4246
f 3972/3972/4246 4017/4017/4306 4031/4031/4326
f 4033/4033/4329 4031/4031/4328 4017/4017/4314
f 4017/4017/4314 4022/4022/4313 4033/4033/4329
f 4044/4044/4310 3966/3966/4240 3965/3965/4239
f 3965/3965/4239 4045/4045/4303 4044/4044/4310
f 3971/3971/4245 4044/4044/4337 4045/4045/4301
f 4045/4045/4301 3968/3968/4242 3971/3971/4245
f 3986/3986/4260 3985/3985/4259 4011/4011/4297
f 4011/4011/4297 4010/4010/4296 3986/3986/4260
f 3988/3988/4238 3986/3986/4262 4010/4010/4304
f 4010/4010/4304 4016/4016/4239 3988/3988/4238
f 4018/4018/4307 3972/3972/4246 3975/3975/4249
f 3975/3975/4249 3993/3993/4271 4018/4018/4307
f 4020/4020/4240 4018/4018/4309 3993/3993/4269
f 3993/3993/4269 3992/3992/4241 4020/4020/4240
f 3985/3985/4259 3998/3998/4278 4024/4024/4316
f 4024/4024/4316 4011/4011/4297 3985/3985/4259
f 4046/4046/4338 4047/4047/4339 4048/4048/4340
f 4048/4048/4340 4049/4049/4341 4046/4046/4338
f 4050/4050/4342 4051/4051/4343 4052/4052/4344
f 4052/4052/4344 4053/4053/4345 4050/4050/4342
f 4054/4054/4346 4055/4055/4347 4056/4056/4348
f 4056/4056/4348 4057/4057/4349 4054/4054/4346
f 4058/4058/4350 4059/4059/4351 4060/4060/4352
f 4060/4060/4352 4061/4061/4353 4058/4058/4350
f 4062/4062/4354 4063/4063/4355 4064/4064/4356
f 4064/4064/4356 4065/4065/4357 4062/4062/4354
f 4066/4066/4358 4067/4067/4359 4068/4068/4360
f 4068/4068/4360 4069/4069/4361 4066/4066/4358
f 4068/4068/4362 4070/4070/4363 4071/4071/4364
f 4071/4071/4364 4069/4069/4364 4068/4068/4362
f 4071/4071/4365 4072/4072/4366 4066/4066/4367
f 4066/4066/4367 4069/4069/4365 4071/4071/4365
f 4073/4073/4368 4074/4074/4341 4075/4075/4369
f 4075/4075/4369 4076/4076/4370 4073/4073/4368
f 4075/4075/4371 4057/4057/4349 4077/4077/4372
f 4077/4077/4372 4076/4076/4373 4075/4075/4371
f 4077/4077/4374 4078/4078/4352 4073/4073/4375
f 4073/4073/4375 4076/4076/4376 4077/4077/4374
f 4079/4079/4377 4080/4080/4378 4081/4081/4379
f 4081/4081/4379 4082/4082/4380 4079/4079/4377
f 4081/4081/4381 4083/4083/4382 4084/4084/4383
f 4084/4084/4383 4082/4082/4383 4081/4081/4381
f 4084/4084/4384 4085/4085/4385 4079/4079/4386
f 4079/4079/4386 4082/4082/4384 4084/4084/4384
f 4086/4086/4387 4056/4056/4348 4087/4087/4388
f 4087/4087/4388 4088/4088/4389 4086/4086/4387
f 4087/4087/4390 4089/4089/4356 4090/4090/4391
f 4090/4090/4391 4088/4088/4392 4087/4087/4390
f 4090/4090/4393 4091/4091/4353 4086/4086/4394
f 4086/4086/4394 4088/4088/4395 4090/4090/4393
f 4092/4092/4396 4093/4093/4397 4094/4094/4398
f 4094/4094/4398 4095/4095/4399 4092/4092/4396
f 4094/4094/4400 4096/4096/4342 4097/4097/4401
f 4097/4097/4401 4095/4095/4402 4094/4094/4400
f 4097/4097/4403 4098/4098/4339 4092/4092/4404
f 4092/4092/4404 4095/4095/4405 4097/4097/4403
f 4099/4099/4406 4054/4054/4407 4100/4100/4408
f 4100/4100/4408 4101/4101/4408 4099/4099/4406
f 4100/4100/4409 4102/4102/4340 4103/4103/4410
f 4103/4103/4410 4101/4101/4409 4100/4100/4409
f 4103/4103/4411 4104/4104/4345 4099/4099/4412
f 4099/4099/4412 4101/4101/4413 4103/4103/4411
f 4105/4105/4414 4106/4106/4415 4107/4107/4416
f 4107/4107/4416 4108/4108/4417 4105/4105/4414
f 4107/4107/4418 4109/4109/4354 4110/4110/4419
f 4110/4110/4419 4108/4108/4420 4107/4107/4418
f 4110/4110/4421 4111/4111/4343 4105/4105/4422
f 4105/4105/4422 4108/4108/4423 4110/4110/4421
f 4112/4112/4424 4055/4055/4425 4113/4113/4426
f 4113/4113/4426 4114/4114/4424 4112/4112/4424
f 4113/4113/4427 4115/4115/4344 4116/4116/4428
f 4116/4116/4428 4114/4114/4429 4113/4113/4427
f 4116/4116/4430 4117/4117/4357 4112/4112/4431
f 4112/4112/4431 4114/4114/4431 4116/4116/4430
f 4081/4081/4379 4080/4080/4378 4067/4067/4359
f 4067/4067/4359 4066/4066/4358 4081/4081/4379
f 4083/4083/4382 4081/4081/4381 4066/4066/4367
f 4066/4066/4367 4072/4072/4366 4083/4083/4382
f 4118/4118/4432 4046/4046/4338 4049/4049/4341
f 4049/4049/4341 4119/4119/4368 4118/4118/4432
f 4059/4059/4351 4118/4118/4433 4119/4119/4375
f 4119/4119/4375 4060/4060/4352 4059/4059/4351
f 4077/4077/4372 4057/4057/4349 4056/4056/4348
f 4056/4056/4348 4086/4086/4387 4077/4077/4372
f 4078/4078/4352 4077/4077/4374 4086/4086/4394
f 4086/4086/4394 4091/4091/4353 4078/4078/4352
f 4120/4120/4391 4064/4064/4356 4063/4063/4355
f 4063/4063/4355 4121/4121/4434 4120/4120/4391
f 4061/4061/4353 4120/4120/4393 4121/4121/4435
f 4121/4121/4435 4058/4058/4350 4061/4061/4353
f 4107/4107/4416 4106/4106/4415 4080/4080/4378
f 4080/4080/4378 4079/4079/4377 4107/4107/4416
f 4109/4109/4354 4107/4107/4418 4079/4079/4386
f 4079/4079/4386 4085/4085/4385 4109/4109/4354
f 4087/4087/4388 4056/4056/4348 4055/4055/4347
f 4055/4055/4347 4112/4112/4436 4087/4087/4388
f 4089/4089/4356 4087/4087/4390 4112/4112/4437
f 4112/4112/4437 4117/4117/4437 4089/4089/4356
f 4122/4122/4428 4052/4052/4344 4051/4051/4343
f 4051/4051/4343 4123/4123/4421 4122/4122/4428
f 4065/4065/4357 4124/4124/4430 4125/4125/4419
f 4125/4125/4419 4062/4062/4354 4065/4065/4357
f 4094/4094/4398 4093/4093/4397 4106/4106/4415
f 4106/4106/4415 4105/4105/4414 4094/4094/4398
f 4096/4096/4342 4094/4094/4400 4105/4105/4422
f 4105/4105/4422 4111/4111/4343 4096/4096/4342
f 4113/4113/4426 4055/4055/4425 4054/4054/4407
f 4054/4054/4407 4099/4099/4406 4113/4113/4426
f 4115/4115/4344 4113/4113/4427 4099/4099/4412
f 4099/4099/4412 4104/4104/4345 4115/4115/4344
f 4126/4126/4410 4048/4048/4340 4047/4047/4339
f 4047/4047/4339 4127/4127/4403 4126/4126/4410
f 4053/4053/4345 4126/4126/4411 4127/4127/4401
f 4127/4127/4401 4050/4050/4342 4053/4053/4345
f 4068/4068/4360 4067/4067/4359 4093/4093/4397
f 4093/4093/4397 4092/4092/4396 4068/4068/4360
f 4070/4070/4363 4068/4068/4362 4092/4092/4404
f 4092/4092/4404 4098/4098/4339 4070/4070/4363
f 4100/4100/4438 4054/4054/4346 4057/4057/4349
f 4057/4057/4349 4075/4075/4371 4100/4100/4438
f 4102/4102/4439 4100/4100/4439 4075/4075/4369
f 4075/4075/4369 4074/4074/4341 4102/4102/4439
f 4067/4067/4359 4080/4080/4378 4106/4106/4415
f 4106/4106/4415 4093/4093/4397 4067/4067/4359
f 4128/4128/4440 4129/4129/4441 4130/4130/4442
f 4130/4130/4442 4131/4131/4440 4128/4128/4440
f 4132/4132/4443 4133/4133/4444 4134/4134/4445
f 4134/4134/4445 4135/4135/4446 4132/4132/4443
f 4136/4136/4447 4137/4137/4448 4138/4138/4449
f 4138/4138/4449 4139/4139/4450 4136/4136/4447
f 4140/4140/4451 4141/4141/4452 4142/4142/4453
f 4142/4142/4453 4143/4143/4454 4140/4140/4451
f 4144/4144/4455 4145/4145/4456 4146/4146/4457
f 4146/4146/4457 4147/4147/4455 4144/4144/4455
f 4148/4148/4458 4149/4149/4459 4150/4150/4460
f 4150/4150/4460 4151/4151/4461 4148/4148/4458
f 4150/4150/4462 4152/4152/4463 4153/4153/4464
f 4153/4153/4464 4151/4151/4464 4150/4150/4462
f 4153/4153/4465 4154/4154/4452 4148/4148/4466
f 4148/4148/4466 4151/4151/4467 4153/4153/4465
f 4155/4155/4468 4156/4156/4469 4157/4157/4470
f 4157/4157/4470 4158/4158/4468 4155/4155/4468
f 4157/4157/4471 4139/4139/4450 4159/4159/4472
f 4159/4159/4472 4158/4158/4473 4157/4157/4471
f 4159/4159/4474 4160/4160/4475 4155/4155/4476
f 4155/4155/4476 4158/4158/4476 4159/4159/4474
f 4161/4161/4477 4162/4162/4478 4163/4163/4479
f 4163/4163/4479 4164/4164/4480 4161/4161/4477
f 4163/4163/4481 4165/4165/4451 4166/4166/4482
f 4166/4166/4482 4164/4164/4483 4163/4163/4481
f 4166/4166/4484 4167/4167/4485 4161/4161/4486
f 4161/4161/4486 4164/4164/4484 4166/4166/4484
f 4168/4168/4487 4138/4138/4449 4169/4169/4488
f 4169/4169/4488 4170/4170/4489 4168/4168/4487
f 4169/4169/4490 4171/4171/4491 4172/4172/4492
f 4172/4172/4492 4170/4170/4492 4169/4169/4490
f 4172/4172/4493 4173/4173/4494 4168/4168/4495
f 4168/4168/4495 4170/4170/4493 4172/4172/4493
f 4174/4174/4496 4175/4175/4497 4176/4176/4498
f 4176/4176/4498 4177/4177/4499 4174/4174/4496
f 4176/4176/4500 4178/4178/4443 4179/4179/4501
f 4179/4179/4501 4177/4177/4502 4176/4176/4500
f 4179/4179/4503 4180/4180/4504 4174/4174/4505
f 4174/4174/4505 4177/4177/4503 4179/4179/4503
f 4181/4181/4506 4182/4182/4507 4183/4183/4508
f 4183/4183/4508 4184/4184/4509 4181/4181/4506
f 4183/4183/4510 4185/4185/4511 4186/4186/4512
f 4186/4186/4512 4184/4184/4512 4183/4183/4510
f 4186/4186/4513 4187/4187/4514 4181/4181/4515
f 4181/4181/4515 4184/4184/4513 4186/4186/4513
f 4188/4188/4516 4189/4189/4517 4190/4190/4518
f 4190/4190/4518 4191/4191/4519 4188/4188/4516
f 4190/4190/4520 4192/4192/4521 4193/4193/4522
f 4193/4193/4522 4191/4191/4522 4190/4190/4520
f 4193/4193/4523 4194/4194/4444 4188/4188/4524
f 4188/4188/4524 4191/4191/4525 4193/4193/4523
f 4195/4195/4526 4196/4196/4527 4197/4197/4528
f 4197/4197/4528 4198/4198/4529 4195/4195/4526
f 4197/4197/4530 4199/4199/4531 4200/4200/4532
f 4200/4200/4532 4198/4198/4532 4197/4197/4530
f 4200/4200/4533 4201/4201/4534 4195/4195/4535
f 4195/4195/4535 4198/4198/4533 4200/4200/4533
f 4163/4163/4479 4162/4162/4478 4149/4149/4459
f 4149/4149/4459 4148/4148/4458 4163/4163/4479
f 4165/4165/4451 4163/4163/4481 4148/4148/4466
f 4148/4148/4466 4154/4154/4452 4165/4165/4451
f 4202/4202/4536 4128/4128/4536 4131/4131/4536
f 4131/4131/4536 4203/4203/4536 4202/4202/4536
f 4141/4141/4452 4202/4202/4465 4203/4203/4537
f 4203/4203/4537 4142/4142/4453 4141/4141/4452
f 4159/4159/4472 4139/4139/4450 4138/4138/4449
f 4138/4138/4449 4168/4168/4487 4159/4159/4472
f 4160/4160/4475 4159/4159/4474 4168/4168/4495
f 4168/4168/4495 4173/4173/4494 4160/4160/4475
f 4204/4204/4538 4205/4205/4538 4206/4206/4538
f 4206/4206/4538 4207/4207/4538 4204/4204/4538
f 4143/4143/4454 4204/4204/4539 4207/4207/4482
f 4207/4207/4482 4140/4140/4451 4143/4143/4454
f 4208/4208/4540 4209/4209/4541 4162/4162/4478
f 4162/4162/4478 4161/4161/4477 4208/4208/4540
f 4210/4210/4542 4208/4208/4543 4161/4161/4486
f 4161/4161/4486 4167/4167/4485 4210/4210/4542
f 4211/4211/4544 4212/4212/4545 4196/4196/4527
f 4196/4196/4527 4195/4195/4526 4211/4211/4544
f 4213/4213/4546 4211/4211/4547 4195/4195/4535
f 4195/4195/4535 4201/4201/4534 4213/4213/4546
f 4214/4214/4548 4134/4134/4445 4133/4133/4444
f 4133/4133/4444 4215/4215/4523 4214/4214/4548
f 4147/4147/4549 4216/4216/4549 4217/4217/4549
f 4217/4217/4549 4144/4144/4549 4147/4147/4549
f 4176/4176/4498 4175/4175/4497 4189/4189/4517
f 4189/4189/4517 4188/4188/4516 4176/4176/4498
f 4178/4178/4443 4176/4176/4500 4188/4188/4524
f 4188/4188/4524 4194/4194/4444 4178/4178/4443
f 4197/4197/4528 4196/4196/4527 4182/4182/4507
f 4182/4182/4507 4181/4181/4506 4197/4197/4528
f 4199/4199/4531 4197/4197/4530 4181/4181/4515
f 4181/4181/4515 4187/4187/4514 4199/4199/4531
f 4218/4218/4550 4219/4219/4550 4220/4220/4550
f 4220/4220/4550 4221/4221/4550 4218/4218/4550
f 4135/4135/4446 4218/4218/4551 4221/4221/4501
f 4221/4221/4501 4132/4132/4443 4135/4135/4446
f 4222/4222/4552 4223/4223/4553 4175/4175/4497
f 4175/4175/4497 4174/4174/4496 4222/4222/4552
f 4224/4224/4554 4222/4222/4555 4174/4174/4505
f 4174/4174/4505 4180/4180/4504 4224/4224/4554
f 4225/4225/4556 4136/4136/4447 4139/4139/4450
f 4139/4139/4450 4157/4157/4471 4225/4225/4556
f 4226/4226/4557 4225/4225/4558 4157/4157/4470
f 4157/4157/4470 4156/4156/4469 4226/4226/4557
f 4223/4223/4553 4227/4227/4559 4189/4189/4517
f 4189/4189/4517 4175/4175/4497 4223/4223/4553
f 4228/4228/4560 4209/4209/4541 4229/4229/4561
f 4229/4229/4561 4230/4230/4562 4228/4228/4560
f 4231/4231/4563 4232/4232/4564 4233/4233/4565
f 4233/4233/4565 4234/4234/4565 4231/4231/4563
f 4232/4232/4566 4235/4235/4567 4236/4236/4568
f 4236/4236/4568 4233/4233/4569 4232/4232/4566
f 4237/4237/4570 4238/4238/4571 4239/4239/4572
f 4239/4239/4572 4240/4240/4572 4237/4237/4570
f 4238/4238/4573 4228/4228/4560 4230/4230/4562
f 4230/4230/4562 4239/4239/4574 4238/4238/4573
f 4241/4241/4575 4242/4242/4576 4243/4243/4577
f 4243/4243/4577 4244/4244/4577 4241/4241/4575
f 4242/4242/4578 4137/4137/4448 4245/4245/4579
f 4245/4245/4579 4243/4243/4580 4242/4242/4578
f 4246/4246/4581 4247/4247/4582 4248/4248/4583
f 4248/4248/4583 4249/4249/4583 4246/4246/4581
f 4247/4247/4584 4227/4227/4559 4229/4229/4561
f 4229/4229/4561 4248/4248/4585 4247/4247/4584
f 4250/4250/4586 4251/4251/4587 4252/4252/4588
f 4252/4252/4588 4253/4253/4589 4250/4250/4586
f 4235/4235/4567 4212/4212/4545 4245/4245/4579
f 4245/4245/4579 4236/4236/4568 4235/4235/4567
f 4254/4254/4590 4255/4255/4591 4256/4256/4592
f 4256/4256/4592 4257/4257/4593 4254/4254/4590
f 4255/4255/4591 4220/4220/4594 4219/4219/4594
f 4219/4219/4594 4256/4256/4592 4255/4255/4591
f 4182/4182/4507 4196/4196/4527 4212/4212/4545
f 4212/4212/4545 4235/4235/4567 4182/4182/4507
f 4190/4190/4518 4189/4189/4517 4227/4227/4559
f 4227/4227/4559 4247/4247/4584 4190/4190/4518
f 4192/4192/4521 4190/4190/4520 4247/4247/4582
f 4247/4247/4582 4246/4246/4581 4192/4192/4521
f 4183/4183/4508 4182/4182/4507 4235/4235/4567
f 4235/4235/4567 4232/4232/4566 4183/4183/4508
f 4185/4185/4511 4183/4183/4510 4232/4232/4564
f 4232/4232/4564 4231/4231/4563 4185/4185/4511
f 4230/4230/4562 4229/4229/4561 4227/4227/4559
f 4227/4227/4559 4223/4223/4553 4230/4230/4562
f 4240/4240/4572 4239/4239/4572 4222/4222/4555
f 4222/4222/4555 4224/4224/4554 4240/4240/4572
f 4239/4239/4574 4230/4230/4562 4223/4223/4553
f 4223/4223/4553 4222/4222/4552 4239/4239/4574
f 4244/4244/4577 4243/4243/4577 4211/4211/4547
f 4211/4211/4547 4213/4213/4546 4244/4244/4577
f 4243/4243/4580 4245/4245/4579 4212/4212/4545
f 4212/4212/4545 4211/4211/4544 4243/4243/4580
f 4145/4145/4456 4250/4250/4586 4253/4253/4589
f 4253/4253/4589 4146/4146/4457 4145/4145/4456
f 4251/4251/4587 4206/4206/4595 4205/4205/4595
f 4205/4205/4595 4252/4252/4588 4251/4251/4587
f 4169/4169/4488 4138/4138/4449 4137/4137/4448
f 4137/4137/4448 4242/4242/4578 4169/4169/4488
f 4171/4171/4491 4169/4169/4490 4242/4242/4576
f 4242/4242/4576 4241/4241/4575 4171/4171/4491
f 4150/4150/4460 4149/4149/4459 4228/4228/4560
f 4228/4228/4560 4238/4238/4573 4150/4150/4460
f 4152/4152/4463 4150/4150/4462 4238/4238/4571
f 4238/4238/4571 4237/4237/4570 4152/4152/4463
f 4149/4149/4459 4162/4162/4478 4209/4209/4541
f 4209/4209/4541 4228/4228/4560 4149/4149/4459
f 4234/4234/4565 4233/4233/4565 4225/4225/4558
f 4225/4225/4558 4226/4226/4557 4234/4234/4565
f 4233/4233/4569 4236/4236/4568 4136/4136/4447
f 4136/4136/4447 4225/4225/4556 4233/4233/4569
f 4249/4249/4583 4248/4248/4583 4208/4208/4543
f 4208/4208/4543 4210/4210/4542 4249/4249/4583
f 4248/4248/4585 4229/4229/4561 4209/4209/4541
f 4209/4209/4541 4208/4208/4540 4248/4248/4585
f 4236/4236/4568 4245/4245/4579 4137/4137/4448
f 4137/4137/4448 4136/4136/4447 4236/4236/4568
f 4129/4129/4441 4254/4254/4590 4257/4257/4593
f 4257/4257/4593 4130/4130/4442 4129/4129/4441
f 4258/4258/4596 4259/4259/4597 4260/4260/4598
f 4260/4260/4598 4261/4261/4599 4258/4258/4596
f 4262/4262/4600 4263/4263/4601 4264/4264/4602
f 4264/4264/4602 4265/4265/4603 4262/4262/4600
f 4266/4266/4604 4267/4267/4605 4268/4268/4606
f 4268/4268/4606 4269/4269/4607 4266/4266/4604
f 4270/4270/4608 4271/4271/4609 4272/4272/4610
f 4272/4272/4610 4273/4273/4611 4270/4270/4608
f 4274/4274/4612 4275/4275/4613 4276/4276/4614
f 4276/4276/4614 4277/4277/4615 4274/4274/4612
f 4278/4278/4616 4279/4279/4617 4280/4280/4618
f 4280/4280/4618 4281/4281/4619 4278/4278/4616
f 4280/4280/4620 4282/4282/4596 4283/4283/4621
f 4283/4283/4621 4281/4281/4622 4280/4280/4620
f 4283/4283/4623 4284/4284/4609 4278/4278/4624
f 4278/4278/4624 4281/4281/4625 4283/4283/4623
f 4285/4285/4626 4286/4286/4599 4287/4287/4627
f 4287/4287/4627 4288/4288/4628 4285/4285/4626
f 4287/4287/4629 4269/4269/4607 4289/4289/4630
f 4289/4289/4630 4288/4288/4631 4287/4287/4629
f 4289/4289/4632 4290/4290/4610 4285/4285/4633
f 4285/4285/4633 4288/4288/4634 4289/4289/4632
f 4291/4291/4635 4292/4292/4636 4293/4293/4637
f 4293/4293/4637 4294/4294/4638 4291/4291/4635
f 4293/4293/4639 4295/4295/4608 4296/4296/4640
f 4296/4296/4640 4294/4294/4641 4293/4293/4639
f 4296/4296/4642 4297/4297/4613 4291/4291/4643
f 4291/4291/4643 4294/4294/4644 4296/4296/4642
f 4298/4298/4645 4268/4268/4606 4299/4299/4646
f 4299/4299/4646 4300/4300/4647 4298/4298/4645
f 4299/4299/4648 4301/4301/4614 4302/4302/4649
f 4302/4302/4649 4300/4300/4650 4299/4299/4648
f 4302/4302/4651 4303/4303/4611 4298/4298/4652
f 4298/4298/4652 4300/4300/4653 4302/4302/4651
f 4304/4304/4654 4305/4305/4655 4306/4306/4656
f 4306/4306/4656 4307/4307/4657 4304/4304/4654
f 4306/4306/4658 4308/4308/4659 4309/4309/4660
f 4309/4309/4660 4307/4307/4660 4306/4306/4658
f 4309/4309/4661 4310/4310/4597 4304/4304/4662
f 4304/4304/4662 4307/4307/4661 4309/4309/4661
f 4311/4311/4663 4266/4266/4604 4312/4312/4664
f 4312/4312/4664 4313/4313/4665 4311/4311/4663
f 4312/4312/4666 4314/4314/4598 4315/4315/4667
f 4315/4315/4667 4313/4313/4668 4312/4312/4666
f 4315/4315/4669 4316/4316/4603 4311/4311/4670
f 4311/4311/4670 4313/4313/4671 4315/4315/4669
f 4317/4317/4672 4318/4318/4673 4319/4319/4674
f 4319/4319/4674 4320/4320/4675 4317/4317/4672
f 4319/4319/4676 4321/4321/4612 4322/4322/4677
f 4322/4322/4677 4320/4320/4677 4319/4319/4676
f 4322/4322/4678 4323/4323/4679 4317/4317/4680
f 4317/4317/4680 4320/4320/4678 4322/4322/4678
f 4324/4324/4681 4267/4267/4605 4325/4325/4682
f 4325/4325/4682 4326/4326/4683 4324/4324/4681
f 4325/4325/4684 4327/4327/4602 4328/4328/4685
f 4328/4328/4685 4326/4326/4686 4325/4325/4684
f 4328/4328/4687 4329/4329/4615 4324/4324/4688
f 4324/4324/4688 4326/4326/4689 4328/4328/4687
f 4293/4293/4637 4292/4292/4636 4279/4279/4617
f 4279/4279/4617 4278/4278/4616 4293/4293/4637
f 4295/4295/4608 4293/4293/4639 4278/4278/4624
f 4278/4278/4624 4284/4284/4609 4295/4295/4608
f 4330/4330/4621 4258/4258/4596 4261/4261/4599
f 4261/4261/4599 4331/4331/4626 4330/4330/4621
f 4271/4271/4609 4330/4330/4623 4331/4331/4633
f 4331/4331/4633 4272/4272/4610 4271/4271/4609
f 4289/4289/4630 4269/4269/4607 4268/4268/4606
f 4268/4268/4606 4298/4298/4645 4289/4289/4630
f 4290/4290/4610 4289/4289/4632 4298/4298/4652
f 4298/4298/4652 4303/4303/4611 4290/4290/4610
f 4332/4332/4649 4276/4276/4614 4275/4275/4613
f 4275/4275/4613 4333/4333/4642 4332/4332/4649
f 4273/4273/4611 4332/4332/4651 4333/4333/4640
f 4333/4333/4640 4270/4270/4608 4273/4273/4611
f 4319/4319/4674 4318/4318/4673 4292/4292/4636
f 4292/4292/4636 4291/4291/4635 4319/4319/4674
f 4321/4321/4612 4319/4319/4676 4291/4291/4643
f 4291/4291/4643 4297/4297/4613 4321/4321/4612
f 4299/4299/4646 4268/4268/4606 4267/4267/4605
f 4267/4267/4605 4324/4324/4681 4299/4299/4646
f 4301/4301/4614 4299/4299/4648 4324/4324/4688
f 4324/4324/4688 4329/4329/4615 4301/4301/4614
f 4334/4334/4685 4264/4264/4602 4263/4263/4601
f 4263/4263/4601 4335/4335/4690 4334/4334/4685
f 4277/4277/4615 4336/4336/4687 4337/4337/4691
f 4337/4337/4691 4274/4274/4612 4277/4277/4615
f 4306/4306/4656 4305/4305/4655 4318/4318/4673
f 4318/4318/4673 4317/4317/4672 4306/4306/4656
f 4308/4308/4659 4306/4306/4658 4317/4317/4680
f 4317/4317/4680 4323/4323/4679 4308/4308/4659
f 4325/4325/4682 4267/4267/4605 4266/4266/4604
f 4266/4266/4604 4311/4311/4663 4325/4325/4682
f 4327/4327/4602 4325/4325/4684 4311/4311/4670
f 4311/4311/4670 4316/4316/4603 4327/4327/4602
f 4338/4338/4667 4260/4260/4598 4259/4259/4597
f 4259/4259/4597 4339/4339/4692 4338/4338/4667
f 4265/4265/4603 4338/4338/4669 4339/4339/4693
f 4339/4339/4693 4262/4262/4600 4265/4265/4603
f 4280/4280/4618 4279/4279/4617 4305/4305/4655
f 4305/4305/4655 4304/4304/4654 4280/4280/4618
f 4282/4282/4596 4280/4280/4620 4304/4304/4662
f 4304/4304/4662 4310/4310/4597 4282/4282/4596
f 4312/4312/4664 4266/4266/4604 4269/4269/4607
f 4269/4269/4607 4287/4287/4629 4312/4312/4664
f 4314/4314/4598 4312/4312/4666 4287/4287/4627
f 4287/4287/4627 4286/4286/4599 4314/4314/4598
f 4279/4279/4617 4292/4292/4636 4318/4318/4673
f 4318/4318/4673 4305/4305/4655 4279/4279/4617
f 4340/4340/4694 4341/4341/4695 4342/4342/4696
f 4342/4342/4696 4343/4343/4697 4340/4340/4694
f 4344/4344/4698 4345/4345/4699 4346/4346/4700
f 4346/4346/4700 4347/4347/4701 4344/4344/4698
f 4348/4348/4702 4349/4349/4703 4350/4350/4704
f 4350/4350/4704 4351/4351/4705 4348/4348/4702
f 4352/4352/4706 4353/4353/4707 4354/4354/4708
f 4354/4354/4708 4355/4355/4709 4352/4352/4706
f 4356/4356/4710 4357/4357/4711 4358/4358/4712
f 4358/4358/4712 4359/4359/4713 4356/4356/4710
f 4360/4360/4714 4361/4361/4715 4362/4362/4716
f 4362/4362/4716 4363/4363/4717 4360/4360/4714
f 4362/4362/4718 4364/4364/4694 4365/4365/4719
f 4365/4365/4719 4363/4363/4720 4362/4362/4718
f 4365/4365/4721 4366/4366/4707 4360/4360/4722
f 4360/4360/4722 4363/4363/4723 4365/4365/4721
f 4367/4367/4724 4368/4368/4725 4369/4369/4726
f 4369/4369/4726 4370/4370/4724 4367/4367/4724
f 4369/4369/4727 4351/4351/4705 4371/4371/4728
f 4371/4371/4728 4370/4370/4729 4369/4369/4727
f 4371/4371/4730 4372/4372/4731 4367/4367/4732
f 4367/4367/4732 4370/4370/4732 4371/4371/4730
f 4373/4373/4733 4374/4374/4734 4375/4375/4735
f 4375/4375/4735 4376/4376/4736 4373/4373/4733
f 4375/4375/4737 4377/4377/4706 4378/4378/4738
f 4378/4378/4738 4376/4376/4739 4375/4375/4737
f 4378/4378/4740 4379/4379/4711 4373/4373/4741
f 4373/4373/4741 4376/4376/4742 4378/4378/4740
f 4380/4380/4743 4350/4350/4704 4381/4381/4744
f 4381/4381/4744 4382/4382/4745 4380/4380/4743
f 4381/4381/4746 4383/4383/4747 4384/4384/4748
f 4384/4384/4748 4382/4382/4748 4381/4381/4746
f 4384/4384/4749 4385/4385/4750 4380/4380/4751
f 4380/4380/4751 4382/4382/4749 4384/4384/4749
f 4386/4386/4752 4387/4387/4753 4388/4388/4754
f 4388/4388/4754 4389/4389/4755 4386/4386/4752
f 4388/4388/4756 4390/4390/4698 4391/4391/4757
f 4391/4391/4757 4389/4389/4758 4388/4388/4756
f 4391/4391/4759 4392/4392/4695 4386/4386/4760
f 4386/4386/4760 4389/4389/4761 4391/4391/4759
f 4393/4393/4762 4348/4348/4763 4394/4394/4764
f 4394/4394/4764 4395/4395/4764 4393/4393/4762
f 4394/4394/4765 4396/4396/4696 4397/4397/4766
f 4397/4397/4766 4395/4395/4765 4394/4394/4765
f 4397/4397/4767 4398/4398/4701 4393/4393/4768
f 4393/4393/4768 4395/4395/4769 4397/4397/4767
f 4399/4399/4770 4400/4400/4771 4401/4401/4772
f 4401/4401/4772 4402/4402/4773 4399/4399/4770
f 4401/4401/4774 4403/4403/4710 4404/4404/4775
f 4404/4404/4775 4402/4402/4776 4401/4401/4774
f 4404/4404/4777 4405/4405/4699 4399/4399/4778
f 4399/4399/4778 4402/4402/4779 4404/4404/4777
f 4406/4406/4780 4349/4349/4781 4407/4407/4782
f 4407/4407/4782 4408/4408/4780 4406/4406/4780
f 4407/4407/4783 4409/4409/4700 4410/4410/4784
f 4410/4410/4784 4408/4408/4785 4407/4407/4783
f 4410/4410/4786 4411/4411/4713 4406/4406/4787
f 4406/4406/4787 4408/4408/4787 4410/4410/4786
f 4375/4375/4735 4374/4374/4734 4361/4361/4715
f 4361/4361/4715 4360/4360/4714 4375/4375/4735
f 4377/4377/4706 4375/4375/4737 4360/4360/4722
f 4360/4360/4722 4366/4366/4707 4377/4377/4706
f 4412/4412/4719 4340/4340/4694 4343/4343/4697
f 4343/4343/4697 4413/4413/4788 4412/4412/4719
f 4353/4353/4707 4412/4412/4721 4413/4413/4789
f 4413/4413/4789 4354/4354/4708 4353/4353/4707
f 4371/4371/4728 4351/4351/4705 4350/4350/4704
f 4350/4350/4704 4380/4380/4743 4371/4371/4728
f 4372/4372/4731 4371/4371/4730 4380/4380/4751
f 4380/4380/4751 4385/4385/4750 4372/4372/4731
f 4414/4414/4790 4358/4358/4712 4357/4357/4711
f 4357/4357/4711 4415/4415/4740 4414/4414/4790
f 4355/4355/4709 4414/4414/4791 4415/4415/4738
f 4415/4415/4738 4352/4352/4706 4355/4355/4709
f 4401/4401/4772 4400/4400/4771 4374/4374/4734
f 4374/4374/4734 4373/4373/4733 4401/4401/4772
f 4403/4403/4710 4401/4401/4774 4373/4373/4741
f 4373/4373/4741 4379/4379/4711 4403/4403/4710
f 4381/4381/4744 4350/4350/4704 4349/4349/4703
f 4349/4349/4703 4406/4406/4792 4381/4381/4744
f 4383/4383/4747 4381/4381/4746 4406/4406/4793
f 4406/4406/4793 4411/4411/4793 4383/4383/4747
f 4416/4416/4784 4346/4346/4700 4345/4345/4699
f 4345/4345/4699 4417/4417/4777 4416/4416/4784
f 4359/4359/4713 4418/4418/4786 4419/4419/4775
f 4419/4419/4775 4356/4356/4710 4359/4359/4713
f 4388/4388/4754 4387/4387/4753 4400/4400/4771
f 4400/4400/4771 4399/4399/4770 4388/4388/4754
f 4390/4390/4698 4388/4388/4756 4399/4399/4778
f 4399/4399/4778 4405/4405/4699 4390/4390/4698
f 4407/4407/4782 4349/4349/4781 4348/4348/4763
f 4348/4348/4763 4393/4393/4762 4407/4407/4782
f 4409/4409/4700 4407/4407/4783 4393/4393/4768
f 4393/4393/4768 4398/4398/4701 4409/4409/4700
f 4420/4420/4766 4342/4342/4696 4341/4341/4695
f 4341/4341/4695 4421/4421/4759 4420/4420/4766
f 4347/4347/4701 4420/4420/4767 4421/4421/4757
f 4421/4421/4757 4344/4344/4698 4347/4347/4701
f 4362/4362/4716 4361/4361/4715 4387/4387/4753
f 4387/4387/4753 4386/4386/4752 4362/4362/4716
f 4364/4364/4694 4362/4362/4718 4386/4386/4760
f 4386/4386/4760 4392/4392/4695 4364/4364/4694
f 4394/4394/4794 4348/4348/4702 4351/4351/4705
f 4351/4351/4705 4369/4369/4727 4394/4394/4794
f 4396/4396/4795 4394/4394/4795 4369/4369/4726
f 4369/4369/4726 4368/4368/4725 4396/4396/4795
f 4361/4361/4715 4374/4374/4734 4400/4400/4771
f 4400/4400/4771 4387/4387/4753 4361/4361/4715
f 4422/4422/4796 4423/4423/4797 4424/4424/4798
f 4424/4424/4798 4425/4425/4799 4422/4422/4796
f 4426/4426/4800 4427/4427/4801 4428/4428/4802
f 4428/4428/4802 4429/4429/4803 4426/4426/4800
f 4430/4430/4804 4431/4431/4805 4432/4432/4806
f 4432/4432/4806 4433/4433/4807 4430/4430/4804
f 4434/4434/4808 4435/4435/4809 4436/4436/4810
f 4436/4436/4810 4437/4437/4811 4434/4434/4808
f 4438/4438/4812 4439/4439/4813 4440/4440/4814
f 4440/4440/4814 4441/4441/4815 4438/4438/4812
f 4442/4442/4816 4443/4443/4817 4444/4444/4818
f 4444/4444/4818 4445/4445/4819 4442/4442/4816
f 4444/4444/4820 4446/4446/4796 4447/4447/4821
f 4447/4447/4821 4445/4445/4822 4444/4444/4820
f 4447/4447/4823 4448/4448/4809 4442/4442/4824
f 4442/4442/4824 4445/4445/4825 4447/4447/4823
f 4449/4449/4826 4450/4450/4799 4451/4451/4827
f 4451/4451/4827 4452/4452/4828 4449/4449/4826
f 4451/4451/4829 4433/4433/4807 4453/4453/4830
f 4453/4453/4830 4452/4452/4831 4451/4451/4829
f 4453/4453/4832 4454/4454/4810 4449/4449/4833
f 4449/4449/4833 4452/4452/4834 4453/4453/4832
f 4455/4455/4835 4456/4456/4836 4457/4457/4837
f 4457/4457/4837 4458/4458/4838 4455/4455/4835
f 4457/4457/4839 4459/4459/4808 4460/4460/4840
f 4460/4460/4840 4458/4458/4841 4457/4457/4839
f 4460/4460/4842 4461/4461/4813 4455/4455/4843
f 4455/4455/4843 4458/4458/4844 4460/4460/4842
f 4462/4462/4845 4432/4432/4806 4463/4463/4846
f 4463/4463/4846 4464/4464/4847 4462/4462/4845
f 4463/4463/4848 4465/4465/4814 4466/4466/4849
f 4466/4466/4849 4464/4464/4850 4463/4463/4848
f 4466/4466/4851 4467/4467/4811 4462/4462/4852
f 4462/4462/4852 4464/4464/4853 4466/4466/4851
f 4468/4468/4854 4469/4469/4855 4470/4470/4856
f 4470/4470/4856 4471/4471/4857 4468/4468/4854
f 4470/4470/4858 4472/4472/4859 4473/4473/4860
f 4473/4473/4860 4471/4471/4860 4470/4470/4858
f 4473/4473/4861 4474/4474/4797 4468/4468/4862
f 4468/4468/4862 4471/4471/4863 4473/4473/4861
f 4475/4475/4864 4430/4430/4804 4476/4476/4865
f 4476/4476/4865 4477/4477/4866 4475/4475/4864
f 4476/4476/4867 4478/4478/4798 4479/4479/4868
f 4479/4479/4868 4477/4477/4869 4476/4476/4867
f 4479/4479/4870 4480/4480/4803 4475/4475/4871
f 4475/4475/4871 4477/4477/4872 4479/4479/4870
f 4481/4481/4873 4482/4482/4874 4483/4483/4875
f 4483/4483/4875 4484/4484/4876 4481/4481/4873
f 4483/4483/4877 4485/4485/4812 4486/4486/4878
f 4486/4486/4878 4484/4484/4879 4483/4483/4877
f 4486/4486/4880 4487/4487/4881 4481/4481/4882
f 4481/4481/4882 4484/4484/4880 4486/4486/4880
f 4488/4488/4883 4431/4431/4805 4489/4489/4884
f 4489/4489/4884 4490/4490/4885 4488/4488/4883
f 4489/4489/4886 4491/4491/4802 4492/4492/4887
f 4492/4492/4887 4490/4490/4888 4489/4489/4886
f 4492/4492/4889 4493/4493/4815 4488/4488/4890
f 4488/4488/4890 4490/4490/4891 4492/4492/4889
f 4457/4457/4837 4456/4456/4836 4443/4443/4817
f 4443/4443/4817 4442/4442/4816 4457/4457/4837
f 4459/4459/4808 4457/4457/4839 4442/4442/4824
f 4442/4442/4824 4448/4448/4809 4459/4459/4808
f 4494/4494/4821 4422/4422/4796 4425/4425/4799
f 4425/4425/4799 4495/4495/4826 4494/4494/4821
f 4435/4435/4809 4494/4494/4823 4495/4495/4833
f 4495/4495/4833 4436/4436/4810 4435/4435/4809
f 4453/4453/4830 4433/4433/4807 4432/4432/4806
f 4432/4432/4806 4462/4462/4845 4453/4453/4830
f 4454/4454/4810 4453/4453/4832 4462/4462/4852
f 4462/4462/4852 4467/4467/4811 4454/4454/4810
f 4496/4496/4849 4440/4440/4814 4439/4439/4813
f 4439/4439/4813 4497/4497/4842 4496/4496/4849
f 4437/4437/4811 4496/4496/4851 4497/4497/4840
f 4497/4497/4840 4434/4434/4808 4437/4437/4811
f 4483/4483/4875 4482/4482/4874 4456/4456/4836
f 4456/4456/4836 4455/4455/4835 4483/4483/4875
f 4485/4485/4812 4483/4483/4877 4455/4455/4843
f 4455/4455/4843 4461/4461/4813 4485/4485/4812
f 4463/4463/4846 4432/4432/4806 4431/4431/4805
f 4431/4431/4805 4488/4488/4883 4463/4463/4846
f 4465/4465/4814 4463/4463/4848 4488/4488/4890
f 4488/4488/4890 4493/4493/4815 4465/4465/4814
f 4498/4498/4887 4428/4428/4802 4427/4427/4801
f 4427/4427/4801 4499/4499/4892 4498/4498/4887
f 4441/4441/4815 4500/4500/4889 4501/4501/4878
f 4501/4501/4878 4438/4438/4812 4441/4441/4815
f 4470/4470/4856 4469/4469/4855 4482/4482/4874
f 4482/4482/4874 4481/4481/4873 4470/4470/4856
f 4472/4472/4859 4470/4470/4858 4481/4481/4882
f 4481/4481/4882 4487/4487/4881 4472/4472/4859
f 4489/4489/4884 4431/4431/4805 4430/4430/4804
f 4430/4430/4804 4475/4475/4864 4489/4489/4884
f 4491/4491/4802 4489/4489/4886 4475/4475/4871
f 4475/4475/4871 4480/4480/4803 4491/4491/4802
f 4502/4502/4868 4424/4424/4798 4423/4423/4797
f 4423/4423/4797 4503/4503/4861 4502/4502/4868
f 4429/4429/4803 4502/4502/4870 4503/4503/4893
f 4503/4503/4893 4426/4426/4800 4429/4429/4803
f 4444/4444/4818 4443/4443/4817 4469/4469/4855
f 4469/4469/4855 4468/4468/4854 4444/4444/4818
f 4446/4446/4796 4444/4444/4820 4468/4468/4862
f 4468/4468/4862 4474/4474/4797 4446/4446/4796
f 4476/4476/4865 4430/4430/4804 4433/4433/4807
f 4433/4433/4807 4451/4451/4829 4476/4476/4865
f 4478/4478/4798 4476/4476/4867 4451/4451/4827
f 4451/4451/4827 4450/4450/4799 4478/4478/4798
f 4443/4443/4817 4456/4456/4836 4482/4482/4874
f 4482/4482/4874 4469/4469/4855 4443/4443/4817
f 4504/4504/4894 4505/4505/4895 4506/4506/4896
f 4506/4506/4896 4507/4507/4897 4504/4504/4894
f 4508/4508/4898 4509/4509/4899 4510/4510/4900
f 4510/4510/4900 4511/4511/4901 4508/4508/4898
f 4512/4512/4902 4513/4513/4903 4514/4514/4904
f 4514/4514/4904 4515/4515/4905 4512/4512/4902
f 4516/4516/4906 4517/4517/4907 4518/4518/4908
f 4518/4518/4908 4519/4519/4909 4516/4516/4906
f 4520/4520/4910 4521/4521/4911 4522/4522/4912
f 4522/4522/4912 4523/4523/4913 4520/4520/4910
f 4524/4524/4914 4525/4525/4915 4526/4526/4916
f 4526/4526/4916 4527/4527/4917 4524/4524/4914
f 4526/4526/4918 4528/4528/4894 4529/4529/4919
f 4529/4529/4919 4527/4527/4920 4526/4526/4918
f 4529/4529/4921 4530/4530/4907 4524/4524/4922
f 4524/4524/4922 4527/4527/4923 4529/4529/4921
f 4531/4531/4924 4532/4532/4897 4533/4533/4925
f 4533/4533/4925 4534/4534/4926 4531/4531/4924
f 4533/4533/4927 4515/4515/4905 4535/4535/4928
f 4535/4535/4928 4534/4534/4929 4533/4533/4927
f 4535/4535/4930 4536/4536/4931 4531/4531/4932
f 4531/4531/4932 4534/4534/4932 4535/4535/4930
f 4537/4537/4933 4538/4538/4934 4539/4539/4935
f 4539/4539/4935 4540/4540/4936 4537/4537/4933
f 4539/4539/4937 4541/4541/4906 4542/4542/4938
f 4542/4542/4938 4540/4540/4939 4539/4539/4937
f 4542/4542/4940 4543/4543/4911 4537/4537/4941
f 4537/4537/4941 4540/4540/4942 4542/4542/4940
f 4544/4544/4943 4514/4514/4904 4545/4545/4944
f 4545/4545/4944 4546/4546/4945 4544/4544/4943
f 4545/4545/4946 4547/4547/4912 4548/4548/4947
f 4548/4548/4947 4546/4546/4948 4545/4545/4946
f 4548/4548/4949 4549/4549/4950 4544/4544/4951
f 4544/4544/4951 4546/4546/4949 4548/4548/4949
f 4550/4550/4952 4551/4551/4953 4552/4552/4954
f 4552/4552/4954 4553/4553/4955 4550/4550/4952
f 4552/4552/4956 4554/4554/4898 4555/4555/4957
f 4555/4555/4957 4553/4553/4958 4552/4552/4956
f 4555/4555/4959 4556/4556/4895 4550/4550/4960
f 4550/4550/4960 4553/4553/4961 4555/4555/4959
f 4557/4557/4962 4512/4512/4902 4558/4558/4963
f 4558/4558/4963 4559/4559/4964 4557/4557/4962
f 4558/4558/4965 4560/4560/4896 4561/4561/4966
f 4561/4561/4966 4559/4559/4967 4558/4558/4965
f 4561/4561/4968 4562/4562/4969 4557/4557/4970
f 4557/4557/4970 4559/4559/4968 4561/4561/4968
f 4563/4563/4971 4564/4564/4972 4565/4565/4973
f 4565/4565/4973 4566/4566/4974 4563/4563/4971
f 4565/4565/4975 4567/4567/4910 4568/4568/4976
f 4568/4568/4976 4566/4566/4977 4565/4565/4975
f 4568/4568/4978 4569/4569/4899 4563/4563/4979
f 4563/4563/4979 4566/4566/4980 4568/4568/4978
f 4570/4570/4981 4513/4513/4903 4571/4571/4982
f 4571/4571/4982 4572/4572/4983 4570/4570/4981
f 4571/4571/4984 4573/4573/4985 4574/4574/4986
f 4574/4574/4986 4572/4572/4986 4571/4571/4984
f 4574/4574/4987 4575/4575/4913 4570/4570/4988
f 4570/4570/4988 4572/4572/4989 4574/4574/4987
f 4539/4539/4935 4538/4538/4934 4525/4525/4915
f 4525/4525/4915 4524/4524/4914 4539/4539/4935
f 4541/4541/4906 4539/4539/4937 4524/4524/4922
f 4524/4524/4922 4530/4530/4907 4541/4541/4906
f 4576/4576/4919 4504/4504/4894 4507/4507/4897
f 4507/4507/4897 4577/4577/4924 4576/4576/4919
f 4517/4517/4907 4576/4576/4921 4577/4577/4990
f 4577/4577/4990 4518/4518/4908 4517/4517/4907
f 4535/4535/4928 4515/4515/4905 4514/4514/4904
f 4514/4514/4904 4544/4544/4943 4535/4535/4928
f 4536/4536/4931 4535/4535/4930 4544/4544/4951
f 4544/4544/4951 4549/4549/4950 4536/4536/4931
f 4578/4578/4947 4522/4522/4912 4521/4521/4911
f 4521/4521/4911 4579/4579/4940 4578/4578/4947
f 4519/4519/4909 4578/4578/4991 4579/4579/4938
f 4579/4579/4938 4516/4516/4906 4519/4519/4909
f 4565/4565/4973 4564/4564/4972 4538/4538/4934
f 4538/4538/4934 4537/4537/4933 4565/4565/4973
f 4567/4567/4910 4565/4565/4975 4537/4537/4941
f 4537/4537/4941 4543/4543/4911 4567/4567/4910
f 4545/4545/4944 4514/4514/4904 4513/4513/4903
f 4513/4513/4903 4570/4570/4981 4545/4545/4944
f 4547/4547/4912 4545/4545/4946 4570/4570/4988
f 4570/4570/4988 4575/4575/4913 4547/4547/4912
f 4580/4580/4992 4510/4510/4900 4509/4509/4899
f 4509/4509/4899 4581/4581/4978 4580/4580/4992
f 4523/4523/4913 4582/4582/4987 4583/4583/4976
f 4583/4583/4976 4520/4520/4910 4523/4523/4913
f 4552/4552/4954 4551/4551/4953 4564/4564/4972
f 4564/4564/4972 4563/4563/4971 4552/4552/4954
f 4554/4554/4898 4552/4552/4956 4563/4563/4979
f 4563/4563/4979 4569/4569/4899 4554/4554/4898
f 4571/4571/4982 4513/4513/4903 4512/4512/4902
f 4512/4512/4902 4557/4557/4962 4571/4571/4982
f 4573/4573/4985 4571/4571/4984 4557/4557/4970
f 4557/4557/4970 4562/4562/4969 4573/4573/4985
f 4584/4584/4966 4506/4506/4896 4505/4505/4895
f 4505/4505/4895 4585/4585/4959 4584/4584/4966
f 4511/4511/4901 4584/4584/4993 4585/4585/4957
f 4585/4585/4957 4508/4508/4898 4511/4511/4901
f 4526/4526/4916 4525/4525/4915 4551/4551/4953
f 4551/4551/4953 4550/4550/4952 4526/4526/4916
f 4528/4528/4894 4526/4526/4918 4550/4550/4960
f 4550/4550/4960 4556/4556/4895 4528/4528/4894
f 4558/4558/4963 4512/4512/4902 4515/4515/4905
f 4515/4515/4905 4533/4533/4927 4558/4558/4963
f 4560/4560/4896 4558/4558/4965 4533/4533/4925
f 4533/4533/4925 4532/4532/4897 4560/4560/4896
f 4525/4525/4915 4538/4538/4934 4564/4564/4972
f 4564/4564/4972 4551/4551/4953 4525/4525/4915
# Vertices: 950, normals: 1162, texture coordinates: 950, faces: 1260

