# File generated by ImageToStl.com - Free Image and 3D model conversion tools

mtllib free_ultra-low_poly_snowy_stone_arch.mtl

o obj1
v 0.45958524 -0.5758214 -0.24403913
v 0.47765179 -0.56159735 -0.2606788
v 0.50142597 -0.57352936 -0.23720796
v 0.46100088 -0.55741775 -0.25298253
v 0.47805627 -0.58530408 -0.22530964
v 0.47778662 -0.52603716 -0.24888161
v 0.46025937 -0.49372411 -0.22246708
v 0.50154953 -0.54736203 -0.23769112
v 0.48950519 -0.50237536 -0.20152426
v 0.43745144 -0.44752404 -0.20459152
v 0.48971863 -0.58546137 -0.05394689
v 0.47189926 -0.58574229 -0.17190766
v 0.48355039 -0.58703433 0.05295822
v 0.50145965 -0.57360803 -0.1067534
v 0.50149338 -0.53844111 -0.06529467
v 0.51318942 -0.58524792 0.12984227
v 0.48349424 -0.58814661 0.08848465
v 0.48395487 -0.58906792 0.13524651
v 0.52506529 -0.57345072 0.16543611
v 0.47289922 -0.56625996 0.17105382
v 0.52516644 -0.56219284 0.08109174
v 0.52525632 -0.53772197 0.1656608
v 0.47074204 -0.52525065 0.16561586
v 0.51033567 -0.50498198 0.11371942
v 0.48601093 -0.49376903 0.15175134
v 0.45925941 -0.48400543 0.15002109
v 0.47769674 -0.45500679 0.14171811
v 0.46028184 -0.45125411 0.14219
v 0.46018072 -0.43403022 0.12474137
v 0.48557274 -0.44786106 0.11407896
v 0.45314737 -0.42079489 0.08873182
v 0.51368378 -0.51386921 0.02918405
v 0.50453823 -0.51180188 0.06584526
v 0.51321189 -0.51410513 -0.05962079
v 0.50314497 -0.49994852 -0.04150927
v 0.46393328 -0.48276957 0.02497076
v 0.47232621 -0.4823651 -0.12450538
v 0.45892238 -0.43677171 0.0505426
v 0.45051821 -0.42467116 -0.01744299
v 0.46586584 -0.44313097 -0.17824445
v 0.44869809 -0.42949119 -0.17148072
v 0.44397922 -0.42040169 -0.14852675
v 0.44660827 -0.37804412 0.0174992
v 0.44513645 -0.40184077 -0.06772153
v 0.44317027 -0.40255981 -0.11139365
v 0.44230517 -0.4052563 -0.14266185
v 0.4349459 -0.35223633 -0.11083188
v 0.43086748 -0.32915875 -0.155459
v 0.43127196 -0.32812509 -0.13651608
v 0.43884461 -0.36532559 -0.00611768
v 0.44672062 -0.38784137 -0.04210476
v 0.44258602 -0.38262811 -0.06230605
v 0.45432707 -0.31917046 0.0828894
v 0.44984411 -0.39145921 0.08869812
v 0.44218158 -0.3484612 0.0469922
v 0.44074338 -0.32259726 0.04967746
v 0.43830531 -0.30700247 0.09645056
v 0.43350776 -0.32013669 -0.00942089
v 0.45422595 -0.29881187 0.09460795
v 0.43122702 -0.28973361 0.10640515
v 0.45205744 -0.24780301 0.09101261
v 0.42501383 -0.24838725 0.10938253
v 0.45823692 -0.24837602 0.07790086
v 0.4541473 -0.26513927 0.02288096
v 0.44291185 -0.23912925 0.02491458
v 0.44250741 -0.24015168 0.00339873
v 0.43057536 -0.24837602 -0.02786947
v 0.43194606 -0.24784796 -0.06554187
v 0.43048548 -0.23615187 -0.04170028
v 0.44249617 -0.24603905 -0.14288657
v 0.43763121 -0.3086541 -0.10068629
v 0.43138432 -0.33067554 -0.07709188
v 0.43069895 -0.31999063 -0.15534664
v 0.42653059 -0.2952053 -0.16387434
v 0.42073311 -0.24798277 -0.16653715
v 0.45958524 -0.5758214 -0.24403913
v 0.4372155 -0.55604708 -0.23841018
v 0.46100088 -0.55741775 -0.25298253
v 0.46025937 -0.49372411 -0.22246708
v 0.47805627 -0.58530408 -0.22530964
v 0.35324188 -0.49727446 -0.20393987
v 0.35351153 -0.52509337 -0.22544447
v 0.34738823 -0.56157487 -0.23698325
v 0.35345536 -0.58577597 -0.20344552
v 0.40639665 -0.4431422 -0.2015355
v 0.41203686 -0.58946114 -0.13593182
v 0.35815176 -0.59717994 -0.11313512
v 0.47189926 -0.58574229 -0.17190766
v 0.35338794 -0.59888773 -0.01806093
v 0.48355039 -0.58703433 0.05295822
v 0.35341041 -0.59951685 0.01744303
v 0.34919711 -0.44462526 -0.17636812
v 0.44313656 -0.59711252 0.10642763
v 0.48349424 -0.58814661 0.08848465
v 0.43745144 -0.44752404 -0.20459152
v 0.36521884 -0.59943823 0.06478913
v 0.48395487 -0.58906792 0.13524651
v 0.36539861 -0.59771923 0.09769771
v 0.35337671 -0.5990787 0.07655262
v 0.35370254 -0.58760731 0.12349425
v 0.35781469 -0.5844727 0.15258277
v 0.47289922 -0.56625996 0.17105382
v 0.35378119 -0.56496791 0.17955904
v 0.45415853 -0.54986755 0.17723331
v 0.35427555 -0.52591358 0.18915411
v 0.47074204 -0.52525065 0.16561586
v 0.35328682 -0.48489301 0.15531297
v 0.45925941 -0.48400543 0.15002109
v 0.35509574 -0.44073783 0.14541456
v 0.35472497 -0.44877113 0.148156
v 0.46028184 -0.45125411 0.14219
v 0.35398342 -0.43445714 0.13962832
v 0.46018072 -0.43403022 0.12474137
v 0.4358448 -0.42283972 0.10909043
v 0.35347783 -0.4250644 0.10151774
v 0.45314737 -0.42079489 0.08873182
v 0.35346659 -0.37292077 0.10641639
v 0.44984411 -0.39145921 0.08869812
v 0.43020462 -0.34850614 0.10622538
v 0.35436543 -0.33011376 0.09522589
v 0.43830531 -0.30700247 0.09645056
v 0.34107389 -0.31654136 0.09647303
v 0.35418563 -0.29613783 0.10078743
v 0.43122702 -0.28973361 0.10640515
v 0.42501383 -0.24838725 0.10938253
v 0.37752166 -0.2469716 0.09933806
v 0.34344458 -0.24583681 0.10371988
v 0.34028744 -0.23455644 0.09921447
v 0.20427131 -0.56193441 -0.22524223
v 0.29979497 -0.5140714 -0.22520852
v 0.34738823 -0.56157487 -0.23698325
v 0.35351153 -0.52509337 -0.22544447
v 0.35324188 -0.49727446 -0.20393987
v 0.35345536 -0.58577597 -0.20344552
v 0.2286522 -0.45473715 -0.17823321
v 0.34919711 -0.44462526 -0.17636812
v 0.22812414 -0.51379055 -0.21372591
v 0.1814297 -0.58533781 -0.21346751
v 0.17298065 -0.55563134 -0.20907448
v 0.35815176 -0.59717994 -0.11313512
v 0.30605307 -0.58614676 -0.10089974
v 0.27061653 -0.58620291 -0.11271943
v 0.22438274 -0.59751701 -0.11368566
v 0.18174429 -0.5852816 -0.16557087
v 0.18032862 -0.57570904 -0.10093345
v 0.20508028 -0.51334113 -0.1905697
v 0.16994708 -0.5496878 -0.18955852
v 0.19328308 -0.5249136 -0.17079535
v 0.17872196 -0.56733864 -0.08922614
v 0.18276672 -0.55150794 -0.08922614
v 0.21090023 -0.51814991 -0.10074246
v 0.21109123 -0.49993729 -0.11228124
v 0.20288936 -0.470669 -0.12362903
v 0.20509152 -0.46630963 -0.15487475
v 0.21477647 -0.45300692 -0.13648236
v 0.22797809 -0.44134456 -0.1376059
v 0.23765177 -0.43556955 -0.13274097
v 0.26107767 -0.43608635 -0.14523476
v 0.29405364 -0.44180518 -0.1786714
v 0.3073002 -0.42677214 -0.15945881
v 0.34355693 -0.43123263 -0.166054
v 0.41768827 0.0537222 -0.21334395
v 0.47561814 0.08331632 -0.22427603
v 0.47821357 0.04137446 -0.20242309
v 0.46606808 0.10121436 -0.22518608
v 0.33132156 0.04982351 -0.19981648
v 0.33388322 0.09491128 -0.20216469
v 0.3774093 0.02539768 -0.19088432
v 0.34130987 -0.00174711 -0.17618839
v 0.43324937 0.02601563 -0.18997426
v 0.40008237 -0.0127466 -0.18817657
v 0.37576892 -0.02437527 -0.17011003
v 0.35356771 -0.01970133 -0.16675062
v 0.43037315 -0.04271149 -0.15416693
v 0.45509105 -0.01830813 -0.17805346
v 0.45639433 0.02543139 -0.17297506
v 0.45151817 -0.02591452 -0.05380085
v 0.4426422 -0.04618323 -0.07691213
v 0.44313656 -0.04649782 -0.06568794
v 0.47551702 0.03289172 -0.04190254
v 0.46868588 0.00015168 -0.04085764
v 0.46302323 -0.01160058 -0.04283507
v 0.4898647 0.05355368 -0.041734
v 0.48961755 0.05364355 -0.19205282
v 0.49112307 0.08395674 -0.04141941
v 0.49402185 0.14217874 -0.1134947
v 0.51260524 0.1190787 -0.04139694
v 0.4895389 0.11306774 -0.20155798
v 0.46898924 0.17423343 -0.04057676
v 0.46652873 0.14872899 -0.1781883
v 0.46076496 0.12548289 -0.21396189
v 0.41174473 0.10859603 -0.22142223
v 0.34708487 0.10143908 -0.21363607
v 0.31865924 0.10130425 -0.17814335
v 0.33127662 0.11674173 -0.16896401
v 0.41866582 0.14856047 -0.17785123
v 0.43422683 0.17664904 -0.09980995
v 0.45194509 0.18297459 -0.05573336
v 0.45560788 0.18512056 -0.04035205
v 0.44356351 0.18583963 -0.06521606
v 0.42415996 0.17598615 -0.14867282
v 0.41563221 0.17785123 -0.17524462
v 0.38992559 0.16721127 -0.18128927
v 0.35498338 0.1542793 -0.18048032
v 0.32827675 0.15132438 -0.173593
v 0.32347923 0.16014418 -0.17789617
v -0.17171108 -0.58540523 -0.20168154
v -0.23904502 -0.55233931 -0.20272642
v -0.16005994 -0.5730912 -0.20223208
v -0.2264501 -0.58609056 -0.19021016
v -0.19803568 -0.50334155 -0.16576189
v -0.22631527 -0.49549928 -0.16245866
v -0.16129584 -0.53785681 -0.17794109
v -0.18500259 -0.4786686 -0.15416691
v -0.23832596 -0.45453491 -0.15472869
v -0.1598577 -0.53410422 -0.14807731
v -0.14938628 -0.56249618 -0.17864892
v -0.13961146 -0.56908011 -0.07797947
v -0.14939752 -0.58532654 -0.02434153
v -0.20278829 -0.58648383 -0.08904637
v -0.13764526 -0.54959785 0.00910634
v -0.20258605 -0.59535973 0.00418522
v -0.13644306 -0.58552877 0.20161418
v -0.17914892 -0.58661865 0.06478913
v -0.16723938 -0.58727024 0.19489541
v -0.16708208 -0.57166419 0.22308511
v -0.14928516 -0.56175462 0.22460187
v -0.16826181 -0.54467676 0.22511869
v -0.13478023 -0.56778805 0.02922899
v -0.12578064 -0.56137262 0.20106365
v -0.1257694 -0.56208048 0.1768176
v -0.16866628 -0.52114979 0.20524322
v -0.14026312 -0.52956508 0.14806612
v -0.16130708 -0.4667478 0.16564956
v -0.19056412 -0.49547679 0.1960077
v -0.17700298 -0.47177006 0.18413185
v -0.18658681 -0.45657973 0.18832265
v -0.19653014 -0.43003045 0.13683069
v -0.16099248 -0.50191466 0.10165257
v -0.16266657 -0.49305 -0.01864517
v -0.20579938 -0.43717619 0.06478912
v -0.19391231 -0.44574877 0.01834186
v -0.18460935 -0.44278266 -0.10095593
v -0.18502506 -0.39590846 0.11805629
v -0.18498012 -0.45488321 -0.13065117
v -0.22684335 -0.43105289 -0.10720283
v -0.22631527 -0.43838959 -0.12475257
v -0.20915876 -0.42763727 -0.09481015
v -0.22623662 -0.40452599 -0.09787742
v -0.20996773 -0.32748469 -0.09368661
v -0.23802258 -0.3275184 -0.09620336
v -0.19669869 -0.38486403 -0.0718337
v -0.20711393 -0.33077666 -0.04173399
v -0.20714764 -0.34101214 0.0169599
v -0.20670945 -0.4147053 -0.01731939
v -0.18500259 -0.36029212 0.09434953
v -0.20297929 -0.33091148 0.07567625
v -0.18433971 -0.34276484 0.11991014
v -0.20827119 -0.3478208 0.14188663
v -0.20026031 -0.34292214 0.13520156
v -0.36837601 -0.57581013 -0.19124381
v -0.48684241 -0.56303548 -0.20226578
v -0.36874678 -0.51402646 -0.18983941
v -0.47352846 -0.51926219 -0.19005288
v -0.48679747 -0.58545017 -0.17827815
v -0.36812886 -0.58838254 -0.18013199
v -0.35660132 -0.58852863 -0.13637
v -0.36844342 -0.58848368 -0.11269695
v -0.40984597 -0.50233042 -0.18969335
v -0.46137165 -0.49711716 -0.17018865
v -0.35678109 -0.46013015 -0.13678571
v -0.45313614 -0.44231078 -0.15431299
v -0.43371009 -0.59706758 -0.04804829
v -0.48432564 -0.58666359 -0.05354241
v -0.34455692 -0.5961238 -0.0452619
v -0.45130478 -0.58646135 0.01742056
v -0.33263614 -0.59815739 0.00599413
v -0.3692299 -0.59762935 0.04037454
v -0.45915832 -0.5855063 0.08981043
v -0.32154676 -0.58736013 0.04108237
v -0.41638508 -0.59830348 0.15967233
v -0.43511449 -0.58679835 0.14796502
v -0.43968733 -0.58857355 0.18331168
v -0.38004964 -0.58822528 0.19464824
v -0.32013109 -0.58458505 0.09961896
v -0.30927768 -0.58709047 0.18312067
v -0.41528391 -0.57445065 0.23778105
v -0.28608777 -0.56908009 0.23357897
v -0.41614913 -0.55620436 0.25140958
v -0.2855035 -0.55553023 0.23885963
v -0.39285799 -0.52257667 0.23757881
v -0.34334352 -0.48185949 0.19494035
v -0.3979589 -0.47866858 0.22455692
v -0.29763778 -0.49693737 0.20862511
v -0.38563364 -0.45357991 0.21291703
v -0.29745802 -0.44207482 0.18974957
v -0.39159965 -0.4311652 0.20116477
v -0.29748049 -0.42425544 0.16079587
v -0.39244231 -0.41803102 0.17790742
v -0.29639065 -0.3891672 0.15725671
v -0.38611676 -0.39585228 0.17721082
v -0.34625348 -0.3417087 0.1783119
v -0.36898272 -0.35456203 0.17943544
v -0.3073227 -0.35593276 0.16269464
v -0.37464537 -0.33636065 0.17731195
v -0.37499367 -0.34073125 0.17770518
v -0.31735595 -0.33994477 0.16371707
v -0.30312067 -0.33303495 0.15365013
v 0.30413183 0.05868826 -0.20010863
v 0.33388322 0.09491128 -0.20216469
v 0.33132156 0.04982351 -0.19981648
v 0.31865924 0.10130425 -0.17814335
v 0.23830345 0.02828519 -0.17832312
v 0.34130987 -0.00174711 -0.17618839
v 0.24813444 0.11023642 -0.19989513
v 0.28385189 -0.04592482 -0.15438042
v 0.35356771 -0.01970133 -0.16675062
v 0.21548429 0.06432844 -0.20176022
v 0.25177472 -0.00564581 -0.17795234
v 0.19293479 0.04032957 -0.17863771
v 0.2484378 -0.03486915 -0.14644821
v 0.25753849 -0.06728337 -0.14475165
v 0.21941669 0.02285848 -0.16244745
v 0.24080894 -0.08296803 -0.14244839
v 0.22878703 -0.01809466 -0.1666495
v 0.20992274 0.0333636 -0.14903235
v 0.21721453 -0.01730818 -0.15426807
v 0.24060672 -0.04438557 -0.13089837
v 0.22897802 -0.075665 -0.1183484
v 0.23588782 -0.10695566 -0.10120313
v 0.2386742 -0.09418099 -0.08918122
v 0.23871915 -0.07038435 -0.07713683
v 0.24038198 -0.04432938 -0.05336267
v 0.22770844 -0.01328589 -0.02066757
v 0.22907917 -0.01737559 -0.00648846
v 0.2054398 0.00639858 -0.07130565
v 0.22678713 0.02334161 -0.0192182
v 0.20666447 0.03293666 -0.07654136
v 0.18177799 0.06554188 -0.13040401
v 0.2057881 0.05410422 -0.00103928
v 0.19271007 0.07393475 -0.00598287
v 0.18168811 0.05358738 -0.17805347
v 0.18176676 0.08934974 -0.18967091
v 0.18164317 0.0896194 -0.14026871
v 0.19464255 0.07528299 -0.08895651
v 0.19301344 0.08990029 -0.00623005
v 0.21687747 0.10152895 -0.2016928
v 0.20440614 0.10183232 -0.11268575
v 0.21714712 0.11301157 -0.17812088
v 0.22564111 0.12244933 -0.11310146
v 0.22868591 0.11889894 -0.01813961
v 0.23155094 0.11256215 -0.15559384
v 0.22695566 0.13956089 -0.11447218
v 0.22567482 0.14148214 -0.01869014
v 0.23350591 0.14181921 -0.13805534
v 0.27324563 0.14208885 -0.15547025
v 0.29498618 0.12823557 -0.16631244
v 0.33127662 0.11674173 -0.16896401
v 0.30452507 0.15490848 -0.16902019
v 0.32827675 0.15132438 -0.173593
v 0.32347923 0.16014418 -0.17789617
v -0.36837601 -0.57581013 -0.19124381
v -0.23904502 -0.55233931 -0.20272642
v -0.2264501 -0.58609056 -0.19021016
v -0.36812886 -0.58838254 -0.18013199
v -0.35660132 -0.58852863 -0.13637
v -0.36844342 -0.58848368 -0.11269695
v -0.20278829 -0.58648383 -0.08904637
v -0.34455692 -0.5961238 -0.0452619
v -0.33263614 -0.59815739 0.00599413
v -0.20258605 -0.59535973 0.00418522
v -0.26258322 -0.57647298 0.06407006
v -0.32154676 -0.58736013 0.04108237
v -0.17914892 -0.58661865 0.06478913
v -0.32013109 -0.58458505 0.09961896
v -0.16723938 -0.58727024 0.19489541
v -0.30927768 -0.58709047 0.18312067
v -0.28608777 -0.56908009 0.23357897
v -0.16708208 -0.57166419 0.22308511
v -0.16826181 -0.54467676 0.22511869
v -0.2855035 -0.55553023 0.23885963
v -0.20737233 -0.51397029 0.22462434
v -0.16866628 -0.52114979 0.20524322
v -0.19056412 -0.49547679 0.1960077
v -0.2318094 -0.44304107 0.18917657
v -0.29763778 -0.49693737 0.20862511
v -0.29745802 -0.44207482 0.18974957
v -0.29748049 -0.42425544 0.16079587
v -0.18658681 -0.45657973 0.18832265
v -0.17700298 -0.47177006 0.18413185
v -0.19653014 -0.43003045 0.13683069
v -0.22449514 -0.42422174 0.15014468
v -0.29639065 -0.3891672 0.15725671
v -0.21929313 -0.37668456 0.15399843
v -0.20827119 -0.3478208 0.14188663
v -0.22593326 -0.33992229 0.14658305
v -0.20026031 -0.34292214 0.13520156
v -0.26718976 -0.33940546 0.14340341
v -0.27881845 -0.34224804 0.14302142
v -0.28544732 -0.35238238 0.14697627
v -0.3073227 -0.35593276 0.16269464
v -0.30312067 -0.33303495 0.15365013
v -0.52957075 -0.57425969 -0.19031128
v -0.51709943 -0.56245124 -0.20171525
v -0.48679747 -0.58545017 -0.17827815
v -0.51667248 -0.58529287 -0.17796356
v -0.48684241 -0.56303548 -0.20226578
v -0.47352846 -0.51926219 -0.19005288
v -0.48432564 -0.58666359 -0.05354241
v -0.52824496 -0.57318109 -0.15398716
v -0.52824496 -0.53766584 -0.17763773
v -0.49844863 -0.49702727 -0.15625671
v -0.46137165 -0.49711716 -0.17018865
v -0.45313614 -0.44231078 -0.15431299
v -0.49274101 -0.4549731 -0.13060623
v -0.43963115 -0.42187351 -0.12429192
v -0.51640283 -0.56150746 -0.0949225
v -0.48476382 -0.51066714 -0.08767565
v -0.48176401 -0.44247931 -0.09398995
v -0.43194606 -0.42004215 -0.08486679
v -0.49904408 -0.56755214 -0.053475
v -0.49276348 -0.53777819 0.02346522
v -0.44566457 -0.43123262 -0.03548708
v -0.42564302 -0.4220308 -0.05346377
v -0.42549696 -0.44845655 0.00707272
v -0.49276348 -0.56174342 0.0592613
v -0.45915832 -0.5855063 0.08981043
v -0.45130478 -0.58646135 0.01742056
v -0.48165165 -0.5689228 0.08754087
v -0.43511449 -0.58679835 0.14796502
v -0.43400221 -0.47791584 0.02873463
v -0.4217219 -0.41952531 0.03520623
v -0.48093258 -0.52584616 0.16545858
v -0.46905674 -0.49052195 0.07066526
v -0.44046258 -0.4614784 0.0759459
v -0.41775577 -0.42336788 0.06512618
v -0.44545113 -0.46677027 0.14765041
v -0.46850621 -0.54900233 0.15954874
v -0.43968733 -0.58857355 0.18331168
v -0.44772064 -0.48534242 0.20686113
v -0.46910169 -0.53778938 0.24828615
v -0.4693601 -0.57350687 0.23730916
v -0.41528391 -0.57445065 0.23778105
v -0.44540619 -0.45497308 0.18917658
v -0.45716967 -0.56161979 0.26008334
v -0.41614913 -0.55620436 0.25140958
v -0.44530507 -0.53763208 0.26012828
v -0.39285799 -0.52257667 0.23757881
v -0.42826091 -0.49438698 0.23338798
v -0.3979589 -0.47866858 0.22455692
v -0.43376627 -0.4541866 0.21293949
v -0.39159965 -0.4311652 0.20116477
v -0.38563364 -0.45357991 0.21291703
v -0.42177807 -0.4313562 0.18914287
v -0.39244231 -0.41803102 0.17790742
v -0.3984982 -0.40449228 0.09996725
v -0.39809372 -0.38465054 0.16544734
v -0.38611676 -0.39585228 0.17721082
v -0.36898272 -0.35456203 0.17943544
v -0.37499367 -0.34073125 0.17770518
v -0.39676797 -0.33963017 0.15063904
v -0.38943123 -0.34112449 0.08820375
v -0.3869594 -0.32808014 0.07636161
v -0.37936427 -0.33059688 0.17204253
v -0.37464537 -0.33636065 0.17731195
v -0.32642295 -0.54933941 -0.18978323
v -0.36874678 -0.51402646 -0.18983941
v -0.28512149 -0.52834045 -0.17400869
v -0.22631527 -0.49549928 -0.16245866
v -0.28443616 -0.47992694 -0.16346986
v -0.31382804 -0.48991528 -0.19107528
v -0.23832596 -0.45453491 -0.15472869
v -0.30665981 -0.46665793 -0.13130283
v -0.30918779 -0.4360077 -0.10229294
v -0.35678109 -0.46013015 -0.13678571
v -0.36221903 -0.43087312 -0.13079723
v -0.3529835 -0.42132297 -0.10509057
v -0.35765742 -0.40431252 -0.09880996
v -0.22623662 -0.40452599 -0.09787742
v -0.22684335 -0.43105289 -0.10720283
v -0.28563833 -0.34251767 -0.09643929
v -0.23802258 -0.3275184 -0.09620336
v -0.35730912 -0.36526942 -0.10711295
v -0.34529846 -0.34447264 -0.10393333
v -0.32902958 -0.33004635 -0.09615841
v -0.35809561 -0.32722625 -0.09086652
v 0.33620896 0.17196386 -0.18968214
v 0.38885816 0.27267824 -0.19228878
v 0.41431769 0.24914001 -0.19108655
v 0.32424324 0.26102711 -0.1893451
v 0.32107484 0.34546135 -0.17828942
v 0.26560553 0.26835261 -0.16529004
v 0.28313281 0.34413557 -0.16808766
v 0.30519917 0.37525769 -0.1542456
v 0.28840222 0.39677356 -0.17784001
v 0.18166564 0.37307806 -0.17789618
v 0.2446065 0.4505126 -0.17905344
v 0.38992559 0.16721127 -0.18128927
v 0.41563221 0.17785123 -0.17524462
v 0.42114883 0.22496139 -0.17897478
v 0.42415996 0.17598615 -0.14867282
v 0.42803611 0.23421938 -0.11252845
v 0.42385652 0.21343384 -0.0893947
v 0.43422683 0.17664904 -0.09980995
v 0.44072091 0.19397407 -0.05741867
v 0.44356351 0.18583963 -0.06521606
v 0.35498338 0.1542793 -0.18048032
v 0.32347923 0.16014418 -0.17789617
v 0.30452507 0.15490848 -0.16902019
v 0.27324563 0.14208885 -0.15547025
v 0.24602217 0.21419783 -0.14624598
v 0.23350591 0.14181921 -0.13805534
v 0.10251204 0.36526941 -0.12637052
v 0.20537239 0.2428819 -0.14236975
v 0.20443984 0.21366978 -0.12484249
v 0.22695566 0.13956089 -0.11447218
v 0.17428396 0.24730865 -0.06562054
v 0.22567482 0.14148214 -0.01869014
v 0.12129768 0.31286739 -0.11930342
v 0.09268105 0.32856329 -0.11957307
v 0.08218714 0.31884463 -0.10079866
v 0.11712933 0.40811013 -0.16617763
v 0.10488271 0.40618889 -0.1648968
v 0.12836477 0.47544406 -0.16317778
v 0.19727164 0.4724891 -0.17826696
v 0.14615045 0.50357757 -0.15417819
v 0.18884506 0.50933013 -0.16812137
v 0.15357707 0.54667668 -0.14496516
v 0.1626216 0.54423861 -0.14602128
v 0.1648125 0.54936199 -0.14077435
v 0.09180467 0.3120135 -0.01848791
v 0.08841158 0.31505828 -0.03019523
v 0.13849912 0.28401482 0.01873507
v 0.09243386 0.30878892 0.00525255
v 0.10529843 0.31983336 0.06630587
v 0.18081174 0.24035392 0.04112728
v 0.13790364 0.3046543 0.06514862
v 0.1047816 0.32546231 0.13037029
v 0.17314918 0.27153223 0.06569916
v 0.15804876 0.29045272 0.1181012
v 0.19686718 0.22300642 -0.00561211
v 0.2223716 0.14115633 0.01827442
v 0.2027096 0.23727542 0.10079864
v 0.23661813 0.14168438 0.06408127
v 0.24050557 0.14175181 0.10675342
v 0.22434903 0.23764618 0.11862927
v 0.27239173 0.15539161 0.10983193
v 0.12870182 0.35570809 0.12251672
v 0.11566873 0.35697767 0.125584
v 0.23444968 0.27241987 0.11042741
v 0.25849351 0.23721924 0.11229249
v 0.31854688 0.16402042 0.12804457
v 0.29093021 0.15372877 0.11476429
v 0.24713449 0.29760969 0.13106689
v 0.14168998 0.3909761 0.15085248
v 0.12696033 0.37814525 0.13889798
v 0.29394128 0.36740416 0.13431392
v 0.35682597 0.16449231 0.12031459
v 0.36582559 0.1784692 0.11973035
v 0.34436589 0.22745565 0.12294368
v 0.31595149 0.34241655 0.140235
v 0.33807405 0.30883387 0.13184213
v 0.37296008 0.26604936 0.14194278
v 0.4042732 0.22603999 0.13037029
v 0.41300317 0.1661102 0.12722438
v 0.42403637 0.18949114 0.12638173
v 0.43799075 0.1777726 0.11364075
v 0.15265576 0.44014239 0.15261643
v 0.13991478 0.41363796 0.1545377
v 0.27197602 0.4009307 0.1499087
v 0.22467486 0.45191711 0.15835773
v 0.16366648 0.48278078 0.15605447
v 0.18638452 0.49424093 0.13586441
v 0.20223772 0.47683724 0.13822385
v 0.17625017 0.49930813 0.13445998
v 0.18762043 0.50474607 0.11210148
v 0.17580075 0.50934135 0.1129666
v 0.41431769 0.24914001 -0.19108655
v 0.37134211 0.34970833 -0.18969339
v 0.43196853 0.26104958 -0.18048032
v 0.42114883 0.22496139 -0.17897478
v 0.38885816 0.27267824 -0.19228878
v 0.42803611 0.23421938 -0.11252845
v 0.32107484 0.34546135 -0.17828942
v 0.44220405 0.31423812 -0.14252705
v 0.42385652 0.21343384 -0.0893947
v 0.43035068 0.32605778 -0.16608774
v 0.33352371 0.39229061 -0.13771829
v 0.30519917 0.37525769 -0.1542456
v 0.38334157 0.37351622 -0.15458268
v 0.28840222 0.39677356 -0.17784001
v 0.42102524 0.24858949 -0.01830814
v 0.44072091 0.19397407 -0.05741867
v 0.42580031 0.34430413 -0.13668462
v 0.4197781 0.31938394 -0.06538459
v 0.35233181 0.4168401 -0.03057724
v 0.457428 0.19072704 -0.01798231
v 0.44356351 0.18583963 -0.06521606
v 0.45194509 0.18297459 -0.05573336
v 0.45560788 0.18512056 -0.04035205
v 0.46346142 0.18107579 -0.02967839
v 0.44248494 0.22188287 0.00461213
v 0.46828144 0.17523337 -0.00647723
v 0.45060809 0.16793035 0.02321801
v 0.44667568 0.20154674 0.05204812
v 0.42637329 0.28519454 0.01763399
v 0.45412483 0.24443239 0.05875567
v 0.40507089 0.35903379 0.00538737
v 0.45409112 0.18368243 0.09474275
v 0.4067001 0.36165162 0.08301296
v 0.45411359 0.25528583 0.09483263
v 0.43850755 0.18899679 0.11473059
v 0.42809229 0.29983431 0.09224848
v 0.44374328 0.24892656 0.11973035
v 0.42403637 0.18949114 0.12638173
v 0.43799075 0.1777726 0.11364075
v 0.4042732 0.22603999 0.13037029
v 0.37296008 0.26604936 0.14194278
v 0.40714951 0.33875382 0.10707924
v 0.37133088 0.39716681 0.10647252
v 0.38445394 0.31957495 0.13057253
v 0.36778053 0.29640749 0.14303262
v 0.33807405 0.30883387 0.13184213
v 0.35274752 0.38133606 0.13524647
v 0.31595149 0.34241655 0.140235
v 0.3357034 0.43251347 0.08288936
v 0.31201907 0.38477415 0.14171807
v 0.29394128 0.36740416 0.13431392
v 0.27197602 0.4009307 0.1499087
v 0.26501005 0.43270445 0.15408828
v 0.22467486 0.45191711 0.15835773
v 0.20223772 0.47683724 0.13822385
v 0.18762043 0.50474607 0.11210148
v 0.18638452 0.49424093 0.13586441
v 0.33706286 0.42134543 -0.07713685
v 0.17600298 0.5190038 0.06484525
v 0.17619398 0.51291417 0.10154017
v 0.17580075 0.50934135 0.1129666
v 0.1759468 0.5179814 0.07651887
v 0.22833761 0.50277983 -0.02976829
v 0.17654228 0.52438556 0.00648844
v 0.17591311 0.5200262 0.05299188
v 0.32850149 0.41397502 -0.12488744
v 0.16889095 0.53822766 -0.03725109
v 0.17099198 0.52749782 0.00183697
v 0.16483497 0.53691302 -0.02855487
v 0.17278966 0.55238424 -0.07805817
v 0.16323954 0.5429015 -0.04237445
v 0.19952997 0.54307006 -0.10084361
v 0.16465519 0.55987827 -0.12508968
v 0.15317258 0.55691217 -0.13737
v 0.16429567 0.55453019 -0.13481956
v 0.1648125 0.54936199 -0.14077435
v 0.31425496 0.45798422 -0.12590985
v 0.25330272 0.4918815 -0.16621134
v 0.32390618 0.44483872 -0.14248212
v 0.18884506 0.50933013 -0.16812137
v 0.1626216 0.54423861 -0.14602128
v 0.2446065 0.4505126 -0.17905344
v 0.3196929 0.41467158 -0.16054869
v 0.30021065 0.45623143 -0.16604282
v 0.389993 -0.41579515 -0.16670566
v 0.34355693 -0.43123263 -0.166054
v 0.3409166 -0.40116665 -0.14742568
v 0.43065401 -0.41912085 -0.16642477
v 0.44869809 -0.42949119 -0.17148072
v 0.44397922 -0.42040169 -0.14852675
v 0.44230517 -0.4052563 -0.14266185
v 0.41857593 -0.33645055 -0.16604279
v 0.34142222 -0.31917047 -0.1472122
v 0.43086748 -0.32915875 -0.155459
v 0.43069895 -0.31999063 -0.15534664
v 0.43127196 -0.32812509 -0.13651608
v 0.42486777 -0.31910306 -0.16052618
v 0.34195029 -0.27217266 -0.16702026
v 0.42653059 -0.2952053 -0.16387434
v 0.41286834 -0.2479603 -0.1679191
v 0.42073311 -0.24798277 -0.16653715
v 0.36624127 -0.24867939 -0.15948129
v 0.34084921 -0.24457845 -0.15221196
v 0.00421327 0.34960721 -0.15416695
v 0.02201019 0.43831093 -0.17141335
v 0.0549637 0.40744723 -0.16646975
v -0.05051451 0.45083843 -0.14775153
v -0.0256168 0.46175925 -0.15808813
v 0.0929844 0.40770565 -0.16544734
v 0.10251204 0.36526941 -0.12637052
v 0.10488271 0.40618889 -0.1648968
v 0.0519189 0.34927018 -0.14262818
v 0.06686202 0.34161885 -0.11737092
v 0.09268105 0.32856329 -0.11957307
v 0.08218714 0.31884463 -0.10079866
v -0.05176164 0.39118956 -0.13626891
v -0.08437809 0.43609758 -0.14071816
v -0.0011685 0.33996724 -0.14026872
v -0.10898368 0.42732267 -0.14254953
v -0.04293059 0.32592295 -0.10687704
v -0.11423062 0.37383081 -0.1422237
v -0.13174666 0.39102103 -0.14340341
v -0.16804833 0.31978841 -0.12843783
v -0.08406349 0.35332616 -0.11615751
v -0.16735173 0.29526149 -0.11425871
v -0.17942984 0.29622771 -0.12026967
v -0.13763402 0.26672347 -0.1068321
v -0.10208513 0.30222743 -0.118663
v -0.03398719 0.32049625 -0.05429522
v -0.11985957 0.2486232 -0.00638735
v -0.12302797 0.25284772 -0.04123965
v -0.13103883 0.24789291 -0.05454241
v -0.0263471 0.33522587 -0.00587053
v -0.1137138 0.25469031 -0.00623006
v -0.02620104 0.325305 -0.06744068
v 0.01030287 0.33685502 -0.00621882
v 0.06908664 0.32382192 -0.0791817
v 0.08841158 0.31505828 -0.03019523
v 0.08755768 0.31446283 -0.02263379
v 0.09180467 0.3120135 -0.01848791
v 0.0929844 0.40770565 -0.16544734
v 0.12836477 0.47544406 -0.16317778
v 0.11712933 0.40811013 -0.16617763
v 0.10488271 0.40618889 -0.1648968
v 0.02201019 0.43831093 -0.17141335
v -0.0256168 0.46175925 -0.15808813
v -0.01287582 0.53139643 -0.16360473
v 0.03359391 0.53998033 -0.16637987
v -0.0163251 0.57275413 -0.15323443
v 0.08720939 0.50382475 -0.16603159
v 0.15317258 0.55691217 -0.13737
v 0.14615045 0.50357757 -0.15417819
v 0.15357707 0.54667668 -0.14496516
v 0.1648125 0.54936199 -0.14077435
v 0.05764897 0.587068 -0.14318996
v -0.01187586 0.58791069 -0.13779695
v 0.16465519 0.55987827 -0.12508968
v 0.0284818 0.59820233 -0.13061751
v -0.00247181 0.59637098 -0.10142786
v 0.06043536 0.59759561 -0.09836059
v 0.17278966 0.55238424 -0.07805817
v 0.08128831 0.54528348 0.00561207
v 0.00778614 0.55041807 -0.01263426
v 0.01015681 0.54466556 0.00563454
v 0.15522867 0.53777825 -0.01728573
v 0.16323954 0.5429015 -0.04237445
v 0.16483497 0.53691302 -0.02855487
v 0.10492766 0.54319363 0.00537613
v 0.16346424 0.52991341 0.00512895
v 0.16746406 0.52600347 0.01776881
v -0.37426337 -0.41948038 -0.13060623
v -0.36221903 -0.43087312 -0.13079723
v -0.43963115 -0.42187351 -0.12429192
v -0.3529835 -0.42132297 -0.10509057
v -0.41441881 -0.41501989 -0.08764195
v -0.43194606 -0.42004215 -0.08486679
v -0.35765742 -0.40431252 -0.09880996
v -0.42564302 -0.4220308 -0.05346377
v -0.39852067 -0.34623661 -0.09524833
v -0.35730912 -0.36526942 -0.10711295
v -0.34529846 -0.34447264 -0.10393333
v -0.35809561 -0.32722625 -0.09086652
v -0.39226254 -0.3187772 -0.09232712
v -0.40894716 -0.31742897 -0.07887831
v -0.40510469 -0.32909134 -0.05457608
v -0.41137405 -0.4131773 -0.01783623
v -0.42549696 -0.44845655 0.00707272
v -0.39865547 -0.33090024 0.00602782
v -0.4217219 -0.41952531 0.03520623
v -0.39158841 -0.3214063 0.0409363
v -0.39519503 -0.31859743 0.01740931
v -0.3869594 -0.32808014 0.07636161
v -0.39994763 -0.39005481 0.04107113
v -0.41775577 -0.42336788 0.06512618
v -0.38943123 -0.34112449 0.08820375
v -0.3984982 -0.40449228 0.09996725
v 0.3073002 -0.42677214 -0.15945881
v 0.3409166 -0.40116665 -0.14742568
v 0.34355693 -0.43123263 -0.166054
v 0.26107767 -0.43608635 -0.14523476
v 0.34142222 -0.31917047 -0.1472122
v 0.25269603 -0.36034831 -0.14235849
v 0.23740459 -0.43355834 -0.1253368
v 0.23765177 -0.43556955 -0.13274097
v 0.22797809 -0.44134456 -0.1376059
v 0.22912411 -0.38416743 -0.11868544
v 0.23794391 -0.41348066 -0.07647393
v 0.22664107 -0.37816771 -0.08895649
v 0.23853938 -0.38997617 -0.05366601
v 0.24091006 -0.32799026 -0.13053883
v 0.2290904 -0.32914751 -0.10688825
v 0.27635782 -0.33088902 -0.14231355
v 0.24601094 -0.24851085 -0.14304386
v 0.34195029 -0.27217266 -0.16702026
v 0.3301306 -0.23402839 -0.14597631
v 0.34084921 -0.24457845 -0.15221196
v 0.22901172 -0.28981227 -0.1306287
v 0.22842749 -0.24747719 -0.12038199
v 0.22713541 -0.24727495 -0.08974298
v 0.24195495 -0.24794906 -0.03747576
v 0.25025793 -0.24806141 -0.01418472
v 0.24611206 -0.23541031 -0.0283526
v 0.24699966 -0.28389119 -0.00685922
v 0.24401104 -0.31929406 -0.06354196
v 0.25030288 -0.32182204 -0.01937548
v 0.24621318 -0.30667665 -0.00692663
v 0.24971865 -0.37816771 -0.01806094
v 0.44249617 -0.24603905 -0.14288657
v 0.42073311 -0.24798277 -0.16653715
v 0.43087872 -0.21235523 -0.15456018
v 0.43194606 -0.24784796 -0.06554187
v 0.43076636 -0.2216357 -0.05339637
v 0.43048548 -0.23615187 -0.04170028
v 0.44230517 -0.18319929 -0.06540704
v 0.44214787 -0.15921165 -0.14231356
v 0.43057536 -0.12338186 -0.15442536
v 0.43172138 -0.12950517 -0.06520481
v 0.40678998 -0.11167455 -0.16603156
v 0.43037315 -0.04271149 -0.15416693
v 0.4426422 -0.04618323 -0.07691213
v 0.44237258 -0.07811432 -0.06463181
v 0.44313656 -0.04649782 -0.06568794
v 0.41858717 -0.07633913 -0.1660428
v 0.35356771 -0.01970133 -0.16675062
v 0.37576892 -0.02437527 -0.17011003
v 0.38991435 -0.09378775 -0.15533542
v 0.28385189 -0.04592482 -0.15438042
v 0.36614015 -0.22343336 -0.14598754
v 0.41286834 -0.2479603 -0.1679191
v 0.36624127 -0.24867939 -0.15948129
v 0.34084921 -0.24457845 -0.15221196
v 0.3301306 -0.23402839 -0.14597631
v 0.24601094 -0.24851085 -0.14304386
v 0.30821028 -0.10567484 -0.1546276
v 0.25753849 -0.06728337 -0.14475165
v 0.26388651 -0.16026777 -0.15434671
v 0.24034827 -0.21309677 -0.13104442
v 0.2521792 -0.11792145 -0.14258321
v 0.24080894 -0.08296803 -0.14244839
v 0.22842749 -0.24747719 -0.12038199
v 0.2319779 -0.10918028 -0.11358457
v 0.23588782 -0.10695566 -0.10120313
v 0.23797762 -0.21316418 -0.0889565
v 0.22713541 -0.24727495 -0.08974298
v 0.22688825 -0.17695239 -0.08885538
v 0.24037075 -0.10710173 -0.07746266
v 0.2386742 -0.09418099 -0.08918122
v -0.16130708 0.06551941 -0.15418941
v -0.18486777 0.10107954 -0.1660091
v -0.16120596 0.10130425 -0.15431301
v -0.14931887 0.08963063 -0.13146015
v -0.18496888 0.11297786 -0.14217875
v -0.14824028 0.09077666 0.00605027
v -0.22853989 0.11384299 -0.1597959
v -0.20421518 0.11893264 -0.11124761
v -0.17660974 0.11828099 -0.06555312
v -0.22115822 0.10101212 -0.16608773
v -0.25628015 0.09040588 -0.14251581
v -0.25167363 0.1287187 -0.11947194
v -0.20950706 0.12905576 -0.10565237
v -0.1730144 0.12998831 -0.04854268
v -0.21370911 0.22493892 -0.11268575
v -0.16405975 0.09980994 0.01790365
v -0.14857733 0.07997941 0.02964468
v -0.16727309 0.1544366 0.00536491
v -0.1757109 0.11914611 0.02936379
v -0.16509342 0.23518563 -0.10379852
v -0.13557794 0.24024157 -0.04047564
v -0.16085766 0.05165488 -0.14316746
v -0.13103883 0.24789291 -0.05454241
v -0.12302797 0.25284772 -0.04123965
v -0.13763402 0.26672347 -0.1068321
v -0.14997053 0.05469969 0.017634
v -0.19026078 0.28407099 -0.12083144
v -0.17516037 0.29253127 -0.11676421
v -0.16735173 0.29526149 -0.11425871
v -0.23701141 0.24809514 -0.12965124
v -0.28027903 0.16003183 -0.13056131
v -0.29927816 0.19024389 -0.1279884
v -0.30934509 0.11870792 -0.12094378
v -0.32082772 0.17842424 -0.11995507
v -0.30947992 0.08111418 -0.14402135
v -0.30962598 0.0531829 -0.14276299
v -0.27353778 0.01524086 -0.11960676
v -0.30894061 0.02380226 -0.12134826
v -0.29761531 0.01654417 -0.11928094
v -0.20787793 0.01391508 -0.13096578
v -0.20115914 0.02293713 -0.12906699
v -0.18198026 -0.00092692 -0.099956
v -0.1816432 0.03506015 -0.12316839
v -0.17265486 0.01010627 -0.06560929
v -0.17212678 0.01567905 0.01761153
v -0.0256168 0.46175925 -0.15808813
v -0.05051451 0.45083843 -0.14775153
v -0.01287582 0.53139643 -0.16360473
v -0.05988486 0.53702537 -0.15509952
v -0.04318901 0.56274335 -0.1542119
v -0.0163251 0.57275413 -0.15323443
v -0.01187586 0.58791069 -0.13779695
v -0.11937646 0.53585694 -0.12879737
v -0.11958993 0.4630851 -0.14751558
v -0.08437809 0.43609758 -0.14071816
v -0.10898368 0.42732267 -0.14254953
v -0.15673425 0.50016199 -0.1399991
v -0.1753626 0.51598148 -0.10976455
v -0.06043539 0.5764393 -0.12419084
v -0.17029541 0.52511583 -0.07674362
v -0.00247181 0.59637098 -0.10142786
v 0.01015681 0.54466556 0.00563454
v 0.00778614 0.55041807 -0.01263426
v -0.01346006 0.54037361 0.01751039
v -0.18230611 0.51415007 -0.05375593
v -0.15956558 0.50254386 -0.00219655
v -0.14836387 0.50264501 0.04083515
v -0.16635179 0.49389263 0.0293413
v -0.04893031 0.53180092 0.04119468
v -0.07798513 0.52680122 0.05964326
v -0.08544545 0.52566641 0.06332847
v -0.45131602 0.06260943 -0.14440337
v -0.30947992 0.08111418 -0.14402135
v -0.30962598 0.0531829 -0.14276299
v -0.30894061 0.02380226 -0.12134826
v -0.31013157 0.01339825 -0.1199663
v -0.29761531 0.01654417 -0.11928094
v -0.34453445 0.02442021 -0.12258415
v -0.42674406 0.03850943 -0.12016854
v -0.42171066 0.00646599 -0.11864052
v -0.44105803 0.0329816 -0.10349516
v -0.43526055 0.01428585 -0.10286597
v -0.4332607 0.00730865 -0.00276953
v -0.46905674 0.05375591 -0.13051636
v -0.45728203 0.04188007 -0.0102411
v -0.42517113 0.01418474 0.03864426
v -0.44990029 0.05280091 0.04098123
v -0.45197888 0.07182248 -0.01781378
v -0.46228178 0.11024766 0.04101493
v -0.47410147 0.05258743 -0.10041665
v -0.47746082 0.11012407 -0.08961941
v -0.47230374 0.12631432 -0.07749638
v -0.45400124 0.13059501 0.04045316
v -0.45751797 0.11332615 -0.14290905
v -0.45740562 0.13672956 -0.10695568
v -0.41366606 0.15396471 -0.08429381
v -0.45136096 0.09528205 -0.14959413
v -0.43355279 0.11295538 -0.15414447
v -0.41123923 0.13674079 -0.13067366
v -0.38599317 0.11305651 -0.15423435
v -0.36211791 0.10149526 -0.1424821
v -0.39302661 0.13822388 -0.1108319
v -0.30934509 0.11870792 -0.12094378
v -0.38340904 0.21007443 -0.11741586
v -0.32082772 0.17842424 -0.11995507
v -0.40987968 0.21939984 -0.10685457
v -0.41022806 0.16291935 -0.01900474
v -0.41747489 0.22241094 -0.07728291
v -0.40526198 0.14369553 0.04162164
v -0.39837461 0.21337767 0.02612798
v -0.39285799 0.17818829 0.04131828
v -0.39720612 0.21406302 0.03384672
v -0.39775666 0.22007398 0.03481297
v -0.19065401 0.36673002 -0.13703294
v -0.17331774 0.48001681 -0.14236976
v -0.13174666 0.39102103 -0.14340341
v -0.10898368 0.42732267 -0.14254953
v -0.11958993 0.4630851 -0.14751558
v -0.16804833 0.31978841 -0.12843783
v -0.15673425 0.50016199 -0.1399991
v -0.17942984 0.29622771 -0.12026967
v -0.19005854 0.3191817 -0.13320164
v -0.24779741 0.36616828 -0.12714575
v -0.24423579 0.45619772 -0.11871919
v -0.1753626 0.51598148 -0.10976455
v -0.19839523 0.4029081 -0.13093209
v -0.19167643 0.43891762 -0.12577504
v -0.22647257 0.37680821 -0.12017979
v -0.22915783 0.42800803 -0.13233653
v -0.25957214 0.40195312 -0.1187866
v -0.267392 0.38558309 -0.13067368
v -0.28377327 0.40291934 -0.11246105
v -0.27368384 0.42641263 -0.10040543
v -0.29432332 0.41168301 -0.07735033
v -0.23912365 0.47474749 -0.09128227
v -0.17029541 0.52511583 -0.07674362
v -0.18230611 0.51415007 -0.05375593
v -0.28590801 0.41523337 0.01773511
v -0.15956558 0.50254386 -0.00219655
v -0.19550773 0.47872477 0.02955478
v -0.16635179 0.49389263 0.0293413
v -0.26235851 0.42669349 0.04146434
v -0.27733537 0.41899728 0.02924019
v -0.27404338 0.41667148 0.04246429
v -0.27318948 0.41230097 0.0521717
v -0.25153881 -0.01790366 -0.11891016
v -0.20787793 0.01391508 -0.13096578
v -0.20808015 -0.00736483 -0.13067366
v -0.27353778 0.01524086 -0.11960676
v -0.18198026 -0.00092692 -0.099956
v -0.29761531 0.01654417 -0.11928094
v -0.18501383 -0.01730818 -0.1069332
v -0.17265486 0.01010627 -0.06560929
v -0.20783299 -0.03344225 -0.08841721
v -0.30930015 -0.00572445 -0.11875287
v -0.31013157 0.01339825 -0.1199663
v -0.30915409 -0.05886803 -0.09900099
v -0.22757364 -0.03254342 -0.10871963
v -0.27526804 -0.10688825 -0.09164178
v -0.22045038 -0.08831609 -0.10683208
v -0.30928891 -0.11710125 -0.08900145
v -0.30933385 -0.14279668 -0.0962483
v -0.31652453 -0.14688638 -0.09509104
v -0.24453914 -0.14735829 -0.11865175
v -0.27435797 -0.16464961 -0.1152137
v -0.24421332 -0.18291842 -0.11868545
v -0.21670897 -0.20276017 -0.10331539
v -0.20873183 -0.11196667 -0.09494499
v -0.19439542 -0.19031131 -0.05473339
v -0.20572073 -0.2132653 -0.06554187
v -0.20626002 -0.21429896 -0.04127334
v -0.20399048 -0.17782874 -0.00700528
v -0.19612567 -0.14365058 -0.06577782
v -0.20124903 -0.08273209 -0.08925986
v -0.20592297 -0.11605636 0.02849867
v -0.19679981 -0.14716726 0.0232742
v -0.19341793 -0.15279622 0.02881326
v -0.20534996 -0.09420345 0.04155424
v -0.20108051 -0.04756519 0.01855532
v -0.18786762 -0.01249941 0.01683629
v -0.1967661 -0.03477927 -0.04935162
v -0.17212678 0.01567905 0.01761153
v -0.38654368 0.266319 -0.13056132
v -0.39813866 0.30254202 -0.11875289
v -0.32713079 0.36152803 -0.13051638
v -0.41017189 0.26064511 -0.11900006
v -0.38340904 0.21007443 -0.11741586
v -0.32082772 0.17842424 -0.11995507
v -0.29927816 0.19024389 -0.1279884
v -0.40987968 0.21939984 -0.10685457
v -0.23701141 0.24809514 -0.12965124
v -0.42266568 0.23775855 -0.08845092
v -0.41747489 0.22241094 -0.07728291
v -0.42181178 0.2672066 -0.05891299
v -0.39837461 0.21337767 0.02612798
v -0.40562152 0.3083957 -0.10057396
v -0.38943123 0.27357709 0.04016103
v -0.39775666 0.22007398 0.03481297
v -0.39626237 0.22614111 0.04146434
v -0.37625211 0.3168897 0.02950984
v -0.39804878 0.3259679 -0.08310286
v -0.3622415 0.33747297 0.03349842
v -0.29768273 0.40259352 0.02897054
v -0.28590801 0.41523337 0.01773511
v -0.27733537 0.41899728 0.02924019
v -0.29432332 0.41168301 -0.07735033
v -0.37440943 0.3378325 -0.118663
v -0.28377327 0.40291934 -0.11246105
v -0.267392 0.38558309 -0.13067368
v -0.24779741 0.36616828 -0.12714575
v -0.19005854 0.3191817 -0.13320164
v -0.19026078 0.28407099 -0.12083144
v -0.17942984 0.29622771 -0.12026967
v -0.17516037 0.29253127 -0.11676421
v -0.16735173 0.29526149 -0.11425871
v 0.1648125 0.54936199 -0.14077435
v 0.15317258 0.55691217 -0.13737
v 0.16429567 0.55453019 -0.13481956
v -0.30930015 -0.00572445 -0.11875287
v -0.34453445 0.02442021 -0.12258415
v -0.31013157 0.01339825 -0.1199663
v -0.42171066 0.00646599 -0.11864052
v -0.43354156 -0.01720706 -0.10680961
v -0.43526055 0.01428585 -0.10286597
v -0.30915409 -0.05886803 -0.09900099
v -0.4332607 0.00730865 -0.00276953
v -0.39493661 -0.03652076 -0.09352933
v -0.40968867 -0.03693647 -0.08263097
v -0.30928891 -0.11710125 -0.08900145
v -0.41487946 -0.03618369 0.04061046
v -0.42517113 0.01418474 0.03864426
v -0.41031795 -0.10558494 0.00072469
v -0.39981281 -0.10710173 0.04079023
v -0.40883481 -0.10831516 -0.08039511
v -0.38537522 -0.1114049 -0.09472028
v -0.3686569 -0.15306586 -0.09804597
v -0.31652453 -0.14688638 -0.09509104
v -0.41137405 -0.18931135 -0.08499039
v -0.4182501 -0.07109217 -0.06628341
v -0.42180054 -0.17135715 -0.04796966
v -0.413329 -0.18860353 -0.01745423
v -0.4027115 -0.16495294 0.0255887
v -0.40468898 -0.20243436 0.00740977
v -0.40440803 -0.14041477 0.06403634
v -0.40693604 -0.15433546 0.05227284
v -0.23802258 -0.3275184 -0.09620336
v -0.37445437 -0.27765554 -0.10684331
v -0.22050654 -0.2662853 -0.10683207
v -0.20996773 -0.32748469 -0.09368661
v -0.32902958 -0.33004635 -0.09615841
v -0.28563833 -0.34251767 -0.09643929
v -0.19577738 -0.29310426 -0.05449744
v -0.20711393 -0.33077666 -0.04173399
v -0.19730539 -0.2593418 -0.08199053
v -0.20577691 -0.23430927 -0.04059922
v -0.21670897 -0.20276017 -0.10331539
v -0.20572073 -0.2132653 -0.06554187
v -0.20626002 -0.21429896 -0.04127334
v -0.26112261 -0.21341136 -0.0960573
v -0.24421332 -0.18291842 -0.11868545
v -0.36061235 -0.30753055 -0.08801272
v -0.39226254 -0.3187772 -0.09232712
v -0.35809561 -0.32722625 -0.09086652
v -0.39856558 -0.22980386 -0.09522587
v -0.29986238 -0.18767099 -0.09913581
v -0.27435797 -0.16464961 -0.1152137
v -0.31652453 -0.14688638 -0.09509104
v -0.30933385 -0.14279668 -0.0962483
v -0.3686569 -0.15306586 -0.09804597
v -0.40994709 -0.21251254 -0.0832152
v -0.41137405 -0.18931135 -0.08499039
v -0.40894716 -0.31742897 -0.07887831
v -0.413329 -0.18860353 -0.01745423
v -0.40175649 -0.21220916 0.00582558
v -0.40468898 -0.20243436 0.00740977
v -0.40193625 -0.2236693 -0.02945367
v -0.39986899 -0.29535135 0.01742055
v -0.4217219 -0.24201676 -0.05956462
v -0.42183425 -0.28946399 -0.0616207
v -0.40510469 -0.32909134 -0.05457608
v -0.39865547 -0.33090024 0.00602782
v -0.39519503 -0.31859743 0.01740931
v 0.43127196 -0.32812509 -0.13651608
v 0.43138432 -0.33067554 -0.07709188
v 0.4349459 -0.35223633 -0.11083188
v 0.43763121 -0.3086541 -0.10068629
v 0.43884461 -0.36532559 -0.00611768
v 0.43350776 -0.32013669 -0.00942089
v 0.44074338 -0.32259726 0.04967746
v 0.44218158 -0.3484612 0.0469922
v 0.44660827 -0.37804412 0.0174992
v 0.44258602 -0.38262811 -0.06230605
v 0.44317027 -0.40255981 -0.11139365
v 0.44513645 -0.40184077 -0.06772153
v 0.18276672 -0.55150794 -0.08922614
v 0.18026121 -0.55454146 -0.07738399
v 0.21090023 -0.51814991 -0.10074246
v 0.17872196 -0.56733864 -0.08922614
v 0.23323625 -0.49467911 -0.02886941
v 0.21109123 -0.49993729 -0.11228124
v 0.20288936 -0.470669 -0.12362903
v 0.1935752 -0.52596973 -0.00143249
v 0.1850475 -0.55677735 0.00640984
v 0.19017086 -0.54332845 0.0172745
v 0.19639529 -0.53147511 0.05354246
v 0.19195728 -0.54180048 0.05384582
v 0.23601141 -0.45009689 0.02879081
v 0.21711342 -0.46650063 0.07663127
v 0.22587704 -0.44881608 0.08957448
v 0.2465952 -0.43574928 0.05282339
v 0.24204485 -0.44484996 -0.07242917
v 0.25090959 -0.41384019 0.04089137
v 0.250977 -0.37803288 -0.0060615
v 0.24971865 -0.37816771 -0.01806094
v 0.23853938 -0.38997617 -0.05366601
v 0.23794391 -0.41348066 -0.07647393
v 0.23740459 -0.43355834 -0.1253368
v 0.21477647 -0.45300692 -0.13648236
v 0.22797809 -0.44134456 -0.1376059
v 0.22688825 -0.17695239 -0.08885538
v 0.2506287 -0.12921305 -0.0177913
v 0.24037075 -0.10710173 -0.07746266
v 0.2386742 -0.09418099 -0.08918122
v 0.23871915 -0.07038435 -0.07713683
v 0.24038198 -0.04432938 -0.05336267
v 0.2496737 -0.18886195 -0.00666822
v 0.23797762 -0.21316418 -0.0889565
v 0.22713541 -0.24727495 -0.08974298
v 0.24195495 -0.24794906 -0.03747576
v 0.24611206 -0.23541031 -0.0283526
v 0.25025793 -0.24806141 -0.01418472
v 0.25165113 -0.24927484 -0.00537614
v 0.25121295 -0.21279342 0.09811339
v 0.24033704 -0.23543281 0.08501288
v 0.25814521 -0.24803894 0.10974207
v 0.2290904 -0.17133468 0.02328544
v 0.22905667 -0.13537007 0.03475681
v 0.24071906 -0.1847273 0.09484389
v 0.26212254 -0.21201815 0.10668603
v 0.34135481 -0.22463555 0.09738309
v 0.31783905 -0.24808388 0.10855111
v 0.34028744 -0.23455644 0.09921447
v 0.26367306 -0.18470483 0.11835965
v 0.34143346 -0.18465989 0.10664108
v 0.28831234 -0.14738075 0.11803381
v 0.27705445 -0.10684331 0.10625908
v 0.34168064 -0.15377369 0.09748421
v 0.25269603 -0.10577595 0.10630402
v 0.34125369 -0.1168316 0.09442817
v 0.32951265 -0.08840598 0.10632649
v 0.26814475 -0.06773278 0.11706756
v 0.30714291 -0.05957586 0.11060719
v 0.3180862 -0.05875567 0.10974206
v 0.32973736 -0.05863208 0.10970835
v 0.25221291 -0.04429567 0.09767521
v 0.24553906 -0.10670848 0.07729414
v 0.24046063 -0.07040681 0.08633866
v 0.24946023 -0.10559617 0.02968963
v 0.24014605 -0.03206029 0.01648799
v 0.24401104 -0.02627405 0.06447451
v 0.23795515 -0.02042039 0.05284584
v 0.23292167 -0.02225176 0.0177913
v 0.22907917 -0.01737559 -0.00648846
v 0.44513645 -0.40184077 -0.06772153
v 0.44672062 -0.38784137 -0.04210476
v 0.45051821 -0.42467116 -0.01744299
v 0.43076636 -0.2216357 -0.05339637
v 0.43848508 -0.22611863 -0.00485931
v 0.43048548 -0.23615187 -0.04170028
v 0.43057536 -0.24837602 -0.02786947
v 0.44230517 -0.18319929 -0.06540704
v 0.44250741 -0.24015168 0.00339873
v 0.43693461 -0.22466926 0.04067788
v 0.44291185 -0.23912925 0.02491458
v 0.45823692 -0.24837602 0.07790086
v 0.45413606 -0.1950639 0.08323769
v 0.44229393 -0.21350124 0.09450682
v 0.45205744 -0.24780301 0.09101261
v 0.42501383 -0.24838725 0.10938253
v 0.37752166 -0.2469716 0.09933806
v 0.34135481 -0.22463555 0.09738309
v 0.34028744 -0.23455644 0.09921447
v 0.34143346 -0.18465989 0.10664108
v 0.43035068 -0.19478301 0.10623661
v 0.34168064 -0.15377369 0.09748421
v 0.44222652 -0.10594447 0.09445064
v 0.34125369 -0.1168316 0.09442817
v 0.32951265 -0.08840598 0.10632649
v 0.34064697 -0.04455409 0.11127008
v 0.32973736 -0.05863208 0.10970835
v 0.45409112 -0.13532513 0.08199055
v 0.41348629 -0.04238565 0.1030345
v 0.37567904 -0.02382472 0.1121015
v 0.41039651 -0.02352136 0.10992183
v 0.43466501 -0.12749403 0.03057723
v 0.44178834 -0.03613875 0.0919002
v 0.45406865 -0.08843968 0.08299051
v 0.44224899 -0.10422546 -0.00503909
v 0.43172138 -0.12950517 -0.06520481
v 0.44237258 -0.07811432 -0.06463181
v 0.44313656 -0.04649782 -0.06568794
v 0.45151817 -0.02591452 -0.05380085
v 0.46037172 -0.02519544 0.09913581
v 0.457237 -0.0231843 -0.02975703
v 0.46662985 -0.00851083 0.00574692
v 0.46302323 -0.01160058 -0.04283507
v -0.19577738 -0.29310426 -0.05449744
v -0.20714764 -0.34101214 0.0169599
v -0.20711393 -0.33077666 -0.04173399
v -0.20297929 -0.33091148 0.07567625
v -0.18466553 -0.27883526 0.07706943
v -0.18447452 -0.27902626 0.02904922
v -0.18498012 -0.30137353 0.12995462
v -0.18524979 -0.25417351 0.03575677
v -0.20577691 -0.23430927 -0.04059922
v -0.18433971 -0.34276484 0.11991014
v -0.20819254 -0.2242985 -0.00419642
v -0.20626002 -0.21429896 -0.04127334
v -0.18499136 -0.22996115 0.10643885
v -0.20399048 -0.17782874 -0.00700528
v -0.19303593 -0.21214174 0.11220262
v -0.19868736 -0.21477084 0.13979683
v -0.18492394 -0.18305322 0.04647536
v -0.18462058 -0.1653462 0.13133656
v -0.18595761 -0.15280745 0.04908198
v -0.20558591 -0.17761527 0.15502085
v -0.19341793 -0.15279622 0.02881326
v -0.19193485 -0.14049342 0.04144189
v -0.19679981 -0.14716726 0.0232742
v -0.22582091 -0.21369224 0.14863912
v -0.23822481 -0.16517765 0.15707693
v -0.27456021 -0.19551331 0.15384113
v -0.27366137 -0.17713215 0.15530172
v -0.27305465 -0.21550115 0.1447966
v -0.22050654 -0.30126117 0.15356025
v -0.27391978 -0.30430596 0.15403214
v -0.26718976 -0.33940546 0.14340341
v -0.28379574 -0.33116989 0.14584151
v -0.27881845 -0.34224804 0.14302142
v -0.22593326 -0.33992229 0.14658305
v -0.20026031 -0.34292214 0.13520156
v 0.46868588 0.00015168 -0.04085764
v 0.47551702 0.03289172 -0.04190254
v 0.46662985 -0.00851083 0.00574692
v 0.46302323 -0.01160058 -0.04283507
v 0.457237 -0.0231843 -0.02975703
v 0.48326953 0.03445345 0.10148401
v 0.47767426 -0.01726323 0.10624784
v 0.46037172 -0.02519544 0.09913581
v 0.46586584 -0.00534244 0.11807874
v 0.41039651 -0.02352136 0.10992183
v 0.37603854 -0.01242076 0.1209213
v 0.37567904 -0.02382472 0.1121015
v 0.36462339 0.01071299 0.12720191
v 0.3646908 0.03575676 0.13290952
v 0.44768693 0.04641919 0.1244717
v 0.3686906 0.05455364 0.15289734
v 0.45959647 0.06972147 0.1520884
v 0.36519637 0.05725014 0.15433548
v 0.50143718 0.04188008 0.12996584
v 0.51534663 0.0525762 0.11294415
v 0.48998829 0.05277844 0.00924114
v 0.4898647 0.05355368 -0.041734
v 0.49112307 0.08395674 -0.04141941
v 0.49285327 0.08332757 0.01743177
v 0.51260524 0.1190787 -0.04139694
v 0.51722299 0.10960724 0.08955199
v 0.52504282 0.0772492 0.11816862
v 0.48963999 0.07754133 0.1535827
v 0.50159447 0.10260757 0.14320116
v 0.48960631 0.14859417 0.01204999
v 0.46898924 0.17423343 -0.04057676
v 0.48333694 0.1268761 0.11238237
v 0.46828144 0.17523337 -0.00647723
v 0.46346142 0.18107579 -0.02967839
v 0.45560788 0.18512056 -0.04035205
v 0.457428 0.19072704 -0.01798231
v 0.45060809 0.16793035 0.02321801
v 0.44205799 0.13379711 0.10571977
v 0.44667568 0.20154674 0.05204812
v 0.45409112 0.18368243 0.09474275
v 0.43850755 0.18899679 0.11473059
v 0.43799075 0.1777726 0.11364075
v 0.41300317 0.1661102 0.12722438
v 0.36582559 0.1784692 0.11973035
v 0.44810264 0.12125838 0.11025888
v 0.35682597 0.16449231 0.12031459
v 0.35447779 0.15296476 0.11942699
v 0.35325312 0.1192023 0.12401104
v 0.42971026 0.11306776 0.1418192
v 0.3888694 0.10182109 0.14374047
v 0.35260146 0.10737139 0.15475117
v 0.38800426 0.09005759 0.1537737
v 0.35846635 0.08213661 0.15357146
v 0.16323954 0.5429015 -0.04237445
v 0.16483497 0.53691302 -0.02855487
v 0.16889095 0.53822766 -0.03725109
v 0.16483497 0.53691302 -0.02855487
v 0.16346424 0.52991341 0.00512895
v 0.17099198 0.52749782 0.00183697
v 0.15522867 0.53777825 -0.01728573
v 0.17654228 0.52438556 0.00648844
v 0.16746406 0.52600347 0.01776881
v 0.1649698 0.52519452 0.04174521
v 0.17591311 0.5200262 0.05299188
v 0.22868591 0.11889894 -0.01813961
v 0.19301344 0.08990029 -0.00623005
v 0.22886568 0.11319134 0.07659753
v 0.24011234 0.12822434 0.06391273
v 0.20785543 0.09646178 0.07606948
v 0.2223716 0.14115633 0.01827442
v 0.22567482 0.14148214 -0.01869014
v 0.23661813 0.14168438 0.06408127
v 0.19358643 0.07718179 0.04725059
v 0.19271007 0.07393475 -0.00598287
v 0.20505781 0.06315997 0.07587847
v 0.2057881 0.05410422 -0.00103928
v 0.2023613 0.08683302 0.08837227
v 0.20257477 0.06980011 0.08705772
v 0.20750711 0.05809279 0.08763073
v -0.13557794 0.24024157 -0.04047564
v -0.11985957 0.2486232 -0.00638735
v -0.16727309 0.1544366 0.00536491
v -0.12302797 0.25284772 -0.04123965
v -0.17944108 0.11668556 0.04110481
v -0.1757109 0.11914611 0.02936379
v -0.18230611 0.12649408 0.07687842
v -0.18200273 0.12962878 0.10060765
v -0.17822764 0.14420113 0.13602172
v -0.14931887 0.20722064 0.10688825
v -0.11160154 0.26425168 0.1122026
v -0.1137138 0.25469031 -0.00623006
v -0.12058988 0.27372316 0.13619024
v -0.1722504 0.20145688 0.1423585
v -0.14260009 0.27173448 0.14277421
v -0.19747392 0.16402042 0.15480735
v -0.19581109 0.15438043 0.15389729
v -0.21323724 0.20178272 0.15053788
v -0.22598944 0.16589675 0.15548148
v -0.15692526 0.3088114 0.154504
v -0.14385846 0.29674455 0.14367305
v -0.23743835 0.23765742 0.17835681
v -0.24397736 0.1792669 0.17742428
v -0.26143723 0.18987315 0.18213192
v -0.22858484 0.2713188 0.18267123
v -0.17812652 0.33073172 0.18865971
v -0.18838447 0.32988909 0.1908506
v -0.0263471 0.33522587 -0.00587053
v -0.11160154 0.26425168 0.1122026
v -0.1137138 0.25469031 -0.00623006
v -0.03500962 0.31773233 0.08881044
v -0.01661722 0.33704605 0.03039744
v 0.01030287 0.33685502 -0.00621882
v -0.0784795 0.30227238 0.12990965
v -0.12058988 0.27372316 0.13619024
v -0.00993214 0.32721504 0.10365244
v 0.04961564 0.32582184 0.05331771
v 0.08755768 0.31446283 -0.02263379
v -0.14385846 0.29674455 0.14367305
v -0.14260009 0.27173448 0.14277421
v -0.14361128 0.30819347 0.14580777
v -0.08116475 0.37575206 0.15107718
v 0.09180467 0.3120135 -0.01848791
v 0.09243386 0.30878892 0.00525255
v 0.10529843 0.31983336 0.06630587
v -0.04893031 0.36787605 0.13114553
v -0.06123311 0.39414453 0.17576141
v -0.03663875 0.41340202 0.16935723
v -0.01378589 0.33740559 0.13053883
v -0.02607745 0.42501947 0.17480641
v -0.03915549 0.42649129 0.17475023
v 0.01611159 0.36146063 0.16536866
v 0.045672 0.39908805 0.17614343
v 0.05982864 0.32551849 0.12003369
v 0.0517279 0.33773139 0.15358269
v 0.09506295 0.38975146 0.14481905
v 0.07807498 0.33993354 0.12820185
v 0.1047816 0.32546231 0.13037029
v 0.11566873 0.35697767 0.125584
v 0.12870182 0.35570809 0.12251672
v 0.12696033 0.37814525 0.13889798
v -0.17212678 0.01567905 0.01761153
v -0.14997053 0.05469969 0.017634
v -0.16889098 0.01125229 0.07619306
v -0.16148685 0.03027387 0.09373156
v -0.16920559 0.01122982 0.08740602
v -0.14902675 0.05319415 0.11193297
v -0.14916157 0.06675531 0.06468799
v -0.1483414 0.08357475 0.11252844
v -0.14857733 0.07997941 0.02964468
v -0.1597566 0.09122608 0.08847338
v -0.16405975 0.09980994 0.01790365
v -0.18355321 0.11402276 0.0651711
v -0.17944108 0.11668556 0.04110481
v -0.1757109 0.11914611 0.02936379
v -0.18230611 0.12649408 0.07687842
v 0.16746406 0.52600347 0.01776881
v 0.10492766 0.54319363 0.00537613
v 0.1649698 0.52519452 0.04174521
v 0.1759468 0.5179814 0.07651887
v 0.17591311 0.5200262 0.05299188
v 0.17600298 0.5190038 0.06484525
v 0.10464677 0.54017138 0.09934926
v 0.16437432 0.5179814 0.10161882
v 0.17625017 0.49930813 0.13445998
v 0.17580075 0.50934135 0.1129666
v 0.16366648 0.48278078 0.15605447
v 0.05752538 0.54286783 0.0647329
v 0.08128831 0.54528348 0.00561207
v 0.14639763 0.47997188 0.16543606
v 0.15265576 0.44014239 0.15261643
v 0.01015681 0.54466556 0.00563454
v -0.01346006 0.54037361 0.01751039
v -0.04893031 0.53180092 0.04119468
v 0.09053507 0.45440009 0.16671689
v 0.05190766 0.5509237 0.16549222
v 0.0408183 0.56291186 0.1405271
v 0.00387621 0.56270962 0.12970738
v -0.07347973 0.53662097 0.11094422
v -0.07798513 0.52680122 0.05964326
v -0.03143675 0.55095738 0.14235848
v -0.05966015 0.50575727 0.18519916
v 0.01596553 0.55085629 0.17725574
v -0.01887554 0.51552087 0.18907541
v -0.05479521 0.49155563 0.18905294
v -0.05034597 0.47454527 0.18050276
v 0.07536724 0.40872806 0.17726698
v 0.045672 0.39908805 0.17614343
v -0.03218952 0.43235618 0.17723327
v -0.02607745 0.42501947 0.17480641
v -0.03915549 0.42649129 0.17475023
v 0.09506295 0.38975146 0.14481905
v 0.11566873 0.4439736 0.15360516
v 0.13991478 0.41363796 0.1545377
v 0.14168998 0.3909761 0.15085248
v 0.12696033 0.37814525 0.13889798
v -0.20592297 -0.11605636 0.02849867
v -0.19193485 -0.14049342 0.04144189
v -0.19341793 -0.15279622 0.02881326
v -0.18595761 -0.15280745 0.04908198
v -0.19942888 -0.10614671 0.12560649
v -0.18462058 -0.1653462 0.13133656
v -0.20534996 -0.09420345 0.04155424
v -0.19449654 -0.12864003 0.14335846
v -0.20558591 -0.17761527 0.15502085
v -0.18476665 -0.07720424 0.10469736
v -0.20787793 -0.106113 0.14223492
v -0.20108051 -0.04756519 0.01855532
v -0.18780021 -0.04409344 0.11175319
v -0.19731663 -0.03939702 0.14147091
v -0.17280092 -0.01092644 0.14778523
v -0.18786762 -0.01249941 0.01683629
v -0.17212678 0.01567905 0.01761153
v -0.16889098 0.01125229 0.07619306
v -0.16950893 0.01091523 0.09866392
v -0.16920559 0.01122982 0.08740602
v -0.17307056 0.01352185 0.16552595
v -0.18744069 -0.01540938 0.17560415
v -0.18420489 0.01528581 0.17761528
v -0.20379948 0.01338703 0.17853659
v -0.28693041 -0.00884789 0.18286223
v -0.23771923 0.01508358 0.18254762
v -0.28684052 0.01119612 0.18945743
v -0.29707601 -0.02245399 0.17269416
v -0.26210012 -0.04636299 0.1462235
v -0.30874961 -0.07194606 0.16084079
v -0.29723328 -0.11786526 0.14369554
v -0.30040171 -0.15379616 0.14372924
v -0.30901926 -0.12940406 0.14683022
v -0.28018915 -0.16904265 0.15376248
v -0.25013437 -0.12594353 0.15462761
v -0.23822481 -0.16517765 0.15707693
v -0.27366137 -0.17713215 0.15530172
v -0.29768273 0.40259352 0.02897054
v -0.27404338 0.41667148 0.04246429
v -0.27733537 0.41899728 0.02924019
v -0.27318948 0.41230097 0.0521717
v -0.25468474 0.39586353 0.08186694
v -0.25939237 0.37430271 0.09852908
v -0.24510091 0.38703244 0.09982115
v -0.2544825 0.40662709 0.15979587
v -0.2797285 0.38516739 0.17724451
v -0.25789806 0.40367213 0.19099664
v -0.29922199 0.34589955 0.17401993
v -0.29204255 0.35030386 0.18952482
v -0.23853942 0.39115587 0.2063218
v -0.34001782 0.33841678 0.15518936
v -0.3622415 0.33747297 0.03349842
v -0.29151445 0.33788869 0.20090632
v -0.23233745 0.34958476 0.20089508
v -0.21256311 0.35509014 0.19351339
v -0.23757317 0.31924912 0.18744626
v -0.22858484 0.2713188 0.18267123
v -0.18838447 0.32988909 0.1908506
v -0.23743835 0.23765742 0.17835681
v -0.35303967 0.31466505 0.17739057
v -0.39840831 0.2669482 0.17877252
v -0.37625211 0.3168897 0.02950984
v -0.37440943 0.29049766 0.18906419
v -0.31526616 0.2905426 0.20088385
v -0.29151445 0.27857688 0.20087261
v -0.30874961 0.18973832 0.19478302
v -0.34489401 0.21327657 0.20440054
v -0.37446561 0.21930999 0.20092879
v -0.28354856 0.18973832 0.18734515
v -0.26143723 0.18987315 0.18213192
v -0.28573945 0.1784692 0.18633399
v -0.38627406 0.25537572 0.20092879
v -0.39864423 0.22512993 0.17885117
v -0.39818361 0.26765603 0.12933664
v -0.38773473 0.21382709 0.12390992
v -0.38943123 0.27357709 0.04016103
v -0.39088061 0.21306306 0.05435138
v -0.39626237 0.22614111 0.04146434
v -0.19550773 0.47872477 0.02955478
v -0.19688969 0.47982582 0.09420343
v -0.16635179 0.49389263 0.0293413
v -0.26235851 0.42669349 0.04146434
v -0.27318948 0.41230097 0.0521717
v -0.25468474 0.39586353 0.08186694
v -0.24510091 0.38703244 0.09982115
v -0.10872527 0.52090263 0.12526939
v -0.14836387 0.50264501 0.04083515
v -0.07347973 0.53662097 0.11094422
v -0.08544545 0.52566641 0.06332847
v -0.07798513 0.52680122 0.05964326
v -0.13666778 0.47919667 0.20002996
v -0.05966015 0.50575727 0.18519916
v -0.15918359 0.47626426 0.12630307
v -0.20740604 0.44352418 0.13342633
v -0.16138573 0.47980335 0.17722202
v -0.05479521 0.49155563 0.18905294
v -0.22939378 0.40718883 0.12138195
v -0.2544825 0.40662709 0.15979587
v -0.22070878 0.44440055 0.16491922
v -0.25789806 0.40367213 0.19099664
v -0.20931606 0.43280557 0.20108608
v -0.23853942 0.39115587 0.2063218
v -0.21256311 0.35509014 0.19351339
v -0.10198401 0.47992694 0.20091755
v -0.17812652 0.33073172 0.18865971
v -0.18838447 0.32988909 0.1908506
v -0.06123311 0.39414453 0.17576141
v -0.05034597 0.47454527 0.18050276
v -0.08116475 0.37575206 0.15107718
v -0.15692526 0.3088114 0.154504
v -0.14361128 0.30819347 0.14580777
v -0.14385846 0.29674455 0.14367305
v -0.03915549 0.42649129 0.17475023
v -0.03218952 0.43235618 0.17723327
v -0.03663875 0.41340202 0.16935723
v -0.45400124 0.13059501 0.04045316
v -0.40350919 0.11883154 0.17126726
v -0.40526198 0.14369553 0.04162164
v -0.38836389 0.15278499 0.13493188
v -0.39285799 0.17818829 0.04131828
v -0.45725956 0.12484248 0.08278825
v -0.46228178 0.11024766 0.04101493
v -0.39088061 0.21306306 0.05435138
v -0.39720612 0.21406302 0.03384672
v -0.39626237 0.22614111 0.04146434
v -0.38773473 0.21382709 0.12390992
v -0.39864423 0.22512993 0.17885117
v -0.37446561 0.21930999 0.20092879
v -0.3862853 0.13878565 0.16571695
v -0.35218581 0.14144844 0.20197368
v -0.30874961 0.18973832 0.19478302
v -0.34489401 0.21327657 0.20440054
v -0.35036563 0.11313517 0.21277094
v -0.28573945 0.1784692 0.18633399
v -0.28575068 0.16584057 0.18397452
v -0.29186278 0.11265205 0.18885072
v -0.29741307 0.09532701 0.19245728
v -0.4037339 0.11686534 0.20795093
v -0.44147374 0.12559526 0.17094143
v -0.44540619 0.1011582 0.2245569
v -0.40926172 0.08975424 0.23650015
v -0.45734944 0.11310146 0.16562707
v -0.45729326 0.06536212 0.17857029
v -0.44537248 0.05378963 0.22453443
v -0.33780443 0.05083471 0.21306305
v -0.29681759 0.07117084 0.19397404
v -0.33324286 0.01261178 0.20196245
v -0.31069335 0.01148824 0.19160342
v -0.40832921 0.01291514 0.19000796
v -0.41594689 0.04282385 0.19934458
v -0.42651935 -6.179E-05 0.1349656
v -0.43366515 0.02944246 0.13074107
v -0.42841821 0.02234166 0.05291325
v -0.45725956 0.06540706 0.09238332
v -0.44990029 0.05280091 0.04098123
v -0.42517113 0.01418474 0.03864426
v 0.22587704 -0.44881608 0.08957448
v 0.23509012 -0.43874912 0.11467442
v 0.2465952 -0.43574928 0.05282339
v 0.25634753 -0.42400827 0.10552879
v 0.25090959 -0.41384019 0.04089137
v 0.2942334 -0.43459196 0.13715653
v 0.35347783 -0.4250644 0.10151774
v 0.35398342 -0.43445714 0.13962832
v 0.34178176 -0.43420999 0.1391452
v 0.32947894 -0.44159172 0.14750435
v 0.35509574 -0.44073783 0.14541456
v 0.2409213 -0.34841629 0.08277704
v 0.25249379 -0.40253733 0.10641639
v 0.35346659 -0.37292077 0.10641639
v 0.250977 -0.37803288 -0.0060615
v 0.26453816 -0.33669772 0.10621415
v 0.32652401 -0.33005758 0.10758488
v 0.35436543 -0.33011376 0.09522589
v 0.34107389 -0.31654136 0.09647303
v 0.25254997 -0.31877719 0.09459672
v 0.24971865 -0.37816771 -0.01806094
v 0.25030288 -0.32182204 -0.01937548
v 0.24621318 -0.30667665 -0.00692663
v 0.3125247 -0.27589159 0.11820235
v 0.35418563 -0.29613783 0.10078743
v 0.34344458 -0.24583681 0.10371988
v 0.31783905 -0.24808388 0.10855111
v 0.34028744 -0.23455644 0.09921447
v 0.25814521 -0.24803894 0.10974207
v 0.25194325 -0.29698046 0.10746127
v 0.24093253 -0.27773418 0.09443941
v 0.24033704 -0.23543281 0.08501288
v 0.24699966 -0.28389119 -0.00685922
v 0.25165113 -0.24927484 -0.00537614
v 0.25025793 -0.24806141 -0.01418472
v 0.20785543 0.09646178 0.07606948
v 0.23773044 0.11946072 0.1105173
v 0.22886568 0.11319134 0.07659753
v 0.24011234 0.12822434 0.06391273
v 0.2023613 0.08683302 0.08837227
v 0.19901315 0.0829568 0.09957399
v 0.21061936 0.10909041 0.13581949
v 0.21970881 0.11193297 0.15102103
v 0.24050557 0.14175181 0.10675342
v 0.23661813 0.14168438 0.06408127
v 0.27016711 0.11113526 0.15197603
v 0.24769625 0.10629279 0.16115538
v 0.26800992 0.09655167 0.15607696
v 0.29173913 0.13078602 0.11474182
v 0.27239173 0.15539161 0.10983193
v 0.29093021 0.15372877 0.11476429
v -0.18230611 0.12649408 0.07687842
v -0.18200273 0.12962878 0.10060765
v -0.18355321 0.11402276 0.0651711
v -0.18071065 0.1175844 0.14689761
v -0.1597566 0.09122608 0.08847338
v -0.17822764 0.14420113 0.13602172
v -0.13727449 0.07811434 0.14747062
v -0.1483414 0.08357475 0.11252844
v -0.13883622 0.08526007 0.15727916
v -0.15597024 0.10947242 0.17313235
v -0.20421518 0.11406771 0.1666832
v -0.20504659 0.11938206 0.15606572
v -0.2148776 0.1266851 0.15441412
v -0.19581109 0.15438043 0.15389729
v -0.19747392 0.16402042 0.15480735
v 0.1759468 0.5179814 0.07651887
v 0.16437432 0.5179814 0.10161882
v 0.17619398 0.51291417 0.10154017
v 0.17580075 0.50934135 0.1129666
v 0.19195728 -0.54180048 0.05384582
v 0.19355273 -0.57350687 0.17864897
v 0.19639529 -0.53147511 0.05354246
v 0.1932269 -0.58546136 0.06477789
v 0.21193389 -0.59476428 0.05411547
v 0.20546227 -0.51420621 0.12989845
v 0.21711342 -0.46650063 0.07663127
v 0.21242825 -0.5853378 0.16827867
v 0.22871962 -0.59711252 0.11828102
v 0.34155705 -0.5990787 0.06477789
v 0.36539861 -0.59771923 0.09769771
v 0.35337671 -0.5990787 0.07655262
v 0.35370254 -0.58760731 0.12349425
v 0.35781469 -0.5844727 0.15258277
v 0.35378119 -0.56496791 0.17955904
v 0.20495669 -0.57351814 0.18915411
v 0.20538362 -0.54957537 0.18914287
v 0.35427555 -0.52591358 0.18915411
v 0.22689948 -0.5095099 0.16062734
v 0.35328682 -0.48489301 0.15531297
v 0.21729318 -0.47869105 0.14171811
v 0.23509012 -0.43874912 0.11467442
v 0.22587704 -0.44881608 0.08957448
v 0.2286522 -0.45479332 0.14186417
v 0.2942334 -0.43459196 0.13715653
v 0.32947894 -0.44159172 0.14750435
v 0.35472497 -0.44877113 0.148156
v 0.35509574 -0.44073783 0.14541456
v 0.34178176 -0.43420999 0.1391452
v -0.16920559 0.01122982 0.08740602
v -0.16148685 0.03027387 0.09373156
v -0.16950893 0.01091523 0.09866392
v -0.17307056 0.01352185 0.16552595
v -0.16901458 0.03403775 0.16911005
v -0.14902675 0.05319415 0.11193297
v -0.18051965 0.03501523 0.18008707
v -0.18420489 0.01528581 0.17761528
v -0.20379948 0.01338703 0.17853659
v -0.20252987 0.02459998 0.17888489
v -0.20245122 0.03431863 0.18337906
v -0.154813 0.0393521 0.18337906
v -0.13643184 0.05968823 0.17190769
v -0.13727449 0.07811434 0.14747062
v -0.1483414 0.08357475 0.11252844
v -0.1376902 0.08933852 0.16530126
v -0.13883622 0.08526007 0.15727916
v 0.25353869 -0.03603763 0.10559618
v 0.25221291 -0.04429567 0.09767521
v 0.26814475 -0.06773278 0.11706756
v 0.30714291 -0.05957586 0.11060719
v 0.29433452 -0.04498103 0.11153973
v 0.29306492 -0.01191516 0.13413419
v 0.23794391 -0.0202968 0.06485651
v 0.24401104 -0.02627405 0.06447451
v 0.23035998 -0.01418472 0.1287187
v 0.24998828 -0.00666822 0.14189785
v 0.28172838 0.02366744 0.13055008
v 0.25843733 0.02392586 0.13042648
v 0.28208789 0.03249849 0.13389822
v 0.24437057 0.03427369 0.13510042
v 0.22007957 -0.00115162 0.0876532
v 0.22870838 0.02721784 0.11956182
v 0.21928186 0.03316138 0.08864192
v 0.22204577 0.03318385 0.10051777
v 0.29173913 0.13078602 0.11474182
v 0.31098541 0.11210151 0.14090913
v 0.35325312 0.1192023 0.12401104
v 0.35447779 0.15296476 0.11942699
v 0.35260146 0.10737139 0.15475117
v 0.31854688 0.16402042 0.12804457
v 0.35682597 0.16449231 0.12031459
v 0.29093021 0.15372877 0.11476429
v 0.27016711 0.11113526 0.15197603
v 0.35846635 0.08213661 0.15357146
v 0.28361591 0.05320539 0.15460513
v 0.26800992 0.09655167 0.15607696
v 0.33008566 0.05525023 0.15299846
v 0.36519637 0.05725014 0.15433548
v 0.28246992 0.04930669 0.1508525
v 0.3686906 0.05455364 0.15289734
v 0.36519637 0.05725014 0.15433548
v 0.33008566 0.05525023 0.15299846
v 0.3646908 0.03575676 0.13290952
v 0.28246992 0.04930669 0.1508525
v 0.28235757 0.04121718 0.14253827
v 0.28208789 0.03249849 0.13389822
v 0.28172838 0.02366744 0.13055008
v 0.29306492 -0.01191516 0.13413419
v 0.36462339 0.01071299 0.12720191
v 0.37603854 -0.01242076 0.1209213
v 0.37567904 -0.02382472 0.1121015
v 0.29433452 -0.04498103 0.11153973
v 0.34064697 -0.04455409 0.11127008
v 0.32973736 -0.05863208 0.10970835
v 0.3180862 -0.05875567 0.10974206
v 0.30714291 -0.05957586 0.11060719
v -0.13883622 0.08526007 0.15727916
v -0.15597024 0.10947242 0.17313235
v -0.1376902 0.08933852 0.16530126
v -0.13764526 0.10119191 0.18898555
v -0.13707225 0.07609196 0.20138945
v -0.13643184 0.05968823 0.17190769
v -0.14907169 0.10146157 0.20129957
v -0.20421518 0.11406771 0.1666832
v -0.20261976 0.11356211 0.19207529
v -0.2147203 0.07886711 0.21304058
v -0.22709052 0.09602361 0.2043219
v -0.20349611 0.05702544 0.21042273
v -0.1487571 0.05310427 0.20138945
v -0.154813 0.0393521 0.18337906
v -0.18051965 0.03501523 0.18008707
v -0.20245122 0.03431863 0.18337906
v 0.21061936 0.10909041 0.13581949
v 0.20545104 0.08930482 0.17722204
v 0.21970881 0.11193297 0.15102103
v 0.24769625 0.10629279 0.16115538
v 0.19350779 0.07708067 0.11632602
v 0.19901315 0.0829568 0.09957399
v 0.20257477 0.06980011 0.08705772
v 0.2023613 0.08683302 0.08837227
v 0.22204577 0.03318385 0.10051777
v 0.20750711 0.05809279 0.08763073
v 0.21233837 0.04691355 0.07610318
v 0.20541733 0.05371098 0.16541361
v 0.22997799 0.03177942 0.12872994
v 0.22870838 0.02721784 0.11956182
v 0.24437057 0.03427369 0.13510042
v 0.28361591 0.05320539 0.15460513
v 0.26800992 0.09655167 0.15607696
v 0.28246992 0.04930669 0.1508525
v 0.25843733 0.02392586 0.13042648
v 0.28208789 0.03249849 0.13389822
v 0.28235757 0.04121718 0.14253827
v -0.37936427 -0.33059688 0.17204253
v -0.34625348 -0.3417087 0.1783119
v -0.31735595 -0.33994477 0.16371707
v -0.37464537 -0.33636065 0.17731195
v -0.31700765 -0.29472216 0.15611068
v -0.30312067 -0.33303495 0.15365013
v -0.27391978 -0.30430596 0.15403214
v -0.28379574 -0.33116989 0.14584151
v -0.28544732 -0.35238238 0.14697627
v -0.27881845 -0.34224804 0.14302142
v -0.27305465 -0.21550115 0.1447966
v -0.37447684 -0.30130611 0.17722205
v -0.3481298 -0.27162211 0.17786247
v -0.39810496 -0.28922804 0.1654361
v -0.39676797 -0.33963017 0.15063904
v -0.36248868 -0.23016338 0.17722205
v -0.3869594 -0.32808014 0.07636161
v -0.29761531 -0.23601704 0.14448201
v -0.38637518 -0.21204062 0.16551473
v -0.32022097 -0.18930011 0.16161605
v -0.27456021 -0.19551331 0.15384113
v -0.27366137 -0.17713215 0.15530172
v -0.28018915 -0.16904265 0.15376248
v -0.30040171 -0.15379616 0.14372924
v -0.30876084 -0.15333552 0.14605497
v -0.34351205 -0.15324563 0.17595245
v -0.3563092 -0.17799729 0.17999719
v -0.36811762 -0.16591919 0.17985115
v -0.38627406 -0.18285099 0.17725577
v -0.40154301 -0.16543608 0.15943636
v -0.39813866 -0.21346753 0.14227987
v -0.41093587 -0.16397547 0.12388747
v -0.40693604 -0.15433546 0.05227284
v -0.40990215 -0.14734704 0.08237256
v -0.4027115 -0.16495294 0.0255887
v -0.40175649 -0.21220916 0.00582558
v -0.40468898 -0.20243436 0.00740977
v -0.39986899 -0.29535135 0.01742055
v -0.39158841 -0.3214063 0.0409363
v -0.39519503 -0.31859743 0.01740931
v -0.30901926 -0.12940406 0.14683022
v -0.34351205 -0.15324563 0.17595245
v -0.30876084 -0.15333552 0.14605497
v -0.30040171 -0.15379616 0.14372924
v -0.36352231 -0.12340432 0.17733441
v -0.36811762 -0.16591919 0.17985115
v -0.40154301 -0.16543608 0.15943636
v -0.38654368 -0.1054164 0.16570573
v -0.29723328 -0.11786526 0.14369554
v -0.30874961 -0.07194606 0.16084079
v -0.38624035 -0.07635035 0.17723329
v -0.38640886 -0.04290248 0.16559337
v -0.39811619 -0.10598941 0.15363889
v -0.41093587 -0.16397547 0.12388747
v -0.39806001 -0.07640653 0.16539115
v -0.29707601 -0.02245399 0.17269416
v -0.40990215 -0.14734704 0.08237256
v -0.40440803 -0.14041477 0.06403634
v -0.40693604 -0.15433546 0.05227284
v -0.39981281 -0.10710173 0.04079023
v -0.41487946 -0.03618369 0.04061046
v -0.42841821 0.02234166 0.05291325
v -0.42517113 0.01418474 0.03864426
v -0.42651935 -6.179E-05 0.1349656
v -0.41196953 -0.03376808 0.08890033
v -0.4217219 -0.01722952 0.17723329
v -0.40832921 0.01291514 0.19000796
v -0.39965551 -0.01735311 0.18916532
v -0.33324286 0.01261178 0.20196245
v -0.33881562 -0.00549973 0.20095127
v -0.28693041 -0.00884789 0.18286223
v -0.31069335 0.01148824 0.19160342
v -0.30090728 0.01206125 0.18995179
v -0.28684052 0.01119612 0.18945743
v -0.2148776 0.1266851 0.15441412
v -0.22598944 0.16589675 0.15548148
v -0.24946024 0.13128038 0.17997471
v -0.19747392 0.16402042 0.15480735
v -0.24397736 0.1792669 0.17742428
v -0.28575068 0.16584057 0.18397452
v -0.26143723 0.18987315 0.18213192
v -0.28573945 0.1784692 0.18633399
v -0.28354856 0.18973832 0.18734515
v -0.24192129 0.11358458 0.18961472
v -0.29186278 0.11265205 0.18885072
v -0.20504659 0.11938206 0.15606572
v -0.27268388 0.09429336 0.18978325
v -0.29741307 0.09532701 0.19245728
v -0.22709052 0.09602361 0.2043219
v -0.20261976 0.11356211 0.19207529
v -0.20421518 0.11406771 0.1666832
v 0.35338794 -0.59888773 -0.01806093
v 0.30605307 -0.58614676 -0.10089974
v 0.35815176 -0.59717994 -0.11313512
v 0.27061653 -0.58620291 -0.11271943
v 0.34155705 -0.5990787 0.06477789
v 0.35341041 -0.59951685 0.01744303
v 0.36521884 -0.59943823 0.06478913
v 0.35337671 -0.5990787 0.07655262
v 0.22438274 -0.59751701 -0.11368566
v 0.21193389 -0.59476428 0.05411547
v 0.18032862 -0.57570904 -0.10093345
v 0.1932269 -0.58546136 0.06477789
v 0.1850475 -0.55677735 0.00640984
v 0.17872196 -0.56733864 -0.08922614
v 0.18026121 -0.55454146 -0.07738399
v 0.19017086 -0.54332845 0.0172745
v 0.19195728 -0.54180048 0.05384582
v 0.22907917 -0.01737559 -0.00648846
v 0.22678713 0.02334161 -0.0192182
v 0.22770844 -0.01328589 -0.02066757
v 0.22432656 -0.00043256 0.02962221
v 0.23292167 -0.02225176 0.0177913
v 0.24014605 -0.03206029 0.01648799
v 0.23795515 -0.02042039 0.05284584
v 0.24401104 -0.02627405 0.06447451
v 0.23794391 -0.0202968 0.06485651
v 0.22007957 -0.00115162 0.0876532
v 0.21928186 0.03316138 0.08864192
v 0.20505781 0.06315997 0.07587847
v 0.2057881 0.05410422 -0.00103928
v 0.21233837 0.04691355 0.07610318
v 0.22204577 0.03318385 0.10051777
v 0.20750711 0.05809279 0.08763073
v -0.39720612 0.21406302 0.03384672
v -0.39626237 0.22614111 0.04146434
v -0.39775666 0.22007398 0.03481297
v -0.20379948 0.01338703 0.17853659
v -0.20252987 0.02459998 0.17888489
v -0.23771923 0.01508358 0.18254762
v -0.26325738 0.04631807 0.1917944
v -0.20245122 0.03431863 0.18337906
v -0.20349611 0.05702544 0.21042273
v -0.2147203 0.07886711 0.21304058
v -0.30090728 0.01206125 0.18995179
v -0.28684052 0.01119612 0.18945743
v -0.27268388 0.09429336 0.18978325
v -0.22709052 0.09602361 0.2043219
v -0.29681759 0.07117084 0.19397404
v -0.31069335 0.01148824 0.19160342
v -0.29741307 0.09532701 0.19245728
vn -0.17788 0.70456 -0.68699
vn 0.22525 0.90043 -0.37213
vn 0.78097 0.24627 -0.57396
vn -0.44191 0.89704 -0.00538
vn 0.12028 0.28504 -0.95094
vn 0.07978 0.67097 0.73718
vn 0.07818 0.88898 0.45122
vn 0.90312 0.37078 0.21654
vn 0.86299 0.21696 0.45626
vn -0.02645 0.93528 0.35291
vn 0.73042 0.11946 -0.67247
vn 0.00938 -0.02947 -0.99952
vn 0.05879 0.02321 -0.998
vn 0.86506 -0.09047 -0.49345
vn 0.96057 0.02165 -0.27718
vn 0.38316 0.02415 -0.92337
vn 0.09141 0.03686 -0.99513
vn 0.08097 -0.15272 -0.98495
vn 0.51969 -0.52609 -0.67317
vn 0.23067 -0.95009 -0.21006
vn 0.98129 0.16131 -0.10515
vn 0.67627 -0.66173 0.32367
vn 0.02213 -0.96005 0.27894
vn 0.89251 0.05853 0.44722
vn 0.52293 -0.72012 0.45604
vn -0.08478 -0.93421 0.3465
vn 0.45386 -0.79947 0.39353
vn 0.10143 -0.95174 0.28964
vn 0.38068 -0.42257 0.82251
vn 0.74828 -0.10888 0.65438
vn 0.64437 -0.32209 0.69357
vn 0.72693 0.00427 0.6867
vn 0.6073 -0.02542 0.79407
vn 0.8687 0.47155 0.15168
vn 0.67717 -0.08356 0.73106
vn 0.88087 0.22194 0.4181
vn 0.81492 0.04865 0.57752
vn 0.87048 0.20302 0.44838
vn 0.91823 0.03614 0.39439
vn 0.83987 0.20311 0.50335
vn 0.40799 0.36306 0.83769
vn 0.77938 0.05883 0.62379
vn 0.90853 0.17699 0.37848
vn 0.98755 0.05953 0.14563
vn 0.99597 0.05789 0.06853
vn 0.97551 0.21974 -0.00979
vn 0.92808 -0.18689 0.32207
vn 0.89584 0.42843 0.11793
vn 0.99078 -0.03703 0.13032
vn 0.895 0.0131 0.44588
vn 0.99533 0.05249 0.08095
vn 0.94991 0.17296 0.26031
vn 0.90831 -0.40628 -0.09959
vn 0.71534 -0.69558 -0.06671
vn 0.79465 0.4025 0.45444
vn 0.87266 0.27624 -0.40268
vn 0.05608 -0.95454 -0.29277
vn 0.8927 0.122 -0.43381
vn 0.77336 -0.62151 -0.1251
vn 0.2497 -0.90976 -0.33164
vn 0.77951 -0.61697 0.10821
vn 0.0172 -0.99122 0.13107
vn 0.98296 -0.09143 0.15946
vn 0.96554 0.23381 0.11434
vn 0.83786 0.07931 0.54009
vn 0.93908 0.10199 0.32821
vn 0.98774 0.15433 0.02349
vn 0.97915 -0.13024 0.1559
vn 0.99987 -0.01567 -0.00266
vn 0.94753 0.31818 0.03088
vn 0.87815 0.02157 -0.4779
vn 0.99469 0.03016 -0.09841
vn 0.8839 0.43455 -0.17288
vn 0.63912 0.75488 -0.14723
vn 0.28444 0.95704 0.05635
vn -0.3039 0.94999 0.07183
vn -0.039 0.93664 0.34812
vn 0.07772 0.86047 0.50353
vn -0.08966 0.94162 -0.32452
vn -0.02742 0.21859 -0.97543
vn -0.10084 0.80714 0.58169
vn 0.1757 0.10513 -0.97882
vn -0.22008 0.03159 -0.97497
vn -0.04967 0.03073 -0.99829
vn -0.04404 0.0041 -0.99902
vn -0.2583 0.78052 0.56927
vn 0.05459 -0.196 -0.97908
vn -0.01467 -0.01576 -0.99977
vn -0.05392 -0.24002 -0.96927
vn -0.01376 -0.03601 -0.99926
vn -0.01943 -0.18585 -0.98239
vn 0.12363 -0.4134 -0.90212
vn 0.13628 -0.82509 -0.54832
vn 0.46408 -0.88435 0.05049
vn 0.00827 -0.9336 0.35821
vn -0.02357 -0.90537 0.42398
vn 0.1563 -0.82273 0.54651
vn 0.21058 -0.95461 0.21066
vn 0.00354 -0.67581 0.73707
vn 0.14139 -0.61554 0.77532
vn -0.06554 -0.77658 0.62659
vn 0.01073 -0.97076 -0.23982
vn -0.22715 -0.88711 0.40179
vn 0.24399 -0.94331 0.22503
vn 0.23838 -0.9667 0.09305
vn 0.15884 -0.93036 -0.33045
vn -0.05898 -0.96341 0.26147
vn 0.13354 -0.92497 0.3558
vn 0.08261 -0.95117 0.2974
vn -0.17384 0.97566 -0.13368
vn -0.06738 0.92882 0.36437
vn -0.29635 0.76913 0.56623
vn -0.27454 0.84134 0.46558
vn -0.27529 0.68106 -0.67851
vn -0.71623 0.60174 0.35344
vn -0.03521 0.04492 -0.99837
vn 0.14109 0.03072 -0.98952
vn 0.06243 0.05643 -0.99645
vn -0.64747 -0.10156 -0.75529
vn -0.92563 0.00479 -0.37841
vn -0.70199 0.53946 0.46497
vn -0.90976 -0.1183 0.39791
vn -0.85171 0.13552 0.50619
vn -0.99953 0.01057 -0.0288
vn -0.8798 0.02206 0.47484
vn -0.87135 -0.11345 0.47737
vn -0.96374 -0.195 -0.18214
vn -0.99067 -0.07199 0.11571
vn -0.89792 0.19274 0.39572
vn -0.68572 -0.00172 0.72786
vn -0.5431 0.11851 0.83126
vn -0.60397 0.24534 0.75831
vn -0.20344 0.56355 0.80064
vn -0.02495 0.79828 0.60178
vn -0.26488 0.68366 0.68003
vn -0.04331 0.81193 0.58214
vn -0.14951 0.91744 -0.36873
vn 0.48621 0.8736 0.02056
vn 0.47193 0.37881 -0.7961
vn 0.16406 0.96251 0.216
vn -0.00323 0.90298 -0.42967
vn -0.55657 0.81605 0.15586
vn -0.10509 0.92691 -0.36027
vn -0.06636 0.88482 -0.46118
vn 0.41276 0.87737 -0.24464
vn -0.07083 0.82836 -0.55571
vn -0.21694 0.79754 -0.56292
vn -0.15918 0.88039 -0.44673
vn 0.66628 0.73276 -0.13831
vn 0.7109 0.34586 -0.61238
vn 0.90691 0.23749 -0.34802
vn 0.83347 0.08401 -0.54614
vn 0.98075 0.14152 -0.13456
vn 0.98886 0.02325 -0.14705
vn 0.92201 -0.01092 -0.38701
vn 0.95972 0.09592 -0.26408
vn 0.85358 0.08882 -0.51334
vn 0.91552 -0.01193 -0.40209
vn 0.88177 0.09371 -0.46228
vn 0.97406 -0.02821 -0.22454
vn 0.85115 0.20357 0.48385
vn 0.99984 -0.00938 -0.01524
vn 0.86607 0.40181 0.29744
vn 0.67667 0.11207 0.72771
vn 0.19044 0.35696 0.9145
vn 0.11852 0.7695 0.62755
vn -0.13144 0.98997 0.05183
vn -0.56494 0.77512 0.28291
vn -0.11667 0.69735 0.70717
vn -0.0175 0.95591 0.29314
vn 0.35048 0.7718 0.53055
vn 0.65066 0.32038 0.68847
vn 0.57032 0.32248 0.75548
vn 0.67656 0.19908 0.70897
vn 0.69082 0.31308 0.65172
vn 0.97134 0.13788 0.19363
vn 0.68523 0.7283 0.0058
vn 0.09323 0.98811 -0.12228
vn -0.04033 0.9045 -0.42457
vn -0.21945 0.87236 -0.43684
vn -0.28067 0.82462 -0.49115
vn 0.02154 0.70237 -0.71149
vn -0.00322 0.99118 0.13251
vn 0.49314 0.86369 0.10417
vn -0.0472 0.55927 -0.82764
vn 0.3644 0.82455 0.43281
vn 0.01194 0.90223 0.4311
vn 0.56707 0.36974 0.73602
vn 0.58454 0.73356 0.34671
vn -0.01608 0.84811 0.52957
vn 0.76456 0.34565 0.54403
vn 0.94732 0.31972 -0.01914
vn 0.83571 0.03964 -0.54773
vn 0.6264 0.05379 -0.77764
vn -0.02323 -0.00609 -0.99971
vn 0.95688 0.09221 0.27548
vn 0.18952 -0.16273 -0.9683
vn 0.36047 -0.37922 -0.85221
vn -0.09306 -0.03391 -0.99508
vn -0.007 -0.16035 -0.98704
vn 0.15315 -0.84496 -0.51243
vn 0.42185 -0.90659 -0.01156
vn 0.25456 -0.93636 0.24173
vn 0.97969 0.05866 -0.19173
vn 0.91625 -0.26127 0.30366
vn 0.71312 0.46588 -0.52385
vn 0.55276 -0.54109 0.63379
vn 0.9238 -0.06304 0.37765
vn 0.92581 -0.19524 0.32366
vn 0.4847 -0.75582 0.44023
vn 0.54733 -0.82822 0.12033
vn 0.28314 -0.8164 0.50331
vn 0.9775 -0.1978 0.07333
vn 0.75305 0.07957 0.65314
vn 0.92454 -0.0214 0.38049
vn 0.99518 -0.05345 0.08217
vn 0.89993 -0.07352 0.4298
vn 0.73816 -0.0025 0.67462
vn 0.92909 -0.32311 -0.17999
vn 0.76298 0.3938 0.51262
vn 0.08737 0.62636 0.77462
vn -0.01605 0.84812 0.52956
vn 0.03855 0.30216 0.95248
vn 0.08734 0.62634 0.77464
vn 0.82154 0.5297 0.21093
vn 0.09387 0.99504 0.03283
vn 0.70704 0.6785 0.19935
vn -0.01157 0.99993 0.0017
vn 0.96184 0.20196 -0.18458
vn 0.99999 -0.0032 0.00324
vn 0.98016 0.09524 0.1738
vn 0.99385 0.05719 -0.09481
vn 0.91995 0.3343 0.20477
vn 0.97892 0.19523 0.06007
vn 0.97365 -0.21856 0.06516
vn 0.46714 -0.85165 0.23764
vn 0.52329 -0.81639 0.24428
vn -0.04433 0.91104 -0.40993
vn -0.00903 0.94751 -0.31961
vn -0.05068 0.78582 0.61638
vn -0.16334 0.96525 0.20399
vn -0.02232 0.38313 -0.92343
vn -0.03303 0.43748 -0.89862
vn 0.03974 -0.01998 -0.99901
vn 0.04545 -0.03308 -0.99842
vn 0.17511 0.88694 0.4274
vn -0.46353 0.69992 0.54337
vn 0.37982 0.82701 0.41448
vn -0.09713 0.86398 0.49408
vn -0.23752 0.00282 -0.97138
vn -0.38378 -0.11235 -0.91657
vn 0.06004 0.23981 -0.96896
vn -0.06952 0.01461 -0.99747
vn 0.05356 -0.10395 -0.99314
vn 0.11722 -0.09421 -0.98863
vn -0.42581 -0.1559 -0.89128
vn 0.17745 -0.23851 -0.95479
vn -0.07082 -0.0613 -0.9956
vn -0.69248 -0.06943 -0.71808
vn -0.42692 -0.02579 -0.90392
vn 0.07654 -0.16414 -0.98346
vn 0.09164 0.10354 -0.99039
vn -0.03137 0.01002 -0.99946
vn 0.13343 -0.58174 -0.80236
vn -0.0098 -0.72999 -0.68339
vn 0.20693 -0.95465 -0.21408
vn 0.02105 -0.99945 0.02552
vn 0.14188 -0.91476 0.37828
vn 0.2926 -0.87797 0.37889
vn 0.29664 -0.90696 0.29903
vn -0.22926 -0.86483 0.44666
vn 0.31743 -0.89542 0.3122
vn -0.01946 -0.86949 0.49356
vn 0.01006 -0.60763 0.79416
vn 0.10153 -0.79684 0.59559
vn -0.02951 -0.6843 0.7286
vn 0.15683 -0.9834 -0.09122
vn 0.09286 -0.99032 0.10315
vn 0.18993 -0.94839 0.25393
vn -0.12049 -0.99271 -0.00374
vn 0.5421 -0.8283 0.14154
vn -0.3302 -0.86417 0.3797
vn -0.40294 -0.90884 0.10792
vn 0.40451 -0.81687 0.41121
vn 0.37469 -0.91994 0.11537
vn -0.30132 0.93935 0.16381
vn -0.2797 0.70309 -0.65379
vn 0.02686 0.72464 0.68861
vn -0.1239 0.98131 -0.14726
vn -0.20561 0.93105 -0.30145
vn -0.09497 0.92096 -0.3779
vn -0.43697 0.33946 -0.83296
vn -0.58505 0.6355 -0.50384
vn -0.11685 0.99278 -0.02697
vn -0.66402 0.7461 -0.04921
vn -0.60647 0.79504 -0.01009
vn -0.47781 0.67694 -0.55987
vn -0.83223 0.23306 -0.50306
vn -0.69857 0.34383 -0.62752
vn -0.92003 0.36891 -0.13212
vn -0.93246 -0.31169 0.18267
vn -0.957 -0.27034 0.10518
vn -0.9918 -0.12778 -0.00141
vn -0.9995 -0.03081 0.00721
vn -0.9938 0.01924 -0.10951
vn -0.97268 -0.09247 -0.21296
vn -0.94925 -0.01151 -0.31432
vn -0.85786 0.24165 -0.45351
vn -0.96357 -0.08593 -0.25327
vn -0.97109 -0.09705 -0.2181
vn -0.92097 -0.27636 -0.27468
vn -0.79972 -0.10106 -0.59181
vn -0.94631 -0.03217 -0.32167
vn -0.86777 0.35393 -0.34887
vn -0.68524 0.70625 0.17791
vn -0.85156 -0.19026 0.48852
vn -0.91679 -0.08773 0.38963
vn -0.90529 -0.00211 0.4248
vn -0.19192 0.88434 0.42557
vn -0.69723 -0.14403 0.70223
vn -0.25962 -0.01671 0.96557
vn -0.86119 0.09852 0.49865
vn -0.96295 0.01005 0.26948
vn -0.38783 0.20796 0.89796
vn -0.96604 0.1206 -0.22852
vn -0.93683 0.04107 -0.34738
vn -0.7199 0.69406 -0.00429
vn -0.45901 0.87513 0.15317
vn -0.23209 0.91687 0.32478
vn -0.24581 0.92856 -0.27814
vn 0.01885 -0.05476 -0.99832
vn 0.17859 -0.88588 0.42817
vn 0.11719 -0.76214 0.63672
vn 0.31205 -0.87762 0.36388
vn 0.3331 -0.94219 0.03645
vn 0.20426 -0.9305 0.30405
vn -0.07424 -0.98235 0.1717
vn 0.1293 -0.98683 0.0972
vn 0.30513 -0.90093 0.30857
vn -0.72085 0.47601 -0.50377
vn -0.42929 0.86786 -0.25006
vn -0.29476 0.34967 -0.8893
vn -0.94042 -0.33803 -0.0368
vn -0.84405 0.11558 0.52366
vn -0.43862 0.83846 0.32341
vn -0.81384 0.29786 0.49893
vn -0.26889 0.20368 0.94139
vn -0.91931 -0.36466 0.14798
vn -0.96071 -0.24722 0.12613
vn -0.65113 -0.22434 0.72505
vn -0.32479 -0.13644 0.93589
vn -0.96792 -0.23576 -0.08687
vn -0.92966 -0.06419 0.36279
vn -0.44903 -0.35617 0.81946
vn -0.41686 -0.11978 0.90105
vn -0.82012 -0.36607 0.43977
vn -0.98124 -0.18798 -0.04288
vn -0.92596 -0.27389 -0.25996
vn -0.77109 -0.02671 0.63617
vn -0.94793 -0.13804 0.28701
vn -0.94866 -0.12534 0.2904
vn -0.80225 0.1766 0.57027
vn -0.80973 0.17871 0.55892
vn -0.81863 -0.10593 0.56446
vn -0.85135 -0.01844 0.52428
vn -0.83285 -0.01645 -0.55326
vn -0.89451 -0.30276 0.32892
vn -0.83106 -0.48083 0.27954
vn -0.83813 -0.14785 -0.52504
vn -0.91569 -0.15447 0.37101
vn 0.15601 -0.94642 -0.28275
vn 0.12476 -0.9257 0.35709
vn -0.23844 -0.85528 0.46004
vn -0.62029 -0.65536 0.43097
vn -0.46744 -0.35934 0.8077
vn -0.96251 -0.07417 0.26092
vn -0.8924 -0.45115 -0.00974
vn -0.8968 -0.31936 0.30622
vn -0.98182 0.11353 0.1521
vn -0.99577 0.06711 -0.06279
vn -0.38252 -0.86846 0.31536
vn -0.01925 0.86782 0.4965
vn 0.0422 0.88442 0.46477
vn 0.33697 0.87024 0.35935
vn 0.31823 0.79876 0.51059
vn -0.27207 0.47885 0.83467
vn -0.01321 0.87906 0.47652
vn 0.54637 0.71234 0.44052
vn 0.29252 0.81134 0.50613
vn 0.01847 0.99494 0.09881
vn 0.0322 0.99136 0.12716
vn -0.06912 0.99629 -0.05137
vn 0.06427 0.85284 0.51821
vn -0.03108 0.96783 0.24969
vn -0.09158 0.91835 0.38502
vn -0.07441 0.94016 -0.33252
vn -0.03679 0.99797 -0.05189
vn 0.21445 0.96146 -0.17209
vn -0.29096 0.95639 0.02588
vn -0.22729 0.95638 0.18348
vn -0.3602 0.92518 -0.11959
vn 0.28119 0.95728 0.06747
vn 0.29529 0.92402 0.24288
vn 0.40884 0.86717 -0.28437
vn -0.32235 0.88911 -0.32493
vn 0.19191 0.96769 0.16354
vn 0.57096 0.74837 -0.33756
vn 0.9554 -0.05184 -0.29072
vn 0.9902 0.13916 -0.01209
vn 0.80715 0.32751 0.49116
vn -0.27557 0.95934 -0.06105
vn -0.19845 0.83289 -0.51664
vn -0.41751 0.89092 -0.17876
vn -0.86149 0.35071 -0.3672
vn -0.83088 -0.02387 -0.55594
vn -0.41668 0.84301 -0.34016
vn -0.16186 0.92026 -0.35626
vn -0.49752 0.33021 -0.80214
vn -0.0304 0.95874 -0.28265
vn -0.11292 0.8279 -0.54939
vn -0.01273 0.89549 0.4449
vn 0.12185 0.98761 0.09892
vn -0.17101 0.95878 0.22691
vn -0.25732 0.91116 0.32183
vn -0.08045 0.85637 0.51005
vn 0.05631 0.7612 0.64607
vn 0.21888 0.71098 0.66828
vn -0.4473 0.13893 -0.88353
vn -0.38714 0.10422 -0.91611
vn -0.58214 -0.13535 -0.80175
vn -0.483 -0.02476 -0.87527
vn -0.28586 -0.16048 -0.94474
vn -0.84785 -0.15061 -0.50839
vn -0.52828 -0.16989 -0.8319
vn -0.17933 -0.81852 -0.54577
vn -0.77265 -0.26928 -0.57489
vn -0.39857 -0.72882 -0.55674
vn -0.8945 -0.04832 -0.44444
vn -0.89166 -0.01475 -0.45247
vn -0.79925 -0.34083 -0.49502
vn -0.93561 -0.15004 -0.31957
vn -0.87194 -0.48929 -0.01795
vn -0.19589 -0.95696 -0.21415
vn -0.01477 -0.99899 0.04233
vn 0.10156 -0.98361 -0.14895
vn 0.25791 -0.94798 0.18659
vn -0.1802 -0.95077 -0.25212
vn -0.18936 -0.98124 -0.03615
vn -0.21118 -0.91496 -0.34389
vn -0.37924 -0.91986 -0.10018
vn -0.24795 -0.91187 -0.32714
vn -0.16502 -0.91255 -0.37419
vn -0.20662 -0.74109 -0.63882
vn -0.06154 -0.98749 -0.14516
vn 0.2456 -0.96465 -0.09551
vn 0.12775 -0.99012 -0.05782
vn 0.15164 -0.98823 0.02032
vn -0.29453 -0.95532 -0.02488
vn -0.02238 -0.99966 0.01304
vn 0.08444 -0.95891 -0.27084
vn -0.11826 -0.97198 -0.20312
vn 0.14174 -0.93851 -0.31481
vn 0.59733 -0.80156 -0.02626
vn 0.64557 -0.76051 -0.06966
vn 0.0434 -0.99817 0.04208
vn -0.04712 -0.99876 -0.01628
vn 0.0434 -0.8829 -0.46755
vn 0.26369 -0.85069 0.45475
vn 0.31024 -0.89714 0.31448
vn 0.45977 -0.52009 0.7198
vn 0.55213 -0.48197 0.68033
vn 0.21279 -0.55145 0.80661
vn 0.38282 -0.29213 0.87642
vn 0.31269 -0.33465 0.88895
vn 0.14074 0.88219 0.44938
vn 0.88111 0.47188 -0.03136
vn 0.96682 0.07659 0.24372
vn 0.77565 0.45783 0.43447
vn 0.60163 0.72266 0.3403
vn 0.4206 0.34617 0.83861
vn 0.96626 0.10875 0.23349
vn 0.7356 0.0678 0.67402
vn 0.94287 -0.11533 0.31255
vn 0.61188 0.04527 0.78966
vn 0.76775 0.13504 0.62636
vn 0.73404 0.10144 0.67149
vn 0.92835 0.19093 0.31894
vn 0.77288 -0.21714 0.59624
vn 0.83043 -0.46702 0.30378
vn 0.98788 0.14851 -0.04514
vn 0.94786 0.25079 0.19665
vn 0.96356 0.26637 -0.02438
vn 0.90916 0.09101 0.40638
vn 0.96338 -0.25126 -0.09366
vn 0.85972 -0.15439 0.48687
vn 0.94361 -0.21922 0.2481
vn 0.60171 -0.78112 -0.16674
vn 0.64981 -0.62149 0.4376
vn 0.64408 -0.72839 0.2337
vn 0.79994 -0.53184 0.27792
vn 0.66113 -0.44374 0.60498
vn 0.38405 -0.87829 0.2848
vn -0.05294 -0.97594 0.2115
vn 0.42024 -0.88591 0.19634
vn 0.53872 -0.05021 0.84099
vn 0.15691 -0.97831 -0.13522
vn 0.35463 -0.82194 0.44571
vn 0.51223 0.17108 0.84164
vn 0.39165 -0.07786 0.91681
vn 0.38136 -0.25969 0.8872
vn 0.39819 -0.10133 0.91169
vn 0.52129 -0.12727 0.84384
vn 0.37757 -0.15466 0.91297
vn 0.38098 -0.06826 0.92206
vn 0.94921 -0.02389 0.31372
vn 0.42713 -0.30132 0.8525
vn 0.37957 -0.17404 0.90864
vn 0.3891 -0.27922 0.87786
vn 0.44837 -0.32034 0.83447
vn 0.38927 -0.33686 0.85732
vn 0.54667 -0.14635 0.82446
vn 0.37745 0.33899 0.86175
vn 0.27143 0.66339 0.69731
vn 0.29958 0.54095 0.78589
vn 0.73403 -0.25625 0.62892
vn 0.29412 0.84279 0.45078
vn 0.8761 0.42051 0.23583
vn 0.71549 0.69835 0.01961
vn 0.4521 0.79671 0.40108
vn -0.18128 0.93653 0.3001
vn -0.18664 0.95493 0.23082
vn 0.282 0.7404 0.61015
vn -0.06945 0.83638 0.54373
vn -0.1294 0.95771 -0.25698
vn 0.24549 0.96812 0.0498
vn -0.18835 0.97075 0.14887
vn 0.00186 0.99672 0.08091
vn -0.16797 0.85118 0.49727
vn -0.14034 0.87449 0.4643
vn -0.25427 0.78023 -0.57147
vn -0.05727 0.99836 -0.00225
vn 0.26206 0.88925 -0.37491
vn -0.4747 0.86683 -0.15255
vn -0.14108 0.98997 -0.00689
vn -0.02811 0.79897 -0.60071
vn 0.59377 0.57083 -0.56708
vn -0.12152 0.81201 -0.57086
vn -0.4344 0.88037 -0.19038
vn 0.08021 0.97224 -0.21983
vn -0.24547 0.52831 -0.81279
vn 0.09546 0.99039 -0.10006
vn 0.21906 0.46511 -0.85772
vn 0.44576 0.79581 -0.40987
vn 0.02957 0.99951 -0.01046
vn 0.2765 0.80457 -0.52557
vn 0.02453 0.94348 -0.33053
vn 0.32682 0.89036 -0.31693
vn 0.37945 0.84754 -0.37106
vn 0.50729 0.70082 -0.5015
vn 0.27529 0.80648 -0.52326
vn 0.47569 0.03967 -0.87872
vn 0.71082 0.05923 -0.70088
vn 0.65792 0.15956 -0.73599
vn 0.69978 0.10958 -0.7059
vn 0.35654 -0.09912 -0.92901
vn 0.69543 0.02009 -0.71831
vn 0.36084 -0.05848 -0.93079
vn -0.01691 -0.0436 -0.99891
vn -0.31371 0.08181 -0.94599
vn -0.41053 0.08724 -0.90766
vn -0.26895 0.9444 0.18913
vn -0.00808 0.95863 0.28455
vn -0.17898 0.81919 0.54489
vn 0.26922 0.96072 0.06737
vn 0.13924 0.66757 0.73141
vn -0.21427 0.39815 0.89194
vn 0.01883 0.37131 0.92832
vn -0.22765 -0.14735 0.96253
vn 0.20735 -0.22759 0.95142
vn 0.06524 -0.23052 0.97088
vn -0.10431 -0.33368 0.9369
vn -0.06485 -0.25148 0.96569
vn 0.33251 -0.22862 0.91497
vn 0.11456 -0.20571 0.97188
vn 0.33796 -0.19006 0.92177
vn 0.3448 -0.11162 0.93201
vn 0.27134 0.50195 0.82123
vn -0.60784 0.2257 0.76131
vn -0.45939 0.87769 0.13644
vn -0.15336 0.96789 0.19916
vn -0.97112 0.23251 0.05347
vn -0.91593 -0.24838 0.31524
vn -0.90941 -0.1387 0.3921
vn -0.98248 -0.1646 0.08746
vn -0.94728 -0.14995 -0.28316
vn -0.98251 -0.16216 -0.09157
vn -0.93842 -0.00308 0.34547
vn -0.40274 0.90684 0.12427
vn -0.77936 0.15371 0.60743
vn -0.90914 0.41395 -0.04601
vn -0.94189 -0.12086 -0.31342
vn -0.99691 -0.06981 -0.03606
vn -0.9395 -0.32747 -0.10051
vn -0.66524 0.73824 0.11158
vn -0.95805 0.27637 -0.07589
vn -0.24009 0.96997 -0.0389
vn -0.20274 0.97086 0.12779
vn -0.08069 0.93398 0.3481
vn -0.85787 0.51129 -0.05137
vn -0.93217 0.3593 0.0442
vn -0.98656 -0.16182 0.02265
vn -0.94253 -0.328 0.06371
vn -0.96686 -0.24822 0.05976
vn -0.95323 -0.29602 0.06104
vn -0.99315 0.08732 0.07759
vn -0.95206 -0.3059 0.00051
vn -0.9817 -0.05188 -0.18323
vn -0.98164 0.03326 -0.1878
vn -0.98925 -0.14475 0.02088
vn 0.84442 0.53155 0.06639
vn 0.99581 -0.00919 -0.09097
vn 0.96638 0.02382 -0.25602
vn 0.91752 0.31033 0.2487
vn 0.78708 0.59113 0.17626
vn 0.99205 0.04528 0.1174
vn 0.25268 0.96546 0.06355
vn 0.98327 0.0671 -0.16933
vn 0.30689 0.92629 0.21866
vn -0.18563 0.97558 -0.11738
vn -0.1931 0.96725 0.16476
vn -0.1902 0.97662 0.10024
vn -0.28742 0.95642 -0.0515
vn -0.78973 0.60286 0.1135
vn -0.39617 0.91561 0.0686
vn -0.99929 -0.01307 0.03544
vn -0.9979 -0.03518 0.05444
vn -0.97892 -0.0167 -0.20354
vn -0.9857 -0.15181 0.07316
vn 0.59745 0.77214 -0.21645
vn 0.14782 0.89736 -0.4158
vn 0.54492 0.61522 0.56971
vn 0.91156 0.14285 0.38554
vn 0.30747 -0.0072 0.95153
vn 0.84743 -0.08041 0.52478
vn -0.35718 0.46954 0.80744
vn 0.36691 0.42775 0.82608
vn 0.82726 0.34299 0.44497
vn -0.26768 0.88843 -0.37289
vn -0.41728 0.90594 0.07181
vn 0.16496 0.90428 0.39379
vn 0.53377 0.81582 0.22257
vn 0.96676 0.25115 0.0479
vn 0.27203 0.95123 -0.14547
vn 0.68303 -0.25612 0.68401
vn 0.94026 -0.16987 0.29504
vn 0.95094 -0.02737 -0.30815
vn 0.95146 -0.28644 0.11262
vn 0.60488 0.65376 -0.45467
vn 0.76141 0.15808 -0.6287
vn 0.79417 0.36639 -0.48483
vn 0.9607 0.02119 -0.27679
vn 0.38876 0.87925 -0.27527
vn 0.40281 0.86044 -0.31209
vn 0.3015 0.90579 -0.29773
vn -0.08001 0.95635 -0.28104
vn -0.33706 0.94037 -0.04582
vn -0.05576 0.96052 0.27258
vn -0.15882 0.98536 -0.06202
vn 0.06308 0.96205 0.26549
vn 0.04379 0.88988 -0.45409
vn -0.12034 0.98893 -0.08677
vn 0.06552 0.96179 -0.26584
vn 0.03361 0.99492 -0.09488
vn 0.42298 0.9034 -0.07048
vn 0.58967 0.79298 0.15322
vn 0.95898 0.28082 -0.03877
vn 0.55422 0.23051 -0.79982
vn 0.98571 0.09375 -0.13995
vn 0.83781 0.01801 -0.54566
vn -0.2699 0.96132 -0.05495
vn -0.23781 0.85381 0.46309
vn -0.38506 0.78116 0.49144
vn 0.01834 0.99582 -0.08944
vn -0.28764 0.80899 0.51264
vn -0.48058 0.41563 0.7722
vn -0.3743 0.25088 0.89272
vn -0.45439 -0.06033 0.88876
vn -0.11051 -0.13557 0.98459
vn -0.43757 -0.28304 0.85348
vn -0.38797 -0.29665 0.87263
vn -0.38277 0.05508 0.9222
vn -0.42665 -0.0136 0.90431
vn -0.22548 0.01595 0.97412
vn -0.24566 0.18436 0.95166
vn -0.25837 0.20508 0.94403
vn -0.1174 0.86237 -0.49247
vn 0.06282 0.99411 -0.08832
vn -0.02591 0.97153 -0.23548
vn -0.34032 0.6906 -0.63817
vn -0.38226 0.92281 0.048
vn -0.60404 0.2431 -0.75897
vn -0.97921 0.2023 -0.01494
vn -0.94895 -0.14511 -0.28007
vn -0.68456 0.52085 -0.51
vn -0.91441 -0.05315 -0.40128
vn -0.96489 -0.05408 -0.25702
vn -0.98406 -0.10053 -0.14667
vn -0.97039 -0.23191 0.06746
vn -0.9519 -0.17476 -0.25168
vn -0.82915 -0.00659 -0.55898
vn -0.99696 -0.01176 -0.07706
vn -0.79293 -0.05057 0.60721
vn -0.54033 -0.11624 0.83339
vn -0.56473 0.71888 0.40533
vn -0.50089 0.27692 0.82002
vn -0.45113 0.6589 0.60195
vn -0.15185 0.98059 -0.12404
vn -0.21419 0.937 -0.27596
vn 0.02079 0.40696 0.91321
vn 0.3533 0.90997 0.21713
vn 0.44418 0.79746 0.40838
vn -0.31996 0.9326 -0.16698
vn -0.4121 0.88187 -0.2291
vn -0.81139 0.50324 -0.29732
vn -0.88603 -0.14526 0.44029
vn -0.87997 0.13173 -0.45641
vn -0.56876 -0.30302 0.76465
vn -0.98679 -0.14461 -0.07309
vn -0.96868 -0.21248 0.12847
vn -0.95992 -0.24869 -0.12923
vn -0.97523 -0.20194 -0.09028
vn -0.21243 0.97707 0.0143
vn -0.3722 0.9229 0.09858
vn 0.02392 0.99348 -0.11151
vn 0.29737 0.91503 0.27257
vn -0.56715 0.67249 0.4755
vn -0.15174 0.98498 -0.08243
vn -0.34312 0.93323 0.10659
vn -0.14629 0.98139 0.12441
vn -0.09736 0.98946 0.10718
vn -0.02998 0.94988 0.31116
vn 0.21921 0.88191 0.41735
vn -0.3906 0.6595 0.64225
vn -0.67408 0.55224 0.49056
vn -0.70772 0.10448 0.69873
vn -0.69223 0.18103 0.6986
vn -0.65657 -0.17952 0.73259
vn -0.50455 -0.04735 0.86209
vn -0.59262 -0.34932 0.7258
vn -0.62035 -0.2445 0.74524
vn -0.59264 -0.3493 0.72579
vn -0.48155 -0.48036 0.73305
vn -0.10325 0.90977 -0.40206
vn 0.32837 0.92121 -0.20866
vn 0.78131 0.31315 -0.5399
vn 0.75315 0.51747 -0.4062
vn 0.01397 0.95855 -0.28457
vn -0.09349 0.98518 -0.14378
vn 0.24033 0.71367 -0.65796
vn -0.18977 0.98169 0.01629
vn 0.27758 0.93583 -0.2172
vn -0.06668 0.99546 0.06797
vn -0.32204 0.89858 0.29806
vn -0.20017 0.96182 0.18663
vn -0.01469 0.92981 0.36775
vn -0.354 0.93505 -0.01911
vn -0.00522 0.90009 -0.43567
vn 0.50577 0.85805 -0.08912
vn 0.69301 0.72048 -0.02561
vn 0.98332 -0.06075 -0.17143
vn 0.97254 0.09325 -0.21323
vn 0.96224 -0.06347 -0.26471
vn 0.99875 0.04608 -0.01918
vn 0.96189 -0.03173 0.2716
vn 0.86583 0.49412 -0.07863
vn 0.95301 0.11618 0.27977
vn 0.90397 0.36159 0.22821
vn 0.91111 0.36955 0.18253
vn 0.99034 0.08048 -0.11293
vn 0.96789 -0.05883 -0.24439
vn 0.9006 0.03106 -0.43354
vn 0.9818 0.18669 -0.03482
vn -0.24146 0.96604 -0.09203
vn -0.6965 0.63497 0.33424
vn -0.33477 0.76747 0.54674
vn -0.74218 0.66949 -0.03099
vn -0.93983 0.23567 -0.24735
vn -0.9622 -0.17409 0.20946
vn -0.83042 0.31489 0.45961
vn -0.98429 -0.13028 0.11916
vn -0.94289 -0.33289 -0.01222
vn -0.8503 -0.0515 0.52377
vn -0.80386 -0.06142 0.59163
vn -0.81692 -0.0662 0.57295
vn -0.62176 -0.18895 0.76007
vn -0.57689 0.58719 0.56781
vn -0.69447 0.48863 -0.52816
vn -0.36603 0.83731 -0.40613
vn -0.63342 0.52053 0.57256
vn -0.96508 -0.05324 -0.2565
vn -0.95752 -0.284 -0.04995
vn -0.97545 -0.04875 -0.21475
vn -0.82869 0.52522 -0.19343
vn -0.21494 0.9658 0.145
vn 0.01747 0.99856 0.05073
vn -0.81659 0.56957 -0.09369
vn -0.99681 0.0538 0.05895
vn -0.95885 0.04467 -0.28038
vn -0.93678 -0.13389 -0.32329
vn -0.99941 -0.03141 0.01357
vn -0.9463 -0.18495 -0.26517
vn -0.94142 0.13477 0.30914
vn -0.94986 0.24018 0.20021
vn -0.23341 0.92432 -0.30193
vn 0.36594 0.92172 -0.12854
vn 0.97206 0.01318 -0.23436
vn 0.95364 0.29941 0.03043
vn 0.96378 -0.10949 0.2432
vn -0.19177 0.97978 -0.05711
vn -0.08344 0.97816 -0.19037
vn -0.41364 0.81692 0.40193
vn -0.16587 0.95475 -0.24685
vn -0.70508 0.6887 0.16897
vn -0.97494 -0.11269 -0.1918
vn -0.9869 -0.15887 0.0282
vn -0.99665 -0.00614 -0.0815
vn -0.94148 0.0555 0.33248
vn -0.88158 0.26505 -0.3906
vn -0.95823 0.04425 0.28255
vn -0.88291 -0.0659 0.4649
vn -0.73486 -0.03183 0.67748
vn -0.97048 -0.15549 0.18435
vn -0.97059 -0.14652 0.19101
vn -0.8402 0.01921 0.54193
vn -0.98813 0.01799 0.15254
vn -0.89743 0.09516 0.43078
vn -0.92295 0.03111 0.38366
vn -0.81619 0.13405 0.56202
vn -0.84863 -0.00208 0.52898
vn -0.89914 -0.23661 0.36819
vn -0.99989 -0.00696 0.01317
vn -0.99851 -0.04994 0.02183
vn -0.996 -0.07917 0.04154
vn -0.9694 0.12852 -0.20918
vn -0.99377 -0.07085 0.08609
vn -0.91849 -0.39454 -0.02676
vn -0.95299 -0.25692 0.16061
vn -0.29942 -0.94884 0.10026
vn -0.91297 0.38934 -0.12209
vn -0.92844 0.14496 0.34204
vn -0.90671 -0.36165 -0.21699
vn -0.24623 -0.96846 -0.03823
vn 0.05052 -0.99726 0.05396
vn 0.13173 -0.90557 0.40322
vn -0.29324 -0.92786 -0.23041
vn 0.09152 -0.99542 -0.02765
vn 0.12069 -0.95773 0.26111
vn 0.20553 -0.97858 0.01193
vn -0.00924 -0.97329 0.22938
vn -0.62632 -0.77944 -0.01377
vn -0.02753 -0.99865 -0.04407
vn 0.01825 -0.91352 -0.40638
vn -0.2786 -0.92579 0.25553
vn 0.16653 -0.98437 0.05736
vn 0.0388 -0.99845 0.03978
vn -0.03078 -0.99936 -0.01808
vn -0.95887 -0.26477 0.10234
vn -0.96623 0.05628 -0.25145
vn -0.99012 -0.10789 0.08956
vn -0.97557 -0.07018 0.2082
vn -0.81413 -0.11578 -0.56902
vn -0.80392 -0.02067 -0.59438
vn -0.74441 -0.0738 -0.66363
vn -0.81446 -0.1053 -0.57059
vn 0.94476 0.31663 -0.08468
vn 0.99356 0.07341 0.08635
vn 0.94788 -0.17182 -0.26833
vn 0.64716 -0.76227 -0.0114
vn 0.19734 -0.82027 -0.53685
vn 0.78194 -0.61761 -0.08438
vn -0.05911 -0.99421 -0.08976
vn 0.9304 0.20652 0.30283
vn 0.41458 -0.89924 0.1396
vn 0.0115 -0.87932 -0.47609
vn 0.20185 -0.76658 -0.6096
vn 0.99339 0.03521 0.10922
vn 0.59055 -0.70913 -0.3852
vn 0.92967 -0.21824 -0.2968
vn 0.99293 0.09861 -0.06613
vn 0.30995 -0.46193 -0.831
vn 0.88379 0.0653 -0.4633
vn 0.96061 -0.00742 -0.2778
vn 0.96536 0.06518 -0.25266
vn 0.95263 0.04205 -0.30121
vn 0.87941 -0.41684 -0.22997
vn 0.92766 0.18341 0.32527
vn 0.98987 0.0856 0.11329
vn 0.94841 -0.0071 0.31695
vn 0.98025 -0.11202 0.16299
vn 0.72621 -0.65726 -0.20158
vn 0.89735 0.2271 -0.37839
vn 0.93699 -0.34935 0.0023
vn 0.93549 0.25949 0.23982
vn 0.37879 -0.92535 -0.01548
vn 0.90948 0.27955 0.30773
vn 0.16147 -0.88976 -0.42691
vn -0.00278 -0.99977 0.02136
vn -0.04019 -0.968 -0.24772
vn -0.1631 -0.98602 0.03408
vn -0.00784 -0.95129 -0.30819
vn 0.24348 -0.91623 -0.31818
vn -0.01172 -0.97559 -0.2193
vn 0.28588 -0.93623 -0.20433
vn 0.54223 -0.15136 -0.82649
vn 0.74651 -0.33584 -0.57439
vn 0.46126 -0.88243 -0.09248
vn 0.10614 -0.91546 -0.38816
vn 0.22951 -0.96123 -0.15281
vn 0.12382 -0.88606 -0.44672
vn 0.07917 -0.82399 -0.56104
vn 0.1318 -0.79701 -0.58941
vn -0.08821 -0.81586 -0.57149
vn 0.0288 -0.98238 -0.18465
vn 0.34711 -0.36214 -0.86508
vn 0.80579 0.00499 -0.59218
vn 0.9064 0.04224 -0.42031
vn 0.95709 0.21124 -0.19837
vn 0.94436 0.18776 0.27007
vn 0.95658 -0.29106 0.01537
vn 0.12101 -0.97857 0.1666
vn 0.48808 -0.75035 0.44582
vn 0.59618 -0.21035 0.7748
vn 0.09045 -0.27349 0.95761
vn 0.553 -0.73656 0.38944
vn 0.00497 -0.49761 0.86739
vn 0.1463 -0.97903 -0.14173
vn 0.02009 -0.76781 0.64036
vn -0.06644 -0.63849 0.76675
vn 0.20147 -0.66033 0.72345
vn 0.06353 -0.9825 0.17509
vn 0.15205 -0.93996 0.30553
vn -0.18565 -0.98064 -0.06233
vn 0.35005 -0.06832 0.93424
vn -0.66311 0.0129 0.74841
vn -0.99475 -0.09643 0.03432
vn -0.78132 -0.0768 0.61939
vn -0.96744 -0.21969 -0.12566
vn -0.98119 0.01631 -0.19233
vn -0.96018 0.16799 0.22323
vn -0.95251 0.21295 -0.21765
vn -0.91832 -0.01969 -0.39534
vn 0.96718 -0.24803 0.05514
vn 0.97191 -0.03316 -0.233
vn 0.9717 0.0088 -0.23607
vn 0.79858 -0.40549 -0.4448
vn 0.8367 -0.2911 -0.46388
vn 0.73693 -0.2587 -0.62451
vn 0.62595 -0.70853 -0.32585
vn 0.42341 -0.90583 -0.01392
vn 0.06932 -0.99567 -0.06189
vn 0.05216 -0.99833 -0.025
vn 0.36361 -0.91887 -0.15321
vn 0.28367 -0.95809 0.04001
vn 0.44892 -0.89248 -0.04407
vn 0.46621 -0.75021 -0.46886
vn 0.1463 -0.98387 -0.10293
vn 0.43285 -0.8924 -0.12754
vn 0.59374 -0.8044 -0.02021
vn 0.20233 -0.97528 -0.08888
vn 0.28717 -0.90281 -0.32012
vn 0.47678 -0.73288 -0.48535
vn 0.0867 -0.99051 -0.10664
vn 0.50595 -0.02436 -0.86222
vn 0.15759 0.14259 -0.97716
vn 0.46401 -0.7054 -0.53583
vn 0.23157 -0.29764 -0.92617
vn -0.17037 0.03134 -0.98488
vn 0.40354 -0.8572 -0.31996
vn 0.40909 -0.58645 -0.69909
vn 0.09825 -0.94336 -0.31689
vn 0.25843 -0.47467 -0.84137
vn 0.27847 -0.88402 -0.37545
vn -0.27621 -0.6451 -0.71243
vn -0.0801 -0.90972 -0.40743
vn 0.04868 -0.94357 -0.32758
vn -0.07686 -0.91279 -0.40112
vn 0.03539 -0.95155 -0.30544
vn 0.09161 -0.24567 -0.96502
vn 0.0717 -0.66163 -0.7464
vn 0.4041 -0.83744 -0.36797
vn 0.54817 -0.64837 -0.52832
vn 0.92975 0.02029 -0.36764
vn 0.86092 -0.10657 -0.49745
vn 0.94913 -0.0481 -0.3112
vn 0.88201 -0.01559 -0.47097
vn 0.91631 -0.00819 0.40038
vn 0.91445 0.20265 0.3503
vn 0.77361 0.28066 0.56812
vn 0.99421 -0.02133 0.10532
vn 0.41108 -0.2104 0.88699
vn 0.34913 -0.31541 0.8824
vn 0.01045 0.13095 0.99133
vn 0.4372 -0.81018 0.39046
vn 0.52686 -0.84993 0.00648
vn 0.30302 -0.61299 0.72967
vn 0.27626 0.05493 0.95951
vn -0.1411 0.23458 0.9618
vn -0.28597 -0.29117 0.91293
vn -0.51513 -0.24022 0.82276
vn -0.23174 -0.58774 0.77515
vn 0.02165 -0.76715 0.64111
vn 0.46082 -0.83585 -0.29834
vn 0.1148 -0.96468 -0.23711
vn 0.13908 -0.96695 -0.2137
vn 0.51982 -0.80841 -0.27616
vn -0.07819 -0.96196 -0.26177
vn 0.10633 -0.98176 -0.15764
vn 0.97295 -0.14596 0.17909
vn 0.70401 -0.69006 0.16787
vn 0.90873 -0.02897 -0.41637
vn 0.53612 -0.83874 0.09534
vn 0.99209 -0.1221 0.02919
vn 0.67739 -0.72256 0.13799
vn 0.93342 -0.13751 -0.33138
vn 0.98028 -0.01978 -0.19662
vn 0.88873 -0.45559 -0.05091
vn 0.52881 -0.68526 -0.50077
vn 0.42868 -0.90341 0.00886
vn 0.04835 -0.99882 0.00459
vn 0.00138 -0.7585 -0.65167
vn 0.18034 -0.98303 -0.03369
vn 0.02746 -0.99962 -0.0031
vn 0.20917 -0.78939 -0.57717
vn 0.19021 -0.96595 -0.1754
vn 0.22667 -0.96937 -0.09455
vn 0.22867 -0.96376 -0.13743
vn -0.04329 -0.98897 0.14168
vn 0.48601 -0.86163 -0.14624
vn -0.34125 -0.93939 0.03323
vn -0.00825 -0.97368 0.22776
vn -0.50678 -0.67625 0.53466
vn -0.41111 -0.26853 0.87114
vn -0.7117 -0.2767 0.64569
vn -0.61989 0.45083 0.64225
vn -0.80888 -0.12747 0.57399
vn -0.63983 -0.5863 0.49685
vn -0.46815 -0.16347 0.8684
vn -0.55379 -0.57549 0.60177
vn -0.11632 -0.98323 0.14048
vn -0.50713 -0.3425 0.79089
vn 0.04481 -0.78371 0.61951
vn 0.27566 -0.89319 -0.35528
vn 0.34996 -0.91682 -0.19226
vn 0.00229 -0.99843 -0.05589
vn -0.35035 -0.7767 0.52344
vn -0.90187 -0.18829 0.38882
vn -0.47064 -0.59761 0.64912
vn -0.34529 -0.88391 0.31541
vn 0.33237 -0.94266 -0.03026
vn 0.38718 -0.92067 -0.04951
vn -0.01779 -0.98759 -0.15604
vn -0.48057 -0.86995 -0.11059
vn 0.26152 -0.95909 -0.10838
vn 0.27703 -0.94823 -0.15531
vn -0.44794 -0.89128 0.07056
vn -0.91061 -0.37109 -0.18188
vn -0.98175 0.13322 0.1357
vn -0.97648 0.21439 -0.0227
vn -0.96266 -0.25624 -0.08734
vn -0.67128 -0.00598 0.74118
vn -0.32606 -0.29217 0.89907
vn -0.29527 -0.80136 0.52023
vn -0.52195 -0.36114 0.77275
vn -0.72939 0.13329 0.67099
vn -0.35773 -0.21893 0.9078
vn -0.78491 0.23074 0.57504
vn -0.51832 0.14549 0.84272
vn -0.37881 -0.75072 0.54122
vn 0.11484 -0.96467 -0.2371
vn 0.29922 -0.93835 0.17313
vn -0.29524 -0.80134 0.52028
vn -0.13558 -0.09543 0.98616
vn -0.99652 0.01034 0.08276
vn -0.78218 -0.06801 0.61932
vn -0.91382 -0.40598 -0.01092
vn -0.44017 -0.89763 0.02273
vn 0.29934 -0.87809 0.37331
vn 0.24395 -0.95918 -0.14306
vn 0.15814 -0.96957 0.18688
vn 0.23724 -0.96498 0.11195
vn 0.17993 -0.25862 0.94907
vn -0.23551 -0.13216 0.96284
vn -0.65927 -0.69006 0.29862
vn 0.07757 -0.9514 0.29803
vn -0.89688 -0.13459 0.42129
vn -0.94206 -0.17068 -0.28877
vn -0.59811 -0.61597 -0.51269
vn 0.26172 -0.95225 -0.15722
vn 0.26915 -0.9629 -0.01964
vn 0.21097 -0.96432 -0.15996
vn 0.27823 -0.94095 -0.19285
vn -0.23327 -0.97227 0.0166
vn -0.22124 -0.52094 -0.82442
vn -0.97294 -0.20897 -0.09861
vn -0.93109 -0.15259 -0.33136
vn -0.8643 0.00506 -0.50295
vn -0.87695 0.41884 -0.23566
vn -0.49546 -0.12292 0.85989
vn -0.44982 -0.72368 0.5234
vn -0.0497 -0.58063 0.81265
vn -0.01101 -0.58731 0.80929
vn -0.00665 -0.75484 0.65587
vn -0.90392 -0.14046 0.40397
vn -0.59109 -0.80495 -0.05167
vn -0.0856 -0.8817 0.46397
vn 0.20959 -0.93457 0.2875
vn -0.75516 -0.64667 0.10749
vn 0.2111 -0.97725 0.0207
vn -0.61139 -0.74786 -0.25866
vn -0.91884 -0.39156 -0.04911
vn -0.70434 -0.4169 0.57454
vn -0.92444 0.2177 0.31309
vn -0.61725 0.14571 0.77316
vn -0.25337 -0.32213 0.91216
vn 0.19264 -0.81854 0.54118
vn 0.27279 -0.84851 0.45345
vn 0.19041 -0.97135 0.14223
vn -0.23367 -0.94494 0.22909
vn 0.66578 -0.376 0.64449
vn 0.91406 0.16725 0.36948
vn 0.78364 0.33095 0.52572
vn 0.50375 0.14055 0.85234
vn 0.11155 -0.21175 0.97094
vn 0.19597 -0.6648 0.72086
vn 0.21916 -0.94144 0.25624
vn -0.74944 -0.39712 -0.52975
vn -0.71802 -0.01388 -0.69588
vn -0.3926 -0.01326 -0.91961
vn -0.94591 -0.20201 0.25385
vn -0.31986 -0.3601 -0.87637
vn -0.10548 -0.21075 -0.97183
vn -0.01614 0.00097 -0.99987
vn -0.29066 -0.76255 -0.57796
vn -0.4284 -0.85765 0.28444
vn -0.4889 -0.81056 0.32245
vn -0.85587 -0.46787 0.22043
vn -0.56656 -0.59591 0.56912
vn 0.55786 -0.49178 -0.66854
vn 0.41276 -0.6399 -0.6482
vn 0.07508 -0.96924 -0.23439
vn 0.08121 -0.81164 -0.57848
vn 0.20793 -0.21586 -0.95403
vn 0.95302 0.10914 -0.28257
vn 0.83495 0.24793 0.49132
vn -0.66916 -0.6257 0.4009
vn 0.03239 -0.99659 0.07596
vn 0.22011 -0.92449 -0.31126
vn -0.69486 0.00607 -0.71912
vn -0.74118 -0.62084 -0.25538
vn -0.10797 -0.98332 -0.1464
vn 0.02063 -0.98292 -0.18286
vn -0.02322 -0.97879 -0.20356
vn 0.00405 -0.83337 -0.5527
vn -0.15515 -0.69126 -0.70576
vn -0.97212 -0.1412 -0.1872
vn -0.88753 -0.41194 -0.20639
vn -0.94617 -0.22388 -0.23376
vn -0.86724 -0.17817 -0.46491
vn 0.06323 -0.52326 0.84983
vn 0.11087 -0.82895 -0.54823
vn -0.05882 -0.88412 -0.46354
vn 0.05527 -0.68737 -0.7242
vn 0.02448 -0.70515 -0.70864
vn 0.78758 0.06056 0.61324
vn 0.72893 -0.68034 -0.07621
vn 0.24338 -0.7336 0.6345
vn 0.02026 -0.37438 0.92705
vn -0.04034 -0.96744 0.24988
vn -0.22572 -0.94563 0.23417
vn -0.18119 -0.81398 -0.55191
vn 0.47087 -0.67122 -0.57249
vn -0.59395 -0.76719 0.24216
vn -0.62895 0.67726 0.38177
vn -0.87392 -0.09086 -0.4775
vn -0.65197 -0.61599 -0.44215
vn -0.76191 -0.64313 -0.07663
vn 0.31348 -0.93401 -0.17135
vn -0.24989 -0.8986 -0.36066
vn 0.33318 -0.94091 -0.06067
vn -0.84573 -0.52865 -0.07267
vn 0.19381 -0.85611 0.47907
vn 0.18591 -0.97542 0.11826
vn -0.43125 -0.88539 0.17351
vn 0.43426 -0.90039 -0.02679
vn 0.40075 -0.90794 0.12267
vn 0.51381 -0.85106 0.10812
vn 0.06598 -0.98286 -0.17216
vn -0.10427 -0.99426 0.02396
vn -0.45525 -0.88744 -0.07207
vn -0.8962 -0.44331 0.01728
vn -0.9824 -0.18624 0.01403
vn -0.98355 -0.09345 -0.15456
vn -0.95387 0.07242 0.29134
vn 0.11819 -0.92485 0.36151
vn -0.43957 -0.88855 0.13137
vn -0.44439 -0.88523 0.13745
vn -0.59785 -0.76484 -0.23999
vn -0.9198 -0.39233 0.00651
vn -0.82703 -0.52779 -0.19353
vn -0.95493 -0.12284 -0.27023
vn -0.74399 -0.35109 -0.56852
vn -0.11779 -0.84048 -0.52888
vn 0.17829 -0.90006 -0.39761
vn 0.08382 -0.99511 -0.05222
vn 0.39998 -0.89255 0.20828
vn 0.04188 -0.5066 0.86116
vn -0.06696 -0.99448 0.08078
vn -0.95069 0.1455 -0.2739
vn -0.16967 -0.96992 -0.17458
vt 0.31348 0.44043
vt 0.3042 0.44336
vt 0.30615 0.4519
vt 0.3042 0.43774
vt 0.31567 0.45093
vt 0.29419 0.44336
vt 0.27441 0.44214
vt 0.29956 0.45117
vt 0.2793 0.45898
vt 0.24597 0.44189
vt 0.31274 0.53418
vt 0.32446 0.47363
vt 0.3042 0.58887
vt 0.30786 0.50537
vt 0.28882 0.5249
vt 0.27881 0.61035
vt 0.29688 0.604
vt 0.28467 0.61914
vt 0.27075 0.61377
vt 0.26929 0.62793
vt 0.27881 0.5918
vt 0.26465 0.6123
vt 0.25488 0.62451
vt 0.25513 0.59717
vt 0.24658 0.61279
vt 0.23682 0.61963
vt 0.23218 0.60645
vt 0.22632 0.60986
vt 0.22046 0.60059
vt 0.23181 0.59521
vt 0.21472 0.58398
vt 0.26758 0.56494
vt 0.26025 0.57861
vt 0.27612 0.52686
vt 0.26685 0.53271
vt 0.24451 0.55811
vt 0.26001 0.49072
vt 0.22412 0.56738
vt 0.2218 0.53564
vt 0.24744 0.46191
vt 0.23621 0.46143
vt 0.22852 0.47168
vt 0.19836 0.54883
vt 0.21399 0.51074
vt 0.21692 0.48901
vt 0.21973 0.47363
vt 0.19116 0.4873
vt 0.18091 0.46411
vt 0.17993 0.47363
vt 0.19324 0.5376
vt 0.2063 0.52246
vt 0.20447 0.51221
vt 0.16809 0.57617
vt 0.20129 0.5835
vt 0.18311 0.55957
vt 0.17151 0.56006
vt 0.16284 0.5874
vt 0.17114 0.5332
vt 0.15845 0.58057
vt 0.15454 0.5918
vt 0.13586 0.57959
vt 0.13538 0.59473
vt 0.13635 0.57275
vt 0.14453 0.54834
vt 0.13147 0.54785
vt 0.13306 0.5376
vt 0.13745 0.52246
vt 0.13831 0.50488
vt 0.1322 0.51562
vt 0.14087 0.46802
vt 0.16895 0.48999
vt 0.17859 0.50244
vt 0.17651 0.46436
vt 0.16541 0.45825
vt 0.14331 0.45264
vt 0.30103 0.13745
vt 0.31323 0.12842
vt 0.30005 0.12805
vt 0.30762 0.09894
vt 0.29346 0.14893
vt 0.35107 0.09943
vt 0.35205 0.11395
vt 0.35596 0.13074
vt 0.35596 0.15076
vt 0.33008 0.07996
vt 0.33252 0.18921
vt 0.3623 0.19629
vt 0.2998 0.17517
vt 0.37329 0.24524
vt 0.31079 0.29272
vt 0.37622 0.26392
vt 0.35229 0.07648
vt 0.33667 0.31641
vt 0.31421 0.31104
vt 0.3186 0.08093
vt 0.37329 0.28955
vt 0.3186 0.33447
vt 0.37524 0.30688
vt 0.38037 0.29492
vt 0.38306 0.32056
vt 0.38208 0.33569
vt 0.32764 0.35474
vt 0.38477 0.35181
vt 0.33789 0.36133
vt 0.38477 0.37158
vt 0.33032 0.37402
vt 0.3811 0.39478
vt 0.33594 0.39307
vt 0.37817 0.41309
vt 0.37891 0.40967
vt 0.33594 0.40723
vt 0.37817 0.41626
vt 0.33545 0.41724
vt 0.34424 0.42578
vt 0.37671 0.43164
vt 0.33618 0.43018
vt 0.37109 0.4502
vt 0.33765 0.43799
vt 0.34448 0.45215
vt 0.36694 0.46436
vt 0.33887 0.46509
vt 0.37012 0.46973
vt 0.3645 0.47534
vt 0.3396 0.47192
vt 0.33813 0.48535
vt 0.35303 0.48999
vt 0.36401 0.49268
vt 0.36377 0.49658
vt 0.81689 0.17358
vt 0.84082 0.20447
vt 0.87256 0.18945
vt 0.86865 0.21143
vt 0.86035 0.23108
vt 0.87646 0.16736
vt 0.79346 0.20984
vt 0.83301 0.26221
vt 0.81445 0.18958
vt 0.81396 0.16809
vt 0.81055 0.17114
vt 0.87598 0.12329
vt 0.8501 0.12073
vt 0.83496 0.12878
vt 0.81445 0.13416
vt 0.80859 0.15942
vt 0.79102 0.14087
vt 0.80322 0.18494
vt 0.80664 0.17029
vt 0.79736 0.17676
vt 0.78467 0.13904
vt 0.77832 0.14417
vt 0.76709 0.16394
vt 0.76709 0.1759
vt 0.76807 0.19348
vt 0.78223 0.1991
vt 0.77246 0.20642
vt 0.77344 0.21643
vt 0.77246 0.22339
vt 0.78418 0.23291
vt 0.80908 0.23792
vt 0.80322 0.25269
vt 0.82227 0.2666
vt 0.66406 0.67334
vt 0.68018 0.68164
vt 0.68213 0.6709
vt 0.67871 0.68604
vt 0.63135 0.67432
vt 0.63672 0.69189
vt 0.64795 0.66162
vt 0.63184 0.65088
vt 0.66992 0.66016
vt 0.65625 0.64648
vt 0.64551 0.63965
vt 0.63574 0.6416
vt 0.66797 0.62744
vt 0.67432 0.64355
vt 0.68213 0.65674
vt 0.72168 0.60254
vt 0.70166 0.59766
vt 0.70801 0.59375
vt 0.74463 0.63525
vt 0.73828 0.61572
vt 0.7334 0.60889
vt 0.75 0.64941
vt 0.68701 0.67285
vt 0.75488 0.6665
vt 0.71875 0.70361
vt 0.75928 0.69092
vt 0.68701 0.68848
vt 0.75537 0.7373
vt 0.68848 0.70312
vt 0.67969 0.69336
vt 0.66406 0.69141
vt 0.64307 0.69238
vt 0.62891 0.7002
vt 0.63281 0.70752
vt 0.6709 0.71484
vt 0.70898 0.74365
vt 0.74219 0.74756
vt 0.75293 0.74854
vt 0.73438 0.75146
vt 0.68262 0.73291
vt 0.66943 0.72949
vt 0.6582 0.7251
vt 0.64355 0.72168
vt 0.63281 0.72119
vt 0.63184 0.7251
vt 0.48608 0.48364
vt 0.4812 0.45874
vt 0.48413 0.48486
vt 0.49658 0.47095
vt 0.45874 0.48193
vt 0.45068 0.47241
vt 0.47632 0.48779
vt 0.45068 0.49023
vt 0.43262 0.47656
vt 0.47241 0.49561
vt 0.48218 0.48926
vt 0.48682 0.52197
vt 0.49707 0.54492
vt 0.51416 0.50977
vt 0.479 0.56152
vt 0.52588 0.55566
vt 0.48438 0.64844
vt 0.51465 0.58984
vt 0.49487 0.65234
vt 0.48462 0.6626
vt 0.47803 0.65723
vt 0.46997 0.66602
vt 0.4873 0.57129
vt 0.47729 0.64697
vt 0.47754 0.63965
vt 0.45532 0.65723
vt 0.46362 0.62646
vt 0.43164 0.63184
vt 0.43652 0.65674
vt 0.4292 0.64355
vt 0.41968 0.64355
vt 0.40894 0.61523
vt 0.44946 0.60254
vt 0.45166 0.5459
vt 0.41553 0.58154
vt 0.42334 0.56006
vt 0.43481 0.50732
vt 0.39233 0.604
vt 0.44141 0.4978
vt 0.42065 0.49609
vt 0.42554 0.49048
vt 0.4209 0.50586
vt 0.41089 0.49731
vt 0.37695 0.50049
vt 0.37842 0.48779
vt 0.3999 0.51514
vt 0.37354 0.52393
vt 0.37305 0.55127
vt 0.4104 0.54102
vt 0.37695 0.59131
vt 0.36328 0.57812
vt 0.36719 0.60254
vt 0.36768 0.61914
vt 0.36572 0.61377
vt 0.39331 0.09613
vt 0.43994 0.07819
vt 0.39014 0.07202
vt 0.42749 0.06281
vt 0.44482 0.09198
vt 0.39404 0.10333
vt 0.39136 0.12408
vt 0.39868 0.1344
vt 0.40381 0.06531
vt 0.41919 0.05396
vt 0.38452 0.04886
vt 0.40796 0.04025
vt 0.43726 0.16003
vt 0.46216 0.15039
vt 0.39233 0.17078
vt 0.45557 0.19141
vt 0.39087 0.19885
vt 0.41382 0.21375
vt 0.46973 0.22961
vt 0.3877 0.2196
vt 0.45288 0.27368
vt 0.4646 0.26514
vt 0.46851 0.28516
vt 0.43628 0.29736
vt 0.39282 0.25171
vt 0.39624 0.29858
vt 0.46021 0.31958
vt 0.38916 0.32983
vt 0.46191 0.33228
vt 0.38989 0.33765
vt 0.44873 0.35132
vt 0.42188 0.37964
vt 0.4519 0.375
vt 0.39917 0.37158
vt 0.44604 0.38892
vt 0.40137 0.40015
vt 0.44849 0.40137
vt 0.40137 0.41626
vt 0.44751 0.41406
vt 0.40259 0.43335
vt 0.44556 0.42554
vt 0.43018 0.45337
vt 0.44019 0.44604
vt 0.40967 0.44873
vt 0.44385 0.45435
vt 0.44385 0.45239
vt 0.41479 0.4563
vt 0.40674 0.46045
vt 0.65674 0.35474
vt 0.66943 0.37451
vt 0.67041 0.35205
vt 0.65576 0.38037
vt 0.63037 0.33545
vt 0.67773 0.32568
vt 0.62695 0.36401
vt 0.65234 0.29932
vt 0.68457 0.31665
vt 0.62402 0.34961
vt 0.63672 0.32153
vt 0.61719 0.34302
vt 0.63184 0.302
vt 0.6416 0.28394
vt 0.62061 0.33105
vt 0.63623 0.27197
vt 0.62744 0.31641
vt 0.61279 0.33325
vt 0.62158 0.31543
vt 0.62354 0.29297
vt 0.62012 0.27148
vt 0.61279 0.25073
vt 0.604 0.25732
vt 0.59521 0.27026
vt 0.58008 0.28271
vt 0.56152 0.29761
vt 0.55518 0.29492
vt 0.5835 0.31372
vt 0.55762 0.31445
vt 0.5835 0.32544
vt 0.60303 0.34546
vt 0.54785 0.33057
vt 0.54932 0.34106
vt 0.61523 0.34595
vt 0.61572 0.35278
vt 0.60498 0.35254
vt 0.58545 0.34692
vt 0.54883 0.34814
vt 0.62158 0.35791
vt 0.59424 0.35986
vt 0.6167 0.3623
vt 0.59326 0.37256
vt 0.55273 0.36865
vt 0.6123 0.36963
vt 0.59229 0.38013
vt 0.55225 0.37842
vt 0.60254 0.38354
vt 0.62061 0.3916
vt 0.63672 0.39014
vt 0.65869 0.39258
vt 0.63477 0.40747
vt 0.6499 0.41211
vt 0.64502 0.41724
vt 0.52734 0.12585
vt 0.47681 0.12305
vt 0.47192 0.13867
vt 0.5293 0.13232
vt 0.52979 0.15112
vt 0.5376 0.15955
vt 0.4668 0.18542
vt 0.53613 0.1925
vt 0.53711 0.21802
vt 0.47388 0.23071
vt 0.50977 0.25586
vt 0.53613 0.2373
vt 0.46777 0.26416
vt 0.54248 0.26709
vt 0.4751 0.33081
vt 0.5459 0.31128
vt 0.53809 0.3418
vt 0.47827 0.34692
vt 0.48096 0.3606
vt 0.53857 0.34937
vt 0.50146 0.3728
vt 0.48047 0.37622
vt 0.49243 0.38867
vt 0.51562 0.41089
vt 0.5459 0.38184
vt 0.54639 0.40967
vt 0.54736 0.42578
vt 0.49365 0.4082
vt 0.48706 0.4021
vt 0.49707 0.43433
vt 0.51221 0.43237
vt 0.54932 0.44189
vt 0.51562 0.45435
vt 0.51221 0.46851
vt 0.52148 0.47021
vt 0.50879 0.47217
vt 0.54004 0.46802
vt 0.54492 0.46606
vt 0.54736 0.46094
vt 0.55859 0.45557
vt 0.55762 0.4668
vt 0.05231 0.50098
vt 0.05463 0.49756
vt 0.04141 0.49438
vt 0.04797 0.50098
vt 0.05371 0.48853
vt 0.07458 0.4895
vt 0.02252 0.54736
vt 0.04938 0.50879
vt 0.05975 0.50439
vt 0.07892 0.51074
vt 0.08972 0.49585
vt 0.11243 0.51465
vt 0.09381 0.52637
vt 0.12201 0.53223
vt 0.04523 0.53027
vt 0.0675 0.54248
vt 0.09814 0.54248
vt 0.12268 0.55273
vt 0.03604 0.5498
vt 0.04324 0.59375
vt 0.10699 0.57422
vt 0.12079 0.56982
vt 0.10114 0.6001
vt 0.02832 0.60938
vt 0.0076 0.62695
vt 0.00042 0.58643
vt 0.02248 0.62402
vt 0.00561 0.66064
vt 0.0838 0.60693
vt 0.11041 0.61914
vt 0.03958 0.66113
vt 0.06329 0.62354
vt 0.0816 0.63086
vt 0.10437 0.63379
vt 0.06812 0.66113
vt 0.02916 0.65967
vt 0.01315 0.67578
vt 0.0546 0.68066
vt 0.03476 0.68604
vt 0.0284 0.68457
vt 0.02113 0.69629
vt 0.06683 0.67773
vt 0.03073 0.68848
vt 0.0291 0.69873
vt 0.03467 0.69092
vt 0.04224 0.70801
vt 0.05035 0.69287
vt 0.05997 0.70264
vt 0.06567 0.68652
vt 0.08252 0.6958
vt 0.07306 0.7041
vt 0.07758 0.68311
vt 0.09125 0.6875
vt 0.11005 0.65479
vt 0.10815 0.68652
vt 0.10028 0.69141
vt 0.11682 0.70508
vt 0.12384 0.70361
vt 0.12964 0.68799
vt 0.14026 0.66016
vt 0.14807 0.65723
vt 0.12939 0.70215
vt 0.12585 0.70459
vt 0.50977 0.11816
vt 0.52344 0.1037
vt 0.49438 0.10999
vt 0.47437 0.0976
vt 0.49463 0.0932
vt 0.50537 0.09955
vt 0.479 0.08405
vt 0.50244 0.08069
vt 0.50293 0.06799
vt 0.51855 0.07959
vt 0.52148 0.07092
vt 0.51611 0.06384
vt 0.51709 0.05832
vt 0.47681 0.05835
vt 0.47656 0.0672
vt 0.49512 0.03955
vt 0.48071 0.03519
vt 0.51709 0.0462
vt 0.51367 0.03983
vt 0.5083 0.03525
vt 0.5166 0.03302
vt 0.24121 0.05511
vt 0.28638 0.08032
vt 0.29028 0.06476
vt 0.25806 0.09247
vt 0.27905 0.12756
vt 0.2334 0.11237
vt 0.26318 0.14026
vt 0.28296 0.14661
vt 0.27979 0.16382
vt 0.22729 0.18298
vt 0.27637 0.19946
vt 0.25977 0.03918
vt 0.27246 0.03595
vt 0.28687 0.05255
vt 0.28101 0.02652
vt 0.31177 0.03336
vt 0.31177 0.0191
vt 0.29639 0.00929
vt 0.31567 0.00081
vt 0.3103 0
vt 0.24329 0.04324
vt 0.2323 0.05298
vt 0.22253 0.05539
vt 0.20581 0.05759
vt 0.20898 0.09424
vt 0.18823 0.0658
vt 0.18103 0.19751
vt 0.19775 0.11664
vt 0.18591 0.10388
vt 0.177 0.06738
vt 0.15527 0.12427
vt 0.1355 0.07214
vt 0.17493 0.17017
vt 0.16736 0.18445
vt 0.15747 0.18152
vt 0.20544 0.21667
vt 0.19958 0.21936
vt 0.22913 0.24585
vt 0.26196 0.22339
vt 0.24597 0.25562
vt 0.2688 0.24353
vt 0.26245 0.27588
vt 0.2666 0.27197
vt 0.26978 0.27515
vt 0.12708 0.16626
vt 0.1311 0.16907
vt 0.11597 0.14221
vt 0.11816 0.16345
vt 0.09607 0.15808
vt 0.10931 0.11603
vt 0.09674 0.14563
vt 0.07513 0.1604
vt 0.09735 0.12732
vt 0.07642 0.13672
vt 0.12952 0.10803
vt 0.12073 0.07306
vt 0.08423 0.10834
vt 0.10309 0.07074
vt 0.08832 0.0686
vt 0.07404 0.10278
vt 0.0769 0.06757
vt 0.06226 0.15881
vt 0.06439 0.16272
vt 0.06183 0.10956
vt 0.06384 0.09448
vt 0.06165 0.06119
vt 0.07178 0.06372
vt 0.04974 0.1131
vt 0.04718 0.16345
vt 0.05478 0.16418
vt 0.02083 0.11786
vt 0.0517 0.05316
vt 0.0466 0.05478
vt 0.04147 0.07147
vt 0.02147 0.10669
vt 0.02446 0.09344
vt 0.02475 0.07501
vt 0.02692 0.05835
vt 0.03723 0.04169
vt 0.02925 0.04501
vt 0.0271 0.03809
vt 0.03183 0.17041
vt 0.04138 0.16858
vt 0.01678 0.1311
vt 0.01336 0.15417
vt 0.01843 0.17651
vt 0.00796 0.17395
vt 0.00838 0.16614
vt 0.00851 0.17761
vt 0 0.17725
vt 0.0015 0.18127
vt 0.01435 0.2998
vt 0.02446 0.33521
vt 0.02296 0.30029
vt 0.01543 0.28882
vt 0.01096 0.31201
vt 0.04181 0.28052
vt 0.01366 0.3501
vt 0.04086 0.31152
vt 0.04813 0.26855
vt 0.03488 0.31738
vt 0.03897 0.3623
vt 0.02216 0.36475
vt 0.03848 0.33838
vt 0.01712 0.37817
vt 0.08258 0.27588
vt 0.05972 0.25391
vt 0.04449 0.32129
vt 0.06934 0.30908
vt 0.09149 0.35767
vt 0.07751 0.24475
vt 0.05527 0.25098
vt 0.05945 0.24658
vt 0.06671 0.24512
vt 0.07123 0.24048
vt 0.09137 0.25928
vt 0.08081 0.23462
vt 0.0976 0.2312
vt 0.11292 0.24707
vt 0.10126 0.28784
vt 0.11798 0.26587
vt 0.10181 0.32178
vt 0.13306 0.23901
vt 0.13403 0.31763
vt 0.13245 0.2688
vt 0.14478 0.24207
vt 0.13586 0.28955
vt 0.14233 0.2666
vt 0.1532 0.24292
vt 0.14502 0.23682
vt 0.16064 0.26074
vt 0.17114 0.28198
vt 0.14368 0.30835
vt 0.14685 0.33569
vt 0.15894 0.30322
vt 0.16956 0.29541
vt 0.17981 0.30615
vt 0.16211 0.33301
vt 0.18408 0.32446
vt 0.14185 0.3584
vt 0.17737 0.34302
vt 0.18884 0.33936
vt 0.19031 0.35962
vt 0.18481 0.37402
vt 0.19409 0.39331
vt 0.18823 0.41162
vt 0.177 0.42896
vt 0.18872 0.42334
vt 0.07153 0.3667
vt 0.15601 0.44385
vt 0.17371 0.43726
vt 0.17932 0.43481
vt 0.16174 0.44214
vt 0.1026 0.42798
vt 0.12695 0.45264
vt 0.15027 0.4458
vt 0.0488 0.37109
vt 0.10498 0.46484
vt 0.12537 0.45654
vt 0.11029 0.46558
vt 0.08118 0.47046
vt 0.10272 0.46948
vt 0.06738 0.45581
vt 0.05408 0.47705
vt 0.04581 0.48193
vt 0.04794 0.47583
vt 0.04382 0.47412
vt 0.05151 0.39062
vt 0.03476 0.41968
vt 0.04446 0.3855
vt 0.0242 0.45117
vt 0.03955 0.47388
vt 0.01688 0.41064
vt 0.03348 0.37744
vt 0.03586 0.39526
vt 0.33838 0.06415
vt 0.35474 0.07086
vt 0.35718 0.05902
vt 0.32251 0.06354
vt 0.31592 0.06726
vt 0.31567 0.06009
vt 0.31616 0.05521
vt 0.33203 0.03571
vt 0.35815 0.03162
vt 0.32715 0.03226
vt 0.32764 0.02937
vt 0.32129 0.03096
vt 0.33032 0.02925
vt 0.35815 0.01463
vt 0.33032 0.02107
vt 0.33545 0.00588
vt 0.33276 0.00579
vt 0.35083 0.00601
vt 0.35962 0.00442
vt 0.65625 0.78223
vt 0.68408 0.75781
vt 0.66553 0.75293
vt 0.70508 0.78467
vt 0.70361 0.77197
vt 0.65771 0.73779
vt 0.63379 0.74609
vt 0.65479 0.7334
vt 0.64502 0.76855
vt 0.63135 0.76465
vt 0.62207 0.75684
vt 0.61865 0.76318
vt 0.68213 0.79932
vt 0.70752 0.80127
vt 0.65186 0.7876
vt 0.71045 0.8125
vt 0.64746 0.81445
vt 0.69287 0.82861
vt 0.70361 0.83057
vt 0.68604 0.86426
vt 0.67285 0.82373
vt 0.67383 0.87109
vt 0.67871 0.87598
vt 0.65479 0.86768
vt 0.65869 0.84375
vt 0.62158 0.81982
vt 0.61133 0.87061
vt 0.62549 0.86865
vt 0.63135 0.87158
vt 0.6001 0.82031
vt 0.61084 0.86719
vt 0.62598 0.81348
vt 0.5957 0.80615
vt 0.61475 0.77246
vt 0.59326 0.77344
vt 0.59082 0.7749
vt 0.58838 0.77344
vt 0.91797 0.25635
vt 0.92188 0.29248
vt 0.92822 0.26074
vt 0.92334 0.25781
vt 0.88184 0.25879
vt 0.85645 0.26196
vt 0.85303 0.29468
vt 0.87207 0.30396
vt 0.84668 0.31299
vt 0.89893 0.29712
vt 0.91699 0.3335
vt 0.9248 0.30859
vt 0.91943 0.32812
vt 0.92334 0.33203
vt 0.875 0.32788
vt 0.84619 0.32349
vt 0.9209 0.34033
vt 0.8623 0.33154
vt 0.84717 0.34155
vt 0.87305 0.34619
vt 0.92285 0.36255
vt 0.87891 0.39722
vt 0.84668 0.38647
vt 0.84668 0.39526
vt 0.91357 0.39038
vt 0.91797 0.37915
vt 0.91846 0.38599
vt 0.88965 0.39819
vt 0.9165 0.40137
vt 0.91797 0.40723
vt 0.38892 0.03973
vt 0.38623 0.04166
vt 0.40088 0.03415
vt 0.38379 0.0368
vt 0.3938 0.02924
vt 0.39673 0.02853
vt 0.38379 0.03409
vt 0.39697 0.02484
vt 0.38354 0.02335
vt 0.38037 0.0291
vt 0.37744 0.0275
vt 0.37744 0.02403
vt 0.38086 0.02077
vt 0.38306 0.01875
vt 0.38623 0.01721
vt 0.39819 0.01999
vt 0.40405 0.02039
vt 0.39111 0.01102
vt 0.40356 0.01518
vt 0.39282 0.00655
vt 0.39062 0.00886
vt 0.396 0.00331
vt 0.40015 0.01176
vt 0.40601 0.01218
vt 0.39844 0.00306
vt 0.40601 0.00654
vt 0.52637 0.92334
vt 0.50684 0.92383
vt 0.5166 0.93652
vt 0.54248 0.91016
vt 0.48047 0.89893
vt 0.52197 0.88379
vt 0.55176 0.89941
vt 0.55078 0.90186
vt 0.5542 0.90527
vt 0.53906 0.88086
vt 0.56152 0.87891
vt 0.54639 0.87061
vt 0.56201 0.86377
vt 0.5166 0.86816
vt 0.52588 0.85986
vt 0.50488 0.88135
vt 0.48877 0.8457
vt 0.46265 0.88379
vt 0.45581 0.86475
vt 0.45508 0.87207
vt 0.50732 0.85303
vt 0.49829 0.83691
vt 0.5083 0.82764
vt 0.52637 0.8125
vt 0.53467 0.80566
vt 0.52588 0.80566
vt 0.54688 0.81543
vt 0.53906 0.84326
vt 0.5542 0.83105
vt 0.55322 0.82275
vt 0.5708 0.84912
vt 0.85254 0.66064
vt 0.85205 0.64697
vt 0.83643 0.65527
vt 0.85352 0.69434
vt 0.84229 0.69971
vt 0.84863 0.70459
vt 0.82471 0.69531
vt 0.81348 0.66309
vt 0.79736 0.65771
vt 0.80078 0.69629
vt 0.79102 0.64648
vt 0.76172 0.66016
vt 0.76465 0.69336
vt 0.77832 0.69824
vt 0.76514 0.69824
vt 0.7749 0.65234
vt 0.74561 0.62695
vt 0.74902 0.63721
vt 0.78174 0.63867
vt 0.75537 0.59277
vt 0.83936 0.62256
vt 0.85205 0.64404
vt 0.85254 0.62256
vt 0.84863 0.61035
vt 0.84277 0.60596
vt 0.84521 0.56934
vt 0.78369 0.60156
vt 0.76465 0.57959
vt 0.80664 0.58105
vt 0.82861 0.56494
vt 0.7876 0.5752
vt 0.771 0.57178
vt 0.84375 0.55762
vt 0.78271 0.55811
vt 0.78174 0.55225
vt 0.82764 0.5459
vt 0.84277 0.54541
vt 0.81152 0.54639
vt 0.78125 0.54248
vt 0.77588 0.54736
vt 0.57129 0.05927
vt 0.57031 0.06757
vt 0.57422 0.06476
vt 0.57764 0.06116
vt 0.5752 0.07037
vt 0.62109 0.03607
vt 0.56543 0.07501
vt 0.58154 0.08032
vt 0.60352 0.06885
vt 0.56543 0.07196
vt 0.5542 0.0769
vt 0.56396 0.09363
vt 0.58398 0.08606
vt 0.61426 0.06885
vt 0.59668 0.1366
vt 0.63037 0.03781
vt 0.62646 0.02666
vt 0.64258 0.06152
vt 0.64062 0.04175
vt 0.62744 0.13501
vt 0.66211 0.11041
vt 0.57129 0.05606
vt 0.66162 0.11987
vt 0.67041 0.11646
vt 0.64941 0.15125
vt 0.61572 0.02147
vt 0.6167 0.17163
vt 0.62842 0.17505
vt 0.63428 0.17554
vt 0.5835 0.1532
vt 0.55518 0.11237
vt 0.54834 0.12708
vt 0.53857 0.09692
vt 0.5376 0.12286
vt 0.53467 0.0816
vt 0.53174 0.07312
vt 0.53662 0.05591
vt 0.52783 0.06262
vt 0.53027 0.05911
vt 0.55566 0.04739
vt 0.55908 0.04852
vt 0.5625 0.03229
vt 0.56738 0.04892
vt 0.57715 0.02678
vt 0.60449 0.00734
vt 0.91455 0.65381
vt 0.90186 0.65576
vt 0.93555 0.67627
vt 0.91992 0.68945
vt 0.93115 0.69482
vt 0.94336 0.69385
vt 0.94824 0.70264
vt 0.89648 0.70557
vt 0.87842 0.67676
vt 0.88574 0.6582
vt 0.87451 0.66064
vt 0.87305 0.69971
vt 0.87061 0.71631
vt 0.92725 0.70996
vt 0.87451 0.73096
vt 0.95361 0.71875
vt 0.95312 0.77246
vt 0.95312 0.76367
vt 0.94238 0.77686
vt 0.86768 0.74121
vt 0.875 0.76562
vt 0.87939 0.78516
vt 0.87061 0.78027
vt 0.92578 0.78711
vt 0.91211 0.79492
vt 0.90869 0.79639
vt 0.59863 0.62305
vt 0.56787 0.65674
vt 0.57568 0.6626
vt 0.58545 0.67041
vt 0.58838 0.67236
vt 0.58496 0.67529
vt 0.59277 0.66064
vt 0.60645 0.6333
vt 0.61523 0.64307
vt 0.61426 0.62793
vt 0.61914 0.63574
vt 0.66162 0.60352
vt 0.60303 0.62012
vt 0.64062 0.59326
vt 0.67383 0.58301
vt 0.65283 0.56787
vt 0.62744 0.58594
vt 0.625 0.55078
vt 0.60938 0.61523
vt 0.59766 0.60205
vt 0.59375 0.59619
vt 0.61377 0.54395
vt 0.58984 0.61523
vt 0.58594 0.60449
vt 0.56494 0.59717
vt 0.5918 0.61914
vt 0.58545 0.62012
vt 0.5752 0.6167
vt 0.57715 0.62891
vt 0.57324 0.63721
vt 0.56445 0.61621
vt 0.55469 0.64893
vt 0.53174 0.61133
vt 0.53662 0.63623
vt 0.52734 0.59961
vt 0.56885 0.55762
vt 0.52686 0.58398
vt 0.58984 0.52588
vt 0.54492 0.52246
vt 0.56885 0.51855
vt 0.5459 0.51758
vt 0.54248 0.51611
vt 0.94678 0.38867
vt 0.98633 0.42017
vt 0.97461 0.37842
vt 0.99316 0.38379
vt 1 0.39917
vt 0.93896 0.3645
vt 0.99756 0.42334
vt 0.92725 0.35913
vt 0.93164 0.37207
vt 0.92725 0.40674
vt 0.95605 0.43408
vt 0.99463 0.44092
vt 0.95508 0.40381
vt 0.96729 0.41382
vt 0.9375 0.4043
vt 0.95264 0.42065
vt 0.93408 0.42261
vt 0.92529 0.4187
vt 0.92676 0.43115
vt 0.93701 0.43799
vt 0.9248 0.44678
vt 0.96094 0.44653
vt 0.99756 0.45728
vt 0.98877 0.4668
vt 0.92188 0.48853
vt 0.99072 0.49243
vt 0.96875 0.50244
vt 0.9834 0.50537
vt 0.93115 0.50098
vt 0.9248 0.49438
vt 0.92432 0.50049
vt 0.92236 0.50488
vt 0.14014 0.854
vt 0.12213 0.86572
vt 0.12903 0.86768
vt 0.12903 0.84033
vt 0.12512 0.88037
vt 0.13135 0.83008
vt 0.13025 0.87793
vt 0.12079 0.89307
vt 0.14307 0.88184
vt 0.14209 0.82764
vt 0.13416 0.8252
vt 0.16602 0.8335
vt 0.14417 0.86719
vt 0.18445 0.85205
vt 0.17017 0.87549
vt 0.19128 0.83789
vt 0.20264 0.83984
vt 0.20459 0.83691
vt 0.20312 0.86963
vt 0.21155 0.85742
vt 0.21814 0.87256
vt 0.22412 0.88867
vt 0.18091 0.88477
vt 0.21252 0.91211
vt 0.2251 0.90918
vt 0.22327 0.9209
vt 0.20178 0.93262
vt 0.19348 0.90234
vt 0.16614 0.88623
vt 0.17078 0.94141
vt 0.18518 0.94336
vt 0.18726 0.94629
vt 0.16016 0.94434
vt 0.14294 0.93018
vt 0.1283 0.92676
vt 0.14197 0.90039
vt 0.1156 0.92529
vt 0.30078 0.67676
vt 0.31226 0.68555
vt 0.34375 0.66943
vt 0.29688 0.68555
vt 0.27686 0.67188
vt 0.26904 0.64014
vt 0.27759 0.63135
vt 0.27856 0.68604
vt 0.31299 0.61133
vt 0.28662 0.69775
vt 0.27905 0.70166
vt 0.29858 0.70947
vt 0.28052 0.75146
vt 0.31372 0.69238
vt 0.30981 0.75391
vt 0.28442 0.75488
vt 0.2876 0.75781
vt 0.33057 0.74609
vt 0.32153 0.69775
vt 0.34277 0.74609
vt 0.38574 0.73535
vt 0.39258 0.72803
vt 0.39819 0.73242
vt 0.37695 0.68457
vt 0.32715 0.68262
vt 0.37183 0.66602
vt 0.36646 0.65186
vt 0.36304 0.63916
vt 0.35425 0.60352
vt 0.33765 0.59521
vt 0.34546 0.59229
vt 0.34448 0.58887
vt 0.34741 0.58545
vt 0.18347 0.54248
vt 0.18445 0.54932
vt 0.18713 0.54443
vt 0.41479 0.86719
vt 0.39551 0.8623
vt 0.40796 0.87158
vt 0.38428 0.83203
vt 0.38916 0.82422
vt 0.37988 0.82568
vt 0.4353 0.85449
vt 0.37109 0.7915
vt 0.40698 0.82568
vt 0.40283 0.81689
vt 0.45776 0.84326
vt 0.37988 0.7666
vt 0.36157 0.77734
vt 0.41528 0.76709
vt 0.40674 0.75049
vt 0.43335 0.80127
vt 0.44067 0.81299
vt 0.46143 0.8125
vt 0.46826 0.83447
vt 0.46802 0.78613
vt 0.41431 0.80176
vt 0.45264 0.77393
vt 0.4541 0.75732
vt 0.43359 0.74316
vt 0.45508 0.74121
vt 0.41504 0.73291
vt 0.42358 0.73438
vt 0.77441 0.74805
vt 0.80029 0.80811
vt 0.80322 0.73975
vt 0.77393 0.73438
vt 0.77441 0.79004
vt 0.76758 0.77051
vt 0.78857 0.71289
vt 0.76855 0.70996
vt 0.80518 0.72461
vt 0.81738 0.70508
vt 0.83203 0.73682
vt 0.82715 0.71729
vt 0.82715 0.70605
vt 0.82812 0.75781
vt 0.84473 0.74805
vt 0.78516 0.8042
vt 0.78223 0.81836
vt 0.77637 0.80322
vt 0.81982 0.81885
vt 0.84033 0.7749
vt 0.85254 0.76221
vt 0.85889 0.78369
vt 0.86133 0.78076
vt 0.85596 0.80664
vt 0.82861 0.82568
vt 0.83887 0.82617
vt 0.78418 0.82812
vt 0.83887 0.85449
vt 0.82812 0.86426
vt 0.83203 0.86475
vt 0.82324 0.84961
vt 0.79346 0.86865
vt 0.81445 0.83643
vt 0.79688 0.83594
vt 0.77881 0.83838
vt 0.77832 0.86426
vt 0.7832 0.86914
vt 0.95752 0.54395
vt 0.96045 0.56982
vt 0.96924 0.5542
vt 0.94922 0.56006
vt 0.97803 0.6001
vt 0.95703 0.6001
vt 0.96045 0.62646
vt 0.97217 0.62451
vt 0.98486 0.61035
vt 0.98438 0.5752
vt 0.9917 0.55273
vt 0.99268 0.57178
vt 0.01309 0.875
vt 0.01051 0.87988
vt 0.03281 0.87305
vt 0.006 0.87354
vt 0.04153 0.90674
vt 0.0412 0.86816
vt 0.05472 0.86377
vt 0.01828 0.91455
vt 0.00428 0.91602
vt 0.00979 0.92139
vt 0.0133 0.93799
vt 0.00836 0.9375
vt 0.05521 0.93506
vt 0.04077 0.95459
vt 0.04834 0.96191
vt 0.06131 0.94727
vt 0.06683 0.8916
vt 0.07208 0.94336
vt 0.09119 0.92578
vt 0.09204 0.92041
vt 0.08997 0.90332
vt 0.08124 0.8916
vt 0.07678 0.86914
vt 0.06549 0.86035
vt 0.07312 0.8623
vt 0.73584 0.41919
vt 0.72998 0.3772
vt 0.70752 0.39819
vt 0.69922 0.40063
vt 0.69189 0.39014
vt 0.68555 0.37402
vt 0.75781 0.38403
vt 0.75293 0.42603
vt 0.76904 0.43359
vt 0.77832 0.40918
vt 0.77441 0.40283
vt 0.78271 0.39844
vt 0.78516 0.39453
vt 0.78613 0.34399
vt 0.79492 0.35376
vt 0.80225 0.34375
vt 0.75537 0.36621
vt 0.74463 0.3562
vt 0.77295 0.34204
vt 0.78857 0.3374
vt 0.80615 0.31079
vt 0.81104 0.32324
vt 0.80957 0.31299
vt 0.77832 0.33057
vt 0.79199 0.30396
vt 0.76953 0.31592
vt 0.75244 0.31128
vt 0.78174 0.29663
vt 0.74658 0.3208
vt 0.76855 0.28955
vt 0.75537 0.28809
vt 0.73486 0.30615
vt 0.74072 0.29004
vt 0.74268 0.28613
vt 0.74512 0.28198
vt 0.7207 0.3125
vt 0.73975 0.3335
vt 0.72803 0.32275
vt 0.72998 0.35156
vt 0.69629 0.34058
vt 0.70605 0.3208
vt 0.7002 0.32349
vt 0.69092 0.3374
vt 0.68262 0.34668
vt 0.87256 0.23059
vt 0.86035 0.23621
vt 0.86768 0.25513
vt 0.26953 0.67627
vt 0.25562 0.69385
vt 0.271 0.68457
vt 0.27075 0.69287
vt 0.25928 0.65967
vt 0.25732 0.70166
vt 0.24097 0.7085
vt 0.25049 0.7085
vt 0.23816 0.72949
vt 0.21753 0.71338
vt 0.21973 0.72461
vt 0.23352 0.73291
vt 0.22437 0.74219
vt 0.21021 0.75488
vt 0.19373 0.75879
vt 0.19641 0.76221
vt 0.18152 0.74805
vt 0.20801 0.72363
vt 0.17175 0.73975
vt 0.18396 0.69336
vt 0.1604 0.72998
vt 0.14771 0.72559
vt 0.13696 0.71094
vt 0.13855 0.71826
vt 0.19934 0.69727
vt 0.15466 0.6875
vt 0.13916 0.69531
vt 0.14722 0.68457
vt 0.21008 0.67627
vt 0.15894 0.67529
vt 0.18115 0.68311
vt 0.21191 0.65625
vt 0.23999 0.6416
vt 0.21985 0.62598
vt 0.20801 0.61572
vt 0.1958 0.61377
vt 0.15186 0.67041
vt 0.18628 0.62109
vt 0.16797 0.63037
vt 0.1853 0.6123
vt 0.3501 0.80664
vt 0.3772 0.83594
vt 0.3689 0.81006
vt 0.37573 0.86279
vt 0.35181 0.8667
vt 0.34863 0.8457
vt 0.36377 0.88818
vt 0.33838 0.8501
vt 0.32349 0.81689
vt 0.38208 0.88281
vt 0.32104 0.8335
vt 0.31421 0.81738
vt 0.33252 0.88281
vt 0.30005 0.83545
vt 0.32397 0.88672
vt 0.32715 0.90088
vt 0.30518 0.86035
vt 0.30371 0.89844
vt 0.29248 0.86328
vt 0.31152 0.91064
vt 0.29126 0.85352
vt 0.28613 0.85986
vt 0.28833 0.85107
vt 0.32935 0.91455
vt 0.30981 0.92529
vt 0.32593 0.93701
vt 0.31836 0.93848
vt 0.33496 0.93457
vt 0.36621 0.90576
vt 0.37231 0.92676
vt 0.38696 0.9209
vt 0.38477 0.92822
vt 0.38892 0.92529
vt 0.38403 0.90381
vt 0.3833 0.89209
vt 0.68213 0.01426
vt 0.68018 0.03003
vt 0.70459 0.01255
vt 0.68164 0.00793
vt 0.68848 0.00245
vt 0.74316 0.03983
vt 0.74658 0.01936
vt 0.74805 0.01258
vt 0.75195 0.02217
vt 0.76953 0.00672
vt 0.78662 0.00977
vt 0.78516 0.00339
vt 0.79443 0.01915
vt 0.79688 0.03072
vt 0.76221 0.04117
vt 0.79785 0.04333
vt 0.76172 0.05469
vt 0.79932 0.04443
vt 0.74756 0.05014
vt 0.74219 0.05231
vt 0.70312 0.04376
vt 0.67871 0.04218
vt 0.67822 0.05698
vt 0.70557 0.05783
vt 0.67773 0.07788
vt 0.73584 0.06824
vt 0.74219 0.05856
vt 0.75391 0.05814
vt 0.75 0.06409
vt 0.70654 0.09601
vt 0.6792 0.11572
vt 0.74854 0.07629
vt 0.69775 0.1156
vt 0.68555 0.12018
vt 0.67969 0.125
vt 0.69189 0.1261
vt 0.71777 0.11859
vt 0.76318 0.09326
vt 0.73682 0.1394
vt 0.76172 0.12378
vt 0.77539 0.1217
vt 0.77295 0.11627
vt 0.78516 0.10724
vt 0.80713 0.10712
vt 0.76123 0.08447
vt 0.81006 0.10028
vt 0.81006 0.09509
vt 0.80859 0.08002
vt 0.77246 0.0719
vt 0.7915 0.0683
vt 0.80859 0.06512
vt 0.7915 0.0607
vt 0.8042 0.05487
vt 0.21716 0.60693
vt 0.21729 0.61328
vt 0.2196 0.60986
vt 0.4707 0.67578
vt 0.46802 0.69092
vt 0.47192 0.68994
vt 0.46533 0.68018
vt 0.47412 0.69287
vt 0.46899 0.69678
vt 0.46558 0.70703
vt 0.46997 0.71338
vt 0.75781 0.77441
vt 0.73633 0.77539
vt 0.74561 0.81543
vt 0.75537 0.8125
vt 0.73438 0.81201
vt 0.76611 0.79248
vt 0.76807 0.77588
vt 0.76123 0.81348
vt 0.72705 0.79736
vt 0.729 0.77393
vt 0.71924 0.80957
vt 0.71826 0.7749
vt 0.72852 0.81689
vt 0.72119 0.81494
vt 0.71582 0.81396
vt 0.71533 0.83252
vt 0.70703 0.84766
vt 0.75342 0.85693
vt 0.70752 0.83203
vt 0.76953 0.87305
vt 0.76855 0.86768
vt 0.76465 0.88867
vt 0.7627 0.89844
vt 0.75586 0.91309
vt 0.72559 0.8999
vt 0.69482 0.89844
vt 0.70312 0.84717
vt 0.69189 0.91016
vt 0.73145 0.91943
vt 0.69678 0.91895
vt 0.75049 0.92627
vt 0.75391 0.92432
vt 0.73682 0.93701
vt 0.75293 0.93799
vt 0.68359 0.93311
vt 0.68652 0.92383
vt 0.72607 0.95654
vt 0.75098 0.95117
vt 0.74902 0.95996
vt 0.71094 0.95947
vt 0.67725 0.95264
vt 0.67969 0.95654
vt 0.13074 0.79688
vt 0.07666 0.83936
vt 0.12488 0.84229
vt 0.08905 0.79541
vt 0.11768 0.79004
vt 0.13391 0.78271
vt 0.06616 0.81592
vt 0.06409 0.84082
vt 0.08441 0.78027
vt 0.11469 0.76074
vt 0.14807 0.75439
vt 0.04688 0.84326
vt 0.05701 0.85059
vt 0.04242 0.83936
vt 0.03381 0.79541
vt 0.14697 0.75195
vt 0.13843 0.74902
vt 0.11719 0.73779
vt 0.04855 0.78564
vt 0.02443 0.78076
vt 0.02872 0.7666
vt 0.0694 0.77637
vt 0.02699 0.75977
vt 0.02324 0.76416
vt 0.0592 0.75488
vt 0.0495 0.7373
vt 0.08862 0.74756
vt 0.07397 0.74609
vt 0.06671 0.71973
vt 0.08606 0.73584
vt 0.09601 0.7251
vt 0.0849 0.71533
vt 0.08704 0.70947
vt 0.07465 0.70752
vt 0.74609 0.54297
vt 0.72852 0.55078
vt 0.7583 0.56592
vt 0.75342 0.57666
vt 0.76025 0.57031
vt 0.74658 0.58887
vt 0.73145 0.57275
vt 0.73486 0.59521
vt 0.72021 0.56006
vt 0.72559 0.5874
vt 0.70801 0.56055
vt 0.70801 0.5835
vt 0.70312 0.57422
vt 0.70068 0.56934
vt 0.7041 0.58984
vt 0.46118 0.7627
vt 0.4856 0.7832
vt 0.46777 0.75293
vt 0.47095 0.73535
vt 0.46558 0.74561
vt 0.46826 0.74023
vt 0.50732 0.74414
vt 0.48169 0.72754
vt 0.48413 0.70752
vt 0.47925 0.71875
vt 0.49561 0.69824
vt 0.51855 0.76855
vt 0.49585 0.78857
vt 0.50488 0.69873
vt 0.50342 0.67969
vt 0.52637 0.80371
vt 0.53906 0.80322
vt 0.56055 0.7998
vt 0.53125 0.69043
vt 0.54053 0.73242
vt 0.54053 0.74316
vt 0.55127 0.75195
vt 0.58301 0.77051
vt 0.57812 0.79639
vt 0.56641 0.75146
vt 0.58887 0.73047
vt 0.55322 0.73438
vt 0.5708 0.72656
vt 0.58936 0.72217
vt 0.58887 0.71338
vt 0.54346 0.67383
vt 0.55615 0.67139
vt 0.58594 0.69336
vt 0.58447 0.68945
vt 0.58984 0.69141
vt 0.53223 0.66016
vt 0.51953 0.68311
vt 0.51025 0.66846
vt 0.51074 0.65771
vt 0.51904 0.65186
vt 0.96191 0.14636
vt 0.97217 0.15698
vt 0.979 0.15247
vt 0.97705 0.1626
vt 0.94238 0.19067
vt 0.97021 0.20129
vt 0.94971 0.14893
vt 0.95215 0.20166
vt 0.96924 0.21704
vt 0.93018 0.17578
vt 0.93896 0.20142
vt 0.93115 0.13049
vt 0.91406 0.17456
vt 0.90771 0.18945
vt 0.89209 0.18188
vt 0.9126 0.12396
vt 0.89551 0.11987
vt 0.8916 0.15088
vt 0.89014 0.16089
vt 0.89062 0.15601
vt 0.88232 0.1853
vt 0.89062 0.19189
vt 0.88135 0.19067
vt 0.88184 0.19678
vt 0.88818 0.22485
vt 0.88086 0.20764
vt 0.88086 0.22424
vt 0.89355 0.22888
vt 0.90723 0.21777
vt 0.91016 0.23792
vt 0.9292 0.2406
vt 0.94189 0.24805
vt 0.93115 0.24695
vt 0.95117 0.2428
vt 0.94092 0.22412
vt 0.95801 0.22681
vt 0.95557 0.24182
vt 0.67725 0.56592
vt 0.66162 0.56494
vt 0.66504 0.57129
vt 0.66016 0.55957
vt 0.65039 0.54297
vt 0.65381 0.53076
vt 0.646 0.5332
vt 0.63525 0.50586
vt 0.64746 0.49438
vt 0.63379 0.49146
vt 0.66797 0.48999
vt 0.66211 0.48291
vt 0.62988 0.47974
vt 0.68848 0.49658
vt 0.71631 0.54492
vt 0.66553 0.47583
vt 0.63916 0.46436
vt 0.63135 0.45947
vt 0.6499 0.45361
vt 0.65918 0.43384
vt 0.62988 0.44409
vt 0.6709 0.42383
vt 0.69629 0.48389
vt 0.71973 0.47656
vt 0.72705 0.5415
vt 0.70752 0.47681
vt 0.68652 0.46436
vt 0.68066 0.45386
vt 0.70996 0.42627
vt 0.71582 0.44507
vt 0.72363 0.45532
vt 0.7002 0.41895
vt 0.69189 0.41284
vt 0.7041 0.41504
vt 0.71729 0.46802
vt 0.73145 0.46729
vt 0.72803 0.49268
vt 0.74902 0.48438
vt 0.74268 0.52783
vt 0.76318 0.51074
vt 0.76123 0.51855
vt 0.23889 0.28076
vt 0.23999 0.30957
vt 0.25366 0.28027
vt 0.19946 0.28638
vt 0.19092 0.29175
vt 0.19226 0.31006
vt 0.19299 0.32056
vt 0.28223 0.32275
vt 0.26294 0.2854
vt 0.29956 0.31665
vt 0.29321 0.29517
vt 0.29639 0.29346
vt 0.26489 0.35645
vt 0.29956 0.35303
vt 0.25317 0.32617
vt 0.22668 0.3313
vt 0.25513 0.34741
vt 0.2998 0.35986
vt 0.20618 0.32837
vt 0.20227 0.34888
vt 0.22461 0.34692
vt 0.20447 0.36426
vt 0.22961 0.36304
vt 0.21094 0.37524
vt 0.21655 0.39526
vt 0.27759 0.35986
vt 0.22705 0.41089
vt 0.22266 0.40942
vt 0.28613 0.40161
vt 0.30029 0.36841
vt 0.27661 0.41455
vt 0.23511 0.42896
vt 0.24097 0.43262
vt 0.23914 0.43726
vt 0.29956 0.39038
vt 0.30347 0.38843
vt 0.29956 0.39673
vt 0.69385 0.25977
vt 0.70508 0.1969
vt 0.67041 0.24939
vt 0.67871 0.20117
vt 0.65088 0.24402
vt 0.7041 0.2417
vt 0.70508 0.26294
vt 0.63428 0.23254
vt 0.63086 0.24365
vt 0.62549 0.23804
vt 0.64502 0.19519
vt 0.65137 0.16174
vt 0.66553 0.14978
vt 0.69287 0.18933
vt 0.70557 0.16394
vt 0.69629 0.13281
vt 0.67676 0.14026
vt 0.7207 0.16858
vt 0.70605 0.12598
vt 0.71094 0.12854
vt 0.72949 0.14172
vt 0.73535 0.14673
vt 0.71826 0.1908
vt 0.71484 0.20764
vt 0.72705 0.19885
vt 0.72949 0.1908
vt 0.71973 0.21228
vt 0.73438 0.21082
vt 0.73584 0.19946
vt 0.74707 0.16895
vt 0.74414 0.14966
vt 0.7627 0.16919
vt 0.76514 0.16028
vt 0.76025 0.19885
vt 0.74561 0.19824
vt 0.76807 0.22705
vt 0.75244 0.22839
vt 0.75195 0.2666
vt 0.73145 0.24365
vt 0.7334 0.26904
vt 0.75488 0.27393
vt 0.28687 0.77393
vt 0.27759 0.76758
vt 0.28613 0.79102
vt 0.26733 0.77344
vt 0.28223 0.80029
vt 0.26489 0.75195
vt 0.2384 0.74365
vt 0.25073 0.7334
vt 0.25342 0.7373
vt 0.26001 0.73828
vt 0.25293 0.73096
vt 0.24988 0.80518
vt 0.26025 0.78174
vt 0.22119 0.75781
vt 0.28442 0.82471
vt 0.23572 0.79785
vt 0.21375 0.77881
vt 0.2041 0.76855
vt 0.20312 0.77734
vt 0.23389 0.81055
vt 0.28809 0.82812
vt 0.27173 0.84521
vt 0.26343 0.84619
vt 0.19678 0.80322
vt 0.1908 0.7793
vt 0.17249 0.80225
vt 0.18408 0.81152
vt 0.16821 0.80859
vt 0.20654 0.83057
vt 0.22302 0.81641
vt 0.22278 0.82764
vt 0.21399 0.84375
vt 0.25708 0.85352
vt 0.24731 0.86475
vt 0.25 0.86719
vt 0.17651 0.00795
vt 0.18494 0.03036
vt 0.18689 0.01324
vt 0.19702 0.01122
vt 0.16992 0.0105
vt 0.16565 0.01369
vt 0.16687 0.03357
vt 0.1665 0.04184
vt 0.19568 0.0309
vt 0.20276 0.0136
vt 0.18469 0.05664
vt 0.17358 0.05444
vt 0.18066 0.06238
vt 0.20264 0.04861
vt 0.20435 0.03748
vt 0.20862 0.04291
vt 0.95361 0.08221
vt 0.95508 0.09381
vt 0.9585 0.07465
vt 0.96436 0.11493
vt 0.97656 0.08508
vt 0.95068 0.11005
vt 0.99072 0.10974
vt 0.98389 0.09534
vt 0.98877 0.1145
vt 0.97852 0.12372
vt 0.96094 0.12671
vt 0.9585 0.12366
vt 0.95557 0.12561
vt 0.94727 0.11865
vt 0.94434 0.11908
vt 0.42676 0.87354
vt 0.42627 0.88574
vt 0.43164 0.88379
vt 0.43408 0.88867
vt 0.77539 0.50439
vt 0.81396 0.48193
vt 0.77148 0.50049
vt 0.79492 0.51514
vt 0.80127 0.52441
vt 0.79395 0.47363
vt 0.7627 0.46484
vt 0.81738 0.48511
vt 0.81934 0.50146
vt 0.86914 0.52979
vt 0.88135 0.5127
vt 0.87549 0.52344
vt 0.87451 0.49878
vt 0.87549 0.4834
vt 0.87012 0.46509
vt 0.81592 0.48071
vt 0.81396 0.47729
vt 0.86377 0.44092
vt 0.80566 0.46411
vt 0.84326 0.41357
vt 0.7915 0.45801
vt 0.7749 0.44238
vt 0.76465 0.45337
vt 0.78809 0.448
vt 0.79736 0.41602
vt 0.81543 0.40527
vt 0.82861 0.39795
vt 0.8252 0.39453
vt 0.81641 0.39575
vt 0.58887 0.16638
vt 0.58008 0.17114
vt 0.58984 0.17151
vt 0.59521 0.20044
vt 0.58691 0.20581
vt 0.56982 0.18127
vt 0.5918 0.21106
vt 0.59814 0.20618
vt 0.60352 0.21082
vt 0.60059 0.2135
vt 0.59766 0.21655
vt 0.58008 0.21265
vt 0.56738 0.2085
vt 0.55957 0.198
vt 0.55664 0.18225
vt 0.55469 0.20569
vt 0.55615 0.20215
vt 0.05981 0.21436
vt 0.065 0.21558
vt 0.07404 0.19946
vt 0.06094 0.18164
vt 0.05676 0.19116
vt 0.03754 0.19836
vt 0.06738 0.23547
vt 0.07007 0.23254
vt 0.04486 0.22156
vt 0.0397 0.2157
vt 0.02303 0.20801
vt 0.02629 0.2179
vt 0.01897 0.20923
vt 0.02397 0.2262
vt 0.05096 0.23718
vt 0.03278 0.23279
vt 0.03879 0.24585
vt 0.03558 0.24158
vt 0.66162 0.91943
vt 0.64893 0.90771
vt 0.63379 0.92236
vt 0.63818 0.93701
vt 0.62891 0.90771
vt 0.65479 0.93701
vt 0.63818 0.94189
vt 0.66504 0.92822
vt 0.66602 0.89893
vt 0.62451 0.89746
vt 0.65283 0.87744
vt 0.66504 0.89307
vt 0.63428 0.8833
vt 0.61963 0.8877
vt 0.65283 0.875
vt 0.56689 0.46191
vt 0.56836 0.46338
vt 0.58398 0.46289
vt 0.56934 0.44995
vt 0.60547 0.46143
vt 0.60547 0.4563
vt 0.60596 0.45093
vt 0.60645 0.44678
vt 0.60205 0.43042
vt 0.56982 0.43872
vt 0.56494 0.42798
vt 0.56494 0.42188
vt 0.60107 0.41235
vt 0.58057 0.41284
vt 0.58545 0.40674
vt 0.59082 0.40649
vt 0.59521 0.40601
vt 0.92969 0.30591
vt 0.93652 0.31982
vt 0.93359 0.30737
vt 0.94287 0.31274
vt 0.94873 0.30688
vt 0.94189 0.29565
vt 0.94678 0.31543
vt 0.94141 0.34424
vt 0.95264 0.33862
vt 0.97461 0.32886
vt 0.97217 0.34253
vt 0.97656 0.3147
vt 0.95605 0.30103
vt 0.96094 0.29102
vt 0.97412 0.29297
vt 0.9834 0.29834
vt 0.84668 0.92188
vt 0.83105 0.93164
vt 0.84326 0.93457
vt 0.83545 0.94873
vt 0.83057 0.90869
vt 0.83398 0.8999
vt 0.82617 0.89209
vt 0.83594 0.89258
vt 0.80078 0.9043
vt 0.81738 0.89209
vt 0.80762 0.88525
vt 0.82178 0.92725
vt 0.80371 0.92139
vt 0.80029 0.91699
vt 0.80225 0.9292
vt 0.80469 0.95215
vt 0.82715 0.95654
vt 0.80225 0.95068
vt 0.79395 0.93213
vt 0.79199 0.94482
vt 0.79736 0.94775
vt 0.93066 0.86279
vt 0.93994 0.8501
vt 0.93945 0.83496
vt 0.93457 0.86133
vt 0.91797 0.83203
vt 0.93604 0.82715
vt 0.92334 0.8125
vt 0.93652 0.81689
vt 0.94678 0.81885
vt 0.94238 0.81494
vt 0.88379 0.81006
vt 0.91699 0.8584
vt 0.90576 0.84717
vt 0.91162 0.86816
vt 0.93359 0.87354
vt 0.88916 0.85156
vt 0.93066 0.90576
vt 0.8916 0.8208
vt 0.87842 0.8623
vt 0.87012 0.83105
vt 0.87451 0.81055
vt 0.86816 0.80908
vt 0.86426 0.81104
vt 0.85596 0.81836
vt 0.85498 0.82178
vt 0.85352 0.84082
vt 0.86279 0.84717
vt 0.85742 0.85156
vt 0.86426 0.85889
vt 0.85645 0.86816
vt 0.87891 0.87598
vt 0.85498 0.88477
vt 0.85107 0.91797
vt 0.84717 0.9043
vt 0.85645 0.92969
vt 0.87842 0.93799
vt 0.87354 0.93799
vt 0.91553 0.93213
vt 0.92725 0.92139
vt 0.92578 0.93213
vt 0.89795 0.52051
vt 0.91699 0.53076
vt 0.90576 0.51514
vt 0.90381 0.51172
vt 0.91064 0.54443
vt 0.92871 0.5376
vt 0.93652 0.55566
vt 0.90625 0.55908
vt 0.89111 0.51904
vt 0.87842 0.53418
vt 0.89209 0.5625
vt 0.87793 0.56982
vt 0.90967 0.56738
vt 0.94189 0.57275
vt 0.89453 0.56836
vt 0.85986 0.53711
vt 0.94043 0.59424
vt 0.93994 0.604
vt 0.94824 0.60693
vt 0.92773 0.61963
vt 0.89453 0.63135
vt 0.86328 0.63623
vt 0.87012 0.6416
vt 0.86279 0.59521
vt 0.88574 0.60889
vt 0.86279 0.58008
vt 0.85352 0.57666
vt 0.8623 0.57324
vt 0.84961 0.55371
vt 0.85498 0.5542
vt 0.85352 0.53613
vt 0.84863 0.54541
vt 0.84766 0.54248
vt 0.84717 0.53809
vt 0.23816 0.95264
vt 0.25513 0.95068
vt 0.24146 0.93359
vt 0.25244 0.96289
vt 0.26294 0.93945
vt 0.2605 0.91992
vt 0.26904 0.93262
vt 0.26611 0.9209
vt 0.271 0.92285
vt 0.23022 0.93359
vt 0.23792 0.91211
vt 0.23376 0.95557
vt 0.22754 0.91699
vt 0.23145 0.90723
vt 0.21851 0.93408
vt 0.22021 0.94775
vt 0.22937 0.95312
vt 0.91797 0.08093
vt 0.87939 0.09821
vt 0.89551 0.11621
vt 0.86377 0.09314
vt 0.93555 0.04843
vt 0.92725 0.0683
vt 0.94385 0.0546
vt 0.94238 0.04733
vt 0.84668 0.08063
vt 0.88623 0.01814
vt 0.83203 0.06241
vt 0.88184 0.00883
vt 0.85547 0.02054
vt 0.83252 0.05603
vt 0.83105 0.04843
vt 0.854 0.01271
vt 0.86377 0
vt 0.57568 0.88867
vt 0.59424 0.88525
vt 0.57812 0.88281
vt 0.58105 0.90527
vt 0.57129 0.89893
vt 0.56641 0.89746
vt 0.56885 0.91406
vt 0.56396 0.91846
vt 0.56787 0.91895
vt 0.57764 0.93115
vt 0.59277 0.93359
vt 0.60791 0.92969
vt 0.60938 0.89551
vt 0.6001 0.92871
vt 0.5918 0.93896
vt 0.60498 0.93457
vt 0.55664 0.21533
vt 0.55664 0.22205
vt 0.55762 0.2179
vt 0.43604 0.66406
vt 0.43115 0.66309
vt 0.43408 0.67871
vt 0.41919 0.68994
vt 0.42651 0.6626
vt 0.41113 0.6626
vt 0.40186 0.66797
vt 0.43506 0.70654
vt 0.4353 0.7002
vt 0.39819 0.6958
vt 0.39502 0.67529
vt 0.40918 0.70557
vt 0.4353 0.71094
vt 0.39868 0.70703
usemtl mat0
f 1/1/1 2/2/2 3/3/3
f 1/1/1 4/4/4 2/2/2
f 3/3/3 5/5/5 1/1/1
f 2/2/2 4/4/4 6/6/6
f 4/4/4 7/7/7 6/6/6
f 3/3/3 2/2/2 8/8/8
f 2/2/2 6/6/6 8/8/8
f 6/6/6 7/7/7 9/9/9
f 8/8/8 6/6/6 9/9/9
f 7/7/7 10/10/10 9/9/9
f 11/11/11 5/5/5 3/3/3
f 11/11/11 12/12/12 5/5/5
f 11/11/11 13/13/13 12/12/12
f 8/8/8 14/14/14 3/3/3
f 3/3/3 14/14/14 11/11/11
f 8/8/8 15/15/15 14/14/14
f 15/15/15 11/11/11 14/14/14
f 11/11/11 16/16/16 13/13/13
f 16/16/16 17/17/17 13/13/13
f 16/16/16 18/18/18 17/17/17
f 16/16/16 19/19/19 18/18/18
f 19/19/19 16/16/16 11/11/11
f 19/19/19 20/20/20 18/18/18
f 21/21/21 11/11/11 15/15/15
f 19/19/19 11/11/11 21/21/21
f 19/19/19 22/22/22 20/20/20
f 21/21/21 22/22/22 19/19/19
f 22/22/22 23/23/23 20/20/20
f 24/24/24 22/22/22 21/21/21
f 22/22/22 25/25/25 23/23/23
f 25/25/25 22/22/22 24/24/24
f 23/23/23 25/25/25 26/26/26
f 27/27/27 26/26/26 25/25/25
f 27/27/27 28/28/28 26/26/26
f 29/29/29 28/28/28 27/27/27
f 25/25/25 30/30/30 27/27/27
f 29/29/29 27/27/27 30/30/30
f 24/24/24 30/30/30 25/25/25
f 31/31/31 29/29/29 30/30/30
f 32/32/32 24/24/24 21/21/21
f 15/15/15 32/32/32 21/21/21
f 33/33/33 24/24/24 32/32/32
f 34/34/34 32/32/32 15/15/15
f 34/34/34 15/15/15 8/8/8
f 35/35/35 33/33/33 32/32/32
f 35/35/35 32/32/32 34/34/34
f 33/33/33 36/36/36 24/24/24
f 36/36/36 33/33/33 35/35/35
f 36/36/36 30/30/30 24/24/24
f 37/37/37 34/34/34 8/8/8
f 37/37/37 35/35/35 34/34/34
f 37/37/37 36/36/36 35/35/35
f 9/9/9 37/37/37 8/8/8
f 36/36/36 38/38/38 30/30/30
f 38/38/38 31/31/31 30/30/30
f 37/37/37 39/39/39 36/36/36
f 39/39/39 38/38/38 36/36/36
f 40/40/40 37/37/37 9/9/9
f 40/40/40 39/39/39 37/37/37
f 10/10/10 40/40/40 9/9/9
f 10/10/10 41/41/41 40/40/40
f 41/41/41 42/42/42 40/40/40
f 40/40/40 42/42/42 39/39/39
f 43/43/43 31/31/31 38/38/38
f 43/43/43 38/38/38 39/39/39
f 42/42/42 44/44/44 39/39/39
f 45/45/45 44/44/44 42/42/42
f 46/46/46 45/45/45 42/42/42
f 46/46/46 47/47/47 45/45/45
f 48/48/48 47/47/47 46/46/46
f 49/49/49 47/47/47 48/48/48
f 50/50/50 43/43/43 39/39/39
f 51/51/51 50/50/50 39/39/39
f 52/52/52 51/51/51 44/44/44
f 52/52/52 50/50/50 51/51/51
f 43/43/43 53/53/53 31/31/31
f 53/53/53 54/54/54 31/31/31
f 55/55/55 53/53/53 43/43/43
f 55/55/55 56/56/56 53/53/53
f 53/53/53 57/57/57 54/54/54
f 58/58/58 53/53/53 56/56/56
f 53/53/53 59/59/59 57/57/57
f 59/59/59 60/60/60 57/57/57
f 59/59/59 61/61/61 60/60/60
f 61/61/61 62/62/62 60/60/60
f 63/63/63 61/61/61 59/59/59
f 63/63/63 59/59/59 53/53/53
f 64/64/64 63/63/63 53/53/53
f 64/64/64 53/53/53 58/58/58
f 64/64/64 65/65/65 63/63/63
f 66/66/66 65/65/65 64/64/64
f 67/67/67 66/66/66 64/64/64
f 67/67/67 64/64/64 58/58/58
f 68/68/68 67/67/67 58/58/58
f 68/68/68 69/69/69 67/67/67
f 68/68/68 58/58/58 70/70/70
f 71/71/71 70/70/70 58/58/58
f 58/58/58 72/72/72 71/71/71
f 73/73/73 70/70/70 71/71/71
f 73/73/73 71/71/71 49/49/49
f 74/74/74 70/70/70 73/73/73
f 75/75/75 70/70/70 74/74/74
f 76/76/1 77/77/76 78/78/4
f 77/77/76 79/79/7 78/78/4
f 80/80/5 77/77/76 76/76/1
f 77/77/76 81/81/77 79/79/7
f 77/77/76 82/82/78 81/81/77
f 77/77/76 83/83/79 82/82/78
f 83/83/79 77/77/76 80/80/5
f 80/80/5 84/84/80 83/83/79
f 81/81/77 85/85/81 79/79/7
f 86/86/82 84/84/80 80/80/5
f 86/86/82 87/87/83 84/84/80
f 80/80/5 88/88/12 86/86/82
f 86/86/82 89/89/84 87/87/83
f 88/88/12 90/90/13 86/86/82
f 86/86/82 91/91/85 89/89/84
f 81/81/77 92/92/86 85/85/81
f 86/86/82 90/90/13 93/93/87
f 93/93/87 91/91/85 86/86/82
f 90/90/13 94/94/17 93/93/87
f 79/79/7 85/85/81 95/95/10
f 93/93/87 96/96/88 91/91/85
f 97/97/18 93/93/87 94/94/17
f 93/93/87 98/98/89 96/96/88
f 96/96/88 98/98/89 99/99/90
f 93/93/87 100/100/91 98/98/89
f 97/97/18 100/100/91 93/93/87
f 97/97/18 101/101/92 100/100/91
f 97/97/18 102/102/20 101/101/92
f 102/102/20 103/103/93 101/101/92
f 104/104/94 103/103/93 102/102/20
f 104/104/94 105/105/95 103/103/93
f 102/102/20 106/106/23 104/104/94
f 104/104/94 106/106/23 105/105/95
f 106/106/23 107/107/96 105/105/95
f 108/108/26 107/107/96 106/106/23
f 108/108/26 109/109/97 107/107/96
f 109/109/97 110/110/98 107/107/96
f 111/111/28 109/109/97 108/108/26
f 112/112/99 109/109/97 111/111/28
f 113/113/29 112/112/99 111/111/28
f 114/114/100 112/112/99 113/113/29
f 115/115/101 112/112/99 114/114/100
f 114/114/100 113/113/29 116/116/31
f 114/114/100 117/117/102 115/115/101
f 116/116/31 118/118/54 114/114/100
f 119/119/103 117/117/102 114/114/100
f 118/118/54 119/119/103 114/114/100
f 119/119/103 120/120/104 117/117/102
f 121/121/57 119/119/103 118/118/54
f 119/119/103 121/121/57 120/120/104
f 122/122/105 120/120/104 121/121/57
f 121/121/57 123/123/106 122/122/105
f 124/124/60 123/123/106 121/121/57
f 125/125/62 123/123/106 124/124/60
f 125/125/62 126/126/107 123/123/106
f 123/123/106 126/126/107 127/127/108
f 126/126/107 128/128/109 127/127/108
f 129/129/110 130/130/111 131/131/79
f 130/130/111 132/132/78 131/131/79
f 132/132/78 130/130/111 133/133/77
f 134/134/80 129/129/110 131/131/79
f 133/133/77 130/130/111 135/135/112
f 135/135/112 136/136/86 133/133/77
f 129/129/110 137/137/113 130/130/111
f 137/137/113 135/135/112 130/130/111
f 134/134/80 138/138/114 129/129/110
f 129/129/110 139/139/115 137/137/113
f 138/138/114 139/139/115 129/129/110
f 140/140/83 141/141/116 134/134/80
f 134/134/80 141/141/116 138/138/114
f 138/138/114 141/141/116 142/142/117
f 138/138/114 142/142/117 143/143/118
f 143/143/118 144/144/119 138/138/114
f 138/138/114 144/144/119 139/139/115
f 143/143/118 145/145/120 144/144/119
f 139/139/115 146/146/121 137/137/113
f 137/137/113 146/146/121 135/135/112
f 144/144/119 147/147/122 139/139/115
f 139/139/115 147/147/122 146/146/121
f 144/144/119 145/145/120 147/147/122
f 147/147/122 148/148/123 146/146/121
f 147/147/122 145/145/120 148/148/123
f 146/146/121 148/148/123 135/135/112
f 145/145/120 149/149/124 150/150/125
f 145/145/120 150/150/125 151/151/126
f 145/145/120 151/151/126 148/148/123
f 148/148/123 151/151/126 152/152/127
f 152/152/127 153/153/128 148/148/123
f 148/148/123 153/153/128 154/154/129
f 148/148/123 154/154/129 135/135/112
f 153/153/128 155/155/130 154/154/129
f 154/154/129 155/155/130 156/156/131
f 154/154/129 156/156/131 135/135/112
f 135/135/112 156/156/131 157/157/132
f 135/135/112 157/157/132 158/158/133
f 135/135/112 158/158/133 159/159/134
f 159/159/134 158/158/133 160/160/135
f 135/135/112 159/159/134 136/136/86
f 159/159/134 160/160/135 136/136/86
f 136/136/86 160/160/135 161/161/136
f 162/162/137 163/163/138 164/164/139
f 162/162/137 165/165/140 163/163/138
f 166/166/141 165/165/140 162/162/137
f 166/166/141 167/167/142 165/165/140
f 168/168/143 166/166/141 162/162/137
f 168/168/143 169/169/144 166/166/141
f 168/168/143 162/162/137 170/170/145
f 164/164/139 170/170/145 162/162/137
f 171/171/146 169/169/144 168/168/143
f 171/171/146 168/168/143 170/170/145
f 172/172/147 169/169/144 171/171/146
f 173/173/148 169/169/144 172/172/147
f 174/174/149 172/172/147 171/171/146
f 175/175/150 171/171/146 170/170/145
f 175/175/150 174/174/149 171/171/146
f 175/175/150 170/170/145 176/176/151
f 164/164/139 176/176/151 170/170/145
f 177/177/152 174/174/149 175/175/150
f 176/176/151 177/177/152 175/175/150
f 177/177/152 178/178/153 174/174/149
f 178/178/153 177/177/152 179/179/154
f 176/176/151 180/180/155 177/177/152
f 176/176/151 164/164/139 180/180/155
f 180/180/155 181/181/156 177/177/152
f 181/181/156 182/182/157 177/177/152
f 164/164/139 183/183/158 180/180/155
f 184/184/159 183/183/158 164/164/139
f 184/184/159 185/185/160 183/183/158
f 163/163/138 184/184/159 164/164/139
f 186/186/161 185/185/160 184/184/159
f 186/186/161 187/187/162 185/185/160
f 188/188/163 184/184/159 163/163/138
f 188/188/163 186/186/161 184/184/159
f 163/163/138 165/165/140 188/188/163
f 186/186/161 189/189/164 187/187/162
f 188/188/163 190/190/165 186/186/161
f 190/190/165 189/189/164 186/186/161
f 165/165/140 191/191/166 188/188/163
f 191/191/166 190/190/165 188/188/163
f 192/192/167 191/191/166 165/165/140
f 165/165/140 193/193/168 192/192/167
f 192/192/167 193/193/168 191/191/166
f 165/165/140 167/167/142 193/193/168
f 167/167/142 194/194/169 193/193/168
f 193/193/168 194/194/169 195/195/170
f 193/193/168 196/196/171 191/191/166
f 196/196/171 190/190/165 191/191/166
f 195/195/170 196/196/171 193/193/168
f 197/197/172 189/189/164 190/190/165
f 196/196/171 197/197/172 190/190/165
f 198/198/173 189/189/164 197/197/172
f 198/198/173 199/199/174 189/189/164
f 197/197/172 200/200/175 198/198/173
f 196/196/171 201/201/176 197/197/172
f 202/202/177 201/201/176 196/196/171
f 196/196/171 203/203/178 202/202/177
f 195/195/170 203/203/178 196/196/171
f 195/195/170 204/204/179 203/203/178
f 205/205/180 204/204/179 195/195/170
f 204/204/179 205/205/180 206/206/181
f 207/207/182 208/208/183 209/209/184
f 207/207/182 210/210/185 208/208/183
f 208/208/183 211/211/186 209/209/184
f 212/212/187 211/211/186 208/208/183
f 209/209/184 211/211/186 213/213/188
f 212/212/187 214/214/189 211/211/186
f 212/212/187 215/215/190 214/214/189
f 211/211/186 216/216/191 213/213/188
f 211/211/186 214/214/189 216/216/191
f 213/213/188 217/217/192 209/209/184
f 209/209/184 217/217/192 207/207/182
f 213/213/188 216/216/191 217/217/192
f 217/217/192 218/218/193 207/207/182
f 219/219/194 210/210/185 207/207/182
f 218/218/193 219/219/194 207/207/182
f 219/219/194 220/220/195 210/210/185
f 217/217/192 221/221/196 218/218/193
f 216/216/191 221/221/196 217/217/192
f 218/218/193 221/221/196 219/219/194
f 219/219/194 222/222/197 220/220/195
f 223/223/198 222/222/197 219/219/194
f 223/223/198 224/224/199 222/222/197
f 223/223/198 225/225/200 224/224/199
f 223/223/198 226/226/201 225/225/200
f 227/227/202 226/226/201 223/223/198
f 227/227/202 228/228/203 226/226/201
f 229/229/204 223/223/198 219/219/194
f 221/221/196 229/229/204 219/219/194
f 230/230/205 227/227/202 223/223/198
f 230/230/205 228/228/203 227/227/202
f 229/229/204 231/231/206 223/223/198
f 231/231/206 230/230/205 223/223/198
f 230/230/205 232/232/207 228/228/203
f 229/229/204 233/233/208 231/231/206
f 233/233/208 230/230/205 231/231/206
f 221/221/196 233/233/208 229/229/204
f 233/233/208 232/232/207 230/230/205
f 233/233/208 234/234/209 232/232/207
f 235/235/210 232/232/207 234/234/209
f 234/234/209 236/236/211 235/235/210
f 234/234/209 237/237/212 236/236/211
f 238/238/213 237/237/212 234/234/209
f 234/234/209 233/233/208 239/239/214
f 239/239/214 233/233/208 221/221/196
f 238/238/213 234/234/209 239/239/214
f 240/240/215 239/239/214 221/221/196
f 240/240/215 221/221/196 216/216/191
f 241/241/216 238/238/213 239/239/214
f 242/242/217 239/239/214 240/240/215
f 242/242/217 241/241/216 239/239/214
f 243/243/218 240/240/215 216/216/191
f 242/242/217 240/240/215 243/243/218
f 214/214/189 243/243/218 216/216/191
f 244/244/219 238/238/213 241/241/216
f 214/214/189 245/245/220 243/243/218
f 215/215/190 245/245/220 214/214/189
f 215/215/190 246/246/221 245/245/220
f 215/215/222 247/247/223 246/246/224
f 245/245/220 248/248/225 243/243/218
f 245/245/220 246/246/221 248/248/225
f 248/248/225 242/242/217 243/243/218
f 246/246/221 249/249/226 248/248/225
f 249/249/226 250/250/227 248/248/225
f 249/249/226 251/251/228 250/250/227
f 250/250/227 252/252/229 248/248/225
f 250/250/227 253/253/230 252/252/229
f 253/253/230 254/254/231 252/252/229
f 248/248/225 252/252/229 255/255/232
f 248/248/225 255/255/232 242/242/217
f 252/252/229 254/254/231 255/255/232
f 256/256/233 242/242/217 255/255/232
f 254/254/231 256/256/233 255/255/232
f 242/242/217 256/256/233 241/241/216
f 254/254/231 257/257/234 256/256/233
f 256/256/233 244/244/219 241/241/216
f 257/257/234 258/258/235 256/256/233
f 256/256/233 258/258/235 244/244/219
f 258/258/235 238/238/213 244/244/219
f 238/238/213 258/258/235 259/259/236
f 258/258/235 260/260/237 259/259/236
f 261/261/238 262/262/239 263/263/240
f 262/262/239 264/264/241 263/263/240
f 265/265/242 262/262/239 261/261/238
f 266/266/243 265/265/242 261/261/238
f 266/266/243 267/267/244 265/265/242
f 267/267/244 268/268/245 265/265/242
f 264/264/241 269/269/246 263/263/240
f 264/264/241 270/270/247 269/269/246
f 269/269/246 271/271/248 263/263/240
f 270/270/247 272/272/249 269/269/246
f 269/269/246 272/272/249 271/271/248
f 268/268/245 273/273/250 265/265/242
f 265/265/242 273/273/250 274/274/251
f 275/275/252 273/273/250 268/268/245
f 276/276/253 274/274/251 273/273/250
f 275/275/252 277/277/254 273/273/250
f 278/278/255 276/276/253 273/273/250
f 277/277/254 278/278/255 273/273/250
f 278/278/255 279/279/256 276/276/253
f 280/280/257 278/278/255 277/277/254
f 278/278/255 281/281/258 279/279/256
f 281/281/258 282/282/259 279/279/256
f 281/281/258 283/283/260 282/282/259
f 284/284/261 281/281/258 278/278/255
f 284/284/261 283/283/260 281/281/258
f 280/280/257 284/284/261 278/278/255
f 285/285/262 284/284/261 280/280/257
f 286/286/263 284/284/261 285/285/262
f 284/284/261 287/287/264 283/283/260
f 286/286/263 288/288/265 284/284/261
f 288/288/265 287/287/264 284/284/261
f 288/288/265 289/289/266 287/287/264
f 290/290/267 289/289/266 288/288/265
f 290/290/267 291/291/268 289/289/266
f 290/290/267 292/292/269 291/291/268
f 292/292/269 293/293/270 291/291/268
f 294/294/271 292/292/269 290/290/267
f 292/292/269 295/295/272 293/293/270
f 294/294/271 296/296/273 292/292/269
f 297/297/274 295/295/272 292/292/269
f 296/296/273 297/297/274 292/292/269
f 298/298/275 297/297/274 296/296/273
f 299/299/276 297/297/274 298/298/275
f 298/298/275 300/300/277 299/299/276
f 300/300/277 301/301/278 299/299/276
f 302/302/279 301/301/278 300/300/277
f 302/302/279 303/303/280 301/301/278
f 304/304/281 302/302/279 300/300/277
f 302/302/279 305/305/282 303/303/280
f 305/305/282 306/306/283 303/303/280
f 304/304/281 307/307/284 302/302/279
f 304/304/281 308/308/285 307/307/284
f 309/309/286 310/310/142 311/311/141
f 309/309/286 312/312/169 310/310/142
f 313/313/287 309/309/286 311/311/141
f 313/313/287 311/311/141 314/314/144
f 309/309/286 315/315/288 312/312/169
f 316/316/289 314/314/144 317/317/148
f 309/309/286 313/313/287 318/318/290
f 318/318/290 315/315/288 309/309/286
f 319/319/291 313/313/287 314/314/144
f 314/314/144 316/316/289 319/319/291
f 313/313/287 320/320/292 318/318/290
f 316/316/289 321/321/293 319/319/291
f 322/322/294 321/321/293 316/316/289
f 319/319/291 323/323/295 313/313/287
f 313/313/287 323/323/295 320/320/292
f 324/324/296 321/321/293 322/322/294
f 325/325/297 323/323/295 319/319/291
f 321/321/293 325/325/297 319/319/291
f 325/325/297 326/326/298 323/323/295
f 323/323/295 326/326/298 320/320/292
f 321/321/293 327/327/299 325/325/297
f 327/327/299 326/326/298 325/325/297
f 324/324/296 328/328/300 321/321/293
f 321/321/293 328/328/300 327/327/299
f 329/329/301 328/328/300 324/324/296
f 330/330/302 329/329/301 324/324/296
f 330/330/302 328/328/300 329/329/301
f 331/331/303 328/328/300 330/330/302
f 331/331/303 332/332/304 328/328/300
f 332/332/304 333/333/305 328/328/300
f 333/333/305 334/334/306 328/328/300
f 333/333/305 335/335/307 334/334/306
f 328/328/300 334/334/306 336/336/308
f 328/328/300 336/336/308 327/327/299
f 334/334/306 337/337/309 336/336/308
f 336/336/308 338/338/310 327/327/299
f 336/336/308 337/337/309 338/338/310
f 327/327/299 338/338/310 326/326/298
f 338/338/310 339/339/311 326/326/298
f 338/338/310 337/337/309 339/339/311
f 326/326/298 339/339/311 320/320/292
f 337/337/309 340/340/312 341/341/313
f 337/337/309 341/341/313 339/339/311
f 320/320/292 339/339/311 342/342/314
f 342/342/314 343/343/315 320/320/292
f 320/320/292 343/343/315 318/318/290
f 339/339/311 344/344/316 342/342/314
f 342/342/314 344/344/316 343/343/315
f 341/341/313 345/345/317 339/339/311
f 339/339/311 345/345/317 344/344/316
f 341/341/313 346/346/318 345/345/317
f 343/343/315 347/347/319 318/318/290
f 318/318/290 347/347/319 315/315/288
f 343/343/315 344/344/316 348/348/320
f 348/348/320 344/344/316 345/345/317
f 347/347/319 343/343/315 349/349/321
f 343/343/315 348/348/320 349/349/321
f 347/347/319 349/349/321 315/315/288
f 345/345/317 346/346/318 350/350/322
f 345/345/317 350/350/322 348/348/320
f 350/350/322 346/346/318 351/351/323
f 349/349/321 348/348/320 352/352/324
f 348/348/320 350/350/322 352/352/324
f 349/349/321 352/352/324 315/315/288
f 350/350/322 351/351/323 353/353/325
f 351/351/323 354/354/326 353/353/325
f 350/350/322 353/353/325 355/355/327
f 352/352/324 350/350/322 355/355/327
f 352/352/324 355/355/327 356/356/328
f 315/315/288 352/352/324 357/357/329
f 357/357/329 352/352/324 356/356/328
f 312/312/169 315/315/288 357/357/329
f 312/312/169 357/357/329 358/358/170
f 357/357/329 356/356/328 359/359/330
f 357/357/329 360/360/180 358/358/170
f 357/357/329 359/359/330 360/360/180
f 360/360/180 359/359/330 361/361/181
f 362/362/238 363/363/183 364/364/185
f 365/365/243 362/362/238 364/364/185
f 364/364/185 366/366/244 365/365/243
f 364/364/185 367/367/245 366/366/244
f 368/368/195 367/367/245 364/364/185
f 368/368/195 369/369/252 367/367/245
f 368/368/195 370/370/254 369/369/252
f 371/371/197 370/370/254 368/368/195
f 371/371/197 372/372/331 370/370/254
f 372/372/331 373/373/257 370/370/254
f 374/374/199 372/372/331 371/371/197
f 372/372/331 375/375/262 373/373/257
f 374/374/199 376/376/200 372/372/331
f 372/372/331 376/376/200 375/375/262
f 376/376/200 377/377/263 375/375/262
f 376/376/200 378/378/265 377/377/263
f 376/376/200 379/379/201 378/378/265
f 379/379/201 380/380/203 378/378/265
f 380/380/203 381/381/267 378/378/265
f 382/382/332 381/381/267 380/380/203
f 382/382/332 380/380/203 383/383/207
f 383/383/207 384/384/210 382/382/332
f 382/382/332 384/384/210 381/381/267
f 384/384/210 385/385/333 381/381/267
f 385/385/333 386/386/271 381/381/267
f 385/385/333 387/387/273 386/386/271
f 388/388/275 387/387/273 385/385/333
f 389/389/212 385/385/333 384/384/210
f 390/390/211 389/389/212 384/384/210
f 391/391/213 385/385/333 389/389/212
f 392/392/334 388/388/275 385/385/333
f 392/392/334 385/385/333 391/391/213
f 392/392/334 393/393/277 388/388/275
f 391/391/213 394/394/335 392/392/334
f 394/394/335 393/393/277 392/392/334
f 395/395/236 394/394/335 391/391/213
f 395/395/236 396/396/336 394/394/335
f 396/396/336 393/393/277 394/394/335
f 396/396/336 395/395/236 397/397/237
f 396/396/336 398/398/337 393/393/277
f 398/398/337 399/399/338 393/393/277
f 399/399/338 400/400/339 393/393/277
f 400/400/339 401/401/281 393/393/277
f 400/400/339 402/402/285 401/401/281
f 403/403/340 404/404/341 405/405/242
f 405/405/242 406/406/342 403/403/340
f 405/405/242 404/404/341 407/407/239
f 407/407/239 404/404/341 408/408/241
f 405/405/242 409/409/251 406/406/342
f 406/406/342 410/410/343 403/403/340
f 409/409/251 410/410/343 406/406/342
f 403/403/340 411/411/344 404/404/341
f 403/403/340 410/410/343 411/411/344
f 404/404/341 412/412/345 408/408/241
f 404/404/341 411/411/344 412/412/345
f 412/412/345 413/413/247 408/408/241
f 412/412/345 414/414/249 413/413/247
f 412/412/345 415/415/346 414/414/249
f 412/412/345 411/411/344 415/415/346
f 414/414/249 415/415/346 416/416/347
f 417/417/348 411/411/344 410/410/343
f 410/410/343 409/409/251 417/417/348
f 418/418/349 415/415/346 411/411/344
f 411/411/344 417/417/348 418/418/349
f 415/415/346 419/419/350 416/416/347
f 418/418/349 419/419/350 415/415/346
f 416/416/347 419/419/350 420/420/351
f 421/421/352 418/418/349 417/417/348
f 409/409/251 421/421/352 417/417/348
f 418/418/349 422/422/353 419/419/350
f 421/421/352 422/422/353 418/418/349
f 419/419/350 423/423/354 420/420/351
f 423/423/354 419/419/350 422/422/353
f 423/423/354 424/424/355 420/420/351
f 423/423/354 425/425/356 424/424/355
f 422/422/353 425/425/356 423/423/354
f 409/409/251 426/426/357 421/421/352
f 426/426/357 422/422/353 421/421/352
f 427/427/256 426/426/357 409/409/251
f 428/428/253 427/427/256 409/409/251
f 427/427/256 429/429/358 426/426/357
f 426/426/357 429/429/358 422/422/353
f 427/427/256 430/430/259 429/429/358
f 431/431/359 425/425/356 422/422/353
f 431/431/359 432/432/360 425/425/356
f 429/429/358 433/433/361 422/422/353
f 430/430/259 433/433/361 429/429/358
f 422/422/353 434/434/362 431/431/359
f 422/422/353 433/433/361 434/434/362
f 431/431/359 435/435/363 432/432/360
f 434/434/362 435/435/363 431/431/359
f 432/432/360 435/435/363 436/436/364
f 434/434/362 437/437/365 435/435/363
f 430/430/259 438/438/366 433/433/361
f 430/430/259 439/439/260 438/438/366
f 433/433/361 440/440/367 434/434/362
f 440/440/367 437/437/365 434/434/362
f 438/438/366 441/441/368 433/433/361
f 441/441/368 440/440/367 433/433/361
f 439/439/260 442/442/369 438/438/366
f 442/442/369 441/441/368 438/438/366
f 443/443/264 442/442/369 439/439/260
f 437/437/365 444/444/370 435/435/363
f 437/437/365 440/440/367 444/444/370
f 435/435/363 444/444/370 436/436/364
f 443/443/264 445/445/371 442/442/369
f 442/442/369 445/445/371 441/441/368
f 446/446/266 445/445/371 443/443/264
f 446/446/266 447/447/372 445/445/371
f 445/445/371 447/447/372 441/441/368
f 446/446/266 448/448/268 447/447/372
f 447/447/372 449/449/373 441/441/368
f 449/449/373 447/447/372 448/448/268
f 449/449/373 440/440/367 441/441/368
f 448/448/268 450/450/270 449/449/373
f 449/449/373 451/451/374 440/440/367
f 440/440/367 451/451/374 444/444/370
f 452/452/274 449/449/373 450/450/270
f 452/452/274 451/451/374 449/449/373
f 453/453/272 452/452/274 450/450/270
f 451/451/374 454/454/375 444/444/370
f 451/451/374 452/452/274 454/454/375
f 444/444/370 454/454/375 436/436/364
f 455/455/276 454/454/375 452/452/274
f 436/436/364 454/454/375 455/455/276
f 436/436/364 455/455/276 456/456/376
f 455/455/276 457/457/377 456/456/376
f 455/455/276 458/458/278 457/457/377
f 459/459/280 457/457/377 458/458/278
f 459/459/280 460/460/283 457/457/377
f 456/456/376 457/457/377 461/461/378
f 456/456/376 461/461/378 462/462/379
f 462/462/379 461/461/378 463/463/380
f 461/461/378 457/457/377 464/464/381
f 460/460/283 464/464/381 457/457/377
f 465/465/282 464/464/381 460/460/283
f 362/362/238 466/466/382 363/363/183
f 362/362/238 467/467/240 466/466/382
f 363/363/183 466/466/382 468/468/383
f 363/363/183 468/468/383 469/469/187
f 468/468/383 470/470/384 469/469/187
f 466/466/382 471/471/385 468/468/383
f 471/471/385 470/470/384 468/468/383
f 467/467/240 471/471/385 466/466/382
f 470/470/384 472/472/190 469/469/187
f 470/470/384 471/471/385 472/472/190
f 467/467/240 473/473/386 471/471/385
f 471/471/385 473/473/386 472/472/190
f 467/467/240 474/474/387 473/473/386
f 475/475/248 474/474/387 467/467/240
f 475/475/248 476/476/388 474/474/387
f 477/477/389 474/474/387 476/476/388
f 477/477/389 478/478/390 474/474/387
f 473/473/386 474/474/387 479/479/226
f 473/473/386 479/479/226 472/472/190
f 474/474/387 478/478/390 479/479/226
f 472/472/190 479/479/226 480/480/221
f 478/478/390 481/481/391 479/479/226
f 479/479/226 481/481/391 482/482/228
f 478/478/390 483/483/392 481/481/391
f 481/481/391 483/483/392 484/484/393
f 484/484/393 485/485/394 481/481/391
f 484/484/393 486/486/395 485/485/394
f 487/487/396 488/488/397 489/489/398
f 487/487/396 490/490/399 488/488/397
f 490/490/399 491/491/400 488/488/397
f 492/492/401 491/491/400 490/490/399
f 487/487/396 492/492/401 490/490/399
f 492/492/401 493/493/402 491/491/400
f 493/493/402 494/494/403 491/491/400
f 493/493/402 495/495/404 494/494/403
f 496/496/405 495/495/404 493/493/402
f 492/492/401 496/496/405 493/493/402
f 495/495/404 496/496/405 497/497/406
f 498/498/178 487/487/396 489/489/398
f 498/498/178 489/489/398 499/499/177
f 499/499/177 489/489/398 500/500/407
f 500/500/407 501/501/176 499/499/177
f 500/500/407 502/502/408 501/501/176
f 501/501/176 502/502/408 503/503/409
f 501/501/176 503/503/409 504/504/172
f 503/503/409 505/505/410 504/504/172
f 504/504/172 505/505/410 506/506/175
f 507/507/179 487/487/396 498/498/178
f 508/508/181 487/487/396 507/507/179
f 508/508/181 509/509/330 487/487/396
f 509/509/330 510/510/328 487/487/396
f 487/487/396 510/510/328 511/511/411
f 511/511/411 492/492/401 487/487/396
f 512/512/327 511/511/411 510/510/328
f 511/511/411 513/513/412 492/492/401
f 512/512/327 514/514/413 511/511/411
f 514/514/413 513/513/412 511/511/411
f 512/512/327 515/515/414 514/514/413
f 516/516/325 515/515/414 512/512/327
f 516/516/325 517/517/415 515/515/414
f 517/517/415 514/514/413 515/515/414
f 516/516/325 518/518/326 517/517/415
f 513/513/412 496/496/405 492/492/401
f 514/514/413 519/519/416 513/513/412
f 514/514/413 517/517/415 519/519/416
f 519/519/416 520/520/417 513/513/412
f 519/519/416 521/521/418 520/520/417
f 519/519/416 517/517/415 521/521/418
f 513/513/412 522/522/419 496/496/405
f 513/513/412 523/523/420 522/522/419
f 522/522/419 524/524/421 496/496/405
f 496/496/405 524/524/421 525/525/422
f 496/496/405 525/525/422 497/497/406
f 524/524/421 526/526/423 525/525/422
f 525/525/422 527/527/424 497/497/406
f 526/526/423 527/527/424 525/525/422
f 526/526/423 528/528/425 527/527/424
f 527/527/424 528/528/425 529/529/426
f 528/528/425 530/530/427 529/529/426
f 531/531/428 532/532/429 521/521/418
f 533/533/430 531/531/428 521/521/418
f 533/533/430 534/534/431 531/531/428
f 517/517/415 533/533/430 521/521/418
f 533/533/430 535/535/432 534/534/431
f 536/536/433 533/533/430 517/517/415
f 537/537/434 535/535/432 533/533/430
f 537/537/434 538/538/435 535/535/432
f 539/539/436 537/537/434 533/533/430
f 536/536/433 539/539/436 533/533/430
f 540/540/437 538/538/435 537/537/434
f 540/540/437 537/537/434 539/539/436
f 541/541/438 536/536/433 517/517/415
f 518/518/326 541/541/438 517/517/415
f 518/518/326 536/536/433 541/541/438
f 518/518/326 542/542/439 536/536/433
f 536/536/433 543/543/440 539/539/436
f 542/542/439 543/543/440 536/536/433
f 543/543/440 540/540/437 539/539/436
f 544/544/441 543/543/440 542/542/439
f 544/544/441 545/545/442 543/543/440
f 545/545/442 546/546/443 543/543/440
f 546/546/443 540/540/437 543/543/440
f 547/547/444 546/546/443 545/545/442
f 540/540/437 548/548/445 538/538/435
f 548/548/445 549/549/446 538/538/435
f 550/550/447 540/540/437 546/546/443
f 550/550/447 548/548/445 540/540/437
f 551/551/448 546/546/443 547/547/444
f 550/550/447 546/546/443 551/551/448
f 552/552/449 551/551/448 547/547/444
f 553/553/450 552/552/449 547/547/444
f 554/554/451 550/550/447 551/551/448
f 554/554/451 548/548/445 550/550/447
f 551/551/448 552/552/449 554/554/451
f 554/554/451 555/555/452 548/548/445
f 555/555/452 556/556/453 548/548/445
f 552/552/449 557/557/454 554/554/451
f 557/557/454 555/555/452 554/554/451
f 558/558/455 559/559/456 552/552/449
f 552/552/449 560/560/457 557/557/454
f 552/552/449 559/559/456 560/560/457
f 560/560/457 561/561/458 557/557/454
f 562/562/459 561/561/458 560/560/457
f 562/562/459 560/560/457 563/563/460
f 564/564/461 563/563/460 560/560/457
f 564/564/461 560/560/457 559/559/456
f 559/559/456 565/565/462 564/564/461
f 566/566/463 564/564/461 565/565/462
f 567/567/464 566/566/463 565/565/462
f 557/557/454 568/568/465 555/555/452
f 568/568/465 569/569/466 555/555/452
f 570/570/467 568/568/465 557/557/454
f 570/570/467 571/571/468 568/568/465
f 571/571/468 572/572/469 568/568/465
f 572/572/469 571/571/468 573/573/470
f 574/574/471 573/573/470 571/571/468
f 575/575/472 572/572/469 573/573/470
f 576/576/473 575/575/472 573/573/470
f 577/577/474 575/575/472 576/576/473
f 578/578/398 579/579/475 580/580/476
f 578/578/398 580/580/476 581/581/407
f 582/582/397 579/579/475 578/578/398
f 580/580/476 583/583/408 581/581/407
f 584/584/400 579/579/475 582/582/397
f 580/580/476 585/585/477 583/583/408
f 585/585/477 586/586/409 583/583/408
f 579/579/475 587/587/478 580/580/476
f 587/587/478 585/585/477 580/580/476
f 584/584/400 588/588/479 579/579/475
f 584/584/400 589/589/403 588/588/479
f 579/579/475 590/590/480 587/587/478
f 579/579/475 588/588/479 590/590/480
f 591/591/404 588/588/479 589/589/403
f 585/585/477 592/592/481 586/586/409
f 592/592/481 593/593/410 586/586/409
f 587/587/478 594/594/482 585/585/477
f 587/587/478 590/590/480 594/594/482
f 594/594/482 595/595/483 585/585/477
f 595/595/483 592/592/481 585/585/477
f 590/590/480 596/596/484 594/594/482
f 596/596/484 595/595/483 594/594/482
f 593/593/410 592/592/481 597/597/485
f 598/598/175 593/593/410 597/597/485
f 598/598/175 597/597/485 599/599/173
f 599/599/173 597/597/485 600/600/174
f 600/600/174 597/597/485 601/601/486
f 592/592/481 602/602/487 597/597/485
f 597/597/485 602/602/487 603/603/488
f 602/602/487 604/604/489 603/603/488
f 602/602/487 605/605/490 604/604/489
f 592/592/481 606/606/491 602/602/487
f 595/595/483 606/606/491 592/592/481
f 602/602/487 607/607/492 605/605/490
f 606/606/491 607/607/492 602/602/487
f 608/608/493 606/606/491 595/595/483
f 608/608/493 607/607/492 606/606/491
f 596/596/484 608/608/493 595/595/483
f 605/605/490 607/607/492 609/609/494
f 608/608/493 610/610/495 607/607/492
f 596/596/484 610/610/495 608/608/493
f 607/607/492 611/611/496 609/609/494
f 611/611/496 612/612/497 609/609/494
f 610/610/495 613/613/498 607/607/492
f 607/607/492 613/613/498 611/611/496
f 611/611/496 614/614/499 612/612/497
f 611/611/496 613/613/498 614/614/499
f 612/612/497 614/614/499 615/615/463
f 612/612/497 615/615/463 616/616/464
f 614/614/499 617/617/461 615/615/463
f 614/614/499 618/618/460 617/617/461
f 614/614/499 613/613/498 618/618/460
f 610/610/495 619/619/500 613/613/498
f 619/619/500 618/618/460 613/613/498
f 610/610/495 620/620/501 619/619/500
f 596/596/484 620/620/501 610/610/495
f 619/619/500 621/621/502 618/618/460
f 621/621/502 622/622/503 618/618/460
f 618/618/460 622/622/503 623/623/459
f 621/621/502 623/623/459 622/622/503
f 619/619/500 624/624/504 621/621/502
f 624/624/504 623/623/459 621/621/502
f 620/620/501 624/624/504 619/619/500
f 624/624/504 625/625/458 623/623/459
f 626/626/505 620/620/501 596/596/484
f 626/626/505 624/624/504 620/620/501
f 624/624/504 627/627/506 625/625/458
f 627/627/506 628/628/454 625/625/458
f 627/627/506 629/629/467 628/628/454
f 624/624/504 630/630/507 627/627/506
f 630/630/507 629/629/467 627/627/506
f 630/630/507 624/624/504 626/626/505
f 630/630/507 631/631/468 629/629/467
f 632/632/471 631/631/468 630/630/507
f 633/633/473 632/632/471 630/630/507
f 633/633/473 630/630/507 626/626/505
f 634/634/470 632/632/471 633/633/473
f 635/635/508 626/626/505 596/596/484
f 590/590/480 635/635/508 596/596/484
f 636/636/509 633/633/473 626/626/505
f 636/636/509 626/626/505 635/635/508
f 588/588/479 635/635/508 590/590/480
f 636/636/509 637/637/510 633/633/473
f 637/637/510 638/638/474 633/633/473
f 639/639/511 637/637/510 636/636/509
f 640/640/512 636/636/509 635/635/508
f 641/641/513 642/642/514 636/636/509
f 640/640/512 641/641/513 636/636/509
f 588/588/479 643/643/515 635/635/508
f 640/640/512 635/635/508 643/643/515
f 644/644/516 641/641/513 640/640/512
f 644/644/516 645/645/517 641/641/513
f 644/644/516 646/646/518 645/645/517
f 647/647/519 648/648/520 644/644/516
f 647/647/519 644/644/516 649/649/521
f 649/649/521 644/644/516 640/640/512
f 650/650/522 647/647/519 649/649/521
f 651/651/523 650/650/522 652/652/524
f 653/653/427 652/652/524 650/650/522
f 649/649/521 640/640/512 654/654/525
f 643/643/515 654/654/525 640/640/512
f 650/650/522 649/649/521 655/655/526
f 655/655/526 649/649/521 654/654/525
f 653/653/427 650/650/522 655/655/526
f 656/656/527 654/654/525 643/643/515
f 655/655/526 654/654/525 656/656/527
f 656/656/527 643/643/515 588/588/479
f 657/657/424 653/653/427 655/655/526
f 657/657/424 658/658/426 653/653/427
f 659/659/406 657/657/424 655/655/526
f 660/660/528 656/656/527 588/588/479
f 660/660/528 588/588/479 591/591/404
f 655/655/526 656/656/527 661/661/529
f 661/661/529 656/656/527 660/660/528
f 659/659/406 655/655/526 661/661/529
f 591/591/404 661/661/529 660/660/528
f 591/591/404 659/659/406 661/661/529
f 92/92/86 662/662/530 85/85/81
f 92/92/86 663/663/136 662/662/530
f 663/663/136 664/664/531 662/662/530
f 662/662/530 665/665/532 85/85/81
f 85/85/81 665/665/532 95/95/10
f 95/95/10 665/665/532 666/666/41
f 665/665/532 667/667/42 666/666/41
f 668/668/46 667/667/42 665/665/532
f 664/664/531 669/669/533 662/662/530
f 665/665/532 662/662/530 669/669/533
f 665/665/532 669/669/533 668/668/46
f 664/664/531 670/670/534 669/669/533
f 669/669/533 671/671/48 668/668/46
f 669/669/533 672/672/73 671/671/48
f 672/672/73 673/673/49 671/671/48
f 669/669/533 670/670/534 674/674/535
f 669/669/533 674/674/535 672/672/73
f 670/670/534 675/675/536 674/674/535
f 674/674/535 676/676/74 672/672/73
f 674/674/535 677/677/537 676/676/74
f 674/674/535 675/675/536 677/677/537
f 676/676/74 677/677/537 678/678/75
f 675/675/536 679/679/538 677/677/537
f 675/675/536 680/680/539 679/679/538
f 681/681/540 682/682/541 683/683/542
f 684/684/543 685/685/544 682/682/541
f 681/681/540 684/684/543 682/682/541
f 683/683/542 682/682/541 686/686/545
f 687/687/412 683/683/542 686/686/545
f 686/686/545 688/688/420 687/687/412
f 689/689/546 681/681/540 683/683/542
f 690/690/547 683/683/542 687/687/412
f 683/683/542 690/690/547 689/689/546
f 690/690/547 687/687/412 691/691/417
f 692/692/418 690/690/547 691/691/417
f 681/681/540 693/693/548 684/684/543
f 694/694/549 684/684/543 693/693/548
f 689/689/546 695/695/550 681/681/540
f 689/689/546 690/690/547 695/695/550
f 695/695/550 693/693/548 681/681/540
f 693/693/548 696/696/551 694/694/549
f 690/690/547 697/697/552 695/695/550
f 698/698/553 696/696/551 693/693/548
f 699/699/554 696/696/551 698/698/553
f 698/698/553 700/700/555 699/699/554
f 701/701/556 698/698/553 693/693/548
f 701/701/556 693/693/548 695/695/550
f 701/701/556 700/700/555 698/698/553
f 697/697/552 701/701/556 695/695/550
f 702/702/557 700/700/555 701/701/556
f 700/700/555 702/702/557 703/703/558
f 704/704/559 702/702/557 701/701/556
f 705/705/560 701/701/556 697/697/552
f 704/704/559 701/701/556 705/705/560
f 697/697/552 706/706/561 705/705/560
f 705/705/560 706/706/561 704/704/559
f 706/706/561 707/707/562 704/704/559
f 704/704/559 707/707/562 708/708/563
f 704/704/559 708/708/563 709/709/564
f 706/706/561 710/710/565 707/707/562
f 707/707/562 710/710/565 711/711/566
f 712/712/567 710/710/565 706/706/561
f 712/712/567 706/706/561 697/697/552
f 713/713/568 710/710/565 712/712/567
f 714/714/569 712/712/567 697/697/552
f 714/714/569 713/713/568 712/712/567
f 690/690/547 714/714/569 697/697/552
f 692/692/418 714/714/569 690/690/547
f 692/692/418 713/713/568 714/714/569
f 715/715/429 713/713/568 692/692/418
f 715/715/429 716/716/570 713/713/568
f 717/717/428 716/716/570 715/715/429
f 718/718/545 719/719/421 720/720/419
f 721/721/420 718/718/545 720/720/419
f 722/722/541 719/719/421 718/718/545
f 723/723/544 724/724/571 722/722/541
f 722/722/541 724/724/571 725/725/572
f 722/722/541 725/725/572 719/719/421
f 724/724/571 726/726/573 725/725/572
f 719/719/421 725/725/572 727/727/574
f 727/727/574 728/728/523 719/719/421
f 727/727/574 725/725/572 728/728/523
f 719/719/421 728/728/523 729/729/423
f 728/728/523 730/730/425 729/729/423
f 730/730/425 728/728/523 731/731/427
f 726/726/573 732/732/575 725/725/572
f 725/725/572 732/732/575 728/728/523
f 726/726/573 733/733/576 732/732/575
f 732/732/575 734/734/522 728/728/523
f 733/733/576 735/735/577 732/732/575
f 733/733/576 736/736/578 735/735/577
f 732/732/575 737/737/579 734/734/522
f 735/735/577 737/737/579 732/732/575
f 735/735/577 736/736/578 737/737/579
f 737/737/579 738/738/519 734/734/522
f 737/737/579 736/736/578 739/739/580
f 740/740/581 739/739/580 736/736/578
f 740/740/581 741/741/582 739/739/580
f 742/742/583 737/737/579 739/739/580
f 737/737/579 742/742/583 738/738/519
f 742/742/583 743/743/520 738/738/519
f 743/743/520 742/742/583 744/744/518
f 739/739/580 745/745/584 742/742/583
f 742/742/583 745/745/584 746/746/585
f 746/746/585 745/745/584 747/747/586
f 272/272/249 748/748/587 271/271/248
f 271/271/248 748/748/587 749/749/388
f 272/272/249 750/750/347 748/748/587
f 748/748/587 751/751/389 749/749/388
f 748/748/587 750/750/347 751/751/389
f 750/750/347 752/752/588 751/751/389
f 750/750/347 753/753/351 752/752/588
f 751/751/389 752/752/588 754/754/390
f 753/753/351 755/755/355 752/752/588
f 752/752/588 756/756/589 754/754/390
f 754/754/390 756/756/589 757/757/392
f 757/757/392 756/756/589 758/758/393
f 756/756/589 759/759/395 758/758/393
f 756/756/589 760/760/590 759/759/395
f 756/756/589 761/761/591 760/760/590
f 752/752/588 761/761/591 756/756/589
f 752/752/588 762/762/592 761/761/591
f 755/755/355 763/763/593 752/752/588
f 763/763/593 762/762/592 752/752/588
f 755/755/355 764/764/356 763/763/593
f 763/763/593 765/765/594 762/762/592
f 764/764/356 766/766/360 763/763/593
f 765/765/594 767/767/595 768/768/596
f 769/769/380 767/767/595 765/765/594
f 763/763/593 769/769/380 765/765/594
f 763/763/593 766/766/360 770/770/597
f 763/763/593 770/770/597 769/769/380
f 766/766/360 771/771/364 770/770/597
f 770/770/597 772/772/379 769/769/380
f 773/773/376 770/770/597 771/771/364
f 773/773/376 772/772/379 770/770/597
f 774/774/135 775/775/531 776/776/136
f 774/774/135 777/777/133 775/775/531
f 777/777/133 778/778/534 775/775/531
f 777/777/133 779/779/598 778/778/534
f 777/777/133 780/780/599 779/779/598
f 781/781/132 780/780/599 777/777/133
f 782/782/131 780/780/599 781/781/132
f 780/780/599 783/783/600 779/779/598
f 780/780/599 784/784/601 783/783/600
f 784/784/601 785/785/602 783/783/600
f 784/784/601 786/786/603 785/785/602
f 783/783/600 787/787/604 779/779/598
f 783/783/600 785/785/602 788/788/605
f 783/783/600 788/788/605 787/787/604
f 785/785/602 786/786/603 788/788/605
f 779/779/598 787/787/604 789/789/606
f 779/779/598 789/789/606 778/778/534
f 787/787/604 788/788/605 789/789/606
f 789/789/606 790/790/607 778/778/534
f 778/778/534 790/790/607 791/791/536
f 790/790/607 792/792/608 791/791/536
f 792/792/608 793/793/539 791/791/536
f 794/794/609 790/790/607 789/789/606
f 789/789/606 788/788/605 794/794/609
f 794/794/609 795/795/610 790/790/607
f 788/788/605 795/795/610 794/794/609
f 788/788/605 796/796/611 795/795/610
f 788/788/605 797/797/612 796/796/611
f 797/797/612 798/798/613 799/799/614
f 800/800/615 798/798/613 797/797/612
f 801/801/616 797/797/612 788/788/605
f 801/801/616 800/800/615 797/797/612
f 786/786/603 801/801/616 788/788/605
f 801/801/616 802/802/617 800/800/615
f 786/786/603 802/802/617 801/801/616
f 802/802/617 803/803/618 800/800/615
f 804/804/619 802/802/617 786/786/603
f 805/805/70 806/806/75 807/807/620
f 805/805/70 807/807/620 808/808/68
f 809/809/621 810/810/69 808/808/68
f 807/807/620 809/809/621 808/808/68
f 807/807/620 811/811/622 809/809/621
f 812/812/623 811/811/622 807/807/620
f 813/813/624 811/811/622 812/812/623
f 807/807/620 813/813/624 812/812/623
f 806/806/75 813/813/624 807/807/620
f 813/813/624 814/814/625 811/811/622
f 806/806/75 815/815/626 813/813/624
f 816/816/149 814/814/625 813/813/624
f 816/816/149 817/817/153 814/814/625
f 817/817/153 818/818/627 814/814/625
f 817/817/153 819/819/154 818/818/627
f 820/820/628 816/816/149 813/813/624
f 815/815/626 820/820/628 813/813/624
f 820/820/628 821/821/148 816/816/149
f 816/816/149 821/821/148 822/822/147
f 815/815/626 823/823/629 820/820/628
f 823/823/629 821/821/148 820/820/628
f 806/806/75 823/823/629 815/815/626
f 823/823/629 824/824/289 821/821/148
f 825/825/630 823/823/629 806/806/75
f 826/826/537 825/825/630 806/806/75
f 827/827/538 825/825/630 826/826/537
f 828/828/539 825/825/630 827/827/538
f 828/828/539 829/829/608 825/825/630
f 830/830/607 825/825/630 829/829/608
f 831/831/631 824/824/289 823/823/629
f 825/825/630 831/831/631 823/823/629
f 831/831/631 832/832/294 824/824/289
f 830/830/607 833/833/632 825/825/630
f 825/825/630 833/833/632 831/831/631
f 830/830/607 834/834/633 833/833/632
f 835/835/634 832/832/294 831/831/631
f 833/833/632 835/835/634 831/831/631
f 833/833/632 834/834/633 835/835/634
f 836/836/296 832/832/294 835/835/634
f 837/837/610 834/834/633 830/830/607
f 838/838/635 836/836/296 835/835/634
f 834/834/633 838/838/635 835/835/634
f 838/838/635 839/839/302 836/836/296
f 837/837/610 840/840/636 834/834/633
f 841/841/611 840/840/636 837/837/610
f 840/840/636 842/842/637 834/834/633
f 834/834/633 842/842/637 838/838/635
f 842/842/637 843/843/638 838/838/635
f 838/838/635 843/843/638 839/839/302
f 843/843/638 844/844/303 839/839/302
f 845/845/639 846/846/640 847/847/641
f 847/847/641 848/848/642 845/845/639
f 846/846/640 849/849/643 847/847/641
f 847/847/641 850/850/644 848/848/642
f 851/851/645 849/849/643 846/846/640
f 849/849/643 852/852/646 847/847/641
f 851/851/645 852/852/646 849/849/643
f 852/852/646 853/853/647 847/847/641
f 853/853/647 850/850/644 847/847/641
f 854/854/648 851/851/645 846/846/640
f 855/855/649 854/854/648 846/846/640
f 855/855/649 851/851/645 854/854/648
f 855/855/649 846/846/640 845/845/639
f 851/851/645 856/856/650 852/852/646
f 855/855/649 856/856/650 851/851/645
f 852/852/646 857/857/651 853/853/647
f 856/856/650 857/857/651 852/852/646
f 857/857/651 858/858/652 853/853/647
f 853/853/647 858/858/652 850/850/644
f 856/856/650 859/859/653 857/857/651
f 850/850/644 858/858/652 860/860/654
f 850/850/644 860/860/654 861/861/655
f 858/858/652 862/862/656 860/860/654
f 860/860/654 862/862/656 863/863/657
f 864/864/658 858/858/652 857/857/651
f 864/864/658 862/862/656 858/858/652
f 857/857/651 859/859/653 864/864/658
f 865/865/659 862/862/656 864/864/658
f 850/850/644 861/861/655 866/866/660
f 848/848/642 850/850/644 866/866/660
f 867/867/564 865/865/659 864/864/658
f 868/868/563 865/865/659 867/867/564
f 869/869/559 867/867/564 864/864/658
f 861/861/655 870/870/661 866/866/660
f 864/864/658 871/871/662 869/869/559
f 859/859/653 871/871/662 864/864/658
f 871/871/662 872/872/663 869/869/559
f 872/872/663 873/873/557 869/869/559
f 874/874/664 871/871/662 859/859/653
f 875/875/665 874/874/664 859/859/653
f 875/875/665 876/876/666 874/874/664
f 859/859/653 856/856/650 875/875/665
f 877/877/667 876/876/666 875/875/665
f 877/877/667 875/875/665 856/856/650
f 878/878/668 876/876/666 877/877/667
f 855/855/649 877/877/667 856/856/650
f 879/879/669 877/877/667 855/855/649
f 880/880/670 879/879/669 855/855/649
f 881/881/671 880/880/670 855/855/649
f 882/882/672 880/880/670 881/881/671
f 883/883/673 882/882/672 881/881/671
f 881/881/671 855/855/649 845/845/639
f 884/884/674 881/881/671 845/845/639
f 884/884/674 845/845/639 885/885/675
f 884/884/674 885/885/675 886/886/676
f 886/886/676 885/885/675 887/887/677
f 887/887/677 888/888/678 886/886/676
f 885/885/675 845/845/639 866/866/660
f 866/866/660 887/887/677 885/885/675
f 866/866/660 888/888/678 887/887/677
f 845/845/639 848/848/642 866/866/660
f 866/866/660 870/870/661 888/888/678
f 870/870/661 889/889/679 888/888/678
f 890/890/544 891/891/543 892/892/571
f 891/891/543 893/893/680 892/892/571
f 893/893/680 894/894/681 892/892/571
f 894/894/681 895/895/573 892/892/571
f 894/894/681 896/896/576 895/895/573
f 897/897/682 894/894/681 893/893/680
f 894/894/681 897/897/682 896/896/576
f 891/891/543 897/897/682 893/893/680
f 898/898/683 897/897/682 891/891/543
f 898/898/683 891/891/543 899/899/549
f 900/900/551 898/898/683 899/899/549
f 901/901/684 897/897/682 898/898/683
f 901/901/684 902/902/685 897/897/682
f 897/897/682 903/903/686 896/896/576
f 902/902/685 903/903/686 897/897/682
f 904/904/687 903/903/686 902/902/685
f 896/896/576 903/903/686 905/905/578
f 903/903/686 904/904/687 905/905/578
f 906/906/582 907/907/581 905/905/578
f 905/905/578 908/908/688 906/906/582
f 905/905/578 904/904/687 908/908/688
f 904/904/687 909/909/689 908/908/688
f 909/909/689 910/910/690 908/908/688
f 910/910/690 911/911/691 908/908/688
f 910/910/690 912/912/692 911/911/691
f 911/911/691 913/913/693 908/908/688
f 914/914/694 913/913/693 911/911/691
f 911/911/691 915/915/695 914/914/694
f 916/916/696 917/917/669 918/918/670
f 918/918/670 919/919/672 916/916/696
f 920/920/697 919/919/672 921/921/673
f 922/922/698 919/919/672 920/920/697
f 922/922/698 923/923/699 919/919/672
f 919/919/672 923/923/699 916/916/696
f 924/924/700 923/923/699 922/922/698
f 925/925/701 923/923/699 924/924/700
f 926/926/702 925/925/701 924/924/700
f 926/926/702 927/927/703 925/925/701
f 923/923/699 925/925/701 928/928/704
f 928/928/704 916/916/696 923/923/699
f 927/927/703 929/929/705 925/925/701
f 925/925/701 929/929/705 928/928/704
f 927/927/703 930/930/706 931/931/707
f 931/931/707 929/929/705 927/927/703
f 929/929/705 931/931/707 932/932/708
f 931/931/707 933/933/709 932/932/708
f 928/928/704 929/929/705 934/934/710
f 929/929/705 932/932/708 935/935/711
f 932/932/708 933/933/709 935/935/711
f 929/929/705 935/935/711 934/934/710
f 935/935/711 933/933/709 936/936/712
f 933/933/709 937/937/713 936/936/712
f 934/934/710 935/935/711 938/938/714
f 928/928/704 934/934/710 938/938/714
f 935/935/711 936/936/712 939/939/715
f 938/938/714 935/935/711 939/939/715
f 936/936/712 937/937/713 940/940/716
f 939/939/715 936/936/712 940/940/716
f 928/928/704 938/938/714 941/941/717
f 928/928/704 941/941/717 916/916/696
f 938/938/714 939/939/715 942/942/718
f 941/941/717 938/938/714 942/942/718
f 942/942/718 939/939/715 943/943/719
f 939/939/715 940/940/716 943/943/719
f 941/941/717 942/942/718 944/944/720
f 942/942/718 943/943/719 944/944/720
f 916/916/696 941/941/717 945/945/721
f 941/941/717 944/944/720 945/945/721
f 916/916/696 945/945/721 917/917/669
f 944/944/720 943/943/719 946/946/722
f 944/944/720 946/946/722 945/945/721
f 945/945/721 946/946/722 917/917/669
f 943/943/719 940/940/716 946/946/722
f 917/917/669 946/946/722 947/947/667
f 946/946/722 948/948/723 947/947/667
f 946/946/722 940/940/716 948/948/723
f 947/947/667 948/948/723 949/949/668
f 940/940/716 950/950/724 948/948/723
f 940/940/716 951/951/725 950/950/724
f 951/951/725 952/952/726 950/950/724
f 937/937/713 951/951/725 940/940/716
f 951/951/725 937/937/713 953/953/727
f 954/954/728 952/952/726 951/951/725
f 953/953/727 955/955/729 951/951/725
f 951/951/725 955/955/729 954/954/728
f 955/955/729 956/956/730 954/954/728
f 956/956/730 957/957/731 954/954/728
f 958/958/732 959/959/733 960/960/554
f 960/960/554 959/959/733 961/961/551
f 959/959/733 962/962/683 961/961/551
f 963/963/555 958/958/732 960/960/554
f 959/959/733 964/964/684 962/962/683
f 965/965/558 966/966/734 963/963/555
f 966/966/734 958/958/732 963/963/555
f 966/966/734 967/967/735 958/958/732
f 968/968/736 964/964/684 959/959/733
f 964/964/684 968/968/736 969/969/685
f 970/970/737 959/959/733 958/958/732
f 970/970/737 971/971/738 959/959/733
f 971/971/738 968/968/736 959/959/733
f 958/958/732 972/972/739 970/970/737
f 967/967/735 972/972/739 958/958/732
f 973/973/740 971/971/738 970/970/737
f 972/972/739 973/973/740 970/970/737
f 973/973/740 968/968/736 971/971/738
f 967/967/735 974/974/741 972/972/739
f 974/974/741 973/973/740 972/972/739
f 974/974/741 968/968/736 973/973/740
f 967/967/735 975/975/742 974/974/741
f 975/975/742 976/976/743 974/974/741
f 976/976/743 977/977/744 974/974/741
f 974/974/741 977/977/744 968/968/736
f 976/976/743 978/978/745 977/977/744
f 977/977/744 979/979/746 968/968/736
f 977/977/744 978/978/745 979/979/746
f 968/968/736 979/979/746 969/969/685
f 979/979/746 980/980/687 969/969/685
f 979/979/746 981/981/689 980/980/687
f 978/978/745 982/982/747 979/979/746
f 979/979/746 982/982/747 981/981/689
f 983/983/690 981/981/689 982/982/747
f 984/984/748 983/983/690 982/982/747
f 984/984/748 985/985/692 983/983/690
f 982/982/747 986/986/749 984/984/748
f 987/987/750 986/986/749 982/982/747
f 987/987/750 988/988/751 986/986/749
f 988/988/751 989/989/752 986/986/749
f 990/990/753 991/991/674 992/992/754
f 990/990/753 993/993/671 991/991/674
f 992/992/754 991/991/674 994/994/676
f 990/990/753 995/995/673 993/993/671
f 994/994/676 996/996/755 992/992/754
f 994/994/676 997/997/678 996/996/755
f 996/996/755 998/998/756 992/992/754
f 997/997/678 998/998/756 996/996/755
f 999/999/757 1000/1000/697 995/995/673
f 999/999/757 995/995/673 990/990/753
f 1001/1001/758 999/999/757 990/990/753
f 1002/1002/759 990/990/753 992/992/754
f 998/998/756 1002/1002/759 992/992/754
f 1003/1003/760 1001/1001/758 990/990/753
f 1004/1004/761 990/990/753 1002/1002/759
f 1002/1002/759 998/998/756 1004/1004/761
f 1003/1003/760 990/990/753 1004/1004/761
f 1003/1003/760 1005/1005/762 1001/1001/758
f 1006/1006/763 1005/1005/762 1003/1003/760
f 1007/1007/764 1005/1005/762 1006/1006/763
f 1008/1008/765 1006/1006/763 1003/1003/760
f 1009/1009/766 1006/1006/763 1008/1008/765
f 1009/1009/766 1008/1008/765 1010/1010/767
f 1010/1010/767 1008/1008/765 1011/1011/768
f 1008/1008/765 1003/1003/760 1012/1012/769
f 1008/1008/765 1012/1012/769 1011/1011/768
f 1003/1003/760 1004/1004/761 1012/1012/769
f 1012/1012/769 1013/1013/770 1011/1011/768
f 1011/1011/768 1013/1013/770 1014/1014/771
f 1013/1013/770 1015/1015/772 1014/1014/771
f 1013/1013/770 1016/1016/773 1015/1015/772
f 1012/1012/769 1017/1017/774 1013/1013/770
f 1013/1013/770 1017/1017/774 1016/1016/773
f 1012/1012/769 1004/1004/761 1018/1018/775
f 1012/1012/769 1018/1018/775 1017/1017/774
f 1017/1017/774 1018/1018/775 1016/1016/773
f 998/998/756 1018/1018/775 1004/1004/761
f 1016/1016/773 1018/1018/775 1019/1019/776
f 1019/1019/776 1020/1020/777 1016/1016/773
f 1020/1020/777 1019/1019/776 1021/1021/778
f 1022/1022/779 1019/1019/776 1018/1018/775
f 1018/1018/775 1023/1023/780 1022/1022/779
f 1024/1024/781 1023/1023/780 1018/1018/775
f 1018/1018/775 998/998/756 1025/1025/782
f 1025/1025/782 1024/1024/781 1018/1018/775
f 1024/1024/781 1025/1025/782 998/998/756
f 997/997/678 1024/1024/781 998/998/756
f 1026/1026/679 1024/1024/781 997/997/678
f 1027/1027/783 1028/1028/784 1029/1029/785
f 1030/1030/786 1028/1028/784 1027/1027/783
f 1030/1030/786 1027/1027/783 1031/1031/723
f 1032/1032/668 1031/1031/723 1033/1033/666
f 1034/1034/724 1030/1030/786 1031/1031/723
f 1033/1033/666 1031/1031/723 1035/1035/664
f 1035/1035/664 1031/1031/723 1027/1027/783
f 1027/1027/783 1029/1029/785 1035/1035/664
f 1034/1034/724 1036/1036/787 1030/1030/786
f 1030/1030/786 1036/1036/787 1028/1028/784
f 1034/1034/724 1037/1037/726 1036/1036/787
f 1037/1037/726 1038/1038/788 1036/1036/787
f 1039/1039/728 1038/1038/788 1037/1037/726
f 1036/1036/787 1040/1040/789 1028/1028/784
f 1036/1036/787 1038/1038/788 1040/1040/789
f 1039/1039/728 1041/1041/790 1038/1038/788
f 1042/1042/731 1041/1041/790 1039/1039/728
f 1043/1043/791 1041/1041/790 1042/1042/731
f 1041/1041/790 1044/1044/792 1038/1038/788
f 1045/1045/793 1038/1038/788 1044/1044/792
f 1038/1038/788 1045/1045/793 1040/1040/789
f 1044/1044/792 1046/1046/794 1045/1045/793
f 1045/1045/793 1046/1046/794 1047/1047/795
f 1047/1047/795 1048/1048/747 1045/1045/793
f 1048/1048/747 1047/1047/795 1049/1049/750
f 1045/1045/793 1048/1048/747 1050/1050/745
f 1040/1040/789 1045/1045/793 1051/1051/796
f 1045/1045/793 1050/1050/745 1051/1051/796
f 1028/1028/784 1040/1040/789 1051/1051/796
f 1051/1051/796 1050/1050/745 1052/1052/743
f 1028/1028/784 1051/1051/796 1029/1029/785
f 1029/1029/785 1051/1051/796 1052/1052/743
f 1029/1029/785 1052/1052/743 1053/1053/742
f 1029/1029/785 1053/1053/742 1054/1054/735
f 1029/1029/785 1054/1054/735 1035/1035/664
f 1035/1035/664 1054/1054/735 1055/1055/734
f 1035/1035/664 1055/1055/734 1056/1056/662
f 1056/1056/662 1055/1055/734 1057/1057/558
f 1057/1057/558 1058/1058/663 1056/1056/662
f 1059/1059/557 1058/1058/663 1057/1057/558
f 1060/1060/427 1061/1061/523 1062/1062/524
f 1063/1063/757 1064/1064/698 1065/1065/697
f 1066/1066/700 1064/1064/698 1063/1063/757
f 1066/1066/700 1063/1063/757 1067/1067/797
f 1067/1067/797 1068/1068/702 1066/1066/700
f 1069/1069/758 1067/1067/797 1063/1063/757
f 1067/1067/797 1070/1070/703 1068/1068/702
f 1071/1071/798 1067/1067/797 1069/1069/758
f 1072/1072/799 1070/1070/703 1067/1067/797
f 1071/1071/798 1072/1072/799 1067/1067/797
f 1073/1073/762 1071/1071/798 1069/1069/758
f 1072/1072/799 1074/1074/800 1070/1070/703
f 1074/1074/800 1075/1075/706 1070/1070/703
f 1076/1076/801 1074/1074/800 1072/1072/799
f 1077/1077/802 1074/1074/800 1076/1076/801
f 1078/1078/803 1072/1072/799 1071/1071/798
f 1079/1079/804 1071/1071/798 1073/1073/762
f 1079/1079/804 1078/1078/803 1071/1071/798
f 1080/1080/805 1079/1079/804 1073/1073/762
f 1081/1081/764 1080/1080/805 1073/1073/762
f 1082/1082/806 1079/1079/804 1080/1080/805
f 1082/1082/806 1078/1078/803 1079/1079/804
f 1078/1078/803 1083/1083/807 1072/1072/799
f 1076/1076/801 1072/1072/799 1083/1083/807
f 1076/1076/801 1083/1083/807 1078/1078/803
f 1082/1082/806 1084/1084/808 1078/1078/803
f 1084/1084/808 1076/1076/801 1078/1078/803
f 1085/1085/809 1084/1084/808 1082/1082/806
f 1086/1086/810 1076/1076/801 1084/1084/808
f 1085/1085/809 1086/1086/810 1084/1084/808
f 1086/1086/810 1077/1077/802 1076/1076/801
f 1087/1087/811 1086/1086/810 1085/1085/809
f 1086/1086/810 1088/1088/812 1077/1077/802
f 1089/1089/813 1088/1088/812 1086/1086/810
f 1090/1090/228 1091/1091/814 1092/1092/815
f 1093/1093/227 1090/1090/228 1092/1092/815
f 1094/1094/394 1091/1091/814 1090/1090/228
f 1095/1095/391 1094/1094/394 1090/1090/228
f 1093/1093/227 1096/1096/816 1097/1097/230
f 1093/1093/227 1098/1098/817 1096/1096/816
f 1092/1092/815 1098/1098/817 1093/1093/227
f 1098/1098/817 1099/1099/818 1096/1096/816
f 1092/1092/815 1100/1100/768 1098/1098/817
f 1100/1100/768 1099/1099/818 1098/1098/817
f 1092/1092/815 1091/1091/814 1100/1100/768
f 1101/1101/771 1099/1099/818 1100/1100/768
f 1101/1101/771 1102/1102/772 1099/1099/818
f 1091/1091/814 1103/1103/819 1100/1100/768
f 1100/1100/768 1103/1103/819 1104/1104/767
f 1105/1105/820 1091/1091/814 1094/1094/394
f 1106/1106/590 1105/1105/820 1094/1094/394
f 1106/1106/590 1091/1091/814 1105/1105/820
f 1107/1107/395 1106/1106/590 1094/1094/394
f 1091/1091/814 1108/1108/821 1103/1103/819
f 1106/1106/590 1108/1108/821 1091/1091/814
f 1109/1109/822 1104/1104/767 1103/1103/819
f 1103/1103/819 1108/1108/821 1109/1109/822
f 1109/1109/822 1110/1110/766 1104/1104/767
f 1110/1110/766 1111/1111/764 1112/1112/763
f 1113/1113/805 1111/1111/764 1110/1110/766
f 1113/1113/805 1110/1110/766 1109/1109/822
f 1108/1108/821 1113/1113/805 1109/1109/822
f 1106/1106/590 1114/1114/823 1108/1108/821
f 1114/1114/823 1113/1113/805 1108/1108/821
f 1114/1114/823 1115/1115/806 1113/1113/805
f 1116/1116/591 1114/1114/823 1106/1106/590
f 1114/1114/823 1117/1117/809 1115/1115/806
f 1118/1118/824 1119/1119/811 1117/1117/809
f 1118/1118/824 1117/1117/809 1114/1114/823
f 1120/1120/825 1118/1118/824 1114/1114/823
f 1121/1121/826 1118/1118/824 1120/1120/825
f 1122/1122/827 1120/1120/825 1114/1114/823
f 1121/1121/826 1120/1120/825 1122/1122/827
f 1116/1116/591 1123/1123/828 1114/1114/823
f 1114/1114/823 1123/1123/828 1122/1122/827
f 1123/1123/828 1121/1121/826 1122/1122/827
f 1124/1124/592 1123/1123/828 1116/1116/591
f 1124/1124/592 1121/1121/826 1123/1123/828
f 1125/1125/594 1121/1121/826 1124/1124/592
f 1125/1125/594 1126/1126/596 1121/1121/826
f 1127/1127/49 1128/1128/72 1129/1129/47
f 1130/1130/71 1128/1128/72 1127/1127/49
f 1128/1128/72 1131/1131/50 1129/1129/47
f 1128/1128/72 1132/1132/58 1131/1131/50
f 1132/1132/58 1133/1133/56 1131/1131/50
f 1131/1131/50 1133/1133/56 1134/1134/55
f 1131/1131/50 1134/1134/55 1135/1135/43
f 1129/1129/47 1131/1131/50 1136/1136/52
f 1129/1129/47 1136/1136/52 1137/1137/45
f 1137/1137/45 1136/1136/52 1138/1138/44
f 1139/1139/125 1140/1140/829 1141/1141/126
f 1142/1142/124 1140/1140/829 1139/1139/125
f 1140/1140/829 1143/1143/830 1141/1141/126
f 1144/1144/127 1141/1141/126 1145/1145/128
f 1141/1141/126 1143/1143/830 1145/1145/128
f 1140/1140/829 1146/1146/831 1143/1143/830
f 1147/1147/832 1146/1146/831 1140/1140/829
f 1148/1148/833 1146/1146/831 1147/1147/832
f 1148/1148/833 1149/1149/834 1146/1146/831
f 1146/1146/831 1149/1149/834 1143/1143/830
f 1148/1148/833 1150/1150/835 1149/1149/834
f 1143/1143/830 1149/1149/834 1151/1151/836
f 1149/1149/834 1152/1152/837 1151/1151/836
f 1152/1152/837 1153/1153/838 1151/1151/836
f 1151/1151/836 1153/1153/838 1154/1154/839
f 1143/1143/830 1151/1151/836 1155/1155/840
f 1151/1151/836 1154/1154/839 1155/1155/840
f 1145/1145/128 1143/1143/830 1155/1155/840
f 1154/1154/839 1156/1156/841 1155/1155/840
f 1156/1156/841 1157/1157/842 1158/1158/619
f 1155/1155/840 1156/1156/841 1158/1158/619
f 1155/1155/840 1158/1158/619 1159/1159/603
f 1155/1155/840 1159/1159/603 1160/1160/601
f 1155/1155/840 1160/1160/601 1161/1161/599
f 1161/1161/599 1145/1145/128 1155/1155/840
f 1145/1145/128 1161/1161/599 1162/1162/130
f 1162/1162/130 1161/1161/599 1163/1163/131
f 1164/1164/637 1165/1165/843 1166/1166/638
f 1167/1167/303 1166/1166/638 1168/1168/304
f 1166/1166/638 1169/1169/305 1168/1168/304
f 1165/1165/843 1169/1169/305 1166/1166/638
f 1170/1170/844 1165/1165/843 1164/1164/637
f 1170/1170/844 1164/1164/637 1171/1171/636
f 1172/1172/611 1173/1173/612 1171/1171/636
f 1173/1173/612 1174/1174/614 1171/1171/636
f 1174/1174/614 1170/1170/844 1171/1171/636
f 1175/1175/613 1176/1176/845 1174/1174/614
f 1174/1174/614 1176/1176/845 1170/1170/844
f 1176/1176/845 1177/1177/846 1170/1170/844
f 1176/1176/845 1178/1178/847 1177/1177/846
f 1178/1178/847 1179/1179/848 1177/1177/846
f 1170/1170/844 1177/1177/846 1180/1180/849
f 1170/1170/844 1180/1180/849 1181/1181/850
f 1170/1170/844 1181/1181/850 1165/1165/843
f 1177/1177/846 1182/1182/851 1180/1180/849
f 1180/1180/849 1182/1182/851 1181/1181/850
f 1183/1183/852 1177/1177/846 1179/1179/848
f 1183/1183/852 1182/1182/851 1177/1177/846
f 1184/1184/853 1183/1183/852 1179/1179/848
f 1185/1185/854 1184/1184/853 1179/1179/848
f 1186/1186/109 1184/1184/853 1185/1185/854
f 1184/1184/853 1187/1187/855 1183/1183/852
f 1183/1183/852 1187/1187/855 1182/1182/851
f 1184/1184/853 1188/1188/856 1187/1187/855
f 1188/1188/856 1189/1189/857 1187/1187/855
f 1190/1190/858 1189/1189/857 1188/1188/856
f 1191/1191/859 1190/1190/858 1188/1188/856
f 1189/1189/857 1192/1192/860 1187/1187/855
f 1187/1187/855 1192/1192/860 1182/1182/851
f 1189/1189/857 1190/1190/858 1192/1192/860
f 1193/1193/861 1190/1190/858 1191/1191/859
f 1194/1194/862 1190/1190/858 1193/1193/861
f 1194/1194/862 1195/1195/863 1190/1190/858
f 1190/1190/858 1195/1195/863 1192/1192/860
f 1196/1196/864 1195/1195/863 1194/1194/862
f 1197/1197/865 1196/1196/864 1194/1194/862
f 1198/1198/866 1197/1197/865 1194/1194/862
f 1195/1195/863 1199/1199/867 1192/1192/860
f 1182/1182/851 1192/1192/860 1200/1200/868
f 1182/1182/851 1200/1200/868 1181/1181/850
f 1192/1192/860 1201/1201/869 1200/1200/868
f 1192/1192/860 1199/1199/867 1201/1201/869
f 1200/1200/868 1202/1202/870 1181/1181/850
f 1202/1202/870 1200/1200/868 1201/1201/869
f 1201/1201/869 1199/1199/867 1202/1202/870
f 1181/1181/850 1202/1202/870 1165/1165/843
f 1202/1202/870 1169/1169/305 1165/1165/843
f 1202/1202/870 1199/1199/867 1169/1169/305
f 1199/1199/867 1203/1203/871 1169/1169/305
f 1199/1199/867 1204/1204/872 1203/1203/871
f 1203/1203/871 1204/1204/872 1205/1205/873
f 1203/1203/871 1206/1206/874 1169/1169/305
f 1206/1206/874 1207/1207/307 1169/1169/305
f 1208/1208/44 1209/1209/51 1210/1210/39
f 1211/1211/621 1212/1212/875 1213/1213/69
f 1213/1213/69 1212/1212/875 1214/1214/67
f 1211/1211/621 1215/1215/622 1212/1212/875
f 1214/1214/67 1212/1212/875 1216/1216/66
f 1212/1212/875 1217/1217/876 1216/1216/66
f 1216/1216/66 1217/1217/876 1218/1218/65
f 1218/1218/65 1217/1217/876 1219/1219/63
f 1212/1212/875 1220/1220/877 1217/1217/876
f 1215/1215/622 1220/1220/877 1212/1212/875
f 1217/1217/876 1221/1221/878 1219/1219/63
f 1220/1220/877 1221/1221/878 1217/1217/876
f 1219/1219/63 1221/1221/878 1222/1222/61
f 1221/1221/878 1223/1223/62 1222/1222/61
f 1223/1223/62 1221/1221/878 1224/1224/107
f 1221/1221/878 1225/1225/853 1224/1224/107
f 1224/1224/107 1225/1225/853 1226/1226/109
f 1221/1221/878 1227/1227/856 1225/1225/853
f 1228/1228/879 1227/1227/856 1221/1221/878
f 1220/1220/877 1228/1228/879 1221/1221/878
f 1228/1228/879 1229/1229/859 1227/1227/856
f 1230/1230/880 1229/1229/859 1228/1228/879
f 1220/1220/877 1230/1230/880 1228/1228/879
f 1230/1230/880 1231/1231/861 1229/1229/859
f 1230/1230/880 1232/1232/862 1231/1231/861
f 1232/1232/862 1233/1233/881 1234/1234/866
f 1230/1230/880 1233/1233/881 1232/1232/862
f 1235/1235/882 1230/1230/880 1220/1220/877
f 1236/1236/883 1233/1233/881 1230/1230/880
f 1236/1236/883 1237/1237/884 1233/1233/881
f 1238/1238/885 1237/1237/884 1236/1236/883
f 1239/1239/886 1230/1230/880 1235/1235/882
f 1239/1239/886 1235/1235/882 1220/1220/877
f 1240/1240/887 1238/1238/885 1236/1236/883
f 1241/1241/888 1236/1236/883 1230/1230/880
f 1241/1241/888 1230/1230/880 1239/1239/886
f 1241/1241/888 1240/1240/887 1236/1236/883
f 1242/1242/889 1239/1239/886 1220/1220/877
f 1242/1242/889 1241/1241/888 1239/1239/886
f 1215/1215/622 1242/1242/889 1220/1220/877
f 1242/1242/889 1215/1215/622 1243/1243/625
f 1244/1244/627 1242/1242/889 1243/1243/625
f 1244/1244/627 1241/1241/888 1242/1242/889
f 1244/1244/627 1240/1240/887 1241/1241/888
f 1245/1245/154 1240/1240/887 1244/1244/627
f 1245/1245/154 1246/1246/152 1240/1240/887
f 1247/1247/890 1238/1238/885 1240/1240/887
f 1246/1246/152 1247/1247/890 1240/1240/887
f 1248/1248/891 1247/1247/890 1246/1246/152
f 1249/1249/892 1247/1247/890 1248/1248/891
f 1250/1250/157 1248/1248/891 1246/1246/152
f 1251/1251/816 1252/1252/231 1253/1253/230
f 1251/1251/816 1254/1254/234 1252/1252/231
f 1251/1251/816 1255/1255/893 1254/1254/234
f 1251/1251/816 1256/1256/894 1255/1255/893
f 1255/1255/893 1257/1257/895 1254/1254/234
f 1258/1258/896 1256/1256/894 1251/1251/816
f 1256/1256/894 1258/1258/896 1255/1255/893
f 1258/1258/896 1257/1257/895 1255/1255/893
f 1259/1259/818 1258/1258/896 1251/1251/816
f 1254/1254/234 1257/1257/895 1260/1260/235
f 1259/1259/818 1261/1261/897 1258/1258/896
f 1262/1262/772 1261/1261/897 1259/1259/818
f 1258/1258/896 1263/1263/898 1257/1257/895
f 1264/1264/773 1261/1261/897 1262/1262/772
f 1265/1265/899 1263/1263/898 1258/1258/896
f 1261/1261/897 1265/1265/899 1258/1258/896
f 1263/1263/898 1266/1266/900 1257/1257/895
f 1265/1265/899 1266/1266/900 1263/1263/898
f 1261/1261/897 1267/1267/901 1265/1265/899
f 1264/1264/773 1267/1267/901 1261/1261/897
f 1267/1267/901 1268/1268/902 1265/1265/899
f 1265/1265/899 1268/1268/902 1266/1266/900
f 1269/1269/903 1268/1268/902 1267/1267/901
f 1264/1264/773 1269/1269/903 1267/1267/901
f 1268/1268/902 1270/1270/904 1266/1266/900
f 1264/1264/773 1271/1271/778 1269/1269/903
f 1272/1272/905 1269/1269/903 1271/1271/778
f 1273/1273/777 1271/1271/778 1264/1264/773
f 1266/1266/900 1270/1270/904 1274/1274/906
f 1270/1270/904 1275/1275/907 1274/1274/906
f 1274/1274/906 1275/1275/907 1276/1276/908
f 1275/1275/907 1277/1277/909 1276/1276/908
f 1274/1274/906 1276/1276/908 1278/1278/910
f 1266/1266/900 1274/1274/906 1279/1279/911
f 1274/1274/906 1278/1278/910 1279/1279/911
f 1257/1257/895 1266/1266/900 1279/1279/911
f 1279/1279/911 1278/1278/910 1280/1280/912
f 1257/1257/895 1279/1279/911 1260/1260/235
f 1279/1279/911 1280/1280/912 1281/1281/337
f 1281/1281/337 1280/1280/912 1282/1282/913
f 1281/1281/337 1282/1282/913 1283/1283/338
f 1279/1279/911 1281/1281/337 1284/1284/336
f 1260/1260/235 1279/1279/911 1284/1284/336
f 1285/1285/237 1260/1260/235 1284/1284/336
f 1286/1286/156 1287/1287/155 1288/1288/892
f 1286/1286/156 1288/1288/892 1289/1289/157
f 1289/1289/157 1288/1288/892 1290/1290/891
f 1287/1287/155 1291/1291/914 1288/1288/892
f 1288/1288/892 1291/1291/914 1292/1292/915
f 1288/1288/892 1292/1292/915 1293/1293/890
f 1292/1292/915 1294/1294/916 1293/1293/890
f 1292/1292/915 1291/1291/914 1294/1294/916
f 1293/1293/890 1294/1294/916 1295/1295/885
f 1295/1295/885 1296/1296/917 1297/1297/884
f 1294/1294/916 1296/1296/917 1295/1295/885
f 1294/1294/916 1298/1298/918 1296/1296/917
f 1294/1294/916 1299/1299/919 1298/1298/918
f 1294/1294/916 1300/1300/920 1299/1299/919
f 1291/1291/914 1300/1300/920 1294/1294/916
f 1300/1300/920 1301/1301/921 1299/1299/919
f 1302/1302/922 1301/1301/921 1300/1300/920
f 1302/1302/922 1303/1303/923 1301/1301/921
f 1304/1304/924 1300/1300/920 1291/1291/914
f 1304/1304/924 1302/1302/922 1300/1300/920
f 1305/1305/925 1304/1304/924 1291/1291/914
f 1305/1305/925 1291/1291/914 1306/1306/926
f 1306/1306/926 1291/1291/914 1287/1287/155
f 1307/1307/158 1306/1306/926 1287/1287/155
f 1308/1308/160 1306/1306/926 1307/1307/158
f 1308/1308/160 1309/1309/927 1306/1306/926
f 1308/1308/160 1310/1310/162 1309/1309/927
f 1309/1309/927 1311/1311/928 1306/1306/926
f 1310/1310/162 1311/1311/928 1309/1309/927
f 1306/1306/926 1312/1312/929 1305/1305/925
f 1305/1305/925 1312/1312/929 1304/1304/924
f 1311/1311/928 1312/1312/929 1306/1306/926
f 1304/1304/924 1312/1312/929 1313/1313/930
f 1313/1313/930 1302/1302/922 1304/1304/924
f 1314/1314/931 1313/1313/930 1312/1312/929
f 1313/1313/930 1314/1314/931 1302/1302/922
f 1311/1311/928 1314/1314/931 1312/1312/929
f 1315/1315/932 1311/1311/928 1310/1310/162
f 1316/1316/164 1315/1315/932 1310/1310/162
f 1317/1317/933 1314/1314/931 1311/1311/928
f 1315/1315/932 1317/1317/933 1311/1311/928
f 1318/1318/488 1315/1315/932 1316/1316/164
f 1319/1319/486 1318/1318/488 1316/1316/164
f 1320/1320/174 1319/1319/486 1316/1316/164
f 1319/1319/486 1321/1321/485 1318/1318/488
f 1318/1318/488 1322/1322/489 1315/1315/932
f 1322/1322/489 1323/1323/934 1315/1315/932
f 1323/1323/934 1317/1317/933 1315/1315/932
f 1322/1322/489 1324/1324/490 1323/1323/934
f 1323/1323/934 1324/1324/490 1325/1325/494
f 1325/1325/494 1326/1326/497 1327/1327/464
f 1325/1325/494 1327/1327/464 1323/1323/934
f 1327/1327/464 1328/1328/462 1323/1323/934
f 1323/1323/934 1328/1328/462 1329/1329/456
f 1323/1323/934 1330/1330/935 1317/1317/933
f 1323/1323/934 1329/1329/456 1330/1330/935
f 1329/1329/456 1331/1331/455 1332/1332/936
f 1330/1330/935 1329/1329/456 1332/1332/936
f 1330/1330/935 1332/1332/936 1333/1333/937
f 1330/1330/935 1334/1334/938 1317/1317/933
f 1317/1317/933 1334/1334/938 1314/1314/931
f 1314/1314/931 1334/1334/938 1302/1302/922
f 1333/1333/937 1335/1335/939 1330/1330/935
f 1335/1335/939 1334/1334/938 1330/1330/935
f 1333/1333/937 1336/1336/940 1335/1335/939
f 1302/1302/922 1334/1334/938 1337/1337/941
f 1335/1335/939 1337/1337/941 1334/1334/938
f 1337/1337/941 1335/1335/939 1336/1336/940
f 1302/1302/922 1337/1337/941 1303/1303/923
f 1337/1337/941 1336/1336/940 1338/1338/942
f 1337/1337/941 1338/1338/942 1303/1303/923
f 1339/1339/520 1340/1340/518 1341/1341/516
f 1342/1342/518 1343/1343/585 1344/1344/517
f 1342/1342/518 1345/1345/583 1343/1343/585
f 1346/1346/513 1344/1344/517 1343/1343/585
f 1343/1343/585 1347/1347/586 1346/1346/513
f 1347/1347/586 1348/1348/943 1346/1346/513
f 1348/1348/943 1349/1349/514 1346/1346/513
f 1350/1350/323 1351/1351/318 1352/1352/944
f 1352/1352/944 1353/1353/945 1350/1350/323
f 1351/1351/318 1354/1354/946 1352/1352/944
f 1353/1353/945 1355/1355/439 1350/1350/323
f 1350/1350/323 1355/1355/439 1356/1356/326
f 1353/1353/945 1357/1357/441 1355/1355/439
f 1358/1358/947 1354/1354/946 1351/1351/318
f 1359/1359/313 1358/1358/947 1351/1351/318
f 1360/1360/948 1354/1354/946 1358/1358/947
f 1360/1360/948 1358/1358/947 1359/1359/313
f 1360/1360/948 1359/1359/313 1361/1361/312
f 1360/1360/948 1362/1362/949 1354/1354/946
f 1363/1363/950 1362/1362/949 1360/1360/948
f 1364/1364/951 1363/1363/950 1360/1360/948
f 1365/1365/659 1366/1366/562 1367/1367/656
f 1368/1368/563 1366/1366/562 1365/1365/659
f 1367/1367/656 1369/1369/952 1370/1370/657
f 1367/1367/656 1371/1371/953 1369/1369/952
f 1371/1371/953 1367/1367/656 1372/1372/954
f 1373/1373/955 1372/1372/954 1367/1367/656
f 1366/1366/562 1374/1374/956 1367/1367/656
f 1367/1367/656 1374/1374/956 1373/1373/955
f 1375/1375/957 1374/1374/956 1366/1366/562
f 1375/1375/957 1366/1366/562 1376/1376/566
f 1375/1375/957 1377/1377/958 1374/1374/956
f 1374/1374/956 1377/1377/958 1378/1378/959
f 1374/1374/956 1378/1378/959 1373/1373/955
f 1377/1377/958 1379/1379/960 1378/1378/959
f 1378/1378/959 1380/1380/961 1373/1373/955
f 1373/1373/955 1380/1380/961 1381/1381/962
f 1382/1382/963 1380/1380/961 1378/1378/959
f 1379/1379/960 1382/1382/963 1378/1378/959
f 1382/1382/963 1383/1383/964 1380/1380/961
f 1379/1379/960 1384/1384/965 1382/1382/963
f 1385/1385/966 1384/1384/965 1379/1379/960
f 1382/1382/963 1386/1386/967 1383/1383/964
f 1383/1383/964 1386/1386/967 1387/1387/968
f 1387/1387/968 1386/1386/967 1388/1388/969
f 1382/1382/963 1389/1389/970 1386/1386/967
f 1384/1384/965 1389/1389/970 1382/1382/963
f 1390/1390/971 1389/1389/970 1384/1384/965
f 1390/1390/971 1391/1391/972 1389/1389/970
f 1392/1392/565 1393/1393/957 1394/1394/566
f 1392/1392/565 1395/1395/973 1393/1393/957
f 1396/1396/974 1395/1395/973 1392/1392/565
f 1397/1397/568 1396/1396/974 1392/1392/565
f 1395/1395/973 1398/1398/975 1393/1393/957
f 1393/1393/957 1398/1398/975 1399/1399/958
f 1395/1395/973 1396/1396/974 1400/1400/976
f 1400/1400/976 1398/1398/975 1395/1395/973
f 1401/1401/977 1396/1396/974 1397/1397/568
f 1401/1401/977 1400/1400/976 1396/1396/974
f 1402/1402/570 1401/1401/977 1397/1397/568
f 1399/1399/958 1403/1403/966 1404/1404/960
f 1405/1405/978 1403/1403/966 1399/1399/958
f 1398/1398/975 1405/1405/978 1399/1399/958
f 1398/1398/975 1406/1406/979 1405/1405/978
f 1407/1407/428 1408/1408/431 1402/1402/570
f 1408/1408/431 1409/1409/432 1402/1402/570
f 1409/1409/432 1401/1401/977 1402/1402/570
f 1410/1410/980 1406/1406/979 1398/1398/975
f 1411/1411/981 1406/1406/979 1410/1410/980
f 1410/1410/980 1412/1412/982 1411/1411/981
f 1413/1413/983 1410/1410/980 1398/1398/975
f 1414/1414/984 1412/1412/982 1410/1410/980
f 1414/1414/984 1415/1415/985 1412/1412/982
f 1413/1413/983 1414/1414/984 1410/1410/980
f 1400/1400/976 1413/1413/983 1398/1398/975
f 1416/1416/986 1414/1414/984 1413/1413/983
f 1417/1417/987 1414/1414/984 1416/1416/986
f 1418/1418/988 1413/1413/983 1400/1400/976
f 1418/1418/988 1400/1400/976 1401/1401/977
f 1409/1409/432 1418/1418/988 1401/1401/977
f 1419/1419/989 1416/1416/986 1413/1413/983
f 1419/1419/989 1417/1417/987 1416/1416/986
f 1419/1419/989 1413/1413/983 1418/1418/988
f 1420/1420/990 1417/1417/987 1419/1419/989
f 1409/1409/432 1421/1421/991 1418/1418/988
f 1421/1421/991 1419/1419/989 1418/1418/988
f 1421/1421/991 1420/1420/990 1419/1419/989
f 1409/1409/432 1422/1422/435 1421/1421/991
f 1423/1423/446 1421/1421/991 1422/1422/435
f 1423/1423/446 1420/1420/990 1421/1421/991
f 1424/1424/445 1420/1420/990 1423/1423/446
f 1425/1425/453 1420/1420/990 1424/1424/445
f 1426/1426/679 1427/1427/661 1428/1428/992
f 1427/1427/661 1429/1429/993 1428/1428/992
f 1428/1428/992 1429/1429/993 1430/1430/994
f 1431/1431/995 1429/1429/993 1427/1427/661
f 1432/1432/996 1431/1431/995 1427/1427/661
f 1433/1433/997 1431/1431/995 1432/1432/996
f 1434/1434/655 1432/1432/996 1427/1427/661
f 1435/1435/998 1433/1433/997 1432/1432/996
f 1434/1434/655 1436/1436/654 1432/1432/996
f 1437/1437/999 1435/1435/998 1432/1432/996
f 1436/1436/654 1438/1438/952 1432/1432/996
f 1438/1438/952 1437/1437/999 1432/1432/996
f 1439/1439/657 1438/1438/952 1436/1436/654
f 1438/1438/952 1440/1440/953 1437/1437/999
f 1441/1441/586 1442/1442/584 1443/1443/943
f 1442/1442/584 1444/1444/511 1443/1443/943
f 1445/1445/514 1443/1443/943 1444/1444/511
f 1445/1445/514 1444/1444/511 1446/1446/509
f 1442/1442/584 1447/1447/1000 1444/1444/511
f 1444/1444/511 1447/1447/1000 1448/1448/1001
f 1448/1448/1001 1449/1449/472 1450/1450/474
f 1448/1448/1001 1451/1451/469 1449/1449/472
f 1448/1448/1001 1447/1447/1000 1451/1451/469
f 1452/1452/1002 1447/1447/1000 1442/1442/584
f 1453/1453/580 1452/1452/1002 1442/1442/584
f 1447/1447/1000 1454/1454/1003 1451/1451/469
f 1451/1451/469 1454/1454/1003 1455/1455/465
f 1456/1456/582 1457/1457/688 1453/1453/580
f 1457/1457/688 1452/1452/1002 1453/1453/580
f 1457/1457/688 1458/1458/693 1452/1452/1002
f 1455/1455/465 1454/1454/1003 1459/1459/1004
f 1447/1447/1000 1460/1460/1005 1454/1454/1003
f 1454/1454/1003 1460/1460/1005 1459/1459/1004
f 1461/1461/1006 1447/1447/1000 1452/1452/1002
f 1447/1447/1000 1461/1461/1006 1460/1460/1005
f 1458/1458/693 1462/1462/1007 1452/1452/1002
f 1462/1462/1007 1461/1461/1006 1452/1452/1002
f 1458/1458/693 1463/1463/1008 1462/1462/1007
f 1464/1464/694 1463/1463/1008 1458/1458/693
f 1463/1463/1008 1465/1465/1009 1462/1462/1007
f 1462/1462/1007 1465/1465/1009 1461/1461/1006
f 1465/1465/1009 1463/1463/1008 1466/1466/1010
f 1461/1461/1006 1467/1467/1011 1460/1460/1005
f 1465/1465/1009 1467/1467/1011 1461/1461/1006
f 1465/1465/1009 1466/1466/1010 1467/1467/1011
f 1460/1460/1005 1467/1467/1011 1459/1459/1004
f 1467/1467/1011 1466/1466/1010 1468/1468/1012
f 1468/1468/1012 1466/1466/1010 1469/1469/1013
f 1468/1468/1012 1469/1469/1013 1470/1470/1014
f 1467/1467/1011 1468/1468/1012 1470/1470/1014
f 1459/1459/1004 1467/1467/1011 1471/1471/1015
f 1467/1467/1011 1470/1470/1014 1472/1472/987
f 1471/1471/1015 1467/1467/1011 1472/1472/987
f 1472/1472/987 1470/1470/1014 1473/1473/1016
f 1472/1472/987 1473/1473/1016 1474/1474/984
f 1474/1474/984 1473/1473/1016 1475/1475/985
f 1476/1476/990 1471/1471/1015 1472/1472/987
f 1476/1476/990 1459/1459/1004 1471/1471/1015
f 1477/1477/1017 1459/1459/1004 1476/1476/990
f 1455/1455/465 1459/1459/1004 1477/1477/1017
f 1455/1455/465 1477/1477/1017 1478/1478/466
f 1478/1478/466 1477/1477/1017 1479/1479/452
f 1479/1479/452 1477/1477/1017 1476/1476/990
f 1480/1480/453 1479/1479/452 1476/1476/990
f 1481/1481/776 1482/1482/905 1483/1483/778
f 1481/1481/776 1484/1484/903 1482/1482/905
f 1481/1481/776 1485/1485/1018 1484/1484/903
f 1484/1484/903 1485/1485/1018 1486/1486/902
f 1487/1487/779 1485/1485/1018 1481/1481/776
f 1485/1485/1018 1488/1488/1019 1486/1486/902
f 1486/1486/902 1488/1488/1019 1489/1489/904
f 1490/1490/1020 1485/1485/1018 1487/1487/779
f 1491/1491/1021 1488/1488/1019 1485/1485/1018
f 1488/1488/1019 1491/1491/1021 1489/1489/904
f 1490/1490/1020 1491/1491/1021 1485/1485/1018
f 1492/1492/780 1490/1490/1020 1487/1487/779
f 1492/1492/780 1493/1493/1022 1490/1490/1020
f 1493/1493/1022 1494/1494/1023 1490/1490/1020
f 1490/1490/1020 1494/1494/1023 1491/1491/1021
f 1495/1495/1024 1493/1493/1022 1492/1492/780
f 1495/1495/1024 1494/1494/1023 1493/1493/1022
f 1496/1496/781 1495/1495/1024 1492/1492/780
f 1497/1497/679 1498/1498/992 1496/1496/781
f 1498/1498/992 1495/1495/1024 1496/1496/781
f 1499/1499/1025 1495/1495/1024 1498/1498/992
f 1500/1500/994 1499/1499/1025 1498/1498/992
f 1499/1499/1025 1501/1501/1026 1495/1495/1024
f 1495/1495/1024 1501/1501/1026 1502/1502/1027
f 1495/1495/1024 1502/1502/1027 1494/1494/1023
f 1501/1501/1026 1503/1503/1028 1502/1502/1027
f 1503/1503/1028 1504/1504/1029 1502/1502/1027
f 1502/1502/1027 1504/1504/1029 1505/1505/1030
f 1502/1502/1027 1505/1505/1030 1494/1494/1023
f 1504/1504/1029 1506/1506/1031 1505/1505/1030
f 1506/1506/1031 1507/1507/1032 1505/1505/1030
f 1494/1494/1023 1505/1505/1030 1508/1508/1033
f 1494/1494/1023 1508/1508/1033 1509/1509/1034
f 1509/1509/1034 1508/1508/1033 1510/1510/1035
f 1491/1491/1021 1494/1494/1023 1509/1509/1034
f 1491/1491/1021 1509/1509/1034 1510/1510/1035
f 1491/1491/1021 1510/1510/1035 1511/1511/1036
f 1512/1512/1037 1511/1511/1036 1513/1513/1038
f 1514/1514/1039 1511/1511/1036 1512/1512/1037
f 1491/1491/1021 1511/1511/1036 1515/1515/1040
f 1514/1514/1039 1515/1515/1040 1511/1511/1036
f 1489/1489/904 1491/1491/1021 1515/1515/1040
f 1489/1489/904 1515/1515/1040 1516/1516/907
f 1516/1516/907 1515/1515/1040 1514/1514/1039
f 1516/1516/907 1514/1514/1039 1517/1517/909
f 1518/1518/795 1519/1519/751 1520/1520/750
f 1518/1518/795 1521/1521/752 1519/1519/751
f 1521/1521/752 1518/1518/795 1522/1522/1041
f 1518/1518/795 1523/1523/1042 1522/1522/1041
f 1524/1524/1043 1522/1522/1041 1523/1523/1042
f 1523/1523/1042 1525/1525/1044 1524/1524/1043
f 1526/1526/1045 1525/1525/1044 1523/1523/1042
f 1526/1526/1045 1527/1527/1046 1525/1525/1044
f 1518/1518/795 1528/1528/1047 1523/1523/1042
f 1528/1528/1047 1526/1526/1045 1523/1523/1042
f 1529/1529/1048 1527/1527/1046 1526/1526/1045
f 1529/1529/1048 1526/1526/1045 1528/1528/1047
f 1529/1529/1048 1530/1530/1049 1527/1527/1046
f 1518/1518/795 1531/1531/1050 1528/1528/1047
f 1532/1532/794 1531/1531/1050 1518/1518/795
f 1528/1528/1047 1533/1533/1051 1529/1529/1048
f 1531/1531/1050 1533/1533/1051 1528/1528/1047
f 1534/1534/1052 1530/1530/1049 1529/1529/1048
f 1535/1535/1053 1530/1530/1049 1534/1534/1052
f 1534/1534/1052 1529/1529/1048 1536/1536/1054
f 1535/1535/1053 1534/1534/1052 1536/1536/1054
f 1537/1537/970 1535/1535/1053 1536/1536/1054
f 1538/1538/972 1535/1535/1053 1537/1537/970
f 1537/1537/970 1536/1536/1054 1539/1539/967
f 1536/1536/1054 1529/1529/1048 1539/1539/967
f 1529/1529/1048 1533/1533/1051 1539/1539/967
f 1531/1531/1050 1540/1540/1055 1533/1533/1051
f 1541/1541/1056 1531/1531/1050 1532/1532/794
f 1542/1542/792 1541/1541/1056 1532/1532/794
f 1540/1540/1055 1531/1531/1050 1543/1543/1057
f 1541/1541/1056 1543/1543/1057 1531/1531/1050
f 1540/1540/1055 1544/1544/1058 1533/1533/1051
f 1544/1544/1058 1540/1540/1055 1543/1543/1057
f 1539/1539/967 1533/1533/1051 1545/1545/1059
f 1545/1545/1059 1533/1533/1051 1544/1544/1058
f 1539/1539/967 1545/1545/1059 1546/1546/1060
f 1545/1545/1059 1544/1544/1058 1547/1547/1061
f 1545/1545/1059 1547/1547/1061 1546/1546/1060
f 1547/1547/1061 1544/1544/1058 1548/1548/1062
f 1549/1549/1063 1539/1539/967 1546/1546/1060
f 1539/1539/967 1549/1549/1063 1550/1550/969
f 1549/1549/1063 1546/1546/1060 1551/1551/1064
f 1544/1544/1058 1552/1552/1065 1548/1548/1062
f 1544/1544/1058 1543/1543/1057 1552/1552/1065
f 1552/1552/1065 1543/1543/1057 1541/1541/1056
f 1548/1548/1062 1552/1552/1065 1553/1553/1066
f 1552/1552/1065 1541/1541/1056 1553/1553/1066
f 1553/1553/1066 1541/1541/1056 1554/1554/1067
f 1554/1554/1067 1541/1541/1056 1542/1542/792
f 1555/1555/1068 1553/1553/1066 1554/1554/1067
f 1554/1554/1067 1542/1542/792 1556/1556/790
f 1555/1555/1068 1554/1554/1067 1557/1557/1069
f 1557/1557/1069 1554/1554/1067 1556/1556/790
f 1558/1558/791 1557/1557/1069 1556/1556/790
f 1559/1559/748 1560/1560/1070 1561/1561/692
f 1562/1562/749 1560/1560/1070 1559/1559/748
f 1563/1563/752 1564/1564/1041 1562/1562/749
f 1564/1564/1041 1560/1560/1070 1562/1562/749
f 1564/1564/1041 1565/1565/1043 1560/1560/1070
f 1561/1561/692 1560/1560/1070 1566/1566/1071
f 1567/1567/691 1561/1561/692 1566/1566/1071
f 1567/1567/691 1566/1566/1071 1568/1568/1008
f 1567/1567/691 1568/1568/1008 1569/1569/695
f 1570/1570/694 1569/1569/695 1568/1568/1008
f 1566/1566/1071 1571/1571/1072 1568/1568/1008
f 1568/1568/1008 1571/1571/1072 1572/1572/1010
f 1566/1566/1071 1560/1560/1070 1573/1573/1073
f 1573/1573/1073 1571/1571/1072 1566/1566/1071
f 1560/1560/1070 1574/1574/1074 1573/1573/1073
f 1565/1565/1043 1574/1574/1074 1560/1560/1070
f 1573/1573/1073 1575/1575/1075 1571/1571/1072
f 1574/1574/1074 1575/1575/1075 1573/1573/1073
f 1571/1571/1072 1576/1576/1013 1572/1572/1010
f 1577/1577/1076 1574/1574/1074 1565/1565/1043
f 1565/1565/1043 1578/1578/1044 1577/1577/1076
f 1577/1577/1076 1578/1578/1044 1574/1574/1074
f 1578/1578/1044 1579/1579/1077 1574/1574/1074
f 1578/1578/1044 1580/1580/1046 1579/1579/1077
f 1574/1574/1074 1581/1581/1078 1575/1575/1075
f 1574/1574/1074 1579/1579/1077 1581/1581/1078
f 1580/1580/1046 1581/1581/1078 1579/1579/1077
f 1581/1581/1078 1571/1571/1072 1575/1575/1075
f 1582/1582/1049 1581/1581/1078 1580/1580/1046
f 1571/1571/1072 1581/1581/1078 1582/1582/1049
f 1571/1571/1072 1582/1582/1049 1583/1583/1053
f 1576/1576/1013 1571/1571/1072 1583/1583/1053
f 1576/1576/1079 1584/1584/1080 1571/1571/1081
f 1576/1576/1013 1583/1583/1053 1585/1585/971
f 1585/1585/971 1583/1583/1053 1586/1586/972
f 1587/1587/981 1576/1576/1013 1585/1585/971
f 1588/1588/1014 1576/1576/1013 1587/1587/981
f 1587/1587/981 1585/1585/971 1589/1589/979
f 1589/1589/979 1585/1585/971 1590/1590/965
f 1591/1591/978 1589/1589/979 1590/1590/965
f 1592/1592/966 1591/1591/978 1590/1590/965
f 1593/1593/985 1588/1588/1014 1587/1587/981
f 1594/1594/1016 1588/1588/1014 1593/1593/985
f 1595/1595/982 1593/1593/985 1587/1587/981
f 1596/1596/713 1597/1597/1082 1598/1598/727
f 1597/1597/1082 1599/1599/1083 1598/1598/727
f 1599/1599/1083 1600/1600/729 1598/1598/727
f 1601/1601/1084 1597/1597/1082 1596/1596/713
f 1601/1601/1084 1596/1596/713 1602/1602/709
f 1600/1600/729 1599/1599/1083 1603/1603/1069
f 1600/1600/729 1603/1603/1069 1604/1604/730
f 1604/1604/730 1603/1603/1069 1605/1605/791
f 1606/1606/1068 1603/1603/1069 1599/1599/1083
f 1599/1599/1083 1607/1607/1066 1606/1606/1068
f 1599/1599/1083 1608/1608/1062 1607/1607/1066
f 1609/1609/1085 1608/1608/1062 1599/1599/1083
f 1597/1597/1082 1609/1609/1085 1599/1599/1083
f 1610/1610/1086 1608/1608/1062 1609/1609/1085
f 1609/1609/1085 1597/1597/1082 1610/1610/1086
f 1611/1611/1060 1608/1608/1062 1610/1610/1086
f 1612/1612/1061 1608/1608/1062 1611/1611/1060
f 1597/1597/1082 1613/1613/1087 1610/1610/1086
f 1611/1611/1060 1610/1610/1086 1613/1613/1087
f 1614/1614/1064 1611/1611/1060 1615/1615/1088
f 1615/1615/1088 1611/1611/1060 1613/1613/1087
f 1616/1616/1089 1615/1615/1088 1617/1617/1090
f 1615/1615/1088 1613/1613/1087 1617/1617/1090
f 1597/1597/1082 1618/1618/1091 1613/1613/1087
f 1619/1619/1092 1618/1618/1091 1597/1597/1082
f 1613/1613/1087 1618/1618/1091 1620/1620/1093
f 1618/1618/1091 1619/1619/1092 1620/1620/1093
f 1601/1601/1084 1619/1619/1092 1597/1597/1082
f 1617/1617/1090 1613/1613/1087 1621/1621/1094
f 1613/1613/1087 1620/1620/1093 1621/1621/1094
f 1620/1620/1093 1619/1619/1092 1622/1622/1095
f 1622/1622/1095 1619/1619/1092 1601/1601/1084
f 1620/1620/1093 1622/1622/1095 1623/1623/1096
f 1623/1623/1096 1622/1622/1095 1601/1601/1084
f 1621/1621/1094 1620/1620/1093 1624/1624/1097
f 1624/1624/1097 1620/1620/1093 1623/1623/1096
f 1617/1617/1090 1621/1621/1094 1625/1625/1098
f 1625/1625/1098 1621/1621/1094 1624/1624/1097
f 1626/1626/1099 1617/1617/1090 1625/1625/1098
f 1626/1626/1099 1625/1625/1098 1627/1627/1100
f 1626/1626/1099 1627/1627/1100 1628/1628/1101
f 1625/1625/1098 1629/1629/1102 1627/1627/1100
f 1625/1625/1098 1624/1624/1097 1630/1630/1103
f 1625/1625/1098 1630/1630/1103 1629/1629/1102
f 1630/1630/1103 1624/1624/1097 1623/1623/1096
f 1629/1629/1102 1630/1630/1103 1631/1631/1104
f 1631/1631/1104 1630/1630/1103 1632/1632/1105
f 1630/1630/1103 1623/1623/1096 1632/1632/1105
f 1631/1631/1104 1632/1632/1105 1633/1633/1106
f 1632/1632/1105 1623/1623/1096 1634/1634/1107
f 1634/1634/1107 1623/1623/1096 1601/1601/1084
f 1633/1633/1106 1632/1632/1105 1635/1635/707
f 1635/1635/707 1632/1632/1105 1634/1634/1107
f 1634/1634/1107 1601/1601/1084 1635/1635/707
f 1636/1636/706 1633/1633/1106 1635/1635/707
f 1635/1635/707 1601/1601/1084 1602/1602/709
f 1637/1637/838 1638/1638/1108 1639/1639/839
f 1639/1639/839 1638/1638/1108 1640/1640/1109
f 1639/1639/839 1640/1640/1109 1641/1641/841
f 1640/1640/1109 1638/1638/1108 1642/1642/1110
f 1640/1640/1109 1642/1642/1110 1643/1643/101
f 1643/1643/101 1642/1642/1110 1644/1644/99
f 1644/1644/99 1642/1642/1110 1645/1645/1111
f 1645/1645/1111 1642/1642/1110 1646/1646/1112
f 1645/1645/1111 1647/1647/97 1644/1644/99
f 1640/1640/1109 1648/1648/1113 1641/1641/841
f 1643/1643/101 1649/1649/1114 1640/1640/1109
f 1640/1640/1109 1649/1649/1114 1648/1648/1113
f 1643/1643/101 1650/1650/102 1649/1649/1114
f 1641/1641/841 1648/1648/1113 1651/1651/842
f 1649/1649/1114 1652/1652/1115 1648/1648/1113
f 1650/1650/102 1653/1653/1116 1649/1649/1114
f 1653/1653/1116 1652/1652/1115 1649/1649/1114
f 1650/1650/102 1654/1654/104 1653/1653/1116
f 1653/1653/1116 1654/1654/104 1655/1655/105
f 1656/1656/1117 1652/1652/1115 1653/1653/1116
f 1652/1652/1115 1656/1656/1117 1648/1648/1113
f 1656/1656/1117 1653/1653/1116 1655/1655/105
f 1648/1648/1113 1656/1656/1117 1651/1651/842
f 1657/1657/619 1651/1651/842 1658/1658/617
f 1651/1651/842 1656/1656/1117 1658/1658/617
f 1658/1658/617 1656/1656/1117 1659/1659/618
f 1655/1655/105 1660/1660/1118 1656/1656/1117
f 1661/1661/106 1660/1660/1118 1655/1655/105
f 1661/1661/106 1662/1662/108 1660/1660/1118
f 1662/1662/108 1663/1663/854 1660/1660/1118
f 1662/1662/108 1664/1664/109 1663/1663/854
f 1660/1660/1118 1663/1663/854 1665/1665/848
f 1660/1660/1118 1666/1666/1119 1656/1656/1117
f 1660/1660/1118 1665/1665/848 1666/1666/1119
f 1656/1656/1117 1666/1666/1119 1667/1667/1120
f 1666/1666/1119 1665/1665/848 1667/1667/1120
f 1656/1656/1117 1667/1667/1120 1659/1659/618
f 1667/1667/1120 1665/1665/848 1668/1668/847
f 1659/1659/618 1667/1667/1120 1668/1668/847
f 1659/1659/618 1668/1668/847 1669/1669/615
f 1669/1669/615 1668/1668/847 1670/1670/845
f 1669/1669/615 1670/1670/845 1671/1671/613
f 1672/1672/946 1673/1673/1121 1674/1674/944
f 1674/1674/944 1673/1673/1121 1675/1675/945
f 1676/1676/949 1677/1677/1122 1672/1672/946
f 1672/1672/946 1677/1677/1122 1673/1673/1121
f 1677/1677/1122 1678/1678/1123 1673/1673/1121
f 1678/1678/1123 1679/1679/1124 1673/1673/1121
f 1673/1673/1121 1680/1680/442 1675/1675/945
f 1675/1675/945 1680/1680/442 1681/1681/441
f 1673/1673/1121 1679/1679/1124 1682/1682/1125
f 1682/1682/1125 1679/1679/1124 1683/1683/1126
f 1684/1684/1127 1682/1682/1125 1683/1683/1126
f 1673/1673/1121 1682/1682/1125 1685/1685/1128
f 1685/1685/1128 1680/1680/442 1673/1673/1121
f 1685/1685/1128 1686/1686/444 1680/1680/442
f 1687/1687/450 1686/1686/444 1685/1685/1128
f 1688/1688/953 1689/1689/954 1690/1690/999
f 1689/1689/954 1691/1691/1129 1690/1690/999
f 1690/1690/999 1691/1691/1129 1692/1692/998
f 1689/1689/954 1693/1693/955 1691/1691/1129
f 1692/1692/998 1694/1694/1130 1695/1695/997
f 1692/1692/998 1691/1691/1129 1694/1694/1130
f 1691/1691/1129 1696/1696/1131 1694/1694/1130
f 1691/1691/1129 1697/1697/1132 1696/1696/1131
f 1691/1691/1129 1698/1698/1133 1697/1697/1132
f 1699/1699/1134 1698/1698/1133 1691/1691/1129
f 1691/1691/1129 1693/1693/955 1699/1699/1134
f 1693/1693/955 1700/1700/1135 1699/1699/1134
f 1701/1701/962 1700/1700/1135 1693/1693/955
f 1701/1701/962 1702/1702/961 1700/1700/1135
f 1703/1703/511 1704/1704/1001 1705/1705/510
f 1704/1704/1001 1706/1706/474 1705/1705/510
f 1707/1707/835 1708/1708/1136 1709/1709/834
f 1710/1710/1137 1708/1708/1136 1707/1707/835
f 1711/1711/1138 1708/1708/1136 1710/1710/1137
f 1708/1708/1136 1712/1712/1139 1709/1709/834
f 1712/1712/1139 1713/1713/837 1709/1709/834
f 1711/1711/1138 1714/1714/1140 1708/1708/1136
f 1715/1715/1141 1714/1714/1140 1711/1711/1138
f 1716/1716/1142 1715/1715/1141 1711/1711/1138
f 1716/1716/1142 1714/1714/1140 1715/1715/1141
f 1717/1717/89 1716/1716/1142 1718/1718/90
f 1719/1719/91 1716/1716/1142 1717/1717/89
f 1719/1719/91 1714/1714/1140 1716/1716/1142
f 1719/1719/91 1720/1720/92 1714/1714/1140
f 1721/1721/93 1714/1714/1140 1720/1720/92
f 1714/1714/1140 1722/1722/1143 1708/1708/1136
f 1721/1721/93 1722/1722/1143 1714/1714/1140
f 1722/1722/1143 1723/1723/1144 1708/1708/1136
f 1721/1721/93 1723/1723/1144 1722/1722/1143
f 1708/1708/1136 1723/1723/1144 1712/1712/1139
f 1724/1724/95 1723/1723/1144 1721/1721/93
f 1724/1724/95 1725/1725/1145 1723/1723/1144
f 1712/1712/1139 1723/1723/1144 1725/1725/1145
f 1724/1724/95 1726/1726/96 1725/1725/1145
f 1725/1725/1145 1727/1727/1146 1712/1712/1139
f 1712/1712/1139 1727/1727/1146 1713/1713/837
f 1727/1727/1146 1728/1728/1108 1713/1713/837
f 1713/1713/837 1728/1728/1108 1729/1729/838
f 1727/1727/1146 1730/1730/1147 1728/1728/1108
f 1725/1725/1145 1730/1730/1147 1727/1727/1146
f 1728/1728/1108 1730/1730/1147 1731/1731/1110
f 1731/1731/1110 1730/1730/1147 1725/1725/1145
f 1725/1725/1145 1732/1732/1112 1731/1731/1110
f 1726/1726/96 1732/1732/1112 1725/1725/1145
f 1733/1733/98 1732/1732/1112 1726/1726/96
f 1734/1734/97 1732/1732/1112 1733/1733/98
f 1735/1735/1111 1732/1732/1112 1734/1734/97
f 1736/1736/994 1737/1737/993 1738/1738/1025
f 1738/1738/1025 1737/1737/993 1739/1739/1026
f 1737/1737/993 1740/1740/1148 1739/1739/1026
f 1737/1737/993 1741/1741/995 1740/1740/1148
f 1740/1740/1148 1742/1742/1149 1739/1739/1026
f 1742/1742/1149 1743/1743/1028 1739/1739/1026
f 1743/1743/1028 1742/1742/1149 1744/1744/1029
f 1742/1742/1149 1745/1745/1150 1744/1744/1029
f 1742/1742/1149 1746/1746/1151 1745/1745/1150
f 1747/1747/1152 1742/1742/1149 1740/1740/1148
f 1748/1748/1153 1747/1747/1152 1740/1740/1148
f 1748/1748/1153 1740/1740/1148 1741/1741/995
f 1741/1741/995 1749/1749/1130 1748/1748/1153
f 1750/1750/997 1749/1749/1130 1741/1741/995
f 1749/1749/1130 1751/1751/1154 1748/1748/1153
f 1749/1749/1130 1752/1752/1131 1751/1751/1154
f 1753/1753/1155 1754/1754/867 1755/1755/863
f 1756/1756/864 1757/1757/1156 1755/1755/863
f 1757/1757/1156 1753/1753/1155 1755/1755/863
f 1757/1757/1156 1758/1758/1157 1753/1753/1155
f 1753/1753/1155 1759/1759/1158 1754/1754/867
f 1754/1754/867 1759/1759/1158 1760/1760/872
f 1753/1753/1155 1761/1761/1159 1759/1759/1158
f 1758/1758/1157 1762/1762/1160 1753/1753/1155
f 1753/1753/1155 1762/1762/1160 1761/1761/1159
f 1758/1758/1157 1763/1763/1161 1762/1762/1160
f 1762/1762/1160 1763/1763/1161 1764/1764/1162
f 1765/1765/1163 1764/1764/1162 1763/1763/1161
f 1762/1762/1160 1764/1764/1162 1761/1761/1159
f 1761/1761/1159 1764/1764/1162 1766/1766/1164
f 1759/1759/1158 1761/1761/1159 1767/1767/1165
f 1766/1766/1164 1768/1768/1166 1761/1761/1159
f 1761/1761/1159 1768/1768/1166 1767/1767/1165
f 1767/1767/1165 1768/1768/1166 1769/1769/1167
f 1768/1768/1166 1770/1770/1168 1769/1769/1167
f 1771/1771/1128 1772/1772/1169 1773/1773/937
f 1774/1774/936 1771/1771/1128 1773/1773/937
f 1772/1772/1169 1775/1775/940 1773/1773/937
f 1774/1774/936 1776/1776/449 1771/1771/1128
f 1777/1777/455 1776/1776/449 1774/1774/936
f 1771/1771/1128 1776/1776/449 1778/1778/450
f 1771/1771/1128 1779/1779/1125 1772/1772/1169
f 1780/1780/942 1775/1775/940 1772/1772/1169
f 1772/1772/1169 1779/1779/1125 1781/1781/1170
f 1779/1779/1125 1782/1782/1127 1781/1781/1170
f 1780/1780/942 1772/1772/1169 1783/1783/1171
f 1783/1783/1171 1772/1772/1169 1781/1781/1170
f 1784/1784/923 1780/1780/942 1783/1783/1171
f 1783/1783/1171 1781/1781/1170 1785/1785/1172
f 1786/1786/921 1787/1787/923 1788/1788/1171
f 1786/1786/921 1788/1788/1171 1789/1789/919
f 1788/1788/1171 1790/1790/1172 1791/1791/1173
f 1792/1792/1163 1788/1788/1171 1791/1791/1173
f 1789/1789/919 1788/1788/1171 1792/1792/1163
f 1789/1789/919 1792/1792/1163 1793/1793/1161
f 1789/1789/919 1793/1793/1161 1794/1794/1157
f 1795/1795/918 1789/1789/919 1794/1794/1157
f 1795/1795/918 1794/1794/1157 1796/1796/917
f 1796/1796/917 1794/1794/1157 1797/1797/884
f 1797/1797/884 1794/1794/1157 1798/1798/1156
f 1799/1799/881 1797/1797/884 1798/1798/1156
f 1799/1799/881 1798/1798/1156 1800/1800/866
f 1800/1800/866 1798/1798/1156 1801/1801/865
f 1801/1801/865 1798/1798/1156 1802/1802/864
f 1803/1803/1131 1804/1804/1132 1805/1805/1154
f 1804/1804/1132 1806/1806/1174 1805/1805/1154
f 1805/1805/1154 1806/1806/1174 1807/1807/1175
f 1805/1805/1154 1807/1807/1175 1808/1808/1153
f 1804/1804/1132 1809/1809/1176 1806/1806/1174
f 1806/1806/1174 1809/1809/1176 1807/1807/1175
f 1810/1810/1133 1811/1811/1177 1804/1804/1132
f 1804/1804/1132 1811/1811/1177 1809/1809/1176
f 1809/1809/1176 1811/1811/1177 1812/1812/1178
f 1811/1811/1177 1813/1813/1179 1812/1812/1178
f 1809/1809/1176 1812/1812/1178 1814/1814/1180
f 1808/1808/1153 1807/1807/1175 1815/1815/1181
f 1807/1807/1175 1809/1809/1176 1815/1815/1181
f 1809/1809/1176 1814/1814/1180 1815/1815/1181
f 1808/1808/1153 1815/1815/1181 1816/1816/1152
f 1816/1816/1152 1815/1815/1181 1817/1817/1149
f 1815/1815/1181 1814/1814/1180 1817/1817/1149
f 1817/1817/1149 1814/1814/1180 1818/1818/1151
f 1819/1819/1123 1820/1820/1182 1821/1821/1124
f 1821/1821/1124 1820/1820/1182 1822/1822/1126
f 1823/1823/1183 1820/1820/1182 1819/1819/1123
f 1823/1823/1183 1819/1819/1123 1824/1824/1122
f 1825/1825/950 1823/1823/1183 1824/1824/1122
f 1825/1825/950 1824/1824/1122 1826/1826/949
f 1827/1827/1168 1823/1823/1183 1825/1825/950
f 1827/1827/1168 1825/1825/950 1828/1828/951
f 1829/1829/1184 1827/1827/1168 1828/1828/951
f 1830/1830/1185 1823/1823/1183 1827/1827/1168
f 1823/1823/1183 1830/1830/1185 1820/1820/1182
f 1831/1831/1186 1830/1830/1185 1827/1827/1168
f 1832/1832/1166 1831/1831/1186 1827/1827/1168
f 1833/1833/1164 1831/1831/1186 1832/1832/1166
f 1833/1833/1164 1830/1830/1185 1831/1831/1186
f 1834/1834/1170 1820/1820/1182 1830/1830/1185
f 1834/1834/1170 1830/1830/1185 1833/1833/1164
f 1822/1822/1126 1820/1820/1182 1834/1834/1170
f 1835/1835/1127 1822/1822/1126 1834/1834/1170
f 1836/1836/1172 1834/1834/1170 1833/1833/1164
f 1836/1836/1172 1833/1833/1164 1837/1837/1162
f 1838/1838/1163 1836/1836/1172 1837/1837/1162
f 1839/1839/1173 1836/1836/1172 1838/1838/1163
f 1840/1840/381 1841/1841/279 1842/1842/284
f 1840/1840/381 1843/1843/282 1841/1841/279
f 1842/1842/284 1844/1844/1187 1840/1840/381
f 1845/1845/285 1844/1844/1187 1842/1842/284
f 1846/1846/912 1844/1844/1187 1845/1845/285
f 1846/1846/912 1845/1845/285 1847/1847/913
f 1847/1847/913 1845/1845/285 1848/1848/339
f 1849/1849/338 1847/1847/913 1848/1848/339
f 1850/1850/910 1844/1844/1187 1846/1846/912
f 1844/1844/1187 1851/1851/1188 1840/1840/381
f 1844/1844/1187 1852/1852/1189 1851/1851/1188
f 1840/1840/381 1851/1851/1188 1853/1853/1190
f 1840/1840/381 1853/1853/1190 1854/1854/378
f 1852/1852/1189 1855/1855/1191 1851/1851/1188
f 1844/1844/1187 1855/1855/1191 1852/1852/1189
f 1851/1851/1188 1855/1855/1191 1853/1853/1190
f 1854/1854/378 1853/1853/1190 1856/1856/380
f 1857/1857/1192 1855/1855/1191 1844/1844/1187
f 1850/1850/910 1857/1857/1192 1844/1844/1187
f 1855/1855/1191 1858/1858/1193 1853/1853/1190
f 1858/1858/1193 1855/1855/1191 1857/1857/1192
f 1850/1850/910 1859/1859/1194 1857/1857/1192
f 1859/1859/1194 1858/1858/1193 1857/1857/1192
f 1860/1860/908 1859/1859/1194 1850/1850/910
f 1861/1861/909 1862/1862/1039 1860/1860/908
f 1862/1862/1039 1863/1863/1037 1860/1860/908
f 1860/1860/908 1863/1863/1037 1859/1859/1194
f 1863/1863/1037 1864/1864/1195 1859/1859/1194
f 1864/1864/1195 1865/1865/1196 1859/1859/1194
f 1859/1859/1194 1865/1865/1196 1866/1866/1197
f 1866/1866/1197 1865/1865/1196 1867/1867/1198
f 1859/1859/1194 1866/1866/1197 1868/1868/1199
f 1866/1866/1197 1867/1867/1198 1868/1868/1199
f 1859/1859/1194 1868/1868/1199 1858/1858/1193
f 1867/1867/1198 1869/1869/1200 1868/1868/1199
f 1858/1858/1193 1868/1868/1199 1869/1869/1200
f 1858/1858/1193 1869/1869/1200 1870/1870/1201
f 1853/1853/1190 1858/1858/1193 1870/1870/1201
f 1869/1869/1200 1871/1871/1202 1870/1870/1201
f 1872/1872/813 1871/1871/1202 1873/1873/1203
f 1874/1874/810 1871/1871/1202 1872/1872/813
f 1870/1870/1201 1871/1871/1202 1874/1874/810
f 1875/1875/824 1870/1870/1201 1874/1874/810
f 1875/1875/824 1874/1874/810 1876/1876/811
f 1877/1877/826 1870/1870/1201 1875/1875/824
f 1853/1853/1190 1870/1870/1201 1877/1877/826
f 1856/1856/380 1853/1853/1190 1877/1877/826
f 1878/1878/595 1856/1856/380 1877/1877/826
f 1878/1878/595 1877/1877/826 1879/1879/596
f 1880/1880/1038 1881/1881/1196 1882/1882/1195
f 1883/1883/1037 1880/1880/1038 1882/1882/1195
f 1880/1880/1038 1884/1884/1204 1881/1881/1196
f 1881/1881/1196 1884/1884/1204 1885/1885/1198
f 1886/1886/1200 1885/1885/1198 1884/1884/1204
f 1880/1880/1038 1887/1887/1205 1884/1884/1204
f 1884/1884/1204 1887/1887/1205 1886/1886/1200
f 1888/1888/1036 1889/1889/1035 1880/1880/1038
f 1889/1889/1035 1887/1887/1205 1880/1880/1038
f 1889/1889/1035 1890/1890/1206 1887/1887/1205
f 1889/1889/1035 1891/1891/1207 1890/1890/1206
f 1887/1887/1205 1892/1892/1208 1886/1886/1200
f 1886/1886/1200 1892/1892/1208 1893/1893/1202
f 1887/1887/1205 1890/1890/1206 1894/1894/1209
f 1890/1890/1206 1891/1891/1207 1894/1894/1209
f 1887/1887/1205 1894/1894/1209 1892/1892/1208
f 1895/1895/1033 1891/1891/1207 1889/1889/1035
f 1893/1893/1202 1892/1892/1208 1896/1896/1203
f 1896/1896/1203 1892/1892/1208 1897/1897/812
f 1896/1896/1203 1897/1897/812 1898/1898/813
f 1897/1897/812 1892/1892/1208 1899/1899/802
f 1892/1892/1208 1900/1900/800 1899/1899/802
f 1892/1892/1208 1894/1894/1209 1900/1900/800
f 1900/1900/800 1901/1901/1106 1902/1902/706
f 1900/1900/800 1903/1903/1104 1901/1901/1106
f 1894/1894/1209 1904/1904/1210 1900/1900/800
f 1900/1900/800 1904/1904/1210 1903/1903/1104
f 1894/1894/1209 1891/1891/1207 1904/1904/1210
f 1904/1904/1210 1905/1905/1211 1903/1903/1104
f 1904/1904/1210 1891/1891/1207 1905/1905/1211
f 1905/1905/1211 1906/1906/1102 1903/1903/1104
f 1907/1907/1212 1905/1905/1211 1891/1891/1207
f 1906/1906/1102 1905/1905/1211 1907/1907/1212
f 1895/1895/1033 1907/1907/1212 1891/1891/1207
f 1907/1907/1212 1908/1908/1100 1906/1906/1102
f 1895/1895/1033 1909/1909/1213 1907/1907/1212
f 1909/1909/1213 1908/1908/1100 1907/1907/1212
f 1910/1910/1030 1909/1909/1213 1895/1895/1033
f 1910/1910/1030 1908/1908/1100 1909/1909/1213
f 1911/1911/1101 1908/1908/1100 1910/1910/1030
f 1912/1912/1214 1911/1911/1101 1910/1910/1030
f 1913/1913/1032 1912/1912/1214 1910/1910/1030
f 1914/1914/1135 1915/1915/964 1916/1916/1215
f 1917/1917/961 1915/1915/964 1914/1914/1135
f 1918/1918/968 1916/1916/1215 1915/1915/964
f 1918/1918/968 1919/1919/1088 1916/1916/1215
f 1918/1918/968 1920/1920/969 1919/1919/1088
f 1920/1920/969 1921/1921/1064 1919/1919/1088
f 1920/1920/969 1922/1922/1063 1921/1921/1064
f 1916/1916/1215 1919/1919/1088 1923/1923/1216
f 1914/1914/1135 1916/1916/1215 1923/1923/1216
f 1923/1923/1216 1919/1919/1088 1924/1924/1089
f 1923/1923/1216 1925/1925/1134 1914/1914/1135
f 1923/1923/1216 1924/1924/1089 1926/1926/1217
f 1926/1926/1217 1924/1924/1089 1927/1927/1090
f 1926/1926/1217 1928/1928/1179 1923/1923/1216
f 1923/1923/1216 1928/1928/1179 1929/1929/1177
f 1925/1925/1134 1923/1923/1216 1929/1929/1177
f 1925/1925/1134 1929/1929/1177 1930/1930/1133
f 1931/1931/84 1932/1932/116 1933/1933/83
f 1931/1931/84 1934/1934/117 1932/1932/116
f 1931/1931/84 1935/1935/1142 1934/1934/117
f 1936/1936/85 1935/1935/1142 1931/1931/84
f 1937/1937/88 1935/1935/1142 1936/1936/85
f 1937/1937/88 1938/1938/90 1935/1935/1142
f 1934/1934/117 1935/1935/1142 1939/1939/118
f 1935/1935/1142 1940/1940/1138 1939/1939/118
f 1939/1939/118 1940/1940/1138 1941/1941/120
f 1942/1942/1137 1941/1941/120 1940/1940/1138
f 1942/1942/1137 1943/1943/832 1941/1941/120
f 1941/1941/120 1943/1943/832 1944/1944/124
f 1944/1944/124 1943/1943/832 1945/1945/829
f 1942/1942/1137 1946/1946/833 1943/1943/832
f 1942/1942/1137 1947/1947/835 1946/1946/833
f 1948/1948/307 1949/1949/309 1950/1950/306
f 1951/1951/1218 1949/1949/309 1948/1948/307
f 1952/1952/874 1951/1951/1218 1948/1948/307
f 1952/1952/874 1953/1953/871 1951/1951/1218
f 1953/1953/871 1954/1954/873 1951/1951/1218
f 1955/1955/872 1956/1956/1158 1954/1954/873
f 1956/1956/1158 1951/1951/1218 1954/1954/873
f 1951/1951/1218 1956/1956/1158 1957/1957/1165
f 1957/1957/1165 1958/1958/1167 1951/1951/1218
f 1949/1949/309 1951/1951/1218 1959/1959/948
f 1949/1949/309 1959/1959/948 1960/1960/312
f 1958/1958/1167 1961/1961/1184 1951/1951/1218
f 1951/1951/1218 1961/1961/1184 1959/1959/948
f 1958/1958/1167 1962/1962/1168 1961/1961/1184
f 1961/1961/1184 1963/1963/951 1959/1959/948
f 1964/1964/730 1965/1965/791 1966/1966/731
f 1967/1967/1029 1968/1968/1150 1969/1969/1031
f 1968/1968/1150 1970/1970/1219 1969/1969/1031
f 1971/1971/1151 1970/1970/1219 1968/1968/1150
f 1971/1971/1151 1972/1972/1180 1970/1970/1219
f 1972/1972/1180 1973/1973/1178 1970/1970/1219
f 1970/1970/1219 1974/1974/1214 1969/1969/1031
f 1969/1969/1031 1974/1974/1214 1975/1975/1032
f 1973/1973/1178 1976/1976/1217 1970/1970/1219
f 1973/1973/1178 1977/1977/1179 1976/1976/1217
f 1970/1970/1219 1978/1978/1099 1974/1974/1214
f 1976/1976/1217 1978/1978/1099 1970/1970/1219
f 1974/1974/1214 1978/1978/1099 1979/1979/1101
f 1976/1976/1217 1980/1980/1090 1978/1978/1099
# Vertices: 1980, normals: 1219, texture coordinates: 1980, faces: 2424

